rank,gene_id,train_variance
1,ENSG00000110484.7,16.939688298501533
2,ENSG00000124935.4,14.668874720725382
3,ENSG00000159763.4,13.240016588132375
4,ENSG00000160182.3,13.074088566581276
5,ENSG00000143556.9,10.380535596261781
6,ENSG00000153002.12,9.869203448626259
7,ENSG00000012223.13,9.47616614180386
8,ENSG00000178372.8,9.289268768719618
9,ENSG00000166509.12,9.280644246943803
10,ENSG00000160180.15,8.970644985956563
11,ENSG00000173467.9,8.66952134202168
12,ENSG00000172551.11,8.335955763653818
13,ENSG00000181617.6,8.327437293677834
14,ENSG00000163220.11,8.251093107041832
15,ENSG00000106541.12,8.039771825523738
16,ENSG00000164128.7,7.10733803514949
17,ENSG00000186847.6,7.006539119258988
18,ENSG00000086548.9,6.90819960255835
19,ENSG00000143546.10,6.7869798238358525
20,ENSG00000186160.5,6.786947801222416
21,ENSG00000186081.12,6.607502675653656
22,ENSG00000163993.7,6.407359896222539
23,ENSG00000094755.17,6.30892807891091
24,ENSG00000124107.5,6.257065060815837
25,ENSG00000128422.17,6.211573468311626
26,ENSG00000138696.11,6.158035905437842
27,ENSG00000151892.15,6.008322554116881
28,ENSG00000205426.10,5.921721485757272
29,ENSG00000124939.6,5.911220131513247
30,ENSG00000170323.9,5.762517203281684
31,ENSG00000101443.18,5.654498564711594
32,ENSG00000104332.12,5.654087037215287
33,ENSG00000189058.9,5.599216039962818
34,ENSG00000134240.12,5.578113778319493
35,ENSG00000145824.13,5.562238652651252
36,ENSG00000242265.6,5.559722870615624
37,ENSG00000175356.14,5.469392045926282
38,ENSG00000131771.14,5.431113590520197
39,ENSG00000171428.15,5.414747939008937
40,ENSG00000091831.24,5.390630636628491
41,ENSG00000100867.15,5.3350029532590355
42,ENSG00000159212.13,5.285664273488713
43,ENSG00000132465.12,5.208453417729283
44,ENSG00000133169.6,5.1107187679316315
45,ENSG00000186832.9,5.070009950978248
46,ENSG00000113739.10,5.050264267429773
47,ENSG00000166426.8,5.036970717068881
48,ENSG00000189377.9,4.951653203266193
49,ENSG00000185479.6,4.938698290776917
50,ENSG00000156234.7,4.930235715300253
51,ENSG00000134258.17,4.915217807752815
52,ENSG00000003989.18,4.878842227691575
53,ENSG00000161634.12,4.851524773708217
54,ENSG00000109321.11,4.846805689933495
55,ENSG00000170099.6,4.836680147690775
56,ENSG00000173432.12,4.833976633121614
57,ENSG00000172724.12,4.75491986037098
58,ENSG00000162989.5,4.706491848218647
59,ENSG00000129514.8,4.6853976850622345
60,ENSG00000171346.16,4.656173814469861
61,ENSG00000100362.13,4.605919311100493
62,ENSG00000141750.7,4.594660426186242
63,ENSG00000008196.13,4.545545549363324
64,ENSG00000074410.14,4.494509326909056
65,ENSG00000105388.16,4.469254515576799
66,ENSG00000134827.8,4.437528309758484
67,ENSG00000101210.13,4.425740766080872
68,ENSG00000138755.6,4.416885862587669
69,ENSG00000156689.7,4.410244020132128
70,ENSG00000184564.11,4.408623092835295
71,ENSG00000204385.13,4.379305840630003
72,ENSG00000186377.8,4.3594880233196
73,ENSG00000096006.12,4.355703801540173
74,ENSG00000137673.9,4.342416180987004
75,ENSG00000167754.13,4.342148211184536
76,ENSG00000124664.11,4.315533567071837
77,ENSG00000170373.8,4.276813078152507
78,ENSG00000162482.5,4.236713241402515
79,ENSG00000185686.18,4.2067858455846485
80,ENSG00000117472.10,4.1897138376588
81,ENSG00000124102.5,4.181064397210058
82,ENSG00000157303.11,4.17848972522825
83,ENSG00000111341.10,4.145342123450495
84,ENSG00000069535.14,4.13961673107391
85,ENSG00000188488.14,4.113480976121315
86,ENSG00000198650.11,4.063850360426084
87,ENSG00000196611.5,4.056185571833825
88,ENSG00000160862.13,4.04065801699378
89,ENSG00000019505.8,4.004077795128291
90,ENSG00000105141.6,3.9827073264296464
91,ENSG00000133048.13,3.97823122159601
92,ENSG00000162896.6,3.946783840695824
93,ENSG00000139219.19,3.9285411750034234
94,ENSG00000084628.10,3.9274061651091317
95,ENSG00000148346.12,3.9090276752050417
96,ENSG00000171236.10,3.8915812697872494
97,ENSG00000047457.14,3.8724408093591913
98,ENSG00000082175.15,3.8645658616605028
99,ENSG00000135480.16,3.8590010146343894
100,ENSG00000263639.7,3.8489253422770204
101,ENSG00000105048.17,3.8450656471293425
102,ENSG00000164434.12,3.7957084384807156
103,ENSG00000107485.18,3.7757608051492824
104,ENSG00000148513.18,3.7672433862148478
105,ENSG00000179593.16,3.7549974071090992
106,ENSG00000134184.13,3.7351303279206616
107,ENSG00000007062.12,3.7309982693729085
108,ENSG00000136457.10,3.726606212767738
109,ENSG00000108244.17,3.721245421773875
110,ENSG00000100146.18,3.7117311785306426
111,ENSG00000138449.11,3.701442995736662
112,ENSG00000161055.4,3.6847706244308114
113,ENSG00000205420.11,3.6634065561049662
114,ENSG00000118849.10,3.659567809702645
115,ENSG00000102837.7,3.6514760866232283
116,ENSG00000132746.15,3.649440190257503
117,ENSG00000186910.4,3.6423386867143765
118,ENSG00000169347.17,3.6243915248617955
119,ENSG00000213759.10,3.6213618877306435
120,ENSG00000205002.4,3.592986271541912
121,ENSG00000137077.8,3.5861609870249818
122,ENSG00000189334.9,3.5752994490212244
123,ENSG00000129988.6,3.5728673148214964
124,ENSG00000060718.22,3.560898237657254
125,ENSG00000115648.14,3.556484197142741
126,ENSG00000197977.4,3.5560773222590196
127,ENSG00000249242.8,3.538691776630495
128,ENSG00000180730.5,3.511512319459991
129,ENSG00000108176.15,3.4998659839806874
130,ENSG00000165272.16,3.494766938164988
131,ENSG00000075461.6,3.4907366268175264
132,ENSG00000161798.7,3.4773722727974534
133,ENSG00000102854.16,3.4267231087757097
134,ENSG00000162366.8,3.423457134894705
135,ENSG00000164825.4,3.422685781481409
136,ENSG00000169900.8,3.413678546565704
137,ENSG00000151365.2,3.4071658110221206
138,ENSG00000170367.5,3.401180147239001
139,ENSG00000169245.6,3.385461443123701
140,ENSG00000163017.14,3.385390512384234
141,ENSG00000173335.5,3.372823895703233
142,ENSG00000135374.11,3.3599729821920725
143,ENSG00000158258.16,3.3513779261533503
144,ENSG00000185499.16,3.318217798538828
145,ENSG00000229453.2,3.3134962981240235
146,ENSG00000164326.5,3.3116055972830702
147,ENSG00000115255.12,3.3106770918649446
148,ENSG00000105664.11,3.3073314990147056
149,ENSG00000135346.9,3.3057833414070332
150,ENSG00000255974.8,3.2854841409924838
151,ENSG00000064886.14,3.2844251330684413
152,ENSG00000152049.6,3.2761433060699146
153,ENSG00000174827.14,3.27400472529994
154,ENSG00000102243.13,3.2634719588696406
155,ENSG00000196754.13,3.25318026414214
156,ENSG00000125999.11,3.250142654930007
157,ENSG00000141424.13,3.2449489762857326
158,ENSG00000187608.10,3.2428009605197348
159,ENSG00000157765.13,3.239475100133865
160,ENSG00000126709.15,3.2344169179267364
161,ENSG00000171102.14,3.230551315477781
162,ENSG00000138615.6,3.2160998459328227
163,ENSG00000137975.8,3.2075380492392056
164,ENSG00000106688.12,3.1988700278844706
165,ENSG00000118785.14,3.1899744965788566
166,ENSG00000106819.13,3.1783880208040545
167,ENSG00000100985.7,3.1767923060171
168,ENSG00000164756.12,3.1762633999412997
169,ENSG00000090382.7,3.1692667929828224
170,ENSG00000213088.12,3.162758603318866
171,ENSG00000121270.16,3.1417655355311016
172,ENSG00000197249.14,3.1340281967869115
173,ENSG00000206075.14,3.13020475980709
174,ENSG00000188505.5,3.123554669664776
175,ENSG00000188257.12,3.1234143938246444
176,ENSG00000125144.14,3.116274386544469
177,ENSG00000123500.10,3.0941304600288744
178,ENSG00000109436.8,3.091996113310789
179,ENSG00000144891.18,3.0763071837832854
180,ENSG00000165949.12,3.054623608655527
181,ENSG00000179862.7,3.0394488888947166
182,ENSG00000168350.8,3.0369239748114225
183,ENSG00000143320.9,3.016163233042786
184,ENSG00000095739.11,3.0158933192826245
185,ENSG00000184956.16,3.0097098654573853
186,ENSG00000137745.12,3.0088842692111717
187,ENSG00000115461.5,2.9897628441212976
188,ENSG00000081479.15,2.9847612812451363
189,ENSG00000135069.14,2.9768317461171723
190,ENSG00000105369.10,2.9610977842381705
191,ENSG00000109846.9,2.955226884530748
192,ENSG00000167676.4,2.943115386226096
193,ENSG00000272398.6,2.936415080211536
194,ENSG00000173267.14,2.916946710126853
195,ENSG00000166106.3,2.9154446886233174
196,ENSG00000152137.8,2.914692362476887
197,ENSG00000137558.9,2.9082811105089466
198,ENSG00000135373.13,2.9064455519876806
199,ENSG00000099953.10,2.9054569196299096
200,ENSG00000196542.8,2.9025125207260447
201,ENSG00000176907.5,2.8990397413363205
202,ENSG00000110195.14,2.8975289794540418
203,ENSG00000166819.12,2.895753338641819
204,ENSG00000165731.20,2.873388136335357
205,ENSG00000142973.14,2.8580902964187453
206,ENSG00000125740.14,2.8570832329250107
207,ENSG00000117115.13,2.8390072048041373
208,ENSG00000237541.4,2.832723363694357
209,ENSG00000078898.7,2.820703168703689
210,ENSG00000134824.14,2.8191619924239117
211,ENSG00000176532.4,2.8185904437436315
212,ENSG00000136883.14,2.813422131458303
213,ENSG00000170345.10,2.8105475959390516
214,ENSG00000172478.18,2.8057073455758417
215,ENSG00000162078.11,2.781001147252071
216,ENSG00000153446.16,2.7754039957832792
217,ENSG00000067715.14,2.772224073806967
218,ENSG00000197766.8,2.7595288635467745
219,ENSG00000179456.10,2.7576253987072756
220,ENSG00000074527.13,2.756073704350501
221,ENSG00000143369.15,2.7538955236593177
222,ENSG00000211452.11,2.7468909753130126
223,ENSG00000145423.5,2.7460694061780955
224,ENSG00000101441.4,2.7328903351002385
225,ENSG00000168269.10,2.7178373856628184
226,ENSG00000181092.10,2.714000611971816
227,ENSG00000081277.13,2.709373301238043
228,ENSG00000105894.12,2.7067192097908324
229,ENSG00000120875.9,2.7053923544187257
230,ENSG00000187837.4,2.705112734149125
231,ENSG00000160183.17,2.6924350023727994
232,ENSG00000152669.9,2.69198048326156
233,ENSG00000104267.10,2.688771071443469
234,ENSG00000152661.9,2.681881309163711
235,ENSG00000169035.12,2.680728514779305
236,ENSG00000106483.12,2.6800498621683375
237,ENSG00000203697.12,2.6710485266702513
238,ENSG00000180818.5,2.657464342272841
239,ENSG00000049540.18,2.656004556594707
240,ENSG00000166482.12,2.654549106135039
241,ENSG00000181218.5,2.651758718636147
242,ENSG00000134202.11,2.6466046919976614
243,ENSG00000183779.7,2.641965009923427
244,ENSG00000101098.13,2.6360097981035766
245,ENSG00000224389.9,2.632483477959367
246,ENSG00000132329.11,2.6322788748857313
247,ENSG00000130707.18,2.6232642389816014
248,ENSG00000169083.18,2.6129171598260474
249,ENSG00000275385.2,2.6062402009798245
250,ENSG00000184613.11,2.6044057600992665
251,ENSG00000133321.11,2.602506118276136
252,ENSG00000141744.4,2.601551380997652
253,ENSG00000196208.14,2.599231399470051
254,ENSG00000167757.14,2.5891465201699067
255,ENSG00000166825.15,2.5885873785146227
256,ENSG00000163064.7,2.5863604567135745
257,ENSG00000105825.14,2.582584673473045
258,ENSG00000170419.11,2.5818083087279025
259,ENSG00000123689.6,2.5813049450393133
260,ENSG00000107159.13,2.577785078982311
261,ENSG00000186868.16,2.577342961729174
262,ENSG00000164403.15,2.5721929681371645
263,ENSG00000163040.15,2.5708583708366897
264,ENSG00000197253.13,2.5695333708457944
265,ENSG00000022556.16,2.563530830523716
266,ENSG00000229314.5,2.553572906151253
267,ENSG00000185745.10,2.5496939370541045
268,ENSG00000244731.8,2.5423512407833195
269,ENSG00000126010.6,2.5417636439242495
270,ENSG00000163631.17,2.5358626892764766
271,ENSG00000167755.15,2.534546004540393
272,ENSG00000179023.8,2.534065428289967
273,ENSG00000054598.9,2.52471036534631
274,ENSG00000110169.11,2.5244889280088487
275,ENSG00000099812.9,2.513601778353849
276,ENSG00000103534.17,2.5050146242637523
277,ENSG00000144218.19,2.501297565670847
278,ENSG00000172061.9,2.4979086987817953
279,ENSG00000169248.13,2.494697819901873
280,ENSG00000170893.4,2.4928081670520483
281,ENSG00000135744.8,2.4925414320805053
282,ENSG00000168743.13,2.4841094842023006
283,ENSG00000062038.14,2.471105264430197
284,ENSG00000099194.6,2.458027913637619
285,ENSG00000163879.11,2.4550441920089203
286,ENSG00000117983.17,2.4430107349190844
287,ENSG00000137699.17,2.441130101884339
288,ENSG00000115221.12,2.4385174771159015
289,ENSG00000165474.8,2.4374428359290206
290,ENSG00000124143.10,2.4367217043414984
291,ENSG00000278828.1,2.427756532063573
292,ENSG00000163751.4,2.422871370753205
293,ENSG00000130513.6,2.4130653253757703
294,ENSG00000134757.5,2.41198167490025
295,ENSG00000169715.15,2.407573217997612
296,ENSG00000198729.5,2.4040897596788797
297,ENSG00000114115.10,2.403701646574129
298,ENSG00000157601.14,2.401622715212752
299,ENSG00000271503.6,2.3987961768269104
300,ENSG00000120738.8,2.3968455191926807
301,ENSG00000113296.14,2.3865049360787975
302,ENSG00000204710.2,2.3816097304766126
303,ENSG00000173917.10,2.3772869302885007
304,ENSG00000041982.16,2.375738858037263
305,ENSG00000175315.3,2.365029278008387
306,ENSG00000065618.21,2.360093616690064
307,ENSG00000130303.13,2.356732512468149
308,ENSG00000140284.11,2.355566191581319
309,ENSG00000138207.14,2.353990541872536
310,ENSG00000166165.13,2.3531705080475738
311,ENSG00000120885.22,2.348894949002305
312,ENSG00000084207.18,2.3390725646580837
313,ENSG00000121005.9,2.338816742229442
314,ENSG00000196091.15,2.333218420726306
315,ENSG00000188001.10,2.3321631513959957
316,ENSG00000170561.13,2.3259915192920744
317,ENSG00000167588.13,2.325664832696024
318,ENSG00000159167.12,2.325608060284778
319,ENSG00000172137.19,2.32121007873395
320,ENSG00000103257.9,2.3181121523027954
321,ENSG00000170476.16,2.314069461637963
322,ENSG00000108932.12,2.3066939267967546
323,ENSG00000168542.16,2.305428016922841
324,ENSG00000108821.14,2.3036712795947243
325,ENSG00000169908.12,2.3027112048063123
326,ENSG00000186340.16,2.29977497647204
327,ENSG00000196090.12,2.2990740718965013
328,ENSG00000228278.5,2.2984073990829503
329,ENSG00000039068.19,2.298035589881833
330,ENSG00000104368.19,2.295218387135543
331,ENSG00000187288.12,2.280654249757668
332,ENSG00000153132.13,2.2748234406499517
333,ENSG00000135218.19,2.2738124459807683
334,ENSG00000077274.9,2.2737634773028947
335,ENSG00000170786.12,2.273731953871783
336,ENSG00000183844.17,2.272713463651114
337,ENSG00000182795.13,2.26946782518182
338,ENSG00000112559.15,2.2667472986244044
339,ENSG00000171954.13,2.2648209076817514
340,ENSG00000204019.5,2.2640104008497572
341,ENSG00000160307.10,2.260970258612727
342,ENSG00000276644.5,2.2546464851554893
343,ENSG00000058085.15,2.247519339818323
344,ENSG00000164919.11,2.247373553278304
345,ENSG00000167653.5,2.2379736938618895
346,ENSG00000174938.14,2.2375928438030974
347,ENSG00000133110.15,2.237588375164936
348,ENSG00000139629.16,2.233242137017987
349,ENSG00000155093.19,2.2323189118355993
350,ENSG00000013588.9,2.232260558547902
351,ENSG00000150667.8,2.2250783909009906
352,ENSG00000141736.14,2.2234670833387047
353,ENSG00000101057.16,2.2227135418423907
354,ENSG00000196878.15,2.217002733155591
355,ENSG00000147257.15,2.2014191478767318
356,ENSG00000102109.9,2.198495421851189
357,ENSG00000159166.15,2.1979938434083612
358,ENSG00000100003.18,2.1933341657348517
359,ENSG00000164692.18,2.1922658123055374
360,ENSG00000158406.5,2.187658269792077
361,ENSG00000126562.17,2.181378510282454
362,ENSG00000134533.6,2.180934428597447
363,ENSG00000171345.13,2.1803452378639063
364,ENSG00000100219.16,2.178638109056269
365,ENSG00000175352.11,2.177688393108799
366,ENSG00000110092.4,2.174678082297901
367,ENSG00000142102.16,2.171620745662885
368,ENSG00000186493.13,2.1687320069837095
369,ENSG00000227507.3,2.1653680697353894
370,ENSG00000106809.11,2.1590810070907267
371,ENSG00000115457.10,2.1589229036790707
372,ENSG00000172236.18,2.153676022731612
373,ENSG00000139055.7,2.14661678380841
374,ENSG00000108551.5,2.1447917889199806
375,ENSG00000277075.2,2.1438066864597154
376,ENSG00000135549.15,2.1415112343818614
377,ENSG00000115468.12,2.1381037249272654
378,ENSG00000119938.9,2.1380596707774946
379,ENSG00000163347.6,2.1377231774366647
380,ENSG00000084444.14,2.137150970227067
381,ENSG00000165215.6,2.132547007978612
382,ENSG00000180543.5,2.1322023972901896
383,ENSG00000070193.5,2.1299267537638493
384,ENSG00000111319.13,2.1297682831062135
385,ENSG00000169442.9,2.12941856571686
386,ENSG00000124479.11,2.127138447154416
387,ENSG00000089199.10,2.124155685336225
388,ENSG00000095321.17,2.1017536767796
389,ENSG00000162891.10,2.1017065338000305
390,ENSG00000105523.3,2.1015782082143377
391,ENSG00000172201.12,2.0977278233128525
392,ENSG00000175445.17,2.094839527300668
393,ENSG00000196616.14,2.0935171847227645
394,ENSG00000262406.3,2.092443785608079
395,ENSG00000187955.12,2.0917458261089763
396,ENSG00000158164.7,2.090971458302356
397,ENSG00000149968.12,2.0903313320229007
398,ENSG00000105707.14,2.089102949605076
399,ENSG00000185290.4,2.08640846739835
400,ENSG00000139329.5,2.0860146045834433
401,ENSG00000115290.10,2.0834972919269372
402,ENSG00000113924.12,2.08288041190073
403,ENSG00000164530.15,2.082048853113962
404,ENSG00000273802.2,2.080248257935053
405,ENSG00000170801.10,2.0779195364212155
406,ENSG00000221867.9,2.0761127576143004
407,ENSG00000064787.13,2.0747802115579437
408,ENSG00000146476.11,2.0737171280835893
409,ENSG00000092621.13,2.0728044186192798
410,ENSG00000131203.13,2.0695200012428683
411,ENSG00000004799.8,2.0646008956425335
412,ENSG00000143412.10,2.063749504862889
413,ENSG00000134443.10,2.0519266268494425
414,ENSG00000135750.15,2.0504848664582305
415,ENSG00000164764.11,2.047528825115855
416,ENSG00000165140.11,2.043645692684986
417,ENSG00000131746.13,2.0424208027386097
418,ENSG00000124302.13,2.038066178048122
419,ENSG00000105374.10,2.0316953796426187
420,ENSG00000196196.3,2.0310492199791947
421,ENSG00000116299.17,2.029261596223479
422,ENSG00000167772.12,2.0196781439750713
423,ENSG00000168306.13,2.0179074647809143
424,ENSG00000130487.9,2.017104102025546
425,ENSG00000198502.6,2.0066688886558737
426,ENSG00000167656.5,2.002179299153244
427,ENSG00000151882.11,2.000779669745922
428,ENSG00000182253.15,1.999425519394287
429,ENSG00000148735.15,1.9970587409437657
430,ENSG00000167286.10,1.9969496806573819
431,ENSG00000171209.3,1.995506859816451
432,ENSG00000205362.11,1.9950342076987602
433,ENSG00000069011.16,1.9937323711134225
434,ENSG00000162670.11,1.9924570969284947
435,ENSG00000116824.5,1.9915629933867278
436,ENSG00000121552.4,1.9909948581517785
437,ENSG00000124249.7,1.98902501548146
438,ENSG00000188959.9,1.9871115898695502
439,ENSG00000175287.19,1.9856385920767472
440,ENSG00000180596.7,1.9801802785228406
441,ENSG00000122176.12,1.9794852620500067
442,ENSG00000092068.20,1.9646824433578352
443,ENSG00000043039.7,1.9636272518519924
444,ENSG00000104783.14,1.958887074058033
445,ENSG00000268104.3,1.9582756584873535
446,ENSG00000162738.6,1.957815785373714
447,ENSG00000115414.21,1.950050748921388
448,ENSG00000068078.20,1.9493016157921192
449,ENSG00000011465.18,1.9480061052826827
450,ENSG00000197261.11,1.9413464931343851
451,ENSG00000148344.11,1.9410040914756064
452,ENSG00000164220.7,1.9406613668417227
453,ENSG00000187720.14,1.9328450947233058
454,ENSG00000105519.18,1.9319609893673062
455,ENSG00000122679.8,1.9270161320037222
456,ENSG00000120251.21,1.9254563145450376
457,ENSG00000127084.19,1.9233565277651663
458,ENSG00000075886.11,1.92296567341095
459,ENSG00000175426.11,1.9220812160029757
460,ENSG00000154277.13,1.9170140783949967
461,ENSG00000169710.9,1.9051541746761644
462,ENSG00000134762.17,1.9038875667684154
463,ENSG00000133328.4,1.9037319683109482
464,ENSG00000170549.4,1.9032879152485989
465,ENSG00000112183.15,1.891487060462993
466,ENSG00000111799.21,1.8864074126104264
467,ENSG00000175063.17,1.8854659417645057
468,ENSG00000119917.14,1.885094942673602
469,ENSG00000164626.9,1.8849427183431224
470,ENSG00000156284.6,1.8793332160942866
471,ENSG00000106211.10,1.8791814214990297
472,ENSG00000214530.9,1.8775197409884319
473,ENSG00000115339.14,1.8688145515756507
474,ENSG00000188916.9,1.863922265761068
475,ENSG00000181019.13,1.8636723268260367
476,ENSG00000168004.10,1.8625104129624726
477,ENSG00000134215.16,1.8601522608045913
478,ENSG00000162975.5,1.8579676742717695
479,ENSG00000099994.11,1.8553686669553873
480,ENSG00000165816.13,1.8546071587858166
481,ENSG00000185885.16,1.8438040787166896
482,ENSG00000140443.15,1.842972759684272
483,ENSG00000164742.16,1.8415958804258166
484,ENSG00000135111.16,1.8398294966241022
485,ENSG00000160867.15,1.8372238369169098
486,ENSG00000127324.9,1.8367516669209403
487,ENSG00000196557.13,1.8366878490833842
488,ENSG00000171243.8,1.834857386291912
489,ENSG00000160932.11,1.8338400777192065
490,ENSG00000198851.10,1.8282940616158108
491,ENSG00000145649.8,1.8277952813600133
492,ENSG00000243955.6,1.8255398142851667
493,ENSG00000100604.13,1.8244977221655425
494,ENSG00000157613.11,1.8235975232994646
495,ENSG00000118513.19,1.8235846223178231
496,ENSG00000115112.8,1.8231114747634447
497,ENSG00000019169.10,1.8217368045741869
498,ENSG00000134352.20,1.8206345288587928
499,ENSG00000127954.13,1.8179681623931472
500,ENSG00000006210.7,1.8174266099825493
501,ENSG00000112796.10,1.8148674409854284
502,ENSG00000157404.16,1.812855664341346
503,ENSG00000101938.15,1.8105374870522026
504,ENSG00000131831.18,1.8103326687669337
505,ENSG00000249992.2,1.8088572403164012
506,ENSG00000137965.11,1.8075957300168746
507,ENSG00000139352.4,1.807309832731071
508,ENSG00000168447.11,1.8060170380217158
509,ENSG00000111335.13,1.8056702885921179
510,ENSG00000166927.13,1.8033023055835204
511,ENSG00000130203.10,1.7961004937038725
512,ENSG00000163536.13,1.7951957096463613
513,ENSG00000156675.16,1.7933498872277593
514,ENSG00000115380.20,1.7904556936526792
515,ENSG00000140511.12,1.7903451123593543
516,ENSG00000126878.13,1.7885423357652694
517,ENSG00000137959.16,1.7879412463153699
518,ENSG00000175793.12,1.7873981560350312
519,ENSG00000151715.8,1.7872976804261955
520,ENSG00000196747.4,1.7847057910465371
521,ENSG00000125730.17,1.7840720915560098
522,ENSG00000162949.16,1.7806331032054556
523,ENSG00000138061.12,1.780047344931699
524,ENSG00000116741.8,1.7793960653642562
525,ENSG00000196177.13,1.7786847173634754
526,ENSG00000163141.20,1.7776639746748901
527,ENSG00000211445.12,1.777474437377763
528,ENSG00000134028.14,1.777018006603176
529,ENSG00000120129.6,1.7742110827404376
530,ENSG00000162545.6,1.773507953885249
531,ENSG00000148488.17,1.7734905961089842
532,ENSG00000141668.10,1.7667635208662025
533,ENSG00000184678.10,1.7658560031010997
534,ENSG00000126778.12,1.7658191559116536
535,ENSG00000108700.5,1.765453477113883
536,ENSG00000204262.14,1.7608168398252144
537,ENSG00000124491.16,1.7601576148373401
538,ENSG00000139211.7,1.759171505295388
539,ENSG00000159388.6,1.7562208951043383
540,ENSG00000107984.10,1.7537641866404938
541,ENSG00000122756.15,1.753621074936507
542,ENSG00000125398.8,1.7532549402087596
543,ENSG00000124126.14,1.7500228317300817
544,ENSG00000118523.6,1.7480459753902202
545,ENSG00000179388.9,1.7476889507355746
546,ENSG00000102554.14,1.7437844758884398
547,ENSG00000100170.10,1.7434931904924404
548,ENSG00000198682.13,1.741914124946103
549,ENSG00000103485.19,1.7401585676487639
550,ENSG00000038427.16,1.738716440624935
551,ENSG00000106624.11,1.735835046951345
552,ENSG00000112996.11,1.7339293010668893
553,ENSG00000096696.14,1.7323914982974922
554,ENSG00000144452.15,1.7314487482750744
555,ENSG00000197172.10,1.7312939346607594
556,ENSG00000147889.18,1.7309952130406572
557,ENSG00000088882.8,1.7288731273534852
558,ENSG00000064205.10,1.728500105497187
559,ENSG00000124171.9,1.7279152008602907
560,ENSG00000188783.6,1.7269338378843302
561,ENSG00000244734.4,1.7255008247174546
562,ENSG00000121039.10,1.7252401357563742
563,ENSG00000112936.19,1.7236959832462406
564,ENSG00000175264.8,1.7209150744418273
565,ENSG00000087245.13,1.7208738423446932
566,ENSG00000223573.7,1.7175981085879894
567,ENSG00000075223.14,1.7166722729263184
568,ENSG00000178568.15,1.715087952784022
569,ENSG00000141738.14,1.714782901757048
570,ENSG00000230873.9,1.7138496382649127
571,ENSG00000130005.13,1.7088488041962864
572,ENSG00000019102.12,1.7085871642419508
573,ENSG00000071967.12,1.7063715365959278
574,ENSG00000170577.8,1.7053716272191926
575,ENSG00000158373.8,1.7047323803393886
576,ENSG00000185133.14,1.7025796604469794
577,ENSG00000109610.6,1.7024197474150986
578,ENSG00000012171.20,1.701972576027256
579,ENSG00000100453.13,1.699967666560058
580,ENSG00000135114.12,1.699175689734074
581,ENSG00000117399.14,1.6982555410811413
582,ENSG00000104140.7,1.6978262071610877
583,ENSG00000197956.10,1.692995846373829
584,ENSG00000127129.10,1.6927423180493464
585,ENSG00000170017.12,1.6916426555880408
586,ENSG00000112562.19,1.690507288353763
587,ENSG00000103260.9,1.6888454574013272
588,ENSG00000129151.9,1.6861726865158497
589,ENSG00000134321.12,1.6852145129156832
590,ENSG00000256870.3,1.6813576946958881
591,ENSG00000163359.16,1.6808131219245626
592,ENSG00000183044.12,1.6786181879308604
593,ENSG00000153714.6,1.6773897719425876
594,ENSG00000188643.11,1.6771838189795185
595,ENSG00000127585.12,1.6770024931130298
596,ENSG00000163520.14,1.6749487044520783
597,ENSG00000164308.17,1.674579619915893
598,ENSG00000132821.12,1.673663911354253
599,ENSG00000021300.14,1.673435559117387
600,ENSG00000117228.10,1.6732245616167305
601,ENSG00000143502.15,1.6703260464454701
602,ENSG00000134755.17,1.666369560791704
603,ENSG00000074370.18,1.665203835274102
604,ENSG00000170369.4,1.6649766772115917
605,ENSG00000187244.12,1.6629738732718429
606,ENSG00000130635.16,1.662647407321186
607,ENSG00000123358.20,1.6622556862643068
608,ENSG00000178935.5,1.66128461265987
609,ENSG00000134363.12,1.659559980446361
610,ENSG00000246705.4,1.659247347400313
611,ENSG00000162998.5,1.6591575930201279
612,ENSG00000198732.11,1.6576125132345827
613,ENSG00000181085.15,1.6575868298020875
614,ENSG00000173894.11,1.6556373520917471
615,ENSG00000183888.4,1.6539503640631898
616,ENSG00000166670.10,1.6522141251663773
617,ENSG00000129437.11,1.6520726725944261
618,ENSG00000182379.10,1.6502980111272985
619,ENSG00000156968.9,1.6500359280380243
620,ENSG00000169583.13,1.6485311467432358
621,ENSG00000126803.9,1.6461642499587903
622,ENSG00000196917.6,1.6457802005722908
623,ENSG00000164125.16,1.6455827538872851
624,ENSG00000117154.12,1.6450351369088385
625,ENSG00000123892.12,1.6415940382657077
626,ENSG00000078081.8,1.6415423756698053
627,ENSG00000150556.17,1.640113521379782
628,ENSG00000069702.11,1.638271833178774
629,ENSG00000135447.17,1.6374329966465133
630,ENSG00000164694.17,1.637362024625458
631,ENSG00000131747.15,1.6352261122590463
632,ENSG00000184811.4,1.632833506140229
633,ENSG00000161031.13,1.632403512610373
634,ENSG00000262655.4,1.631886934469516
635,ENSG00000129654.8,1.6311116720428578
636,ENSG00000188404.10,1.6281139047916993
637,ENSG00000143632.14,1.6255690005221362
638,ENSG00000049130.16,1.6248191028015138
639,ENSG00000092758.18,1.6228881777617703
640,ENSG00000232629.9,1.6207708959178042
641,ENSG00000129951.19,1.620450275291264
642,ENSG00000105290.13,1.6149589976074241
643,ENSG00000197614.11,1.6139329969722038
644,ENSG00000182326.15,1.613539299368502
645,ENSG00000164237.9,1.6120438313191057
646,ENSG00000127083.7,1.6113749071902848
647,ENSG00000189001.11,1.61045653760782
648,ENSG00000204140.10,1.6096210772998087
649,ENSG00000172379.21,1.6033976608265603
650,ENSG00000254726.3,1.602744043293758
651,ENSG00000167034.10,1.6023711357699113
652,ENSG00000129451.12,1.6023080906376517
653,ENSG00000141741.12,1.6007144719502424
654,ENSG00000135413.9,1.59744846027567
655,ENSG00000133134.12,1.595418694878974
656,ENSG00000164120.14,1.5950088361395527
657,ENSG00000198944.6,1.5939667517336116
658,ENSG00000189221.10,1.5938578251134075
659,ENSG00000116176.6,1.593696914657991
660,ENSG00000049089.15,1.5936961339618094
661,ENSG00000008735.14,1.5915777248450236
662,ENSG00000144802.11,1.5911770513535346
663,ENSG00000175928.6,1.5904606476083
664,ENSG00000110492.15,1.5900547542816037
665,ENSG00000132031.13,1.585146017679879
666,ENSG00000166535.20,1.5850234394358782
667,ENSG00000008394.13,1.5844827819329594
668,ENSG00000117148.8,1.5836919263463407
669,ENSG00000120149.9,1.5820656458676896
670,ENSG00000162772.17,1.5816805529457332
671,ENSG00000142871.18,1.5813459126180698
672,ENSG00000162444.12,1.5806117742595114
673,ENSG00000150051.14,1.5801725397218893
674,ENSG00000182013.18,1.579352700405342
675,ENSG00000137501.17,1.5793523821767255
676,ENSG00000166780.11,1.5782354326370707
677,ENSG00000108576.10,1.5781775259027702
678,ENSG00000143248.13,1.5774272354578123
679,ENSG00000132470.14,1.5761320933911394
680,ENSG00000156219.17,1.573467677277664
681,ENSG00000120262.10,1.5702785182792882
682,ENSG00000016402.13,1.5700453915272516
683,ENSG00000156076.10,1.5671437542477122
684,ENSG00000138080.14,1.5665176341498468
685,ENSG00000131171.13,1.565161965668909
686,ENSG00000091986.16,1.5637596837854353
687,ENSG00000169783.13,1.5632185820886355
688,ENSG00000141574.8,1.5611369219717295
689,ENSG00000166147.14,1.5602367980149041
690,ENSG00000115884.11,1.5600040641615862
691,ENSG00000106538.10,1.5596434250185325
692,ENSG00000090104.12,1.5586644214477967
693,ENSG00000173404.5,1.5582561225056961
694,ENSG00000142173.16,1.5559327016267073
695,ENSG00000120075.5,1.5549907543941648
696,ENSG00000179344.16,1.5549306656133126
697,ENSG00000069482.7,1.5549050049018465
698,ENSG00000176887.7,1.5547088985898043
699,ENSG00000196405.13,1.554261488007303
700,ENSG00000176485.12,1.551201635629032
701,ENSG00000181649.8,1.5489345422179974
702,ENSG00000131620.17,1.5488266581247836
703,ENSG00000165863.17,1.5485316939992657
704,ENSG00000147041.12,1.5481030928146775
705,ENSG00000139910.20,1.5474375506898825
706,ENSG00000147862.17,1.5470049141143019
707,ENSG00000163083.6,1.5460418310615327
708,ENSG00000104419.17,1.5445804748864609
709,ENSG00000007038.11,1.5443319026741753
710,ENSG00000107954.10,1.54424602850252
711,ENSG00000143196.5,1.5434628538383541
712,ENSG00000106003.13,1.5415119315354258
713,ENSG00000159184.8,1.540763165375535
714,ENSG00000168685.15,1.5404095996240552
715,ENSG00000109472.14,1.5397229579018734
716,ENSG00000198074.10,1.5392727836003375
717,ENSG00000122584.13,1.5381325852717416
718,ENSG00000233041.8,1.5377206635737894
719,ENSG00000130176.8,1.5356222878844252
720,ENSG00000066468.23,1.5345993203488792
721,ENSG00000275395.6,1.5339932845786532
722,ENSG00000184292.7,1.5335644285105203
723,ENSG00000140545.15,1.5332345343271871
724,ENSG00000187840.5,1.5324055362186826
725,ENSG00000136944.19,1.5293211878482849
726,ENSG00000186891.14,1.5271991797492834
727,ENSG00000154153.13,1.5241237515230657
728,ENSG00000142875.19,1.5200002569990416
729,ENSG00000171812.13,1.518267276679175
730,ENSG00000075275.18,1.5175456035527053
731,ENSG00000138772.13,1.51540497483046
732,ENSG00000117215.15,1.5151938533529596
733,ENSG00000189431.8,1.5145910042839428
734,ENSG00000180573.9,1.5142856850432802
735,ENSG00000154451.14,1.5109430225532778
736,ENSG00000109062.12,1.5101628921369603
737,ENSG00000198467.16,1.5094422119515216
738,ENSG00000148926.10,1.5087332983415198
739,ENSG00000064655.19,1.5085010306181499
740,ENSG00000183569.18,1.5082552265931592
741,ENSG00000157150.5,1.507591030588539
742,ENSG00000114248.10,1.5064868787151158
743,ENSG00000161395.14,1.5063455972523734
744,ENSG00000136514.3,1.5062486708970373
745,ENSG00000203760.9,1.5057710912518287
746,ENSG00000197457.10,1.5039619888400917
747,ENSG00000162817.7,1.5032682300604485
748,ENSG00000168243.11,1.5028285837359294
749,ENSG00000178776.5,1.5028050990503947
750,ENSG00000162654.9,1.5004971196364065
751,ENSG00000085831.15,1.4991533780704687
752,ENSG00000106366.9,1.4990486839302617
753,ENSG00000167741.11,1.49818386464172
754,ENSG00000108691.9,1.4979228233536135
755,ENSG00000196684.12,1.4974141346385061
756,ENSG00000087494.16,1.4973839791103511
757,ENSG00000196735.13,1.4960409388287874
758,ENSG00000113494.17,1.496022060812068
759,ENSG00000162551.14,1.4954362937374184
760,ENSG00000164176.13,1.4952095079726317
761,ENSG00000137033.11,1.4942514559611797
762,ENSG00000105219.10,1.4939817555139998
763,ENSG00000089685.15,1.4932395668538425
764,ENSG00000128606.13,1.492819030887708
765,ENSG00000125148.7,1.492744158536544
766,ENSG00000078596.11,1.4914605860104566
767,ENSG00000130208.9,1.4900105502992111
768,ENSG00000142156.15,1.4898690368405905
769,ENSG00000237988.5,1.4891904638089701
770,ENSG00000137331.12,1.4889999967993857
771,ENSG00000117525.14,1.4881635583804957
772,ENSG00000105088.8,1.4876525579543107
773,ENSG00000123407.4,1.4863693101572297
774,ENSG00000150687.12,1.4853245179457562
775,ENSG00000125869.10,1.485314758059946
776,ENSG00000133067.17,1.4852019232560851
777,ENSG00000267795.6,1.4841158537545598
778,ENSG00000064651.14,1.4835635241600855
779,ENSG00000166920.13,1.4824524787632292
780,ENSG00000074211.14,1.481551464936428
781,ENSG00000103460.17,1.4812032238217256
782,ENSG00000128016.7,1.4810880399440611
783,ENSG00000065833.9,1.4806318885356913
784,ENSG00000135842.17,1.4800588320283248
785,ENSG00000163661.4,1.4795445131001104
786,ENSG00000163485.17,1.4793315883407496
787,ENSG00000116661.11,1.47811633894186
788,ENSG00000167861.16,1.477040409000194
789,ENSG00000137573.14,1.477013977895756
790,ENSG00000221869.5,1.476529324714149
791,ENSG00000124429.18,1.4743855472930094
792,ENSG00000101825.8,1.471990651349444
793,ENSG00000104341.17,1.4707876137743383
794,ENSG00000137809.17,1.4695763028752304
795,ENSG00000105852.11,1.469506306337302
796,ENSG00000174348.14,1.4694615892870928
797,ENSG00000089127.14,1.4682255928451484
798,ENSG00000119922.10,1.4677679196608266
799,ENSG00000187123.15,1.4667280508917213
800,ENSG00000158747.15,1.465333686992572
801,ENSG00000174607.11,1.4652796655893696
802,ENSG00000198848.13,1.464116660970629
803,ENSG00000174469.23,1.463228851677803
804,ENSG00000008517.18,1.462725022678437
805,ENSG00000114631.11,1.4626324317948491
806,ENSG00000100234.12,1.4608338269672474
807,ENSG00000184588.18,1.4592192048141883
808,ENSG00000148053.17,1.4557811214057668
809,ENSG00000077984.6,1.4551755712475933
810,ENSG00000121858.11,1.4538072199956564
811,ENSG00000167183.3,1.4512174831525848
812,ENSG00000146197.9,1.4503248344137927
813,ENSG00000161249.21,1.450105881116539
814,ENSG00000090539.15,1.4472445093722652
815,ENSG00000168209.5,1.4471016705677455
816,ENSG00000064300.9,1.4457341144065832
817,ENSG00000106565.18,1.4453112010867566
818,ENSG00000184349.13,1.4430385818947402
819,ENSG00000142552.8,1.442449747533301
820,ENSG00000140379.9,1.4408337707402332
821,ENSG00000143153.13,1.4405435075374637
822,ENSG00000182704.8,1.4382126710510696
823,ENSG00000119147.10,1.438150921738635
824,ENSG00000168913.7,1.437997587518249
825,ENSG00000179913.11,1.4379412539771939
826,ENSG00000050628.20,1.4371481294934905
827,ENSG00000204128.6,1.4363323912500114
828,ENSG00000186526.13,1.4345521592897692
829,ENSG00000167767.14,1.4341308157154782
830,ENSG00000159713.11,1.4340424346717229
831,ENSG00000143387.14,1.4334262146884382
832,ENSG00000132561.14,1.4333022679980358
833,ENSG00000125378.16,1.4318092745136242
834,ENSG00000124466.9,1.4316128724041186
835,ENSG00000197903.8,1.430630797876075
836,ENSG00000166033.13,1.4300233781086387
837,ENSG00000129009.13,1.4291336368906318
838,ENSG00000162576.17,1.4277178801348374
839,ENSG00000197496.6,1.4276587674763292
840,ENSG00000103490.14,1.426777804053053
841,ENSG00000169550.14,1.42675953301449
842,ENSG00000078401.7,1.4255588086325137
843,ENSG00000177685.17,1.4236715875260468
844,ENSG00000171791.14,1.4229485074639823
845,ENSG00000256229.8,1.4214377933383373
846,ENSG00000111057.11,1.4212323171094794
847,ENSG00000148468.17,1.4208982227652445
848,ENSG00000156011.17,1.4176668143491964
849,ENSG00000144810.16,1.4149145708659805
850,ENSG00000169429.11,1.4141385732215745
851,ENSG00000170477.13,1.4140906693691055
852,ENSG00000148154.10,1.4139010942875343
853,ENSG00000165905.18,1.4138778642038914
854,ENSG00000158246.8,1.4134697604556157
855,ENSG00000228253.1,1.4133845517469004
856,ENSG00000157992.12,1.4101115210047959
857,ENSG00000112378.12,1.4089620068100324
858,ENSG00000188883.5,1.4069095647530379
859,ENSG00000151632.17,1.4056167068238175
860,ENSG00000006016.11,1.402423629001242
861,ENSG00000196074.13,1.4011188541851343
862,ENSG00000130222.11,1.4010144646525566
863,ENSG00000143013.13,1.3991869196538218
864,ENSG00000143590.14,1.3972650838157354
865,ENSG00000178531.6,1.3971913334908377
866,ENSG00000004838.14,1.3965967640514907
867,ENSG00000154639.19,1.3943621487330735
868,ENSG00000152284.5,1.3936593336628607
869,ENSG00000156738.18,1.392195522743472
870,ENSG00000167799.10,1.3917397339394182
871,ENSG00000105357.19,1.3905693992938677
872,ENSG00000146648.19,1.390187894430971
873,ENSG00000173372.17,1.3895276925736904
874,ENSG00000135916.16,1.386479362675176
875,ENSG00000162746.14,1.3859667308293526
876,ENSG00000198077.10,1.3830518673442673
877,ENSG00000076716.9,1.3826768285417084
878,ENSG00000175745.14,1.3795521072834012
879,ENSG00000122861.16,1.3781733423446516
880,ENSG00000143452.16,1.3780915343288649
881,ENSG00000169474.4,1.3780164702953128
882,ENSG00000205364.4,1.3764459332154921
883,ENSG00000169026.13,1.3749353670490203
884,ENSG00000231389.7,1.3747141423245237
885,ENSG00000166828.3,1.3732054208330073
886,ENSG00000111674.9,1.3727296604474073
887,ENSG00000111052.7,1.3727235108024916
888,ENSG00000026751.17,1.3717170023490588
889,ENSG00000239887.6,1.3715670128177537
890,ENSG00000165507.9,1.3709418325307174
891,ENSG00000082482.14,1.3704674939205097
892,ENSG00000138642.15,1.368149068163143
893,ENSG00000157368.11,1.3669906913417178
894,ENSG00000148848.14,1.366182023420793
895,ENSG00000116729.14,1.3653585542312106
896,ENSG00000135226.18,1.3651763170822924
897,ENSG00000169891.18,1.3647188668223498
898,ENSG00000088325.16,1.363755490590507
899,ENSG00000012660.14,1.363430734531391
900,ENSG00000168394.11,1.363401445035479
901,ENSG00000144354.14,1.3631151672001096
902,ENSG00000180694.14,1.3625322567476248
903,ENSG00000077942.19,1.362000967947511
904,ENSG00000153234.15,1.359809848906161
905,ENSG00000184330.12,1.359188375838979
906,ENSG00000100302.7,1.358544001899517
907,ENSG00000144331.20,1.3579542520190853
908,ENSG00000137285.10,1.3566667211521937
909,ENSG00000077327.16,1.3565582708613593
910,ENSG00000126353.3,1.354339018474865
911,ENSG00000173369.17,1.3540744595352225
912,ENSG00000163873.10,1.3531575919238332
913,ENSG00000156127.8,1.3529662993700684
914,ENSG00000101447.15,1.3516259170835014
915,ENSG00000181458.10,1.3510688153749784
916,ENSG00000150594.7,1.3505203417758551
917,ENSG00000185924.7,1.3474093332217207
918,ENSG00000178538.10,1.3471107831263343
919,ENSG00000152953.13,1.3462761969084471
920,ENSG00000196126.11,1.3459042541129356
921,ENSG00000240065.8,1.344622187164259
922,ENSG00000153563.16,1.3445883405880152
923,ENSG00000164687.11,1.3440974167728452
924,ENSG00000168461.13,1.3434158918016181
925,ENSG00000094963.14,1.3426281051938282
926,ENSG00000198125.13,1.3425938234097532
927,ENSG00000169469.9,1.3425482122415968
928,ENSG00000180777.14,1.3421819974325118
929,ENSG00000105173.14,1.3419430316920062
930,ENSG00000175832.13,1.341770893363164
931,ENSG00000106537.8,1.341175401239621
932,ENSG00000129521.15,1.3403303818295185
933,ENSG00000123364.5,1.3401912169671297
934,ENSG00000141293.16,1.3362547037174066
935,ENSG00000002933.9,1.3349506788299323
936,ENSG00000145703.16,1.3318777262908745
937,ENSG00000197594.13,1.3303207390043166
938,ENSG00000083782.8,1.329588268761612
939,ENSG00000091947.10,1.3287094524220244
940,ENSG00000183160.9,1.3277739371538613
941,ENSG00000164932.13,1.3273828613616658
942,ENSG00000176153.12,1.3254995917562145
943,ENSG00000152377.14,1.3249899333276582
944,ENSG00000109814.12,1.3241305474852585
945,ENSG00000147255.19,1.3240812310675798
946,ENSG00000123388.4,1.3222902292829635
947,ENSG00000171385.10,1.3219820179081976
948,ENSG00000100385.14,1.3207771784100064
949,ENSG00000115641.19,1.3207363001661396
950,ENSG00000067057.18,1.319400162040531
951,ENSG00000149591.17,1.318432943229397
952,ENSG00000166961.15,1.3182620648270902
953,ENSG00000170743.17,1.3174027373597732
954,ENSG00000167608.12,1.31667521152392
955,ENSG00000175602.4,1.31642196824915
956,ENSG00000204287.14,1.3157160253814801
957,ENSG00000198788.9,1.3154414752133101
958,ENSG00000147642.17,1.3144688552441273
959,ENSG00000111331.13,1.3141429549436408
960,ENSG00000188910.8,1.3139372015726938
961,ENSG00000141753.7,1.3125190496482109
962,ENSG00000083857.14,1.311653596388494
963,ENSG00000164292.13,1.311272454503836
964,ENSG00000132386.11,1.3110578972165772
965,ENSG00000107742.13,1.309022826440763
966,ENSG00000104447.13,1.3070007604167977
967,ENSG00000166681.14,1.3069822214539313
968,ENSG00000105472.13,1.3058983982064765
969,ENSG00000137440.5,1.3048301790191186
970,ENSG00000169439.12,1.304371836402828
971,ENSG00000177575.13,1.3039909586200058
972,ENSG00000173890.17,1.3029550203001163
973,ENSG00000182580.3,1.3027846292086882
974,ENSG00000204642.14,1.3021053731260108
975,ENSG00000139044.12,1.2994307514728287
976,ENSG00000165457.14,1.299255383263756
977,ENSG00000081237.20,1.2992084944898188
978,ENSG00000141682.12,1.29910218049209
979,ENSG00000142273.13,1.2988229647127796
980,ENSG00000149809.16,1.2974822590778492
981,ENSG00000171124.13,1.2970190440159637
982,ENSG00000173175.15,1.2966360235812504
983,ENSG00000163362.11,1.2952413692462237
984,ENSG00000011347.10,1.2940184422534389
985,ENSG00000127824.14,1.2938629633263623
986,ENSG00000102316.17,1.293433693867983
987,ENSG00000175567.11,1.2934247062195916
988,ENSG00000154654.15,1.2928975148858763
989,ENSG00000187045.19,1.2926919597880837
990,ENSG00000196562.14,1.292006825859588
991,ENSG00000175920.18,1.2911447124299735
992,ENSG00000184709.7,1.290619534087916
993,ENSG00000143845.15,1.2903292361160208
994,ENSG00000152583.12,1.2898762459665467
995,ENSG00000154734.16,1.288942786718441
996,ENSG00000113140.11,1.2885177361829683
997,ENSG00000180914.10,1.2878188423335013
998,ENSG00000136997.21,1.2863304202332053
999,ENSG00000151552.12,1.2860471947025214
1000,ENSG00000176490.5,1.2843147118284652
1001,ENSG00000124713.6,1.2836799649276243
1002,ENSG00000121753.12,1.2834337399445086
1003,ENSG00000163082.10,1.2831576967982106
1004,ENSG00000100842.13,1.282805283856619
1005,ENSG00000007516.14,1.2825785455675984
1006,ENSG00000133083.15,1.282533770274193
1007,ENSG00000092969.12,1.2817866208047928
1008,ENSG00000243449.6,1.2805285449962647
1009,ENSG00000164949.8,1.2802540643826792
1010,ENSG00000187486.5,1.2786345881212662
1011,ENSG00000051523.11,1.2785962123117538
1012,ENSG00000075618.18,1.2781745680200676
1013,ENSG00000107796.13,1.2772366202038241
1014,ENSG00000100290.3,1.27667560988529
1015,ENSG00000022267.19,1.276465345345641
1016,ENSG00000172602.11,1.2752509552822124
1017,ENSG00000165168.8,1.2746695220968633
1018,ENSG00000137502.10,1.2737761537985146
1019,ENSG00000005249.13,1.272046823861707
1020,ENSG00000111206.13,1.2717497242999634
1021,ENSG00000155380.12,1.2711376480656378
1022,ENSG00000185559.16,1.27056735703853
1023,ENSG00000186197.15,1.2703729217951427
1024,ENSG00000187474.5,1.2695113153675397
1025,ENSG00000164920.9,1.2672435783952196
1026,ENSG00000096060.15,1.2668101599345083
1027,ENSG00000105427.10,1.2654832168017769
1028,ENSG00000188064.10,1.2654518982720029
1029,ENSG00000008441.18,1.265337323331664
1030,ENSG00000133392.18,1.2647733835183594
1031,ENSG00000105929.16,1.264689435238939
1032,ENSG00000138434.17,1.2646706374873447
1033,ENSG00000164761.9,1.2614250374880356
1034,ENSG00000139970.17,1.2596384862525696
1035,ENSG00000117122.14,1.259400583556982
1036,ENSG00000170421.12,1.2586071242718355
1037,ENSG00000167614.14,1.2580057653874304
1038,ENSG00000196507.11,1.2579603840183826
1039,ENSG00000198930.13,1.2559777521519688
1040,ENSG00000133063.16,1.255171282821556
1041,ENSG00000173210.20,1.2550457164077053
1042,ENSG00000166741.8,1.2545867517429046
1043,ENSG00000163975.12,1.2543344268857257
1044,ENSG00000158125.10,1.2540450282914668
1045,ENSG00000109586.12,1.2524948812412544
1046,ENSG00000211448.13,1.251073969924633
1047,ENSG00000172465.14,1.2507199540614218
1048,ENSG00000167531.6,1.2497420854178485
1049,ENSG00000198695.2,1.2496217721513956
1050,ENSG00000102575.13,1.2493272211732676
1051,ENSG00000068615.19,1.2478483523509944
1052,ENSG00000146070.17,1.2472716604364626
1053,ENSG00000172057.10,1.2462693572090167
1054,ENSG00000196932.12,1.2447857650636591
1055,ENSG00000019582.15,1.2440562734984966
1056,ENSG00000167549.18,1.2439014234657177
1057,ENSG00000130558.20,1.24341670029579
1058,ENSG00000170412.18,1.2420763437916584
1059,ENSG00000240583.13,1.2418262387017625
1060,ENSG00000168077.14,1.2411314829333513
1061,ENSG00000187193.9,1.240973443279574
1062,ENSG00000157227.13,1.2407935017414626
1063,ENSG00000104951.16,1.2401907029226091
1064,ENSG00000107438.9,1.2400933489460826
1065,ENSG00000170382.12,1.2397944717934222
1066,ENSG00000129538.14,1.2387698262442692
1067,ENSG00000171199.11,1.2383958682886045
1068,ENSG00000072310.17,1.2375030642535978
1069,ENSG00000197747.9,1.2373115906458003
1070,ENSG00000182492.16,1.2371665930980043
1071,ENSG00000124635.9,1.2366647205629937
1072,ENSG00000169604.20,1.2364943956300796
1073,ENSG00000116133.13,1.2351994101008765
1074,ENSG00000176971.4,1.2343708069591262
1075,ENSG00000140526.18,1.2334673160816283
1076,ENSG00000109107.14,1.2332731803089672
1077,ENSG00000275896.6,1.233260507839021
1078,ENSG00000165795.23,1.2329479378461599
1079,ENSG00000088002.12,1.2327162684667805
1080,ENSG00000178773.15,1.2322589585032282
1081,ENSG00000206503.13,1.2318801804858153
1082,ENSG00000197046.12,1.2309820483091183
1083,ENSG00000172543.8,1.2306416387555859
1084,ENSG00000185052.12,1.2299935132600366
1085,ENSG00000180530.11,1.2293773213174408
1086,ENSG00000180447.7,1.2290149990168249
1087,ENSG00000116667.15,1.2284323292027886
1088,ENSG00000168453.15,1.227574712136043
1089,ENSG00000053747.17,1.2265555238369699
1090,ENSG00000073849.16,1.2263749184538197
1091,ENSG00000180616.9,1.226020424023733
1092,ENSG00000109255.11,1.2257252266577325
1093,ENSG00000168785.8,1.223635514255237
1094,ENSG00000179348.12,1.222615178994845
1095,ENSG00000198797.7,1.2208499042879821
1096,ENSG00000101144.13,1.220078031747511
1097,ENSG00000169508.7,1.2188395551537285
1098,ENSG00000164287.13,1.2185044014022215
1099,ENSG00000122877.16,1.2182837092477103
1100,ENSG00000184557.4,1.2173498737291937
1101,ENSG00000234745.12,1.2169288752660543
1102,ENSG00000101298.15,1.2156324122135058
1103,ENSG00000204542.3,1.2149328528614554
1104,ENSG00000102879.16,1.214839914253574
1105,ENSG00000122641.11,1.2130304136815204
1106,ENSG00000165092.13,1.2124841005331084
1107,ENSG00000167900.12,1.2124663226470727
1108,ENSG00000070087.14,1.2110206139550408
1109,ENSG00000204936.10,1.2099145291489732
1110,ENSG00000161281.11,1.2098793360620133
1111,ENSG00000149212.12,1.2087927295301975
1112,ENSG00000077782.21,1.2083580858909704
1113,ENSG00000029559.7,1.2068105785552397
1114,ENSG00000006118.15,1.2067467133332703
1115,ENSG00000178999.13,1.206726195146976
1116,ENSG00000196139.14,1.2066563849825827
1117,ENSG00000196748.10,1.2061406917135158
1118,ENSG00000180155.20,1.2043521155806451
1119,ENSG00000100504.17,1.204075477066394
1120,ENSG00000156804.7,1.2036543561662847
1121,ENSG00000159200.18,1.2035671763037452
1122,ENSG00000143126.8,1.2032542444814065
1123,ENSG00000120093.11,1.202475697037328
1124,ENSG00000198535.5,1.2021365297636915
1125,ENSG00000005513.10,1.2019422342427433
1126,ENSG00000150593.18,1.2018088394154498
1127,ENSG00000198681.7,1.2016140016154422
1128,ENSG00000258484.4,1.2010569234930828
1129,ENSG00000011028.14,1.2009192059839147
1130,ENSG00000197506.8,1.1987460487657162
1131,ENSG00000114547.10,1.1986064852231866
1132,ENSG00000162543.6,1.1983417411326935
1133,ENSG00000188508.11,1.197798617741378
1134,ENSG00000204421.3,1.1973111360209736
1135,ENSG00000143878.10,1.1971263569078676
1136,ENSG00000182809.11,1.1966778793281536
1137,ENSG00000173227.14,1.1956101370105543
1138,ENSG00000169515.8,1.1950275696035446
1139,ENSG00000101439.9,1.1938617805544167
1140,ENSG00000100167.20,1.193672922913233
1141,ENSG00000088881.21,1.1936315590679918
1142,ENSG00000172889.16,1.1929642099232673
1143,ENSG00000109738.11,1.1928224595686852
1144,ENSG00000158270.12,1.1926948674296196
1145,ENSG00000104549.12,1.1926697080395965
1146,ENSG00000057593.14,1.1926653377248115
1147,ENSG00000127252.7,1.1924285129020717
1148,ENSG00000156535.15,1.1924017059427452
1149,ENSG00000111371.16,1.192025780308749
1150,ENSG00000111885.7,1.191971880697721
1151,ENSG00000104998.4,1.1918431142050456
1152,ENSG00000142910.16,1.1916226849269842
1153,ENSG00000183734.4,1.1906775288557339
1154,ENSG00000111907.21,1.1897913957741681
1155,ENSG00000165304.8,1.188758049271798
1156,ENSG00000108679.13,1.1887408995354778
1157,ENSG00000189280.3,1.1885802214909311
1158,ENSG00000107562.16,1.1884936763546718
1159,ENSG00000221890.6,1.187933628050138
1160,ENSG00000164930.12,1.1875038314280166
1161,ENSG00000162755.14,1.1863575396595598
1162,ENSG00000164647.9,1.185765834852508
1163,ENSG00000212907.2,1.1849723406779273
1164,ENSG00000143416.21,1.18433130888721
1165,ENSG00000157214.14,1.182900326918668
1166,ENSG00000105976.16,1.182447468322499
1167,ENSG00000006327.14,1.1795252085017673
1168,ENSG00000181374.8,1.17948845456518
1169,ENSG00000084636.18,1.1787422891189598
1170,ENSG00000162692.12,1.1783671419579418
1171,ENSG00000108352.13,1.1782942049655214
1172,ENSG00000164611.13,1.1761828123359208
1173,ENSG00000135046.14,1.1751531981629502
1174,ENSG00000223865.11,1.174675956850639
1175,ENSG00000147168.13,1.1746451907370086
1176,ENSG00000166743.9,1.1738260124877766
1177,ENSG00000163072.16,1.172897483793674
1178,ENSG00000169047.5,1.1726693351460304
1179,ENSG00000107821.15,1.1725768049983776
1180,ENSG00000091409.15,1.172526245455584
1181,ENSG00000074219.14,1.1718515696047913
1182,ENSG00000101463.6,1.1699232018308454
1183,ENSG00000178401.16,1.1698509451657326
1184,ENSG00000079435.10,1.1692530410171165
1185,ENSG00000117069.15,1.1692396138027898
1186,ENSG00000129946.10,1.1689549214498307
1187,ENSG00000101335.10,1.1689416796183896
1188,ENSG00000159189.12,1.1684573205795596
1189,ENSG00000167779.9,1.1658058913406915
1190,ENSG00000101955.15,1.1647517134847511
1191,ENSG00000103888.17,1.1642766734009131
1192,ENSG00000163739.5,1.1634318603818448
1193,ENSG00000248485.2,1.1629369382935184
1194,ENSG00000087116.16,1.1624321272862401
1195,ENSG00000094804.12,1.1622622684322328
1196,ENSG00000165548.11,1.1621785774946418
1197,ENSG00000105559.12,1.1615435224739192
1198,ENSG00000169862.19,1.1606098535005454
1199,ENSG00000174175.17,1.159671111779698
1200,ENSG00000176194.18,1.1591320494089805
1201,ENSG00000072858.11,1.1583301946912548
1202,ENSG00000184058.14,1.158050669545918
1203,ENSG00000087510.7,1.158011350356259
1204,ENSG00000090661.12,1.1578439472546618
1205,ENSG00000198832.10,1.1577752752596002
1206,ENSG00000168062.10,1.1572421338882632
1207,ENSG00000113763.12,1.156624613559283
1208,ENSG00000123124.14,1.1565772440982587
1209,ENSG00000174788.10,1.1564400886733575
1210,ENSG00000168421.13,1.1556108819378956
1211,ENSG00000100285.10,1.155516628997276
1212,ENSG00000164047.6,1.1546096282135365
1213,ENSG00000182866.17,1.1545393121960903
1214,ENSG00000054179.12,1.1544381688985232
1215,ENSG00000143578.16,1.1542399062714346
1216,ENSG00000132854.19,1.1533934516019009
1217,ENSG00000135929.9,1.1533004035685144
1218,ENSG00000141232.5,1.152565879387348
1219,ENSG00000188290.11,1.152254873203555
1220,ENSG00000172292.15,1.1522434812719875
1221,ENSG00000041353.10,1.1521801730435695
1222,ENSG00000196154.12,1.1520032436528136
1223,ENSG00000131748.16,1.1506717116923564
1224,ENSG00000159403.18,1.150507595770714
1225,ENSG00000203747.12,1.1504573409955332
1226,ENSG00000167964.13,1.1493633443383864
1227,ENSG00000103024.7,1.1493512216877708
1228,ENSG00000106333.13,1.1488513209108937
1229,ENSG00000120708.17,1.1484588892620327
1230,ENSG00000146072.6,1.1482660197369219
1231,ENSG00000011426.11,1.1481626875690183
1232,ENSG00000165105.10,1.1474324293569877
1233,ENSG00000112297.18,1.147050754766949
1234,ENSG00000154027.19,1.14647632006323
1235,ENSG00000063180.9,1.1462592705789858
1236,ENSG00000143867.7,1.1450865286652174
1237,ENSG00000188175.10,1.1449571855952096
1238,ENSG00000090339.9,1.1443396567251016
1239,ENSG00000112379.9,1.1437512559675456
1240,ENSG00000101213.7,1.1418063565092729
1241,ENSG00000182742.6,1.1399598220026477
1242,ENSG00000114251.15,1.1398531065096056
1243,ENSG00000179750.16,1.1397323952079936
1244,ENSG00000138821.13,1.1396765473053654
1245,ENSG00000165929.13,1.1396135703090517
1246,ENSG00000104213.13,1.1393400804284797
1247,ENSG00000168329.14,1.1375642027761868
1248,ENSG00000079385.23,1.1373194256487502
1249,ENSG00000183971.10,1.1372123702525085
1250,ENSG00000153551.14,1.1367693274944375
1251,ENSG00000132688.11,1.136709311830509
1252,ENSG00000185201.16,1.1362202795765843
1253,ENSG00000113083.15,1.1356928390066043
1254,ENSG00000162433.15,1.134380091617488
1255,ENSG00000115415.20,1.134296430224112
1256,ENSG00000135919.14,1.1340800745480195
1257,ENSG00000085117.12,1.1338467571820798
1258,ENSG00000117226.12,1.133398697940923
1259,ENSG00000276180.1,1.1333600460515538
1260,ENSG00000185633.10,1.1332002431561428
1261,ENSG00000142089.16,1.1329970666886486
1262,ENSG00000160161.9,1.1328610244031396
1263,ENSG00000136542.9,1.1326240984839375
1264,ENSG00000151726.15,1.1320115954442005
1265,ENSG00000104723.21,1.131893035438092
1266,ENSG00000029993.15,1.1318384794706886
1267,ENSG00000227471.9,1.131277711405128
1268,ENSG00000138166.6,1.130502563758076
1269,ENSG00000134326.11,1.130384353057405
1270,ENSG00000135097.7,1.1300341837553516
1271,ENSG00000113657.13,1.12954415569257
1272,ENSG00000135773.13,1.1290471088914742
1273,ENSG00000102886.15,1.128921228306682
1274,ENSG00000131471.7,1.1289195672318273
1275,ENSG00000169906.5,1.1288110420836688
1276,ENSG00000085741.13,1.1276146209412308
1277,ENSG00000134020.8,1.127418623474509
1278,ENSG00000140519.14,1.127164155248793
1279,ENSG00000105655.19,1.1270248007976937
1280,ENSG00000143653.10,1.1267540489832333
1281,ENSG00000131781.13,1.1266083188812517
1282,ENSG00000131981.16,1.126556190347792
1283,ENSG00000144476.6,1.1263618221639284
1284,ENSG00000128510.12,1.1244351097473833
1285,ENSG00000135547.9,1.124078480858905
1286,ENSG00000186810.8,1.1236901758586504
1287,ENSG00000062282.15,1.122202894283567
1288,ENSG00000106484.16,1.1221250254667496
1289,ENSG00000116191.17,1.1217183884515114
1290,ENSG00000116031.9,1.1215014709334172
1291,ENSG00000122862.5,1.121431591759634
1292,ENSG00000122694.16,1.1206441948435644
1293,ENSG00000060656.20,1.120136946675677
1294,ENSG00000168497.5,1.1193945294023198
1295,ENSG00000023445.16,1.1192059217916082
1296,ENSG00000171401.15,1.1190981789675922
1297,ENSG00000128340.15,1.118978672838274
1298,ENSG00000184828.10,1.1184219495390408
1299,ENSG00000263961.8,1.1182789826871866
1300,ENSG00000172986.13,1.1182263697510864
1301,ENSG00000147027.4,1.1176988792756444
1302,ENSG00000136167.15,1.1174404243457248
1303,ENSG00000169116.11,1.1169924755544167
1304,ENSG00000049283.18,1.116522456563053
1305,ENSG00000179144.5,1.115110532975871
1306,ENSG00000116774.12,1.1137925498843309
1307,ENSG00000073282.14,1.1127909247713232
1308,ENSG00000115956.10,1.1110450020670917
1309,ENSG00000099769.6,1.1106081673629224
1310,ENSG00000189129.14,1.110241025759608
1311,ENSG00000137628.17,1.1102256172144607
1312,ENSG00000100079.7,1.1098835943821368
1313,ENSG00000121966.7,1.109840664598722
1314,ENSG00000123095.6,1.1089392562599292
1315,ENSG00000140092.14,1.1089307913415833
1316,ENSG00000121898.13,1.1072107848447805
1317,ENSG00000147689.16,1.1067237733664235
1318,ENSG00000025708.14,1.1062325560949182
1319,ENSG00000144485.11,1.1060218590081838
1320,ENSG00000102038.16,1.1058466453680713
1321,ENSG00000109452.12,1.1056958310805736
1322,ENSG00000143401.15,1.10513024714624
1323,ENSG00000146281.6,1.104952314917284
1324,ENSG00000100342.21,1.1048676173245324
1325,ENSG00000141401.12,1.104337871942903
1326,ENSG00000134759.14,1.1039132874709696
1327,ENSG00000136960.13,1.1032557694303422
1328,ENSG00000143119.14,1.1029191203312732
1329,ENSG00000171604.12,1.102021478694546
1330,ENSG00000174697.5,1.1016001017781105
1331,ENSG00000066583.12,1.1010821040974306
1332,ENSG00000163683.12,1.1005594250963893
1333,ENSG00000112655.16,1.1005589311064385
1334,ENSG00000189366.9,1.1004924366709679
1335,ENSG00000162688.17,1.0999188810631872
1336,ENSG00000131759.18,1.0990848955698982
1337,ENSG00000155760.2,1.0987913193453027
1338,ENSG00000188153.14,1.0977256584731145
1339,ENSG00000140937.14,1.097344193641655
1340,ENSG00000116132.12,1.0972668008183444
1341,ENSG00000179639.10,1.0971295238609264
1342,ENSG00000171223.6,1.095980153830956
1343,ENSG00000114654.7,1.0954644961643731
1344,ENSG00000117984.15,1.0954226362228325
1345,ENSG00000173898.14,1.0954211559673073
1346,ENSG00000148773.14,1.0947153903969873
1347,ENSG00000142945.13,1.0943821440814743
1348,ENSG00000114805.18,1.0932162119516597
1349,ENSG00000189057.11,1.0930118782857396
1350,ENSG00000119681.12,1.092220983221838
1351,ENSG00000157456.8,1.0921418723127427
1352,ENSG00000136689.19,1.091123003470189
1353,ENSG00000163131.11,1.0909003896746443
1354,ENSG00000115963.13,1.0900543848116921
1355,ENSG00000147676.14,1.0898486393875566
1356,ENSG00000135472.9,1.0893415227984884
1357,ENSG00000060138.13,1.0889552076422582
1358,ENSG00000164171.11,1.0887834595554715
1359,ENSG00000145632.15,1.088679854179706
1360,ENSG00000103196.12,1.0881103045923304
1361,ENSG00000188536.13,1.0880357754635919
1362,ENSG00000104321.11,1.0879974994897308
1363,ENSG00000120332.16,1.087740059824987
1364,ENSG00000142798.20,1.0876795747863455
1365,ENSG00000177409.12,1.0872562245624735
1366,ENSG00000134716.11,1.0871988738648577
1367,ENSG00000159674.12,1.0866865858059418
1368,ENSG00000115594.12,1.0866469358446575
1369,ENSG00000163923.10,1.0859399298143178
1370,ENSG00000172927.8,1.0856458785123642
1371,ENSG00000099282.10,1.08456011035517
1372,ENSG00000177283.7,1.0842154038426968
1373,ENSG00000155906.19,1.0835445658492697
1374,ENSG00000166006.14,1.0831360285179998
1375,ENSG00000188747.8,1.0812377347172917
1376,ENSG00000137801.11,1.0811859765315475
1377,ENSG00000174939.11,1.0806963112465529
1378,ENSG00000133142.18,1.0806168949792256
1379,ENSG00000154640.15,1.08026237389514
1380,ENSG00000079689.14,1.0799812981435355
1381,ENSG00000136235.17,1.0793904726135743
1382,ENSG00000163491.16,1.0793744469434754
1383,ENSG00000147256.12,1.0784686195517528
1384,ENSG00000233493.4,1.0782866177624857
1385,ENSG00000183248.12,1.0775762092442307
1386,ENSG00000134339.9,1.075861743246799
1387,ENSG00000145386.11,1.075521888271594
1388,ENSG00000100979.15,1.074897214496896
1389,ENSG00000134830.6,1.0748556820662478
1390,ENSG00000089327.15,1.0743501136352158
1391,ENSG00000163710.9,1.0733838849730766
1392,ENSG00000068079.8,1.0732870076123209
1393,ENSG00000177606.8,1.0728727379555554
1394,ENSG00000250722.6,1.0727102675793334
1395,ENSG00000131477.11,1.0717129168475414
1396,ENSG00000136193.17,1.0711236146460812
1397,ENSG00000275713.2,1.0704425304250316
1398,ENSG00000104415.14,1.0701273479373863
1399,ENSG00000156096.14,1.0692611961298097
1400,ENSG00000172893.16,1.069224961044942
1401,ENSG00000132639.13,1.0690203083311078
1402,ENSG00000133636.11,1.068425303927248
1403,ENSG00000117724.13,1.0683443358056017
1404,ENSG00000181788.4,1.0682057499512365
1405,ENSG00000155659.15,1.0678042744240626
1406,ENSG00000104205.16,1.0675883654242688
1407,ENSG00000170571.12,1.0669561982216327
1408,ENSG00000126233.2,1.0668931543715012
1409,ENSG00000048462.11,1.066326147225092
1410,ENSG00000101417.12,1.0660138959965575
1411,ENSG00000166923.12,1.0655025441925796
1412,ENSG00000213401.10,1.064904609424337
1413,ENSG00000160255.18,1.0646139664555507
1414,ENSG00000136859.10,1.0639792392388332
1415,ENSG00000131435.13,1.0630164591087363
1416,ENSG00000170458.14,1.0628489294371537
1417,ENSG00000124212.6,1.061659025636627
1418,ENSG00000107281.10,1.0609357029351116
1419,ENSG00000134107.5,1.0603266755310452
1420,ENSG00000214456.8,1.059793721138772
1421,ENSG00000135052.16,1.0595603254800894
1422,ENSG00000110811.20,1.0591147636097362
1423,ENSG00000082497.12,1.0585923755121616
1424,ENSG00000170745.12,1.0585435177707099
1425,ENSG00000184160.8,1.0575691448341273
1426,ENSG00000205413.8,1.0575634290376135
1427,ENSG00000262814.8,1.0573236009393954
1428,ENSG00000184012.13,1.0563201005904963
1429,ENSG00000179241.13,1.0560751581037657
1430,ENSG00000101412.13,1.0552465788602823
1431,ENSG00000119699.8,1.0547617890389642
1432,ENSG00000180644.8,1.054710704246701
1433,ENSG00000185352.8,1.0538954773660223
1434,ENSG00000147697.9,1.0528520179166598
1435,ENSG00000007216.15,1.0525140555271308
1436,ENSG00000175899.15,1.0523475128173272
1437,ENSG00000170035.16,1.052337778019109
1438,ENSG00000111666.11,1.0521332444066802
1439,ENSG00000237649.8,1.0514464097665577
1440,ENSG00000198786.2,1.050817057173794
1441,ENSG00000166347.19,1.0507918425758993
1442,ENSG00000178934.5,1.0507552409912886
1443,ENSG00000167157.11,1.0507092905243123
1444,ENSG00000183778.17,1.0502768335768167
1445,ENSG00000197892.13,1.0499602160501476
1446,ENSG00000185507.21,1.0498436922821672
1447,ENSG00000183508.5,1.0497718599912766
1448,ENSG00000185634.12,1.0495538862912963
1449,ENSG00000020633.19,1.0491429665470142
1450,ENSG00000182240.16,1.0489579313845832
1451,ENSG00000168309.18,1.047545939219776
1452,ENSG00000165655.17,1.0470454024460978
1453,ENSG00000167513.9,1.0470239062883688
1454,ENSG00000026508.20,1.0469442876626254
1455,ENSG00000105880.7,1.0468297886465991
1456,ENSG00000105974.13,1.0467100688326287
1457,ENSG00000168078.10,1.0463835547496
1458,ENSG00000187634.12,1.0462272603335354
1459,ENSG00000100196.11,1.0453996851967255
1460,ENSG00000158106.14,1.045353508440074
1461,ENSG00000138180.16,1.0450602366237218
1462,ENSG00000187017.17,1.0450299698071204
1463,ENSG00000087586.18,1.0447156017759793
1464,ENSG00000162739.14,1.044631255517234
1465,ENSG00000122691.13,1.0442885990578215
1466,ENSG00000204389.10,1.04222982203864
1467,ENSG00000082196.21,1.0418305343275562
1468,ENSG00000163898.10,1.0408591982292594
1469,ENSG00000081985.13,1.040478595330454
1470,ENSG00000102802.10,1.0402559465010166
1471,ENSG00000131844.16,1.0401594644643368
1472,ENSG00000087077.14,1.0397531592626104
1473,ENSG00000120833.14,1.0396275345505543
1474,ENSG00000133135.14,1.0394581683906294
1475,ENSG00000176170.14,1.0393569511679324
1476,ENSG00000235750.10,1.0385413520809834
1477,ENSG00000112414.15,1.038452820500998
1478,ENSG00000007908.16,1.0382725117501013
1479,ENSG00000112984.12,1.0377123735998708
1480,ENSG00000092096.18,1.037635915507962
1481,ENSG00000110448.11,1.0375942600969366
1482,ENSG00000172216.6,1.0375157070694818
1483,ENSG00000183580.10,1.0372423234604184
1484,ENSG00000115165.10,1.0353824105221088
1485,ENSG00000134690.11,1.0343012576513197
1486,ENSG00000080573.7,1.0336837243698034
1487,ENSG00000081041.9,1.0335881808214968
1488,ENSG00000107014.9,1.0334008547022338
1489,ENSG00000136490.9,1.0326989401764104
1490,ENSG00000145284.12,1.032465812200916
1491,ENSG00000167972.14,1.0311063350336442
1492,ENSG00000158089.15,1.0302411691262647
1493,ENSG00000145451.13,1.0287892021267702
1494,ENSG00000143365.19,1.0279592514543436
1495,ENSG00000095917.14,1.0272413821412436
1496,ENSG00000152894.15,1.0272084518444742
1497,ENSG00000174567.8,1.026742719158043
1498,ENSG00000034510.6,1.026473660276417
1499,ENSG00000205517.13,1.0257272731524678
1500,ENSG00000100095.19,1.0240110951702301
1501,ENSG00000183036.11,1.023951076695647
1502,ENSG00000145920.15,1.023040884620061
1503,ENSG00000117632.23,1.0224965155022943
1504,ENSG00000091490.11,1.022351579702506
1505,ENSG00000198840.2,1.022074839136331
1506,ENSG00000185442.13,1.0216745661796856
1507,ENSG00000128218.8,1.0205422127163077
1508,ENSG00000170500.13,1.020538657088371
1509,ENSG00000005102.14,1.0193497292961913
1510,ENSG00000161642.18,1.0189785504931195
1511,ENSG00000121316.11,1.0186544637210735
1512,ENSG00000115828.17,1.0182048982867111
1513,ENSG00000169562.13,1.0176770028752855
1514,ENSG00000203952.9,1.017127404945206
1515,ENSG00000184113.9,1.016744703942317
1516,ENSG00000260314.3,1.015794142386188
1517,ENSG00000112186.12,1.0157373787851052
1518,ENSG00000165030.4,1.0153990369233552
1519,ENSG00000099337.5,1.014878680039643
1520,ENSG00000125968.9,1.014254706951618
1521,ENSG00000175318.12,1.013929130873232
1522,ENSG00000168528.12,1.01373841328437
1523,ENSG00000108878.5,1.0135768262798652
1524,ENSG00000147804.10,1.0134423569922413
1525,ENSG00000088836.14,1.013274498367637
1526,ENSG00000149043.16,1.0132648329642868
1527,ENSG00000104490.18,1.013121520278661
1528,ENSG00000127863.16,1.0130614843069374
1529,ENSG00000117479.15,1.0130188663342368
1530,ENSG00000198959.12,1.012970297176941
1531,ENSG00000124785.9,1.0127224917133326
1532,ENSG00000143228.13,1.0122716656543467
1533,ENSG00000197629.6,1.0110288208950513
1534,ENSG00000168140.5,1.0108085330308947
1535,ENSG00000100450.13,1.0093235058957415
1536,ENSG00000163430.12,1.0091975976627365
1537,ENSG00000139318.8,1.0090022219344013
1538,ENSG00000116574.6,1.0081500822462577
1539,ENSG00000166123.14,1.0071090009266546
1540,ENSG00000111275.13,1.007104651559486
1541,ENSG00000184867.14,1.0068024025586384
1542,ENSG00000106025.9,1.0067827822472675
1543,ENSG00000146670.10,1.0063380702256361
1544,ENSG00000147535.17,1.0062732969716588
1545,ENSG00000260027.5,1.0060299728633384
1546,ENSG00000152518.8,1.0057863079928984
1547,ENSG00000155792.10,1.005649571244847
1548,ENSG00000125848.10,1.0054873568197396
1549,ENSG00000198300.14,1.0052820207531585
1550,ENSG00000138131.4,1.0052106189123067
1551,ENSG00000115267.8,1.0041601376521985
1552,ENSG00000146674.15,1.0039391827104656
1553,ENSG00000130294.17,1.0033510152602934
1554,ENSG00000129596.5,1.0033308628703583
1555,ENSG00000115758.13,1.0031596749944722
1556,ENSG00000166823.5,1.0031251996332748
1557,ENSG00000147813.16,1.0028960676239722
1558,ENSG00000127528.6,1.0027554082135548
1559,ENSG00000162745.10,1.0026841826278745
1560,ENSG00000173391.9,1.0018440994929172
1561,ENSG00000007402.12,1.0011609141121425
1562,ENSG00000078098.14,1.0010131882805748
1563,ENSG00000114737.16,1.000864081058053
1564,ENSG00000227051.7,1.0005503708974477
1565,ENSG00000185697.16,0.999960373850442
1566,ENSG00000120915.14,0.9998222637154218
1567,ENSG00000070731.11,0.9992749625740478
1568,ENSG00000087076.9,0.998842717166044
1569,ENSG00000171033.13,0.9983166203818259
1570,ENSG00000077152.11,0.997956412241236
1571,ENSG00000110042.8,0.9976716364514617
1572,ENSG00000143333.7,0.9976244530127119
1573,ENSG00000105855.10,0.997547847122703
1574,ENSG00000132514.14,0.9971547519680393
1575,ENSG00000068489.13,0.9971429624206082
1576,ENSG00000166840.13,0.9968438963128453
1577,ENSG00000099864.18,0.9964610775669606
1578,ENSG00000141854.9,0.9962157284296421
1579,ENSG00000108846.16,0.9956448671327631
1580,ENSG00000185215.11,0.9955158328620581
1581,ENSG00000204264.12,0.9951790587573667
1582,ENSG00000159228.13,0.9947554431457791
1583,ENSG00000171848.16,0.9947225561723969
1584,ENSG00000171201.12,0.9945773113420137
1585,ENSG00000103187.8,0.9944608374966408
1586,ENSG00000128602.11,0.9941971475390052
1587,ENSG00000196787.3,0.9939692372518495
1588,ENSG00000115523.17,0.9939392897295929
1589,ENSG00000167617.3,0.9933886485326983
1590,ENSG00000182272.12,0.9922916661589484
1591,ENSG00000072274.13,0.9922551431670077
1592,ENSG00000138646.9,0.9921603879508359
1593,ENSG00000149573.9,0.9919205312803929
1594,ENSG00000117650.13,0.9914843619897138
1595,ENSG00000104611.12,0.9911792771482252
1596,ENSG00000125508.3,0.9910444297527342
1597,ENSG00000100968.14,0.9909659606576855
1598,ENSG00000065054.14,0.99087076890607
1599,ENSG00000111912.20,0.9906196015483906
1600,ENSG00000005243.10,0.9903217368966196
1601,ENSG00000204252.14,0.9903014512399243
1602,ENSG00000182871.16,0.9902895126448525
1603,ENSG00000162894.12,0.9895554924030059
1604,ENSG00000134013.16,0.9895406306794875
1605,ENSG00000064042.18,0.9894227162396605
1606,ENSG00000170525.21,0.9893027946197416
1607,ENSG00000139194.8,0.9889444483436796
1608,ENSG00000183087.15,0.9888841544333914
1609,ENSG00000166002.7,0.9886111267275003
1610,ENSG00000172197.11,0.9860951819802642
1611,ENSG00000089692.9,0.9852669165409815
1612,ENSG00000149131.17,0.9849478366541013
1613,ENSG00000255690.3,0.9849293753427933
1614,ENSG00000152952.12,0.9847298168665481
1615,ENSG00000129038.16,0.9846212234282917
1616,ENSG00000130508.11,0.9842374795972914
1617,ENSG00000197888.2,0.9841505122194941
1618,ENSG00000116711.10,0.9835040478527746
1619,ENSG00000169122.11,0.9833643145713599
1620,ENSG00000162552.15,0.9823454267648616
1621,ENSG00000275342.5,0.9821358032410906
1622,ENSG00000196549.12,0.9813147735193022
1623,ENSG00000167996.16,0.9810646673979146
1624,ENSG00000178882.15,0.9807158375117787
1625,ENSG00000179715.13,0.9803161062830951
1626,ENSG00000162981.14,0.979937284957307
1627,ENSG00000158050.5,0.9798162288462344
1628,ENSG00000100644.17,0.9795065327739303
1629,ENSG00000188338.15,0.9790459751025118
1630,ENSG00000185950.9,0.9785293761979205
1631,ENSG00000198910.14,0.9782851013554106
1632,ENSG00000095970.17,0.9779542595649918
1633,ENSG00000011600.12,0.9765698018314465
1634,ENSG00000171951.5,0.9753270384316739
1635,ENSG00000196517.13,0.9751948092360085
1636,ENSG00000198759.12,0.9751509392503813
1637,ENSG00000116157.6,0.9747919557396492
1638,ENSG00000134602.16,0.9746440411719145
1639,ENSG00000163701.19,0.9742230304636155
1640,ENSG00000052344.16,0.973866619444067
1641,ENSG00000204219.11,0.9737084713392353
1642,ENSG00000115163.15,0.9736943966075372
1643,ENSG00000131398.15,0.973507786231193
1644,ENSG00000171551.12,0.9734002103137304
1645,ENSG00000162722.9,0.9733016674170712
1646,ENSG00000101230.6,0.9725012157352845
1647,ENSG00000105289.15,0.9722670713441972
1648,ENSG00000151117.9,0.9719834237654897
1649,ENSG00000136826.15,0.9717022106873748
1650,ENSG00000167771.6,0.9704863897823085
1651,ENSG00000122025.15,0.9700713069213512
1652,ENSG00000137198.10,0.969548986862659
1653,ENSG00000102996.5,0.9691820475503815
1654,ENSG00000156802.13,0.9690174905888825
1655,ENSG00000010030.14,0.9688772698791946
1656,ENSG00000162493.16,0.9688125414221914
1657,ENSG00000108344.15,0.96837579111655
1658,ENSG00000013583.10,0.9682237920821576
1659,ENSG00000147381.11,0.9681918653386782
1660,ENSG00000168389.18,0.9674409508104012
1661,ENSG00000168961.17,0.9674130535110728
1662,ENSG00000162639.16,0.9663765564716188
1663,ENSG00000196636.8,0.9652465703119467
1664,ENSG00000173762.8,0.9649653317380067
1665,ENSG00000150281.7,0.9642291898302174
1666,ENSG00000186603.6,0.9636940674587456
1667,ENSG00000137078.9,0.9629725077388672
1668,ENSG00000145536.15,0.962728830975724
1669,ENSG00000166851.15,0.9626456767417593
1670,ENSG00000033327.13,0.9626118548902038
1671,ENSG00000119535.18,0.9617757168171344
1672,ENSG00000198763.3,0.9606906746837678
1673,ENSG00000169750.9,0.9601137270360078
1674,ENSG00000170271.11,0.9600280926421288
1675,ENSG00000011201.12,0.9599454856260509
1676,ENSG00000147100.11,0.9598995527836658
1677,ENSG00000123384.14,0.9597232773210485
1678,ENSG00000178685.14,0.9595422558021058
1679,ENSG00000102024.18,0.9586827667907082
1680,ENSG00000164056.11,0.9577136267107621
1681,ENSG00000161405.17,0.9574840306724577
1682,ENSG00000101224.17,0.9574629616368256
1683,ENSG00000243364.8,0.9573543398788481
1684,ENSG00000147872.10,0.9563087135873092
1685,ENSG00000171208.10,0.9562939101578765
1686,ENSG00000160606.11,0.9561700960932552
1687,ENSG00000197540.8,0.9560913360654686
1688,ENSG00000174807.4,0.9560549568575527
1689,ENSG00000176387.7,0.9559701627527984
1690,ENSG00000134760.6,0.9558119981744588
1691,ENSG00000139289.13,0.9556544589235577
1692,ENSG00000185551.15,0.9552879242604749
1693,ENSG00000273604.2,0.9549180268388863
1694,ENSG00000170312.16,0.9536499011339584
1695,ENSG00000146757.14,0.9534791491086961
1696,ENSG00000126947.13,0.95346950913721
1697,ENSG00000204839.9,0.9523816974570108
1698,ENSG00000056998.20,0.9518728113173126
1699,ENSG00000189159.16,0.9515636056307745
1700,ENSG00000179954.16,0.9515133801532216
1701,ENSG00000071539.14,0.9506886613788578
1702,ENSG00000188042.8,0.9501066676881984
1703,ENSG00000185862.7,0.9499821404699347
1704,ENSG00000122122.10,0.9494053552680569
1705,ENSG00000116285.13,0.9491921433027143
1706,ENSG00000102265.12,0.9491736290855033
1707,ENSG00000104870.13,0.9483919047852718
1708,ENSG00000167107.13,0.9479402151030967
1709,ENSG00000156587.16,0.9467936466673139
1710,ENSG00000111348.9,0.9464016600871737
1711,ENSG00000198363.18,0.9459859360427141
1712,ENSG00000091129.21,0.9449479655371662
1713,ENSG00000205730.6,0.9448873812088417
1714,ENSG00000168993.15,0.9444816361940995
1715,ENSG00000113721.14,0.9437265947172295
1716,ENSG00000171517.6,0.9434253479151345
1717,ENSG00000174307.7,0.9433699480772305
1718,ENSG00000178718.7,0.9432564191730777
1719,ENSG00000073605.18,0.9427295312828068
1720,ENSG00000090013.11,0.9418809445409452
1721,ENSG00000177469.13,0.9411610115545056
1722,ENSG00000087842.11,0.9406992024295007
1723,ENSG00000073756.12,0.9406666242127245
1724,ENSG00000138028.16,0.9405645424711023
1725,ENSG00000152503.10,0.9398027839400875
1726,ENSG00000157502.13,0.9397657892914698
1727,ENSG00000166289.6,0.9389179722832813
1728,ENSG00000170091.11,0.9388684832916445
1729,ENSG00000112981.5,0.9387209204216936
1730,ENSG00000101333.17,0.9382253273341269
1731,ENSG00000100292.18,0.9382049121341632
1732,ENSG00000154864.13,0.9378252082338664
1733,ENSG00000107201.10,0.9353031740731457
1734,ENSG00000105810.10,0.9342955970472547
1735,ENSG00000183856.11,0.9340069303685464
1736,ENSG00000100448.4,0.9337297243345172
1737,ENSG00000175592.9,0.93320219109393
1738,ENSG00000106123.12,0.9331891250386738
1739,ENSG00000141756.19,0.932959566624088
1740,ENSG00000147443.13,0.9328816879049012
1741,ENSG00000171867.17,0.9326794724305266
1742,ENSG00000138083.5,0.932669466633236
1743,ENSG00000160345.13,0.9326641590399524
1744,ENSG00000166816.15,0.9325218647146952
1745,ENSG00000166391.15,0.9322632535357167
1746,ENSG00000093072.18,0.9321731517960994
1747,ENSG00000165078.13,0.9320699909864493
1748,ENSG00000183943.6,0.9318960878873467
1749,ENSG00000160791.13,0.9316584500727838
1750,ENSG00000154556.18,0.9306254891032876
1751,ENSG00000128849.11,0.930465799953491
1752,ENSG00000095627.9,0.9297259373967661
1753,ENSG00000169738.8,0.9295145844577078
1754,ENSG00000127951.8,0.9292235699631399
1755,ENSG00000049323.16,0.9286015627883059
1756,ENSG00000159335.18,0.9281940304447538
1757,ENSG00000198888.2,0.9279672207095367
1758,ENSG00000006282.21,0.9279366118004918
1759,ENSG00000261150.3,0.9278625018312676
1760,ENSG00000172243.18,0.9278432813971923
1761,ENSG00000108106.14,0.9277982755160973
1762,ENSG00000163331.12,0.9272583472949739
1763,ENSG00000081803.16,0.9271896887669153
1764,ENSG00000158856.18,0.926952712574614
1765,ENSG00000123975.5,0.9269101554521222
1766,ENSG00000076554.15,0.9262945417105668
1767,ENSG00000120820.12,0.9258908895795448
1768,ENSG00000129295.9,0.9256964356955238
1769,ENSG00000111110.12,0.9256175904273564
1770,ENSG00000092929.12,0.9255635980590101
1771,ENSG00000146038.12,0.9253367264219398
1772,ENSG00000100228.12,0.9248178245178084
1773,ENSG00000176402.6,0.92462496133392
1774,ENSG00000143375.15,0.9244185890130447
1775,ENSG00000101311.16,0.924410080697164
1776,ENSG00000102409.10,0.9240106661405023
1777,ENSG00000186998.16,0.9239652373460411
1778,ENSG00000147394.18,0.9237603164623155
1779,ENSG00000115107.20,0.923410514255342
1780,ENSG00000240204.3,0.9231927565868343
1781,ENSG00000163032.12,0.9229226316610819
1782,ENSG00000213462.5,0.9222550959200511
1783,ENSG00000135821.19,0.9218683750323253
1784,ENSG00000205213.14,0.9217961860346715
1785,ENSG00000204175.5,0.9216284811184307
1786,ENSG00000136999.5,0.9216087756153777
1787,ENSG00000163814.8,0.9212463139525096
1788,ENSG00000127995.17,0.9212181357356387
1789,ENSG00000010319.7,0.920534616631262
1790,ENSG00000163629.13,0.920533030555525
1791,ENSG00000117394.24,0.9200206372515737
1792,ENSG00000124237.6,0.9199692786346269
1793,ENSG00000176788.9,0.9195921877599954
1794,ENSG00000131941.8,0.9193870822916725
1795,ENSG00000171564.12,0.9193587011967813
1796,ENSG00000112667.13,0.919111380238827
1797,ENSG00000074416.14,0.9189817469595529
1798,ENSG00000139193.4,0.9187569442290994
1799,ENSG00000167749.11,0.9186673362221754
1800,ENSG00000197696.10,0.9186323630426371
1801,ENSG00000100097.12,0.9182615339283319
1802,ENSG00000111846.19,0.9182559125393019
1803,ENSG00000047346.12,0.9178589599658741
1804,ENSG00000162595.7,0.917796992337998
1805,ENSG00000204257.15,0.9167483583314116
1806,ENSG00000121064.13,0.9165575626605497
1807,ENSG00000182575.8,0.9162377388293278
1808,ENSG00000149485.19,0.9157158414149059
1809,ENSG00000006042.12,0.9155978071948977
1810,ENSG00000124225.16,0.9149105863907516
1811,ENSG00000106780.9,0.9139880039738708
1812,ENSG00000102096.9,0.9137480393732115
1813,ENSG00000128283.7,0.9136827917521834
1814,ENSG00000187479.8,0.9136373722584579
1815,ENSG00000172575.12,0.9134374028147527
1816,ENSG00000070081.17,0.913360470921611
1817,ENSG00000137309.20,0.913093757022641
1818,ENSG00000215915.10,0.9128911830653424
1819,ENSG00000046653.15,0.9122621926024715
1820,ENSG00000007933.13,0.9113309054640399
1821,ENSG00000177706.9,0.9110601651350817
1822,ENSG00000131037.15,0.9108691717388294
1823,ENSG00000167701.14,0.9102827768082085
1824,ENSG00000170231.16,0.910183353271185
1825,ENSG00000198542.14,0.9098589957727675
1826,ENSG00000134853.12,0.9095403174363415
1827,ENSG00000026025.16,0.9090175420826301
1828,ENSG00000108298.12,0.9087634236603884
1829,ENSG00000029725.17,0.90866170449746
1830,ENSG00000198643.7,0.9085325272668926
1831,ENSG00000129675.16,0.9084545059680545
1832,ENSG00000104763.20,0.9079276294678321
1833,ENSG00000204525.17,0.907786815900508
1834,ENSG00000172425.12,0.9066207437873575
1835,ENSG00000144749.14,0.9065312316953229
1836,ENSG00000162645.13,0.9061563882882896
1837,ENSG00000261236.8,0.9058565148768919
1838,ENSG00000162511.8,0.9057151777732256
1839,ENSG00000185630.19,0.905496007449223
1840,ENSG00000116260.17,0.9047623010814897
1841,ENSG00000171004.18,0.9047058934919661
1842,ENSG00000167619.13,0.9041220375912998
1843,ENSG00000150938.10,0.9037398855935173
1844,ENSG00000073792.16,0.9037137451900811
1845,ENSG00000196781.16,0.9035262449138
1846,ENSG00000120594.17,0.9035220407182376
1847,ENSG00000163191.6,0.9033305461081168
1848,ENSG00000137193.14,0.9025500072261808
1849,ENSG00000186007.10,0.9024096426060765
1850,ENSG00000126787.13,0.9018389211491226
1851,ENSG00000112812.16,0.9017445312556026
1852,ENSG00000090889.12,0.9015530418627722
1853,ENSG00000005469.12,0.9013320357911554
1854,ENSG00000196924.19,0.9006901468014169
1855,ENSG00000124762.14,0.9006608398033611
1856,ENSG00000100368.14,0.9006051928879304
1857,ENSG00000003249.15,0.9002221365441707
1858,ENSG00000175084.12,0.899649944330808
1859,ENSG00000119411.11,0.898991651640531
1860,ENSG00000275302.2,0.8983920636228031
1861,ENSG00000147526.20,0.898338141550016
1862,ENSG00000163823.4,0.8979227798243106
1863,ENSG00000033867.16,0.8977007574282125
1864,ENSG00000065534.19,0.8976163033154562
1865,ENSG00000131668.14,0.8970341892790922
1866,ENSG00000184454.7,0.8970208672749872
1867,ENSG00000163431.13,0.8967542551931831
1868,ENSG00000189143.9,0.8967332493548661
1869,ENSG00000010610.10,0.8961901653875392
1870,ENSG00000171303.7,0.8952609281747546
1871,ENSG00000237289.10,0.8950025913128079
1872,ENSG00000150054.18,0.8949666093549108
1873,ENSG00000149328.15,0.8947667627518074
1874,ENSG00000101460.13,0.894558027747394
1875,ENSG00000107833.10,0.8943436094868499
1876,ENSG00000177989.13,0.8939785808157216
1877,ENSG00000099256.19,0.8937712164605115
1878,ENSG00000151388.11,0.893652959589923
1879,ENSG00000160888.7,0.8936189142673914
1880,ENSG00000196843.17,0.8931001451586202
1881,ENSG00000166750.10,0.892739376697634
1882,ENSG00000198795.11,0.8925056883948894
1883,ENSG00000130045.16,0.8923750714115036
1884,ENSG00000008513.16,0.8919581364934968
1885,ENSG00000122863.6,0.8916246770430979
1886,ENSG00000184730.11,0.8915415252281708
1887,ENSG00000167702.13,0.8914993858040241
1888,ENSG00000154269.15,0.8914471631964803
1889,ENSG00000154175.18,0.8912559801414739
1890,ENSG00000080986.13,0.8912507118736234
1891,ENSG00000187097.13,0.890925515596069
1892,ENSG00000138074.15,0.8905169778171319
1893,ENSG00000138795.10,0.8904184373901272
1894,ENSG00000108852.15,0.8902742758735694
1895,ENSG00000204334.7,0.8901033219326863
1896,ENSG00000151651.16,0.8896943588170811
1897,ENSG00000065320.9,0.8892037487309349
1898,ENSG00000165125.22,0.8891420996804625
1899,ENSG00000147485.13,0.8885375039363992
1900,ENSG00000176014.13,0.8875896775088895
1901,ENSG00000181751.10,0.8865394070469489
1902,ENSG00000167693.17,0.8864261483812094
1903,ENSG00000277972.2,0.8861980385807703
1904,ENSG00000182481.10,0.8861929246925018
1905,ENSG00000181104.7,0.8858341621924836
1906,ENSG00000113430.10,0.8856626268739269
1907,ENSG00000196436.8,0.8855780457669717
1908,ENSG00000174080.12,0.8855621335280771
1909,ENSG00000124575.7,0.884991137950842
1910,ENSG00000136943.11,0.8849224063559641
1911,ENSG00000147475.17,0.8848037595586153
1912,ENSG00000125686.12,0.8845220378310242
1913,ENSG00000140968.11,0.8835767621107143
1914,ENSG00000145623.13,0.8835749241134899
1915,ENSG00000105419.18,0.8828410547061789
1916,ENSG00000130433.7,0.8828095899903434
1917,ENSG00000102970.11,0.8826625722006048
1918,ENSG00000115902.11,0.882631435257721
1919,ENSG00000145675.15,0.8825947862372078
1920,ENSG00000105011.9,0.882476282162469
1921,ENSG00000137563.13,0.8820521943319002
1922,ENSG00000203685.10,0.881856787735072
1923,ENSG00000182853.12,0.8814561096219696
1924,ENSG00000244509.4,0.8806165091107679
1925,ENSG00000149781.13,0.8803041875713497
1926,ENSG00000168994.14,0.8799468447690378
1927,ENSG00000159423.17,0.8798490360459562
1928,ENSG00000196620.10,0.8790563007889464
1929,ENSG00000134531.10,0.8789396938892995
1930,ENSG00000139146.14,0.8789124699475569
1931,ENSG00000157514.16,0.8786945288238052
1932,ENSG00000228594.4,0.8784838408161089
1933,ENSG00000170381.14,0.8782354722774459
1934,ENSG00000131153.9,0.8778854344928351
1935,ENSG00000250479.9,0.8777817193467515
1936,ENSG00000088899.15,0.8770916284305392
1937,ENSG00000132481.7,0.8769484289204615
1938,ENSG00000110777.12,0.8769420458456542
1939,ENSG00000173947.14,0.8767084312679458
1940,ENSG00000099860.9,0.8766694361011762
1941,ENSG00000171222.10,0.8765778363961888
1942,ENSG00000050344.9,0.8765333212624807
1943,ENSG00000144649.9,0.8763816318643167
1944,ENSG00000184515.11,0.875895185456063
1945,ENSG00000183098.11,0.8750110075975467
1946,ENSG00000182600.9,0.8745651998621887
1947,ENSG00000186665.10,0.8744673303430717
1948,ENSG00000111716.14,0.8742412681015387
1949,ENSG00000163762.7,0.8741076351342608
1950,ENSG00000087303.18,0.8740196917721772
1951,ENSG00000154096.14,0.8737341704944008
1952,ENSG00000103355.13,0.8736176442626846
1953,ENSG00000128342.5,0.873424905718383
1954,ENSG00000165912.16,0.8734012252472343
1955,ENSG00000133106.15,0.872861764580274
1956,ENSG00000182636.8,0.872763599788208
1957,ENSG00000167191.12,0.8726161498621446
1958,ENSG00000028137.19,0.8726054847524407
1959,ENSG00000173334.4,0.8722135785065843
1960,ENSG00000105668.7,0.8721106445194039
1961,ENSG00000116962.15,0.8717489109606357
1962,ENSG00000056736.10,0.8717305168627109
1963,ENSG00000046604.13,0.8710414795099161
1964,ENSG00000196569.13,0.8706440048142939
1965,ENSG00000006747.15,0.8705180204134921
1966,ENSG00000164938.14,0.8702354096484404
1967,ENSG00000178026.13,0.8701733893495011
1968,ENSG00000167775.11,0.8699380928211519
1969,ENSG00000203805.11,0.8695953983743908
1970,ENSG00000198768.11,0.8694961318332566
1971,ENSG00000139631.19,0.869239350312585
1972,ENSG00000166428.14,0.8691752735293177
1973,ENSG00000173110.8,0.8691539221926142
1974,ENSG00000099960.13,0.8690898208633818
1975,ENSG00000121769.8,0.8685799651154947
1976,ENSG00000172031.7,0.8681225350067827
1977,ENSG00000156049.7,0.8681077174673086
1978,ENSG00000160957.14,0.8678703924742255
1979,ENSG00000177465.4,0.8676974111121243
1980,ENSG00000113389.16,0.8675633435755147
1981,ENSG00000132819.17,0.8674600513581868
1982,ENSG00000132554.20,0.8674343072332881
1983,ENSG00000117480.16,0.8670250376623023
1984,ENSG00000174371.17,0.866880504172179
1985,ENSG00000101194.18,0.8668080989196729
1986,ENSG00000136770.11,0.866585144366798
1987,ENSG00000123104.12,0.866575261440942
1988,ENSG00000269404.7,0.8665161846426499
1989,ENSG00000167700.9,0.8664540472004285
1990,ENSG00000110876.10,0.8664023314742909
1991,ENSG00000143507.18,0.8659727431036354
1992,ENSG00000137747.16,0.865784653344631
1993,ENSG00000127663.15,0.865442718888989
1994,ENSG00000156853.13,0.8652806033966297
1995,ENSG00000173546.7,0.865029522202261
1996,ENSG00000104894.12,0.8647911685131823
1997,ENSG00000139865.16,0.8644522643915503
1998,ENSG00000100300.18,0.8643330270199254
1999,ENSG00000181444.13,0.8642333193026166
2000,ENSG00000064195.7,0.8636513560973706
2001,ENSG00000170835.16,0.8635972470114697
2002,ENSG00000133317.16,0.8635220382432418
2003,ENSG00000101104.13,0.8633666618308837
2004,ENSG00000151617.17,0.8632683040987194
2005,ENSG00000035862.12,0.8632402442879232
2006,ENSG00000132274.16,0.8630689724731814
2007,ENSG00000110799.14,0.8628002244945755
2008,ENSG00000146386.8,0.8627791053265128
2009,ENSG00000204228.4,0.862720807291879
2010,ENSG00000188833.10,0.8621383874305283
2011,ENSG00000132749.11,0.8617227961430043
2012,ENSG00000145860.12,0.8613361622600886
2013,ENSG00000147883.12,0.8610496259833699
2014,ENSG00000168615.13,0.8605631435706649
2015,ENSG00000019549.13,0.8601891076916801
2016,ENSG00000182154.8,0.8601610733922681
2017,ENSG00000163565.19,0.8601366787304855
2018,ENSG00000198899.2,0.8599947632802573
2019,ENSG00000171903.16,0.8598120951154112
2020,ENSG00000143217.9,0.859791915148998
2021,ENSG00000152082.15,0.8594326701308761
2022,ENSG00000119888.11,0.8584027794745157
2023,ENSG00000099849.15,0.8582987200849015
2024,ENSG00000223572.10,0.8574254564593758
2025,ENSG00000182578.14,0.856772689763524
2026,ENSG00000132965.10,0.8565978615878381
2027,ENSG00000112742.10,0.8565661597137841
2028,ENSG00000102003.11,0.8562675438877927
2029,ENSG00000152642.11,0.8561602469279799
2030,ENSG00000131016.17,0.8560919117435709
2031,ENSG00000171766.17,0.8556913757758321
2032,ENSG00000095015.6,0.8556832443956266
2033,ENSG00000180353.11,0.8542190420990161
2034,ENSG00000099624.8,0.8540234673959416
2035,ENSG00000109084.14,0.8537271595221899
2036,ENSG00000179094.16,0.8532085775989117
2037,ENSG00000115919.15,0.8527044007978763
2038,ENSG00000134817.11,0.8525850093479941
2039,ENSG00000184979.10,0.8525331225603848
2040,ENSG00000071073.13,0.8522252957856989
2041,ENSG00000175265.17,0.8521056116333404
2042,ENSG00000168268.11,0.851894530343154
2043,ENSG00000102962.5,0.8517529794462113
2044,ENSG00000166265.13,0.8514790186854847
2045,ENSG00000005884.18,0.8514112877021319
2046,ENSG00000007312.13,0.8513259813462439
2047,ENSG00000124243.17,0.8504632513172559
2048,ENSG00000173918.15,0.8498147747923201
2049,ENSG00000152076.19,0.849465462235536
2050,ENSG00000132744.8,0.8493775440977248
2051,ENSG00000160188.10,0.8492596757523763
2052,ENSG00000137507.11,0.848416391778631
2053,ENSG00000141526.17,0.8478251742863574
2054,ENSG00000141449.15,0.8475749057016976
2055,ENSG00000164188.9,0.8474367494064996
2056,ENSG00000115596.4,0.847389651493993
2057,ENSG00000066336.12,0.8473653844099174
2058,ENSG00000158869.11,0.8470544451616598
2059,ENSG00000064763.11,0.846522701134917
2060,ENSG00000129757.14,0.8457173267093199
2061,ENSG00000126262.5,0.845233903107287
2062,ENSG00000162458.13,0.8451234067868715
2063,ENSG00000198624.13,0.8450512607599869
2064,ENSG00000005001.10,0.8449392114895168
2065,ENSG00000265972.6,0.8448431319082016
2066,ENSG00000156298.13,0.8448155809482754
2067,ENSG00000168301.13,0.8443330298120044
2068,ENSG00000130755.13,0.8441459178589787
2069,ENSG00000175756.13,0.843893047379299
2070,ENSG00000112096.19,0.8436971061640449
2071,ENSG00000134057.15,0.8436739921178404
2072,ENSG00000188322.8,0.8435295284058308
2073,ENSG00000219438.9,0.8432189640093035
2074,ENSG00000171119.2,0.8430280025039992
2075,ENSG00000126545.14,0.8429747720631934
2076,ENSG00000167641.11,0.8429641128678933
2077,ENSG00000145555.15,0.8428674537965899
2078,ENSG00000127249.15,0.842640764249834
2079,ENSG00000276966.2,0.8425412076627686
2080,ENSG00000065328.17,0.8417326501617415
2081,ENSG00000198712.1,0.8416978656653034
2082,ENSG00000179085.8,0.8416238867073582
2083,ENSG00000024422.12,0.8415311981532015
2084,ENSG00000073111.14,0.8414606682571717
2085,ENSG00000221963.6,0.8410506932707931
2086,ENSG00000076864.19,0.841043626105896
2087,ENSG00000143850.16,0.8409809606545423
2088,ENSG00000106078.19,0.84066529664379
2089,ENSG00000176920.13,0.8406380469554372
2090,ENSG00000106823.12,0.840409423132554
2091,ENSG00000158457.6,0.8403947265957147
2092,ENSG00000188613.7,0.839661084664349
2093,ENSG00000124942.14,0.8393581998870117
2094,ENSG00000163513.19,0.8393160155112409
2095,ENSG00000107807.13,0.8386694730100008
2096,ENSG00000158008.10,0.8385643533943379
2097,ENSG00000164850.15,0.8384885301491259
2098,ENSG00000198648.11,0.83846108459504
2099,ENSG00000130592.17,0.8381127577603729
2100,ENSG00000168899.5,0.8374384793859858
2101,ENSG00000236699.9,0.8370837120075969
2102,ENSG00000170873.19,0.8368712014531887
2103,ENSG00000122971.9,0.8366216262970005
2104,ENSG00000125995.16,0.8365404786213637
2105,ENSG00000160213.9,0.8361727932382044
2106,ENSG00000184661.14,0.8354177369322319
2107,ENSG00000117152.14,0.8353534441947188
2108,ENSG00000100373.10,0.8353017226308272
2109,ENSG00000123485.12,0.8345249373969837
2110,ENSG00000140403.12,0.8345121146009198
2111,ENSG00000213047.13,0.8340795846848933
2112,ENSG00000093009.11,0.8339540254572113
2113,ENSG00000112964.14,0.8333778145204171
2114,ENSG00000164116.17,0.8332550111654262
2115,ENSG00000163815.6,0.8321031019319614
2116,ENSG00000010932.17,0.8316491158156428
2117,ENSG00000118898.16,0.8313833094785229
2118,ENSG00000107518.18,0.8313544713041052
2119,ENSG00000103254.10,0.8311380682871198
2120,ENSG00000170899.11,0.8304565999396172
2121,ENSG00000163704.12,0.8304385739025473
2122,ENSG00000175906.5,0.8302761848564905
2123,ENSG00000198727.2,0.8300595097739994
2124,ENSG00000131711.15,0.829580190723228
2125,ENSG00000197142.10,0.8294424840925332
2126,ENSG00000055163.20,0.8290366236746791
2127,ENSG00000112773.16,0.8290127918367692
2128,ENSG00000110848.8,0.8289733743657214
2129,ENSG00000152558.15,0.8286455249228134
2130,ENSG00000196976.7,0.8283290511804339
2131,ENSG00000145911.6,0.82807247474513
2132,ENSG00000156966.7,0.8276342393163705
2133,ENSG00000106571.15,0.8275963089319938
2134,ENSG00000204291.11,0.8275442972582813
2135,ENSG00000185567.7,0.8272342950530917
2136,ENSG00000100626.17,0.8270783767686807
2137,ENSG00000144857.14,0.827020488708836
2138,ENSG00000166821.9,0.8265462377581447
2139,ENSG00000189120.5,0.826535121342696
2140,ENSG00000213654.10,0.8263573935723202
2141,ENSG00000145730.20,0.826087368406813
2142,ENSG00000204644.10,0.825733783568594
2143,ENSG00000164442.10,0.8256572136200473
2144,ENSG00000100304.13,0.8251523159486878
2145,ENSG00000169413.3,0.824815464442702
2146,ENSG00000164283.13,0.8243872750899094
2147,ENSG00000170442.12,0.8238439324535488
2148,ENSG00000000003.15,0.8237184332492575
2149,ENSG00000177508.12,0.8235402552666999
2150,ENSG00000065361.16,0.8234370007786179
2151,ENSG00000148219.17,0.8233091910334953
2152,ENSG00000175879.9,0.823217522131803
2153,ENSG00000175895.4,0.8231241717266515
2154,ENSG00000103569.10,0.8229195323120669
2155,ENSG00000076382.17,0.8228711561084611
2156,ENSG00000125534.10,0.8226693501657241
2157,ENSG00000065371.17,0.8223438394935618
2158,ENSG00000109113.20,0.8219723323398963
2159,ENSG00000140263.15,0.8218858682884278
2160,ENSG00000204618.8,0.8218590481148069
2161,ENSG00000101773.19,0.8218072181147571
2162,ENSG00000180190.12,0.8215164162000644
2163,ENSG00000215845.11,0.8214503654082442
2164,ENSG00000170962.13,0.8210545046219279
2165,ENSG00000276070.5,0.8208533937666062
2166,ENSG00000183018.9,0.8204730551573273
2167,ENSG00000183111.12,0.8198602383548439
2168,ENSG00000131096.10,0.819754449762258
2169,ENSG00000138735.16,0.8187367024045759
2170,ENSG00000165644.11,0.8186507721049059
2171,ENSG00000204950.4,0.8185838261572799
2172,ENSG00000042493.16,0.8185032534693804
2173,ENSG00000204472.13,0.8173793358572667
2174,ENSG00000159231.6,0.8171025561107759
2175,ENSG00000198886.2,0.8169867152090123
2176,ENSG00000103528.17,0.8164906266234503
2177,ENSG00000212747.5,0.816397324428151
2178,ENSG00000082781.12,0.8153403284580961
2179,ENSG00000118503.15,0.8151397012850818
2180,ENSG00000160781.17,0.814951725210936
2181,ENSG00000158186.13,0.8148147304008587
2182,ENSG00000137441.8,0.8145970977165569
2183,ENSG00000166582.10,0.8144807602479944
2184,ENSG00000115844.11,0.814402868825051
2185,ENSG00000166928.11,0.8142048566273417
2186,ENSG00000182195.9,0.8140637392192662
2187,ENSG00000130193.8,0.813831965701447
2188,ENSG00000154839.10,0.8137586916300393
2189,ENSG00000152611.12,0.813586147344086
2190,ENSG00000196372.13,0.8134139007310797
2191,ENSG00000011422.12,0.8128935404226505
2192,ENSG00000154930.15,0.8126733371889923
2193,ENSG00000169679.15,0.8126561248141154
2194,ENSG00000154310.17,0.812296632625135
2195,ENSG00000136840.19,0.812213603187686
2196,ENSG00000164129.12,0.8116617959735791
2197,ENSG00000162878.13,0.8116023406073627
2198,ENSG00000277224.2,0.8115550484889483
2199,ENSG00000172828.13,0.811501520547547
2200,ENSG00000006047.13,0.811456587780473
2201,ENSG00000129194.8,0.8113769941760932
2202,ENSG00000184731.6,0.8111330008754052
2203,ENSG00000152766.6,0.8108736461128278
2204,ENSG00000161677.12,0.8106272170358828
2205,ENSG00000148175.13,0.8106241587568084
2206,ENSG00000088826.18,0.8105808747170925
2207,ENSG00000166250.12,0.8102838019592363
2208,ENSG00000006555.11,0.8100911190642235
2209,ENSG00000164649.20,0.8099940348969162
2210,ENSG00000173621.9,0.8095545529097419
2211,ENSG00000106066.15,0.8095533748495599
2212,ENSG00000078589.13,0.8094505114919469
2213,ENSG00000163071.11,0.8093476698678328
2214,ENSG00000149257.16,0.809293457594836
2215,ENSG00000168672.4,0.8089848743535004
2216,ENSG00000071575.11,0.8088139263616965
2217,ENSG00000169692.13,0.8083039324082233
2218,ENSG00000173272.16,0.807975142369869
2219,ENSG00000114405.11,0.8075190668799312
2220,ENSG00000174871.11,0.8071791330094849
2221,ENSG00000154760.14,0.8069174526947116
2222,ENSG00000113368.12,0.8068638248184361
2223,ENSG00000000971.16,0.806817445624678
2224,ENSG00000149582.16,0.8066415127022704
2225,ENSG00000104518.11,0.8064929199593017
2226,ENSG00000269028.3,0.806121279655257
2227,ENSG00000130821.17,0.8060739358967346
2228,ENSG00000166710.21,0.8060713240919295
2229,ENSG00000274750.2,0.8055557954965672
2230,ENSG00000162004.18,0.8052880117894888
2231,ENSG00000106511.6,0.8052084542736987
2232,ENSG00000166317.12,0.8051130731637575
2233,ENSG00000095637.22,0.8044573522769475
2234,ENSG00000155066.16,0.804231401470279
2235,ENSG00000187210.14,0.8042006685316865
2236,ENSG00000162069.16,0.8038718329122209
2237,ENSG00000148700.15,0.8035215633306789
2238,ENSG00000106605.11,0.8034689432771865
2239,ENSG00000138356.14,0.8033599648517705
2240,ENSG00000143819.12,0.8032924008558489
2241,ENSG00000184371.14,0.8025036086737329
2242,ENSG00000164574.16,0.8020924294350319
2243,ENSG00000171557.17,0.8020315405878167
2244,ENSG00000162782.16,0.8017001928976544
2245,ENSG00000070404.10,0.8013943226338245
2246,ENSG00000111344.11,0.8010753609905582
2247,ENSG00000257108.2,0.8010675743654242
2248,ENSG00000173457.11,0.8010522062737865
2249,ENSG00000133574.10,0.8009599754336362
2250,ENSG00000103269.14,0.8007516143877714
2251,ENSG00000109906.14,0.8005238568255105
2252,ENSG00000081923.15,0.8001246590875961
2253,ENSG00000079931.15,0.8001080135977959
2254,ENSG00000169129.15,0.7999470910317941
2255,ENSG00000163399.16,0.7998927432430699
2256,ENSG00000108018.15,0.7996591190900588
2257,ENSG00000153404.14,0.7995491586952228
2258,ENSG00000212864.3,0.7995374512818902
2259,ENSG00000110660.15,0.7990555403941892
2260,ENSG00000134802.18,0.7990458148141378
2261,ENSG00000104687.14,0.7989834520741428
2262,ENSG00000123610.5,0.7986292716804058
2263,ENSG00000119900.9,0.7985088420520581
2264,ENSG00000146242.9,0.7980516620639788
2265,ENSG00000163235.16,0.7977809245655524
2266,ENSG00000174749.6,0.7976522059055987
2267,ENSG00000069020.18,0.7976325501324424
2268,ENSG00000033170.17,0.7969947383043673
2269,ENSG00000105373.19,0.7969223276562877
2270,ENSG00000128228.5,0.7965431075156263
2271,ENSG00000119632.4,0.7961607486900413
2272,ENSG00000179271.3,0.7958851906200828
2273,ENSG00000073150.14,0.7958560244300268
2274,ENSG00000120254.16,0.7957422778792183
2275,ENSG00000012779.11,0.7957134643528767
2276,ENSG00000109099.16,0.7955595099727245
2277,ENSG00000107731.12,0.7952392686399006
2278,ENSG00000143797.12,0.7952024694978228
2279,ENSG00000204516.10,0.7950868606817261
2280,ENSG00000110002.16,0.7950828327156467
2281,ENSG00000135698.10,0.7944684844927697
2282,ENSG00000124839.13,0.7937694262863951
2283,ENSG00000104369.5,0.7937050558624351
2284,ENSG00000125967.17,0.7936589028540172
2285,ENSG00000117318.9,0.7935632182507972
2286,ENSG00000104738.18,0.793305537228756
2287,ENSG00000141579.7,0.7929547224097047
2288,ENSG00000242574.9,0.7929089731141884
2289,ENSG00000100336.17,0.7928113103752834
2290,ENSG00000088726.16,0.7923980979001547
2291,ENSG00000105619.13,0.7922971735727486
2292,ENSG00000029153.14,0.7921930059973409
2293,ENSG00000159399.10,0.7921567710964414
2294,ENSG00000276600.5,0.7921544723815248
2295,ENSG00000121440.15,0.7920422339846486
2296,ENSG00000065717.15,0.7918093629015914
2297,ENSG00000163531.15,0.7917542416869813
2298,ENSG00000178726.7,0.7915523882557293
2299,ENSG00000017483.15,0.7914635773369166
2300,ENSG00000147454.14,0.7913876688961463
2301,ENSG00000146013.11,0.7911940701605497
2302,ENSG00000176845.13,0.7908563290974807
2303,ENSG00000114529.13,0.7908335211702597
2304,ENSG00000198417.7,0.790774809068308
2305,ENSG00000106789.13,0.7907724998534504
2306,ENSG00000018236.15,0.7904274601668414
2307,ENSG00000165171.11,0.7902259366512592
2308,ENSG00000142227.11,0.7898771204416882
2309,ENSG00000110090.13,0.7895829547505078
2310,ENSG00000170837.3,0.789403632302468
2311,ENSG00000125384.7,0.7893266027145301
2312,ENSG00000105518.14,0.7893197325270388
2313,ENSG00000122786.20,0.7888450307827933
2314,ENSG00000147548.17,0.7886874072600362
2315,ENSG00000102890.16,0.7883555530970509
2316,ENSG00000149418.11,0.7879993405997698
2317,ENSG00000166225.9,0.7879066717042275
2318,ENSG00000182175.14,0.7874502287333548
2319,ENSG00000130147.16,0.7873342782295439
2320,ENSG00000142619.4,0.7868032314581078
2321,ENSG00000170190.16,0.7864251239759614
2322,ENSG00000002586.20,0.7862584485085111
2323,ENSG00000143512.13,0.786231171824692
2324,ENSG00000066279.18,0.7859442405620567
2325,ENSG00000182054.10,0.785600998993697
2326,ENSG00000158859.10,0.785552168353661
2327,ENSG00000064393.16,0.7848164293725254
2328,ENSG00000198938.2,0.7847230683072361
2329,ENSG00000135245.10,0.7846500741800045
2330,ENSG00000111859.17,0.7844693796624997
2331,ENSG00000174343.6,0.7841911529723917
2332,ENSG00000064666.15,0.7836026032799764
2333,ENSG00000157600.12,0.7834928858437179
2334,ENSG00000144355.15,0.7832160292459353
2335,ENSG00000133937.5,0.7832139929293656
2336,ENSG00000163584.18,0.7829030222832338
2337,ENSG00000167680.17,0.7827885325977341
2338,ENSG00000111247.15,0.7825963171947391
2339,ENSG00000111961.18,0.7822372101551175
2340,ENSG00000122741.16,0.7819163895545627
2341,ENSG00000135222.6,0.781909018910547
2342,ENSG00000168679.18,0.7819036478889754
2343,ENSG00000169436.17,0.7812977869658189
2344,ENSG00000164404.8,0.7812193045864451
2345,ENSG00000117407.17,0.7810600519384508
2346,ENSG00000284753.2,0.7810475056130401
2347,ENSG00000130522.6,0.7807983839733811
2348,ENSG00000183742.13,0.7803245827314996
2349,ENSG00000113396.13,0.7799941890273198
2350,ENSG00000082074.19,0.7798510599477892
2351,ENSG00000184986.11,0.7796105543331158
2352,ENSG00000143753.13,0.7794194132796829
2353,ENSG00000184260.6,0.7792384835669626
2354,ENSG00000144115.17,0.778769387932182
2355,ENSG00000149150.9,0.7787507649897076
2356,ENSG00000205189.12,0.7785763561898978
2357,ENSG00000137267.6,0.7777081951482532
2358,ENSG00000168143.9,0.777703688821349
2359,ENSG00000128284.19,0.7771806149167286
2360,ENSG00000174099.12,0.7769665439533593
2361,ENSG00000152086.9,0.7769224248698096
2362,ENSG00000100526.20,0.7768797912214609
2363,ENSG00000167759.13,0.7767323653468934
2364,ENSG00000165821.12,0.776730172718573
2365,ENSG00000116690.13,0.7763805444302483
2366,ENSG00000108179.14,0.7763011833588511
2367,ENSG00000162409.11,0.7758775205278072
2368,ENSG00000001561.7,0.7758334845192784
2369,ENSG00000135451.13,0.7756032452753353
2370,ENSG00000106927.12,0.7754016435370207
2371,ENSG00000204267.16,0.7752969950010621
2372,ENSG00000105767.3,0.7752051907878283
2373,ENSG00000243649.9,0.7751222939727108
2374,ENSG00000149269.10,0.7750729435907653
2375,ENSG00000204511.3,0.7748083238052297
2376,ENSG00000169435.14,0.774757339414749
2377,ENSG00000117322.18,0.7747235637099666
2378,ENSG00000178445.10,0.7746949293361495
2379,ENSG00000172403.11,0.7742213363984493
2380,ENSG00000168032.10,0.7736347538853728
2381,ENSG00000089177.19,0.7728494422785397
2382,ENSG00000101850.13,0.7728157069688828
2383,ENSG00000204335.4,0.7727508111528218
2384,ENSG00000137449.17,0.772673454843724
2385,ENSG00000145506.14,0.7724559640837284
2386,ENSG00000181449.4,0.7723300816609214
2387,ENSG00000125652.8,0.7720504457064039
2388,ENSG00000101017.14,0.771271944318035
2389,ENSG00000113088.6,0.770470468990538
2390,ENSG00000136982.6,0.7694031174673303
2391,ENSG00000158477.7,0.7692784817359284
2392,ENSG00000102393.14,0.768860185438317
2393,ENSG00000096088.16,0.7687684582981514
2394,ENSG00000164106.8,0.7687041538466343
2395,ENSG00000164695.5,0.7682244954784777
2396,ENSG00000235162.9,0.7681168979240708
2397,ENSG00000170293.9,0.7678040207003846
2398,ENSG00000115616.3,0.7676772939786494
2399,ENSG00000166592.12,0.767658532172725
2400,ENSG00000129195.16,0.7676163769314224
2401,ENSG00000163517.15,0.7675503422148245
2402,ENSG00000085552.17,0.7671866020785137
2403,ENSG00000204740.11,0.7670328925175632
2404,ENSG00000086619.14,0.7669627576114338
2405,ENSG00000137968.16,0.7665217790667649
2406,ENSG00000173193.15,0.765821946732018
2407,ENSG00000183421.12,0.765640797776697
2408,ENSG00000109854.14,0.7656002712704517
2409,ENSG00000143409.15,0.7654846403244657
2410,ENSG00000131067.17,0.7653451718715143
2411,ENSG00000007237.19,0.7652271126595507
2412,ENSG00000038945.15,0.7649725727877829
2413,ENSG00000239672.8,0.7645296023793939
2414,ENSG00000099998.18,0.7642741366286618
2415,ENSG00000159208.16,0.7640534557333168
2416,ENSG00000233927.5,0.7636850039834033
2417,ENSG00000198816.7,0.7629503792665083
2418,ENSG00000144730.19,0.762433771645308
2419,ENSG00000143891.17,0.7620305162194139
2420,ENSG00000163568.15,0.7617914797451724
2421,ENSG00000168539.4,0.7617126751624319
2422,ENSG00000167526.14,0.7612980550519143
2423,ENSG00000151458.12,0.760823769184768
2424,ENSG00000196352.16,0.7602830686786142
2425,ENSG00000050165.18,0.760085977322874
2426,ENSG00000161243.9,0.7599526561338946
2427,ENSG00000102287.19,0.7596780908596826
2428,ENSG00000185187.13,0.7594437039026903
2429,ENSG00000143341.12,0.7591547305807371
2430,ENSG00000186395.8,0.7580630300871933
2431,ENSG00000167123.19,0.7577793553374867
2432,ENSG00000164104.12,0.757663269002168
2433,ENSG00000114770.17,0.7574724151519885
2434,ENSG00000063660.9,0.7570123102028418
2435,ENSG00000198804.2,0.7570081072347222
2436,ENSG00000136636.13,0.7568186671536096
2437,ENSG00000163563.8,0.7568163868002067
2438,ENSG00000122952.17,0.7567661069149415
2439,ENSG00000173848.19,0.7566657094982825
2440,ENSG00000118702.9,0.7563311659146418
2441,ENSG00000160191.18,0.7559509175186678
2442,ENSG00000172380.6,0.7556729612420339
2443,ENSG00000160284.15,0.7555449886865551
2444,ENSG00000129993.15,0.7554325919185026
2445,ENSG00000001617.12,0.7552555201940524
2446,ENSG00000161888.11,0.7552369052237956
2447,ENSG00000168386.18,0.7550641045600834
2448,ENSG00000189171.14,0.7549678292318052
2449,ENSG00000178814.17,0.7547890006649874
2450,ENSG00000174640.15,0.7545552274997022
2451,ENSG00000134954.14,0.7544321365433818
2452,ENSG00000178860.8,0.7543932272518786
2453,ENSG00000128165.9,0.7542339985110867
2454,ENSG00000083720.13,0.7542141653289075
2455,ENSG00000070190.13,0.7541343475470706
2456,ENSG00000182985.18,0.7539851484953208
2457,ENSG00000154856.13,0.7538003634270127
2458,ENSG00000025039.15,0.7537311392703406
2459,ENSG00000171388.12,0.7536408270139231
2460,ENSG00000128311.14,0.7533291066596728
2461,ENSG00000113594.10,0.7521910822477317
2462,ENSG00000138650.9,0.7521374279736007
2463,ENSG00000133315.12,0.7518166159169822
2464,ENSG00000122711.9,0.751456594174888
2465,ENSG00000187527.11,0.7509698732488309
2466,ENSG00000101336.17,0.7508757200694037
2467,ENSG00000171227.7,0.750809213415714
2468,ENSG00000101255.11,0.749785222862388
2469,ENSG00000188624.3,0.749514091774391
2470,ENSG00000111665.12,0.7494797093057813
2471,ENSG00000176842.15,0.7490628532080198
2472,ENSG00000117594.10,0.7487344415376531
2473,ENSG00000085788.14,0.748692728478774
2474,ENSG00000164754.15,0.7486416851350376
2475,ENSG00000137265.15,0.7478614082917415
2476,ENSG00000183853.18,0.7476788331564149
2477,ENSG00000179431.7,0.747318185159231
2478,ENSG00000117519.16,0.7468503724763383
2479,ENSG00000151468.11,0.7467469062703126
2480,ENSG00000128274.17,0.746069508415621
2481,ENSG00000204592.9,0.7460037371603876
2482,ENSG00000133687.16,0.745976122659879
2483,ENSG00000101276.18,0.745350092731689
2484,ENSG00000166446.15,0.7452938803807198
2485,ENSG00000145681.11,0.7450333368695045
2486,ENSG00000173156.7,0.744888843557537
2487,ENSG00000167711.14,0.7444467965106982
2488,ENSG00000026559.14,0.7443837692049481
2489,ENSG00000148362.11,0.7443111382524654
2490,ENSG00000116096.6,0.7440641035980736
2491,ENSG00000117595.12,0.7439669722776519
2492,ENSG00000078114.19,0.7437867931444916
2493,ENSG00000015285.11,0.7435628507971737
2494,ENSG00000198353.8,0.7434133886958764
2495,ENSG00000103089.9,0.7433344758085784
2496,ENSG00000131116.12,0.7431157590421281
2497,ENSG00000114270.17,0.7426382460557683
2498,ENSG00000133195.11,0.7424242596279199
2499,ENSG00000143061.18,0.7421225087817854
2500,ENSG00000188931.4,0.7420532734991911
2501,ENSG00000116701.15,0.7418457436818062
2502,ENSG00000196739.15,0.7417428680362501
2503,ENSG00000166016.6,0.7414973447008308
2504,ENSG00000100162.15,0.7414854785317213
2505,ENSG00000189369.9,0.7412471877752125
2506,ENSG00000109501.14,0.7409624731208965
2507,ENSG00000184384.14,0.7408494760558845
2508,ENSG00000167552.14,0.7406251221042
2509,ENSG00000090971.5,0.7403683479796839
2510,ENSG00000188486.3,0.7400550483822084
2511,ENSG00000161016.18,0.7395483203253517
2512,ENSG00000272636.4,0.7392663829096933
2513,ENSG00000179403.12,0.7388573242259153
2514,ENSG00000196427.13,0.7386968693729795
2515,ENSG00000151014.6,0.7385035789330152
2516,ENSG00000184599.13,0.7384055938396701
2517,ENSG00000136068.15,0.7380317228305754
2518,ENSG00000147065.17,0.7379248205094591
2519,ENSG00000087128.10,0.7379133796861552
2520,ENSG00000175183.10,0.7379093913525382
2521,ENSG00000183010.17,0.737458410181265
2522,ENSG00000186818.12,0.7372658304828102
2523,ENSG00000165424.7,0.7371995452509166
2524,ENSG00000143476.18,0.7371284224369272
2525,ENSG00000139832.5,0.7371268249923013
2526,ENSG00000163435.16,0.7370275248635388
2527,ENSG00000274641.2,0.7368794201562147
2528,ENSG00000139926.16,0.7365358968696321
2529,ENSG00000164309.15,0.7364589395820578
2530,ENSG00000277494.2,0.736407776802103
2531,ENSG00000146233.8,0.7363644624288557
2532,ENSG00000181885.18,0.7363573586650807
2533,ENSG00000136244.12,0.7362546792480518
2534,ENSG00000151366.13,0.7357097917510629
2535,ENSG00000152804.11,0.7355000295219606
2536,ENSG00000112685.14,0.735447891094977
2537,ENSG00000170439.7,0.7353898795396947
2538,ENSG00000086289.12,0.7352721255599677
2539,ENSG00000241106.8,0.735189959797546
2540,ENSG00000050438.17,0.7350103428595472
2541,ENSG00000169991.11,0.7349231540457289
2542,ENSG00000147180.17,0.7346594143399806
2543,ENSG00000105989.10,0.7346099087413671
2544,ENSG00000276085.1,0.7345722221826834
2545,ENSG00000153283.13,0.7340513153647953
2546,ENSG00000203883.7,0.7340021607739082
2547,ENSG00000176058.13,0.7339936348732451
2548,ENSG00000091138.13,0.7335605284763411
2549,ENSG00000178695.6,0.7335228745523881
2550,ENSG00000054938.16,0.7335076764270566
2551,ENSG00000148803.12,0.7332855886412436
2552,ENSG00000178896.9,0.7332123533909473
2553,ENSG00000108309.14,0.7331957168186952
2554,ENSG00000130720.13,0.7330329364022613
2555,ENSG00000130255.13,0.7327778943172885
2556,ENSG00000185338.6,0.7322355818871773
2557,ENSG00000158887.19,0.7321994986808166
2558,ENSG00000186973.11,0.7321064156087157
2559,ENSG00000109861.17,0.7320884805166237
2560,ENSG00000112290.13,0.7319465741131931
2561,ENSG00000187134.14,0.7314533912592281
2562,ENSG00000185818.8,0.7314476278735736
2563,ENSG00000277791.5,0.7313327178680995
2564,ENSG00000185222.10,0.7311637217018401
2565,ENSG00000141934.10,0.7311508966569296
2566,ENSG00000184254.17,0.7308510445172784
2567,ENSG00000108511.10,0.7308326539493123
2568,ENSG00000113810.16,0.7305596429353384
2569,ENSG00000198053.12,0.7301566217906995
2570,ENSG00000135094.11,0.7297991463398269
2571,ENSG00000104381.14,0.7297228642956557
2572,ENSG00000129116.19,0.7290397708690278
2573,ENSG00000115226.10,0.7288636147946239
2574,ENSG00000170989.10,0.7288425604870448
2575,ENSG00000163273.4,0.7288314616389373
2576,ENSG00000253368.4,0.7288145191509637
2577,ENSG00000167081.18,0.7279598838930774
2578,ENSG00000133433.11,0.7276304426153882
2579,ENSG00000184697.7,0.7275652853559575
2580,ENSG00000131386.19,0.7274932618114632
2581,ENSG00000172638.13,0.7273050283737724
2582,ENSG00000117791.16,0.7270001454497707
2583,ENSG00000110324.11,0.7268320326360831
2584,ENSG00000161328.11,0.7268091194408486
2585,ENSG00000130164.14,0.7267506557358757
2586,ENSG00000188313.13,0.726640060871111
2587,ENSG00000109805.10,0.7264963984824134
2588,ENSG00000176720.6,0.7263041341105689
2589,ENSG00000186480.13,0.7260590994722497
2590,ENSG00000172037.14,0.7259862277761799
2591,ENSG00000138160.7,0.7259829928393507
2592,ENSG00000144837.9,0.7256594785265109
2593,ENSG00000161905.13,0.7254060940617097
2594,ENSG00000164294.14,0.7252849132363034
2595,ENSG00000135424.18,0.7250995674448099
2596,ENSG00000149273.15,0.7249122322129735
2597,ENSG00000156735.11,0.7248444239794002
2598,ENSG00000130598.16,0.7246792860791823
2599,ENSG00000105372.8,0.7246018675656611
2600,ENSG00000109654.16,0.724517665581056
2601,ENSG00000244486.9,0.7244352342281166
2602,ENSG00000186193.9,0.7242307734964334
2603,ENSG00000102032.13,0.7238607730039172
2604,ENSG00000154274.15,0.723561795425241
2605,ENSG00000127564.17,0.7225586199022573
2606,ENSG00000163406.11,0.7224858275047823
2607,ENSG00000161513.12,0.7223689998279454
2608,ENSG00000102524.11,0.7223048026195974
2609,ENSG00000254087.8,0.7219825575404891
2610,ENSG00000167895.15,0.7206904757525598
2611,ENSG00000178750.3,0.7206523845324486
2612,ENSG00000241794.2,0.7204754278988157
2613,ENSG00000007255.10,0.7204454507579587
2614,ENSG00000140105.18,0.720387865163001
2615,ENSG00000138798.13,0.7203399247545029
2616,ENSG00000164976.9,0.719906698024522
2617,ENSG00000088827.12,0.7198598551216122
2618,ENSG00000277639.2,0.7195123747203013
2619,ENSG00000175040.6,0.7194944413834128
2620,ENSG00000081051.8,0.7194463881420256
2621,ENSG00000151208.17,0.7191050843192696
2622,ENSG00000171659.15,0.7190783225285753
2623,ENSG00000166025.18,0.7184654267281984
2624,ENSG00000174775.17,0.7183742923133728
2625,ENSG00000165480.16,0.7183724084053933
2626,ENSG00000160339.16,0.7183596582800685
2627,ENSG00000151725.12,0.7183213337980502
2628,ENSG00000027869.12,0.7182967159874696
2629,ENSG00000013725.14,0.7182517475116295
2630,ENSG00000185156.6,0.7181004445448198
2631,ENSG00000160179.19,0.7180228727744283
2632,ENSG00000253958.2,0.7179131357158246
2633,ENSG00000169689.15,0.7175027258564297
2634,ENSG00000100116.17,0.7173978724651942
2635,ENSG00000131459.13,0.7170712510732206
2636,ENSG00000166959.8,0.7170577955357426
2637,ENSG00000198821.11,0.7170082036372659
2638,ENSG00000078053.17,0.7169146325008295
2639,ENSG00000123146.20,0.7166481140846642
2640,ENSG00000162174.12,0.7164137842842613
2641,ENSG00000112149.10,0.7164058929968172
2642,ENSG00000150782.12,0.7163903569846674
2643,ENSG00000132000.13,0.7160083393691716
2644,ENSG00000110077.14,0.715963219924565
2645,ENSG00000165188.13,0.7159054232969593
2646,ENSG00000159307.19,0.7155736662163833
2647,ENSG00000105281.12,0.715170574171524
2648,ENSG00000071794.16,0.7147692959778735
2649,ENSG00000145349.17,0.7147623830733492
2650,ENSG00000143882.12,0.7147416791812602
2651,ENSG00000186185.14,0.7145743761847304
2652,ENSG00000137393.10,0.7145272905446508
2653,ENSG00000179627.10,0.7142638105826462
2654,ENSG00000099795.7,0.713920539907949
2655,ENSG00000126016.16,0.7138748620456954
2656,ENSG00000129691.16,0.7135466338178181
2657,ENSG00000059804.16,0.713342963280188
2658,ENSG00000154589.7,0.7131418243548949
2659,ENSG00000002726.21,0.712929115259118
2660,ENSG00000197728.11,0.7127014087976877
2661,ENSG00000154102.11,0.7120022179589053
2662,ENSG00000237330.3,0.7118258289285025
2663,ENSG00000148180.21,0.7116799094026174
2664,ENSG00000178826.11,0.7116640653064014
2665,ENSG00000184985.16,0.7115379541408576
2666,ENSG00000129422.14,0.7114717196977377
2667,ENSG00000257704.4,0.7114433794640227
2668,ENSG00000109576.14,0.711330094429392
2669,ENSG00000110628.16,0.7111615837245974
2670,ENSG00000129824.16,0.7104184172944871
2671,ENSG00000004776.13,0.7103049448164394
2672,ENSG00000184347.15,0.7099394327644002
2673,ENSG00000141295.14,0.7096811130326276
2674,ENSG00000090534.20,0.7093591343291988
2675,ENSG00000144369.13,0.709084815924854
2676,ENSG00000183722.9,0.7089338353654925
2677,ENSG00000162496.9,0.7084821194850325
2678,ENSG00000162849.16,0.7084701407846916
2679,ENSG00000185803.12,0.7084492034618621
2680,ENSG00000007080.11,0.7083439412635595
2681,ENSG00000105640.13,0.7081302667443753
2682,ENSG00000130748.7,0.7079248063790713
2683,ENSG00000183145.9,0.7079201916544968
2684,ENSG00000131650.14,0.707690145123197
2685,ENSG00000006015.18,0.7076891379765355
2686,ENSG00000155367.15,0.7075433804629073
2687,ENSG00000161653.11,0.7072347087190276
2688,ENSG00000137648.19,0.7071774216656196
2689,ENSG00000276043.5,0.7070531529680335
2690,ENSG00000103316.12,0.7066297246572615
2691,ENSG00000058063.16,0.7065213520481407
2692,ENSG00000108947.5,0.7064318724354841
2693,ENSG00000172156.4,0.7062194652145551
2694,ENSG00000143418.20,0.7058252971642467
2695,ENSG00000074800.16,0.7057099578883246
2696,ENSG00000013364.19,0.7055608706922571
2697,ENSG00000154553.16,0.7048986486438686
2698,ENSG00000176945.17,0.7044320909838125
2699,ENSG00000089820.16,0.7036722933779922
2700,ENSG00000196228.3,0.7033382198758863
2701,ENSG00000185432.12,0.702820033405567
2702,ENSG00000141294.10,0.70233601305923
2703,ENSG00000089012.14,0.7022979817358038
2704,ENSG00000129354.12,0.7020764774840031
2705,ENSG00000277157.2,0.7014708879301461
2706,ENSG00000198794.12,0.7014308830206122
2707,ENSG00000253729.8,0.7013352354389946
2708,ENSG00000184343.11,0.7009045554778272
2709,ENSG00000125910.6,0.7002466915573713
2710,ENSG00000060558.4,0.7000026313403936
2711,ENSG00000196136.18,0.6998482462817627
2712,ENSG00000136158.12,0.6994807324517601
2713,ENSG00000055118.16,0.6994668886211451
2714,ENSG00000100721.11,0.6994619067381824
2715,ENSG00000215217.7,0.6992979105096441
2716,ENSG00000217442.4,0.698292865545065
2717,ENSG00000008838.20,0.6982904153991728
2718,ENSG00000114200.10,0.6982700349760311
2719,ENSG00000143256.5,0.6981394089299748
2720,ENSG00000167508.12,0.6981268990678569
2721,ENSG00000142765.18,0.6980622732435389
2722,ENSG00000198589.14,0.6979982727043594
2723,ENSG00000167800.9,0.697231378694209
2724,ENSG00000185905.4,0.6970541606285489
2725,ENSG00000112902.12,0.6969891410136299
2726,ENSG00000163110.15,0.6967676620821058
2727,ENSG00000143815.15,0.6966841153843608
2728,ENSG00000134463.15,0.6966234105194976
2729,ENSG00000184489.12,0.6965747905434244
2730,ENSG00000138764.15,0.6965296819174225
2731,ENSG00000151914.20,0.69646264224907
2732,ENSG00000117091.10,0.6962588798469017
2733,ENSG00000162733.19,0.6962274486721206
2734,ENSG00000176978.14,0.6957444104829971
2735,ENSG00000110079.18,0.6954338245238666
2736,ENSG00000132563.16,0.6951799327282718
2737,ENSG00000115268.10,0.6951693837590824
2738,ENSG00000186517.14,0.6951531921934779
2739,ENSG00000016391.11,0.6950052837346821
2740,ENSG00000165617.15,0.6948281118582225
2741,ENSG00000105639.20,0.6946924097270041
2742,ENSG00000203668.3,0.693895749861755
2743,ENSG00000163888.4,0.6937794148869928
2744,ENSG00000125107.18,0.6935181055987829
2745,ENSG00000173809.18,0.6934788307937464
2746,ENSG00000196730.13,0.6931985634707881
2747,ENSG00000170955.10,0.6931832312308248
2748,ENSG00000121653.11,0.6931729280372353
2749,ENSG00000132698.15,0.6931223707425369
2750,ENSG00000108582.12,0.6930189726465051
2751,ENSG00000172005.11,0.6927739612124836
2752,ENSG00000058404.20,0.6927736089653257
2753,ENSG00000198146.4,0.6927624648575368
2754,ENSG00000145494.12,0.6926585880549656
2755,ENSG00000102547.19,0.692611784025421
2756,ENSG00000075218.19,0.6925946785571321
2757,ENSG00000155368.16,0.6924809973216891
2758,ENSG00000130775.16,0.6924110808152237
2759,ENSG00000102362.15,0.6923866870651425
2760,ENSG00000175643.10,0.6922333811331168
2761,ENSG00000161714.12,0.6920613487049625
2762,ENSG00000181847.12,0.6920256700579868
2763,ENSG00000102760.13,0.691869508736564
2764,ENSG00000158716.9,0.6915813932613846
2765,ENSG00000103876.13,0.6915490554065501
2766,ENSG00000112874.10,0.6914627039646164
2767,ENSG00000197329.12,0.6913181895742717
2768,ENSG00000162591.16,0.69055021692486
2769,ENSG00000203499.12,0.6903183048350435
2770,ENSG00000136732.16,0.690231364423945
2771,ENSG00000183918.17,0.6901872954875281
2772,ENSG00000150995.20,0.6901537299206013
2773,ENSG00000126368.6,0.6901162934532754
2774,ENSG00000137752.24,0.690112442686591
2775,ENSG00000169403.12,0.6899435561422794
2776,ENSG00000070756.17,0.689642645516135
2777,ENSG00000169071.15,0.6891372398150961
2778,ENSG00000006625.18,0.6885854365356483
2779,ENSG00000108688.11,0.688534488269251
2780,ENSG00000261371.6,0.6884833425075263
2781,ENSG00000154645.14,0.6884241730229755
2782,ENSG00000147471.12,0.6883007662986567
2783,ENSG00000184897.6,0.6877141047365987
2784,ENSG00000065989.16,0.687578044610925
2785,ENSG00000108375.13,0.6875703670522268
2786,ENSG00000173581.8,0.6874870791546683
2787,ENSG00000157827.20,0.6874179807747848
2788,ENSG00000111276.11,0.6873245654021738
2789,ENSG00000135318.12,0.6873016776712099
2790,ENSG00000198478.8,0.6871294804204223
2791,ENSG00000069812.11,0.6864055207541074
2792,ENSG00000213694.6,0.685854594363291
2793,ENSG00000136250.12,0.6858468808987999
2794,ENSG00000101871.16,0.6856572727198244
2795,ENSG00000214274.10,0.6854741681673819
2796,ENSG00000205502.4,0.6853892870818346
2797,ENSG00000151376.17,0.6853227559755469
2798,ENSG00000163697.17,0.6849723753036402
2799,ENSG00000126821.8,0.6838734527364176
2800,ENSG00000163644.15,0.6836241110907062
2801,ENSG00000125810.10,0.6835945798774063
2802,ENSG00000234068.7,0.6830971315526879
2803,ENSG00000168298.7,0.6828422933274216
2804,ENSG00000181744.9,0.6827073345807375
2805,ENSG00000108107.15,0.6826024863594098
2806,ENSG00000154122.14,0.6825312709425503
2807,ENSG00000114790.13,0.6825073897998658
2808,ENSG00000188157.15,0.6824978669720659
2809,ENSG00000235169.11,0.6822779728377651
2810,ENSG00000140022.13,0.682084598743391
2811,ENSG00000102878.17,0.6817178248305116
2812,ENSG00000181392.17,0.6816979235591553
2813,ENSG00000092421.17,0.6816190092097225
2814,ENSG00000157110.16,0.6814785380991958
2815,ENSG00000136942.15,0.6814650060626118
2816,ENSG00000156970.13,0.6812844732599749
2817,ENSG00000134317.18,0.6812326558967511
2818,ENSG00000188573.8,0.6812048773334181
2819,ENSG00000175550.8,0.6811060431267475
2820,ENSG00000145545.12,0.6809253262631858
2821,ENSG00000131634.14,0.6809250331311063
2822,ENSG00000189060.5,0.6808864638383575
2823,ENSG00000125520.14,0.680796404519656
2824,ENSG00000134769.21,0.6805779236306128
2825,ENSG00000205542.11,0.6803915087621083
2826,ENSG00000160211.19,0.6801759293180349
2827,ENSG00000116991.11,0.6801724656601903
2828,ENSG00000134871.19,0.6801348451788823
2829,ENSG00000115896.16,0.6797814881823858
2830,ENSG00000213853.10,0.6797206290150312
2831,ENSG00000187513.9,0.6795777069943637
2832,ENSG00000172817.4,0.6794546897419189
2833,ENSG00000135269.18,0.679352040737196
2834,ENSG00000198915.12,0.6792597127625363
2835,ENSG00000167258.15,0.6790214896954944
2836,ENSG00000159199.14,0.6790038714912178
2837,ENSG00000164078.13,0.6789189247990821
2838,ENSG00000177600.9,0.67886256397677
2839,ENSG00000151224.13,0.6788252442009792
2840,ENSG00000049449.10,0.6787982774250199
2841,ENSG00000116985.12,0.6784768290464706
2842,ENSG00000107738.20,0.6784657869049798
2843,ENSG00000002834.18,0.6784569889003577
2844,ENSG00000171940.13,0.6784291096815398
2845,ENSG00000081026.19,0.6783917031261697
2846,ENSG00000177700.6,0.6783864902678161
2847,ENSG00000111328.7,0.6777348173547242
2848,ENSG00000178878.13,0.6776701624366794
2849,ENSG00000275993.3,0.6775586495813399
2850,ENSG00000178467.18,0.6773836435424324
2851,ENSG00000205336.14,0.677350145050884
2852,ENSG00000142235.12,0.6770497353878178
2853,ENSG00000072954.7,0.6767720656339686
2854,ENSG00000151640.13,0.6764875479509613
2855,ENSG00000180891.13,0.6764801227462742
2856,ENSG00000130300.9,0.6757768215019573
2857,ENSG00000125691.14,0.6756746754558655
2858,ENSG00000266472.6,0.6752835934608593
2859,ENSG00000137491.15,0.675216994132286
2860,ENSG00000127920.6,0.6752005610146576
2861,ENSG00000089472.16,0.6751258844319155
2862,ENSG00000233608.4,0.675124725565067
2863,ENSG00000177614.11,0.6749054945513667
2864,ENSG00000140564.12,0.6747684755908703
2865,ENSG00000162337.12,0.6747148504472771
2866,ENSG00000104361.10,0.6745862475293365
2867,ENSG00000004478.8,0.6740636931912188
2868,ENSG00000138685.17,0.6739738038138678
2869,ENSG00000198576.4,0.6739296280984303
2870,ENSG00000107130.10,0.6737447231379102
2871,ENSG00000164181.14,0.6735217951477175
2872,ENSG00000286522.2,0.6734871080974003
2873,ENSG00000169242.12,0.6734347901213166
2874,ENSG00000106077.18,0.6732763229653336
2875,ENSG00000170921.15,0.6732396099898375
2876,ENSG00000182107.7,0.6730838224252844
2877,ENSG00000117020.18,0.6730419124151753
2878,ENSG00000167740.10,0.6730379622631676
2879,ENSG00000162636.16,0.673021662804454
2880,ENSG00000131187.10,0.6729236353798672
2881,ENSG00000156398.13,0.672811831068278
2882,ENSG00000137642.13,0.6725430441843098
2883,ENSG00000074181.9,0.6725011440693157
2884,ENSG00000162909.18,0.6724033880355028
2885,ENSG00000189184.12,0.6722407178511244
2886,ENSG00000117266.16,0.6721180536328617
2887,ENSG00000008283.16,0.6720927696341389
2888,ENSG00000132932.17,0.6720621419328561
2889,ENSG00000183723.13,0.6718237277565439
2890,ENSG00000107551.21,0.6717908401178656
2891,ENSG00000157240.4,0.6716496998760199
2892,ENSG00000079462.8,0.6715601499532614
2893,ENSG00000104856.14,0.6714415983652967
2894,ENSG00000162073.14,0.6713597287244735
2895,ENSG00000172830.13,0.6707011089643633
2896,ENSG00000105971.15,0.6706853968552924
2897,ENSG00000103253.19,0.6704708690641618
2898,ENSG00000108950.12,0.6704302538886675
2899,ENSG00000172183.15,0.6703456768533701
2900,ENSG00000159063.13,0.6702689221985842
2901,ENSG00000277363.5,0.6702067752070169
2902,ENSG00000112715.25,0.6701282606196893
2903,ENSG00000133466.14,0.6700933525351082
2904,ENSG00000102359.8,0.6700244048685595
2905,ENSG00000155850.8,0.669931387400052
2906,ENSG00000183684.8,0.6698579208403787
2907,ENSG00000204632.11,0.6698058933706688
2908,ENSG00000142192.21,0.6696505882822202
2909,ENSG00000140853.16,0.6696305267559965
2910,ENSG00000116016.14,0.6694147068098574
2911,ENSG00000166833.22,0.6692978315542757
2912,ENSG00000024526.17,0.6685795473503925
2913,ENSG00000115325.13,0.6685718475074979
2914,ENSG00000110171.20,0.6685582486096816
2915,ENSG00000099219.14,0.668470939656209
2916,ENSG00000173706.14,0.6683762669963845
2917,ENSG00000176435.7,0.6683550161975169
2918,ENSG00000135862.6,0.6683089868551635
2919,ENSG00000183486.13,0.6681335962758215
2920,ENSG00000159873.10,0.6681160223870382
2921,ENSG00000146409.12,0.6680484105247672
2922,ENSG00000005844.19,0.6680213577853714
2923,ENSG00000118515.11,0.667807703096574
2924,ENSG00000069188.17,0.6675493402919089
2925,ENSG00000266094.8,0.6675158187164941
2926,ENSG00000131015.5,0.6672776375147353
2927,ENSG00000181143.15,0.6672756493798179
2928,ENSG00000012124.17,0.6669591469001493
2929,ENSG00000213722.10,0.6666431462693038
2930,ENSG00000099204.20,0.6664430979128951
2931,ENSG00000137310.12,0.6664019313421267
2932,ENSG00000137962.13,0.6662438549109396
2933,ENSG00000188549.12,0.6662276764676551
2934,ENSG00000064270.13,0.6660614797674298
2935,ENSG00000134909.18,0.6658091809044843
2936,ENSG00000172428.11,0.66533109523922
2937,ENSG00000128567.17,0.6652934829491037
2938,ENSG00000186474.15,0.6652735497164657
2939,ENSG00000175324.10,0.6649798716756442
2940,ENSG00000176083.18,0.6649024337555393
2941,ENSG00000140416.23,0.6647588091659565
2942,ENSG00000187498.16,0.6645550353120485
2943,ENSG00000102313.9,0.6645389679971054
2944,ENSG00000277443.3,0.6643349715183265
2945,ENSG00000171368.12,0.6642883447917405
2946,ENSG00000155629.15,0.6642231050154266
2947,ENSG00000104221.13,0.6639400946173463
2948,ENSG00000122035.7,0.6636326389196565
2949,ENSG00000160256.13,0.6634096100095813
2950,ENSG00000183741.12,0.6633993812768312
2951,ENSG00000013297.12,0.6629800663908545
2952,ENSG00000085662.14,0.6625188175384696
2953,ENSG00000091136.15,0.6625035594706034
2954,ENSG00000101003.10,0.6623359653979406
2955,ENSG00000139263.12,0.6621926898166803
2956,ENSG00000117009.12,0.6621331908472585
2957,ENSG00000090238.12,0.6618042260686305
2958,ENSG00000173992.9,0.6617537915344678
2959,ENSG00000196872.12,0.6615769432005923
2960,ENSG00000140479.18,0.6610780980952263
2961,ENSG00000125347.14,0.6609296147959667
2962,ENSG00000198598.6,0.6608249574291207
2963,ENSG00000166396.13,0.6603840192338466
2964,ENSG00000121900.19,0.6594917882820912
2965,ENSG00000265107.3,0.6592763855607815
2966,ENSG00000121807.6,0.6592415076419165
2967,ENSG00000164659.15,0.6590578803080608
2968,ENSG00000143816.8,0.659050280505154
2969,ENSG00000253304.2,0.6589538982009734
2970,ENSG00000078804.13,0.658883073085392
2971,ENSG00000083444.17,0.6586645293516177
2972,ENSG00000188895.12,0.6585421542479176
2973,ENSG00000123989.14,0.6582682334052697
2974,ENSG00000103145.11,0.6580755439926916
2975,ENSG00000175416.16,0.6580065513874731
2976,ENSG00000105426.17,0.6579137220855686
2977,ENSG00000185090.14,0.6578041181561649
2978,ENSG00000119698.12,0.6577171005362179
2979,ENSG00000213085.10,0.6573735376817239
2980,ENSG00000164109.14,0.6571577698483215
2981,ENSG00000136295.15,0.6570859781149166
2982,ENSG00000078725.13,0.6570552193078056
2983,ENSG00000137818.12,0.6570436767367435
2984,ENSG00000134323.12,0.6569937669292072
2985,ENSG00000057294.15,0.6566865781314504
2986,ENSG00000204397.8,0.6566637384357703
2987,ENSG00000099284.15,0.6566043280676116
2988,ENSG00000103710.11,0.6563441323849074
2989,ENSG00000062716.13,0.6561581477370126
2990,ENSG00000054793.14,0.6561035451736036
2991,ENSG00000196923.14,0.6559388491991487
2992,ENSG00000185033.14,0.6558483673834004
2993,ENSG00000170684.9,0.6558322666897035
2994,ENSG00000115085.14,0.6557332379585438
2995,ENSG00000108830.10,0.6556786936956304
2996,ENSG00000161921.17,0.6555706044607653
2997,ENSG00000174669.12,0.6554203449880008
2998,ENSG00000065057.9,0.6552709608668936
2999,ENSG00000105246.6,0.6552490045223951
3000,ENSG00000104522.16,0.6552324284961331
3001,ENSG00000108578.15,0.6551079060847491
3002,ENSG00000163209.15,0.6549705686195528
3003,ENSG00000180900.20,0.6546982287952233
3004,ENSG00000178078.12,0.6546300116410969
3005,ENSG00000145088.9,0.6544967125072957
3006,ENSG00000175463.12,0.6544548931105866
3007,ENSG00000133561.15,0.6544204847545149
3008,ENSG00000123094.15,0.6543603176440576
3009,ENSG00000173269.14,0.654279783972033
3010,ENSG00000101220.18,0.6541942734909859
3011,ENSG00000139793.18,0.6540603548869239
3012,ENSG00000124006.15,0.6539591972252365
3013,ENSG00000203780.12,0.6537802554172548
3014,ENSG00000086300.16,0.6537530004061772
3015,ENSG00000018408.15,0.6534744328113492
3016,ENSG00000085063.17,0.6533810645080163
3017,ENSG00000239713.9,0.6533342300489456
3018,ENSG00000167306.20,0.6533182981497945
3019,ENSG00000133985.3,0.6532455630947093
3020,ENSG00000182179.13,0.6530762422082133
3021,ENSG00000013810.20,0.6529317278164906
3022,ENSG00000165194.15,0.6528031544432535
3023,ENSG00000126603.9,0.6527949054417934
3024,ENSG00000169855.20,0.6527094509862911
3025,ENSG00000184500.16,0.6524517087589717
3026,ENSG00000110719.10,0.6524492448464185
3027,ENSG00000135063.19,0.652389969045035
3028,ENSG00000184408.10,0.6521092129693143
3029,ENSG00000198466.12,0.6520895244066378
3030,ENSG00000188763.5,0.6514150566385638
3031,ENSG00000149218.5,0.6511682416599092
3032,ENSG00000136425.14,0.6511076999454493
3033,ENSG00000065978.19,0.650975208562354
3034,ENSG00000075643.6,0.6507006560045383
3035,ENSG00000196503.5,0.6506436482108484
3036,ENSG00000235098.8,0.650491709663768
3037,ENSG00000213064.10,0.6501914700583382
3038,ENSG00000123338.13,0.6500580696146463
3039,ENSG00000185339.9,0.6499875072637652
3040,ENSG00000141198.16,0.6498700667961249
3041,ENSG00000144045.14,0.6497869374035329
3042,ENSG00000248144.6,0.6495624331178219
3043,ENSG00000068366.20,0.6495126451422594
3044,ENSG00000077585.14,0.6494869673489936
3045,ENSG00000198133.8,0.6493987825048633
3046,ENSG00000165025.15,0.6493697358374655
3047,ENSG00000117280.13,0.649260014550486
3048,ENSG00000125744.12,0.6492115715778074
3049,ENSG00000180535.4,0.6491940418228715
3050,ENSG00000138135.7,0.6490691357862547
3051,ENSG00000108021.20,0.6490026412867637
3052,ENSG00000166979.13,0.6489847204804905
3053,ENSG00000170689.10,0.6488314725362112
3054,ENSG00000171159.5,0.6483786963953144
3055,ENSG00000100911.16,0.6483141220539264
3056,ENSG00000105699.16,0.648293874385078
3057,ENSG00000100321.15,0.6482581705996072
3058,ENSG00000213190.4,0.6479979199509279
3059,ENSG00000205978.6,0.6479233911861664
3060,ENSG00000184227.8,0.6478692904293386
3061,ENSG00000054148.18,0.6473699153665406
3062,ENSG00000118242.16,0.6472163064069963
3063,ENSG00000130287.14,0.647204602591058
3064,ENSG00000179041.4,0.6471275924639311
3065,ENSG00000067141.17,0.6470381079749692
3066,ENSG00000183780.13,0.6469558705124484
3067,ENSG00000130589.16,0.6468608605648881
3068,ENSG00000116717.13,0.6467576557465656
3069,ENSG00000182022.18,0.6467439320930228
3070,ENSG00000171858.18,0.6466392747948667
3071,ENSG00000137203.15,0.6466152151786344
3072,ENSG00000111640.15,0.6462509436587615
3073,ENSG00000104219.13,0.6461849377071839
3074,ENSG00000164684.13,0.6460491044866737
3075,ENSG00000244187.8,0.6454296401703232
3076,ENSG00000149090.12,0.645226343328022
3077,ENSG00000164251.5,0.6449749843547525
3078,ENSG00000196155.13,0.6449114929294523
3079,ENSG00000186827.11,0.6448185960937893
3080,ENSG00000143851.15,0.6447685671848963
3081,ENSG00000183688.4,0.6446524527631996
3082,ENSG00000114315.4,0.6442913350303574
3083,ENSG00000163453.11,0.6442710777004345
3084,ENSG00000185477.5,0.6442598668669551
3085,ENSG00000163053.11,0.6440488707579648
3086,ENSG00000135912.11,0.6437487712215917
3087,ENSG00000198937.9,0.6434238270410709
3088,ENSG00000157734.14,0.6428339950200734
3089,ENSG00000099800.8,0.6425619115331835
3090,ENSG00000130768.15,0.6425047483751325
3091,ENSG00000177455.15,0.6424969966390662
3092,ENSG00000112699.11,0.6424692915914001
3093,ENSG00000079257.8,0.6423677960778167
3094,ENSG00000204103.4,0.6422988955191141
3095,ENSG00000082014.17,0.6422244283971769
3096,ENSG00000071909.19,0.6420284778397152
3097,ENSG00000232810.4,0.6418885833407889
3098,ENSG00000100852.13,0.6417845958915426
3099,ENSG00000113578.18,0.6417339199558755
3100,ENSG00000106236.4,0.641687378655548
3101,ENSG00000137807.16,0.6416512228908242
3102,ENSG00000136717.15,0.6415486667796912
3103,ENSG00000006831.10,0.6415139900132055
3104,ENSG00000138413.14,0.6414237312567603
3105,ENSG00000088992.18,0.6413082844890856
3106,ENSG00000101222.12,0.6411257771964989
3107,ENSG00000138604.10,0.6407574381168032
3108,ENSG00000198892.7,0.6407540366223403
3109,ENSG00000064989.13,0.6407495922489257
3110,ENSG00000187957.8,0.6407412142366249
3111,ENSG00000148143.13,0.6406540050556295
3112,ENSG00000023902.14,0.640351250968861
3113,ENSG00000203950.6,0.6401393128840542
3114,ENSG00000118971.9,0.640107605273099
3115,ENSG00000186470.14,0.6399838936432669
3116,ENSG00000180448.10,0.6398994057197926
3117,ENSG00000078018.20,0.6398421911415257
3118,ENSG00000144451.19,0.6397639941942994
3119,ENSG00000180806.5,0.6397470633316035
3120,ENSG00000138722.10,0.6397262410032589
3121,ENSG00000099622.14,0.6396580537934367
3122,ENSG00000141337.12,0.6396232316043845
3123,ENSG00000122870.12,0.6394537901564015
3124,ENSG00000136379.12,0.6394458587923194
3125,ENSG00000173207.13,0.6394411855292794
3126,ENSG00000124145.6,0.6391719092307799
3127,ENSG00000110031.13,0.6391515633320953
3128,ENSG00000105329.11,0.639138302473558
3129,ENSG00000044524.11,0.6390762745032438
3130,ENSG00000169683.8,0.639015113267394
3131,ENSG00000270885.2,0.6388922873359227
3132,ENSG00000130066.16,0.6388723258949257
3133,ENSG00000128928.10,0.6388201776483258
3134,ENSG00000123999.5,0.6386335369174734
3135,ENSG00000143514.17,0.6384072994266569
3136,ENSG00000124216.4,0.6383412272653591
3137,ENSG00000125775.15,0.6382629062126968
3138,ENSG00000101493.11,0.6382556418258285
3139,ENSG00000139547.7,0.6381709598254908
3140,ENSG00000145945.7,0.6381378516162843
3141,ENSG00000181826.10,0.6378417439808182
3142,ENSG00000127588.5,0.6377064991716168
3143,ENSG00000020181.18,0.6376420292791622
3144,ENSG00000144648.16,0.637616038524475
3145,ENSG00000072571.20,0.6375595685349597
3146,ENSG00000160326.14,0.6375233035979437
3147,ENSG00000198721.13,0.637259241363312
3148,ENSG00000143537.14,0.6369381128388492
3149,ENSG00000167615.17,0.6369034247745785
3150,ENSG00000108349.17,0.636698101774043
3151,ENSG00000125898.13,0.6364265691711285
3152,ENSG00000008323.15,0.636424049838824
3153,ENSG00000137936.18,0.6359086242056289
3154,ENSG00000179178.11,0.6354559168716111
3155,ENSG00000185650.10,0.6353233553384853
3156,ENSG00000177076.6,0.6352855147457065
3157,ENSG00000108924.14,0.6351177079049262
3158,ENSG00000113369.9,0.635056835075765
3159,ENSG00000168916.15,0.6349492421221123
3160,ENSG00000124766.7,0.6347372509033291
3161,ENSG00000104883.8,0.6346443425841645
3162,ENSG00000171617.14,0.6344711700241447
3163,ENSG00000172716.16,0.6341547455211237
3164,ENSG00000161800.13,0.6341537881046677
3165,ENSG00000176641.11,0.633604309494692
3166,ENSG00000198189.11,0.6333917551494664
3167,ENSG00000139508.15,0.6331262272680948
3168,ENSG00000214078.13,0.6329255982224496
3169,ENSG00000138119.17,0.6327375654213164
3170,ENSG00000135678.12,0.6325730792613922
3171,ENSG00000169896.18,0.6325500783224597
3172,ENSG00000158488.16,0.6323607845346182
3173,ENSG00000113205.5,0.6323004554631909
3174,ENSG00000154319.16,0.6322849729651405
3175,ENSG00000006071.15,0.6319207126042753
3176,ENSG00000168487.20,0.6316135007348405
3177,ENSG00000101445.10,0.6314307128840285
3178,ENSG00000149380.12,0.630985728546791
3179,ENSG00000113758.13,0.6309638364953388
3180,ENSG00000277258.5,0.6309252094669333
3181,ENSG00000128965.13,0.6306530800620954
3182,ENSG00000170832.13,0.6304580907106172
3183,ENSG00000141367.12,0.6301913885337136
3184,ENSG00000106004.5,0.6300966618486877
3185,ENSG00000050405.13,0.6299776284378805
3186,ENSG00000166432.15,0.6299561625647625
3187,ENSG00000163874.11,0.6299330961941213
3188,ENSG00000134955.12,0.6298220019533362
3189,ENSG00000162882.15,0.6297835508304088
3190,ENSG00000106560.11,0.629701586099216
3191,ENSG00000180354.16,0.6296942717947217
3192,ENSG00000171130.18,0.6296476729474307
3193,ENSG00000124496.12,0.6296357753122507
3194,ENSG00000221821.4,0.629596433080687
3195,ENSG00000114450.11,0.629374223079008
3196,ENSG00000144959.11,0.6291661436142008
3197,ENSG00000164035.10,0.6291371498529396
3198,ENSG00000174804.4,0.6290546176752789
3199,ENSG00000160654.11,0.6289729065246903
3200,ENSG00000104524.14,0.6289267356540029
3201,ENSG00000115935.18,0.6284552899938302
3202,ENSG00000173991.6,0.6284385954367856
3203,ENSG00000097021.20,0.6283879807585185
3204,ENSG00000114013.16,0.6283523278910071
3205,ENSG00000166278.15,0.62796239025627
3206,ENSG00000171621.14,0.627912610901678
3207,ENSG00000165591.6,0.6278054237144389
3208,ENSG00000225663.8,0.6277772018942888
3209,ENSG00000003436.16,0.6277180166705829
3210,ENSG00000130529.16,0.6276805466682335
3211,ENSG00000087086.15,0.6276632230647051
3212,ENSG00000085840.13,0.6270241764840261
3213,ENSG00000101265.16,0.6266309543573125
3214,ENSG00000204482.11,0.6264427530024274
3215,ENSG00000163735.7,0.6263393574809885
3216,ENSG00000117461.15,0.6260473915347993
3217,ENSG00000170465.10,0.6259852675758549
3218,ENSG00000163207.7,0.6259601804881879
3219,ENSG00000135127.11,0.6258702656631577
3220,ENSG00000167642.13,0.6258344414877124
3221,ENSG00000116014.10,0.6258111510519326
3222,ENSG00000110934.13,0.6256587038930361
3223,ENSG00000123243.15,0.6255572860445056
3224,ENSG00000196586.16,0.6254787979357233
3225,ENSG00000080493.18,0.6254529836928396
3226,ENSG00000105122.13,0.6253739501559102
3227,ENSG00000174132.9,0.6253549824825201
3228,ENSG00000157388.19,0.6250318645698519
3229,ENSG00000105514.8,0.624896998739632
3230,ENSG00000126458.4,0.6246834064188208
3231,ENSG00000173221.14,0.6246140172567687
3232,ENSG00000166394.15,0.6245530837939555
3233,ENSG00000165238.16,0.6243808568407596
3234,ENSG00000140749.9,0.6243639871687265
3235,ENSG00000196890.4,0.6242767587506443
3236,ENSG00000143110.12,0.6241437528261473
3237,ENSG00000112799.9,0.6238551012190693
3238,ENSG00000104112.9,0.6235942877497654
3239,ENSG00000107554.17,0.6235501119461577
3240,ENSG00000107968.10,0.6235155344957909
3241,ENSG00000116990.11,0.6233685566041797
3242,ENSG00000082397.17,0.623238996861598
3243,ENSG00000173821.19,0.6230932116321793
3244,ENSG00000063177.13,0.6229815411030368
3245,ENSG00000144040.13,0.6229150116221577
3246,ENSG00000196476.12,0.622844119988592
3247,ENSG00000185640.6,0.6228298303542142
3248,ENSG00000131188.12,0.6227530358382091
3249,ENSG00000160813.7,0.6227414882668051
3250,ENSG00000188559.15,0.6225707286357678
3251,ENSG00000004468.13,0.6223977294434171
3252,ENSG00000140287.11,0.6222408316301082
3253,ENSG00000138771.16,0.6217681841087905
3254,ENSG00000112306.8,0.6215492967117209
3255,ENSG00000100427.16,0.6215443752258627
3256,ENSG00000103202.13,0.621416231232162
3257,ENSG00000171443.7,0.6211514110851899
3258,ENSG00000156453.14,0.6210578251308757
3259,ENSG00000107262.26,0.6208099167970151
3260,ENSG00000173281.5,0.6207496774986296
3261,ENSG00000130731.16,0.6202025722269483
3262,ENSG00000140931.20,0.6201231170861772
3263,ENSG00000164951.16,0.6200754770237149
3264,ENSG00000168079.17,0.6198885008764078
3265,ENSG00000198931.11,0.6197722066745931
3266,ENSG00000184937.16,0.6194272155484165
3267,ENSG00000142632.17,0.619387330188184
3268,ENSG00000119714.11,0.6192398695346355
3269,ENSG00000042062.13,0.6192259335912483
3270,ENSG00000110400.11,0.618934132225024
3271,ENSG00000283526.1,0.6188741115893153
3272,ENSG00000127418.15,0.6188026010803687
3273,ENSG00000160111.14,0.6185531394789135
3274,ENSG00000061656.10,0.6185439154453315
3275,ENSG00000197191.6,0.6184816135320844
3276,ENSG00000003096.14,0.6183346877398056
3277,ENSG00000167969.13,0.618300077927427
3278,ENSG00000205544.4,0.6182765376684556
3279,ENSG00000124205.18,0.6179242886420541
3280,ENSG00000198355.5,0.6175889693001945
3281,ENSG00000163154.6,0.617467649302719
3282,ENSG00000092964.18,0.6174106118805587
3283,ENSG00000176171.11,0.6173810012631208
3284,ENSG00000185189.18,0.617171858761735
3285,ENSG00000096433.11,0.617152621950916
3286,ENSG00000167768.4,0.6168166076869227
3287,ENSG00000043355.12,0.6166516160441947
3288,ENSG00000204248.11,0.6165602164610258
3289,ENSG00000134324.12,0.616489299281849
3290,ENSG00000159214.13,0.6164163405704925
3291,ENSG00000114346.14,0.6162365955017198
3292,ENSG00000198157.11,0.6161317546423862
3293,ENSG00000167880.8,0.616085907153969
3294,ENSG00000250510.8,0.615876499874012
3295,ENSG00000160883.11,0.6155129844549676
3296,ENSG00000177106.16,0.6154260754498803
3297,ENSG00000111404.7,0.6153802079498233
3298,ENSG00000135074.16,0.6151118788806916
3299,ENSG00000163599.17,0.6150805889284303
3300,ENSG00000186153.17,0.6149956581498766
3301,ENSG00000198771.11,0.614942570608841
3302,ENSG00000133818.14,0.6148968893727282
3303,ENSG00000164855.16,0.6148070431832571
3304,ENSG00000197119.13,0.6146650365203323
3305,ENSG00000163472.19,0.6143871657760797
3306,ENSG00000203867.8,0.6143147664015741
3307,ENSG00000127586.17,0.6143115820176103
3308,ENSG00000117308.15,0.6138311834455914
3309,ENSG00000178053.20,0.6138107605276469
3310,ENSG00000126561.17,0.6136063256777073
3311,ENSG00000214128.11,0.6134801112658341
3312,ENSG00000149806.11,0.6132959607197054
3313,ENSG00000188389.11,0.6128848572864054
3314,ENSG00000128833.13,0.6128196842808022
3315,ENSG00000198948.12,0.6127825757265044
3316,ENSG00000214193.11,0.6127697188722113
3317,ENSG00000275074.2,0.6126591023296717
3318,ENSG00000071991.9,0.6126535549009473
3319,ENSG00000133739.16,0.6122004362434837
3320,ENSG00000099260.11,0.6121741412049095
3321,ENSG00000165124.18,0.6121685307779583
3322,ENSG00000076706.17,0.6120597922558307
3323,ENSG00000140939.14,0.6120284158778995
3324,ENSG00000129455.15,0.6119491103092028
3325,ENSG00000154783.12,0.6117955217183807
3326,ENSG00000141552.18,0.6117520382119547
3327,ENSG00000160789.22,0.6116603237785501
3328,ENSG00000161544.10,0.6115802367336226
3329,ENSG00000152818.18,0.6113267663311424
3330,ENSG00000169490.17,0.6112529530613577
3331,ENSG00000175946.8,0.6111970267241075
3332,ENSG00000077420.16,0.6111922688936449
3333,ENSG00000090006.18,0.6110941179830915
3334,ENSG00000106462.11,0.6108743334753314
3335,ENSG00000110446.11,0.6108303459645807
3336,ENSG00000234602.9,0.6108266488576151
3337,ENSG00000105835.12,0.6107941674721044
3338,ENSG00000072210.19,0.610781121103513
3339,ENSG00000053438.11,0.6107351123733659
3340,ENSG00000079819.19,0.6107136509465447
3341,ENSG00000198121.13,0.6106288467984525
3342,ENSG00000112852.7,0.6105274581325872
3343,ENSG00000188483.8,0.6104779226565569
3344,ENSG00000099330.9,0.6103561949213301
3345,ENSG00000007968.7,0.6101096198244518
3346,ENSG00000204237.5,0.6100769146532269
3347,ENSG00000119138.4,0.6096550881210934
3348,ENSG00000142634.13,0.6095841120399335
3349,ENSG00000197905.10,0.6092602084350338
3350,ENSG00000168754.15,0.609185940672726
3351,ENSG00000165434.8,0.6089202272428281
3352,ENSG00000100918.13,0.6088607817742077
3353,ENSG00000070031.4,0.6088347917305807
3354,ENSG00000124587.14,0.6087990814870305
3355,ENSG00000163171.8,0.6087527635559596
3356,ENSG00000171860.5,0.6086134083133334
3357,ENSG00000091039.17,0.6084616501910464
3358,ENSG00000111678.11,0.6084525994227754
3359,ENSG00000090376.11,0.608123643721272
3360,ENSG00000137486.17,0.6078207717374252
3361,ENSG00000143158.11,0.6076354978328005
3362,ENSG00000147155.11,0.6075513434742166
3363,ENSG00000066294.15,0.6074823116752281
3364,ENSG00000198483.13,0.6074314179339187
3365,ENSG00000139410.15,0.6072976157780061
3366,ENSG00000183828.15,0.6071742753893317
3367,ENSG00000111261.14,0.6069665218236683
3368,ENSG00000128641.19,0.6068070792681185
3369,ENSG00000131378.14,0.6067464074497393
3370,ENSG00000091651.9,0.6066320854373086
3371,ENSG00000172594.13,0.6065228179742754
3372,ENSG00000174276.7,0.6063639538158739
3373,ENSG00000117691.10,0.6062368750192011
3374,ENSG00000182247.10,0.6058429648293949
3375,ENSG00000111816.8,0.605546934335865
3376,ENSG00000198807.13,0.6054706116570947
3377,ENSG00000123838.11,0.6054598428206086
3378,ENSG00000169100.14,0.605408197596884
3379,ENSG00000151790.9,0.6053185708385705
3380,ENSG00000073060.16,0.6051140281020715
3381,ENSG00000114698.15,0.6050643871653572
3382,ENSG00000205795.4,0.6048332513471995
3383,ENSG00000131055.5,0.604796094461822
3384,ENSG00000140682.19,0.6047738485208382
3385,ENSG00000166508.18,0.6043048161901212
3386,ENSG00000069849.11,0.604245027455724
3387,ENSG00000122644.13,0.6040319406220507
3388,ENSG00000077238.14,0.6034783846882585
3389,ENSG00000093144.19,0.6033423349948618
3390,ENSG00000132170.23,0.6031969876922405
3391,ENSG00000148516.22,0.6027932564074695
3392,ENSG00000086062.13,0.6027114175517131
3393,ENSG00000010327.10,0.6025985393117731
3394,ENSG00000163694.15,0.6021514588735565
3395,ENSG00000155622.7,0.6019914530874693
3396,ENSG00000151690.15,0.601924499336119
3397,ENSG00000185101.13,0.6017995202011068
3398,ENSG00000121361.5,0.6017192891718665
3399,ENSG00000148908.15,0.6015773347843041
3400,ENSG00000104324.16,0.6014464500306641
3401,ENSG00000097046.13,0.6013888164993272
3402,ENSG00000264230.9,0.6013406576431715
3403,ENSG00000056558.11,0.6010368883642567
3404,ENSG00000133256.13,0.6005891183493953
3405,ENSG00000127914.18,0.6004862874378163
3406,ENSG00000163344.6,0.600381753837962
3407,ENSG00000172366.20,0.5999730383407651
3408,ENSG00000177380.14,0.5999633303512225
3409,ENSG00000111186.13,0.5999410078847432
3410,ENSG00000123080.12,0.5997416494832543
3411,ENSG00000179091.5,0.5995675423281732
3412,ENSG00000184363.10,0.599468351374954
3413,ENSG00000171051.9,0.5993594441739235
3414,ENSG00000118985.16,0.5990938821104597
3415,ENSG00000179222.18,0.5989917326894355
3416,ENSG00000067840.12,0.598954736053326
3417,ENSG00000183813.7,0.5989127350097567
3418,ENSG00000204388.7,0.5978707440578941
3419,ENSG00000158825.6,0.5977633930346397
3420,ENSG00000121152.10,0.5976645683256634
3421,ENSG00000106799.13,0.5974860330557054
3422,ENSG00000152977.10,0.5974249987876473
3423,ENSG00000108479.12,0.5971619488023102
3424,ENSG00000155926.14,0.5971534705292614
3425,ENSG00000196482.18,0.5969702542490055
3426,ENSG00000160972.9,0.5969697684517118
3427,ENSG00000141384.13,0.5968295464990592
3428,ENSG00000236609.4,0.5964714143117125
3429,ENSG00000142627.13,0.5963153939428466
3430,ENSG00000141582.15,0.5962657741170444
3431,ENSG00000165072.10,0.5962258158074869
3432,ENSG00000185262.9,0.5960487079366872
3433,ENSG00000126432.14,0.5959347843653177
3434,ENSG00000110344.10,0.595760149554696
3435,ENSG00000182158.15,0.595462716265853
3436,ENSG00000137462.9,0.5954222102748127
3437,ENSG00000164045.12,0.5953747658934999
3438,ENSG00000141968.8,0.5953070594523808
3439,ENSG00000152229.18,0.5952411691052726
3440,ENSG00000165730.16,0.5950417289530104
3441,ENSG00000162076.13,0.5948471759510674
3442,ENSG00000109205.16,0.5947628058756933
3443,ENSG00000123131.13,0.594582414281635
3444,ENSG00000130702.15,0.5945264940838494
3445,ENSG00000162931.12,0.5943634878450107
3446,ENSG00000100033.16,0.5942447985198096
3447,ENSG00000071282.12,0.5942139274618672
3448,ENSG00000168496.4,0.5940819768937363
3449,ENSG00000165810.17,0.5938677496376207
3450,ENSG00000146453.13,0.5938124579675719
3451,ENSG00000141639.12,0.5937290873125458
3452,ENSG00000105404.11,0.5936837213188969
3453,ENSG00000132182.12,0.5936455023073767
3454,ENSG00000108771.13,0.5935852294463158
3455,ENSG00000187689.10,0.5935177062288537
3456,ENSG00000138496.16,0.5934596677063955
3457,ENSG00000155962.13,0.5934185173738458
3458,ENSG00000176597.12,0.5933488117641749
3459,ENSG00000095209.12,0.5931512642047174
3460,ENSG00000124795.17,0.5931277995402233
3461,ENSG00000196411.10,0.5930954845469908
3462,ENSG00000106268.15,0.5930314353500007
3463,ENSG00000106546.14,0.5929801445338119
3464,ENSG00000135077.9,0.5929068035648652
3465,ENSG00000159461.15,0.5928637318096025
3466,ENSG00000203724.11,0.59279834401778
3467,ENSG00000122188.13,0.5927727976678282
3468,ENSG00000065154.12,0.5926324629823583
3469,ENSG00000076555.15,0.5925064705544952
3470,ENSG00000174600.14,0.5923112296793548
3471,ENSG00000125458.7,0.5919044769166388
3472,ENSG00000278540.5,0.5918445498574467
3473,ENSG00000145431.11,0.591803710824148
3474,ENSG00000008516.17,0.5917271803453694
3475,ENSG00000132530.17,0.5917089225188987
3476,ENSG00000125257.16,0.5914411247326494
3477,ENSG00000169020.10,0.5913541895075337
3478,ENSG00000130427.3,0.5912611816080565
3479,ENSG00000125266.8,0.5909856782513991
3480,ENSG00000149554.13,0.5909783878036923
3481,ENSG00000100365.16,0.5908292522797481
3482,ENSG00000179776.19,0.59062679800495
3483,ENSG00000175701.10,0.5906049728897895
3484,ENSG00000183011.13,0.5904898042140805
3485,ENSG00000115295.20,0.5901790260659163
3486,ENSG00000259680.5,0.590137167168736
3487,ENSG00000188095.6,0.5900915579985291
3488,ENSG00000213626.13,0.590028919173387
3489,ENSG00000101160.14,0.5900070876790601
3490,ENSG00000006756.16,0.5895526747221653
3491,ENSG00000115541.11,0.5894550410089624
3492,ENSG00000224877.4,0.5893078785901998
3493,ENSG00000148484.18,0.5892530222673507
3494,ENSG00000115009.13,0.5891720968485045
3495,ENSG00000237440.9,0.5888086958984072
3496,ENSG00000205133.12,0.5886372326982446
3497,ENSG00000164879.7,0.5880233197955166
3498,ENSG00000134253.10,0.5879779350904604
3499,ENSG00000266714.9,0.5876381451759698
3500,ENSG00000110318.15,0.5875331404316155
3501,ENSG00000134198.10,0.5871254120267233
3502,ENSG00000170542.6,0.5870697282470235
3503,ENSG00000172159.16,0.5869547084098273
3504,ENSG00000171608.16,0.5869385825051622
3505,ENSG00000160325.15,0.5867426510407642
3506,ENSG00000112769.20,0.5865759022211922
3507,ENSG00000187535.14,0.5865127970954339
3508,ENSG00000101082.14,0.5864276242999379
3509,ENSG00000258227.7,0.5862752999173858
3510,ENSG00000198720.13,0.5862159295076214
3511,ENSG00000185420.19,0.58612927319496
3512,ENSG00000211455.8,0.5861284880184077
3513,ENSG00000018510.17,0.5861262956925872
3514,ENSG00000068137.15,0.585978882976632
3515,ENSG00000167601.12,0.5859737745759954
3516,ENSG00000118193.12,0.5857627292169743
3517,ENSG00000144057.15,0.5857394795503035
3518,ENSG00000143185.4,0.5856589389548598
3519,ENSG00000141577.14,0.5854638792576102
3520,ENSG00000155957.18,0.5854470994086107
3521,ENSG00000180921.7,0.5854057273353291
3522,ENSG00000228300.14,0.5854047034706507
3523,ENSG00000014914.21,0.5853832681944979
3524,ENSG00000067082.15,0.5850546055253135
3525,ENSG00000105327.18,0.5850278811134552
3526,ENSG00000225614.4,0.5848211286862042
3527,ENSG00000103044.11,0.5847896831188992
3528,ENSG00000108829.10,0.5844826424691326
3529,ENSG00000141349.8,0.5843302118502786
3530,ENSG00000066855.16,0.5841966393591308
3531,ENSG00000120756.13,0.5840892044172777
3532,ENSG00000120992.18,0.5838947301516942
3533,ENSG00000155254.13,0.5837846357726181
3534,ENSG00000198740.9,0.5834954974689919
3535,ENSG00000112761.21,0.5834812342505937
3536,ENSG00000188293.6,0.5834575344672912
3537,ENSG00000173376.14,0.5833903537237884
3538,ENSG00000078674.18,0.5833155582976255
3539,ENSG00000117528.14,0.5829726500821334
3540,ENSG00000157873.17,0.5828373761406721
3541,ENSG00000197405.8,0.5827917926218131
3542,ENSG00000130332.15,0.582624215935033
3543,ENSG00000175505.11,0.5821205809676274
3544,ENSG00000139438.6,0.5820306734126646
3545,ENSG00000123560.14,0.5820011136303282
3546,ENSG00000132849.21,0.5819853090717981
3547,ENSG00000100065.15,0.5819737246848474
3548,ENSG00000144655.15,0.5818141372783102
3549,ENSG00000135047.16,0.5818112739612932
3550,ENSG00000100625.9,0.5814015562878007
3551,ENSG00000185386.15,0.5813735133045679
3552,ENSG00000103363.15,0.58119685092128
3553,ENSG00000141510.18,0.5811746643873379
3554,ENSG00000198523.6,0.5808400418546521
3555,ENSG00000182118.8,0.5808247393024266
3556,ENSG00000079308.19,0.5806157752272184
3557,ENSG00000171444.18,0.5805948444318955
3558,ENSG00000183049.13,0.5803723055180292
3559,ENSG00000204498.11,0.5799696958733725
3560,ENSG00000132622.11,0.5798207999262031
3561,ENSG00000157557.13,0.5796490777338343
3562,ENSG00000164691.18,0.5796077889155425
3563,ENSG00000171302.17,0.5795296970482909
3564,ENSG00000172809.13,0.5794302300745172
3565,ENSG00000227234.2,0.5793780964577613
3566,ENSG00000213316.10,0.579183383244985
3567,ENSG00000079215.14,0.5790871662010691
3568,ENSG00000104435.14,0.579039073835495
3569,ENSG00000166922.8,0.5784448844218623
3570,ENSG00000150093.20,0.5783085316189721
3571,ENSG00000176244.7,0.578268651568437
3572,ENSG00000129932.10,0.5781756007011362
3573,ENSG00000176533.13,0.5781687430707064
3574,ENSG00000043462.13,0.5781542463644783
3575,ENSG00000154380.17,0.5780890993145038
3576,ENSG00000167797.8,0.5780889097431067
3577,ENSG00000176105.14,0.5780426443931257
3578,ENSG00000072818.12,0.5778803523895766
3579,ENSG00000177732.8,0.5776743790324083
3580,ENSG00000151692.15,0.5775948342878783
3581,ENSG00000119508.18,0.5771565533207443
3582,ENSG00000205220.12,0.5769875985584316
3583,ENSG00000130396.20,0.5767545268779394
3584,ENSG00000163909.8,0.5764641611644299
3585,ENSG00000178719.17,0.5763999177155188
3586,ENSG00000174705.13,0.5763133483003897
3587,ENSG00000079335.20,0.5763003158164618
3588,ENSG00000170558.10,0.576156338975884
3589,ENSG00000005379.17,0.5755091441948789
3590,ENSG00000006757.12,0.5754779020061502
3591,ENSG00000158715.6,0.575374918385868
3592,ENSG00000143367.16,0.5752955120181155
3593,ENSG00000087301.9,0.5748131559208877
3594,ENSG00000183048.12,0.5747261784605985
3595,ENSG00000168702.18,0.5744933565631366
3596,ENSG00000007264.15,0.5744670462133972
3597,ENSG00000008988.11,0.5741223662075386
3598,ENSG00000138814.17,0.5740430841770932
3599,ENSG00000164405.11,0.5738655601506267
3600,ENSG00000136603.14,0.5736588382404624
3601,ENSG00000058668.15,0.5736407731540272
3602,ENSG00000105131.8,0.5734965000494606
3603,ENSG00000150347.16,0.5733736477737479
3604,ENSG00000081320.11,0.5733492887119622
3605,ENSG00000111796.4,0.5732725916672401
3606,ENSG00000140988.16,0.5731304332235412
3607,ENSG00000141696.13,0.5730128956972778
3608,ENSG00000185043.12,0.5729560401874907
3609,ENSG00000160949.17,0.5728912083057819
3610,ENSG00000153071.15,0.572851627015453
3611,ENSG00000136010.14,0.5728493395329314
3612,ENSG00000065809.13,0.5727672176337816
3613,ENSG00000170889.14,0.5726282442833724
3614,ENSG00000112294.14,0.5724750674888714
3615,ENSG00000107223.13,0.5724741460560545
3616,ENSG00000113070.8,0.5723319128013473
3617,ENSG00000188186.10,0.5723134700076387
3618,ENSG00000137142.5,0.5721749326611851
3619,ENSG00000240184.7,0.5720777711259422
3620,ENSG00000158062.20,0.5719837925691766
3621,ENSG00000196396.10,0.5718530590212725
3622,ENSG00000179820.16,0.5717769182093972
3623,ENSG00000244405.8,0.5716215585530832
3624,ENSG00000168772.11,0.5714908470038725
3625,ENSG00000158481.13,0.5714899663340607
3626,ENSG00000137154.13,0.57148826533094
3627,ENSG00000113742.14,0.5714262561387925
3628,ENSG00000268089.3,0.5709214754910704
3629,ENSG00000125827.9,0.5707507007668741
3630,ENSG00000087074.8,0.5705323057020624
3631,ENSG00000134470.21,0.5702941429997151
3632,ENSG00000148341.18,0.5700476848171795
3633,ENSG00000157766.19,0.5696726525815166
3634,ENSG00000188921.14,0.5696368594711635
3635,ENSG00000174946.7,0.5694574032615726
3636,ENSG00000107957.16,0.5694183521053808
3637,ENSG00000095713.14,0.5694143576646048
3638,ENSG00000144824.21,0.5693743595542445
3639,ENSG00000164379.7,0.5693700327306205
3640,ENSG00000166313.19,0.5692455689390655
3641,ENSG00000105538.10,0.5692371920255723
3642,ENSG00000064309.14,0.5689384494575206
3643,ENSG00000103056.12,0.5687004308653196
3644,ENSG00000144228.9,0.5684307752799188
3645,ENSG00000099377.14,0.5683865751618079
3646,ENSG00000122884.12,0.568306909403206
3647,ENSG00000143870.13,0.5682082438826275
3648,ENSG00000116649.10,0.5681175895029351
3649,ENSG00000183617.5,0.5678718115375099
3650,ENSG00000167925.16,0.5678196574593274
3651,ENSG00000105202.9,0.5676646644928506
3652,ENSG00000164897.14,0.5676566900289406
3653,ENSG00000051180.17,0.5674595588511746
3654,ENSG00000111012.10,0.5674080728658297
3655,ENSG00000143194.13,0.567240903874257
3656,ENSG00000102221.14,0.5672301967725143
3657,ENSG00000235173.7,0.5671727285726573
3658,ENSG00000118257.17,0.5671076172017347
3659,ENSG00000198753.12,0.5670954008815597
3660,ENSG00000000938.13,0.5669436057297431
3661,ENSG00000123505.19,0.5669370322589726
3662,ENSG00000184216.14,0.5669138541533197
3663,ENSG00000137496.18,0.566857206002634
3664,ENSG00000185008.17,0.5668524557573197
3665,ENSG00000156006.5,0.5668163216860659
3666,ENSG00000086570.12,0.5667097688204142
3667,ENSG00000197785.14,0.5666594192090836
3668,ENSG00000110080.20,0.5665991936510151
3669,ENSG00000204681.11,0.5663990081434644
3670,ENSG00000101347.10,0.5663639456859674
3671,ENSG00000167363.14,0.5663168334572739
3672,ENSG00000167468.18,0.5662799661321827
3673,ENSG00000184925.12,0.5662355690673797
3674,ENSG00000276547.1,0.5661353527454662
3675,ENSG00000010292.13,0.5661268061831001
3676,ENSG00000095303.17,0.5660364611124843
3677,ENSG00000088386.17,0.5659608624305212
3678,ENSG00000186260.17,0.565722159089501
3679,ENSG00000134250.20,0.5657094274182066
3680,ENSG00000183801.8,0.5654923404210105
3681,ENSG00000175130.7,0.5650189660116427
3682,ENSG00000168283.14,0.5647819484528591
3683,ENSG00000156414.19,0.5646880176041157
3684,ENSG00000121895.8,0.5646087889716084
3685,ENSG00000128298.17,0.5644950593795492
3686,ENSG00000101384.12,0.5644767430538646
3687,ENSG00000184428.13,0.5644422241789052
3688,ENSG00000153395.10,0.5644307005756732
3689,ENSG00000102683.8,0.5641651881447839
3690,ENSG00000111199.12,0.5641222566383666
3691,ENSG00000108826.16,0.5640400155603925
3692,ENSG00000138829.12,0.5640128783228422
3693,ENSG00000131143.10,0.5638903247077719
3694,ENSG00000132541.11,0.5638801156071097
3695,ENSG00000168938.6,0.5637931991358427
3696,ENSG00000049768.16,0.5634165905537727
3697,ENSG00000123066.9,0.5633140467671148
3698,ENSG00000160948.14,0.5627383792913729
3699,ENSG00000205221.12,0.5626293331972579
3700,ENSG00000076344.16,0.5626222360941059
3701,ENSG00000180879.14,0.5625427615719696
3702,ENSG00000123191.16,0.5623512971658228
3703,ENSG00000184232.9,0.562330666757536
3704,ENSG00000099985.4,0.561799244905741
3705,ENSG00000187867.10,0.5617858201732031
3706,ENSG00000112759.19,0.5617359031554929
3707,ENSG00000185585.20,0.5617219959668012
3708,ENSG00000104814.13,0.5616824169700417
3709,ENSG00000129173.13,0.5615624935887866
3710,ENSG00000122386.11,0.561194701224491
3711,ENSG00000060140.9,0.5610497325910745
3712,ENSG00000077092.19,0.5609260457420646
3713,ENSG00000087460.27,0.5606605279388257
3714,ENSG00000073350.14,0.5603896418331015
3715,ENSG00000128185.10,0.5603519197450304
3716,ENSG00000124813.23,0.5602343230721875
3717,ENSG00000187122.17,0.5600933196819108
3718,ENSG00000173705.9,0.5600876600746789
3719,ENSG00000158055.16,0.5599499169191229
3720,ENSG00000142669.15,0.5597091187896089
3721,ENSG00000175274.19,0.5596527731473999
3722,ENSG00000242732.4,0.559646206109093
3723,ENSG00000189320.9,0.559433914610521
3724,ENSG00000125538.12,0.559397483023285
3725,ENSG00000100060.18,0.5590519674850811
3726,ENSG00000173641.18,0.5590352870495945
3727,ENSG00000121742.19,0.5590033055609297
3728,ENSG00000176986.16,0.5588995277134412
3729,ENSG00000168061.17,0.5587042194558339
3730,ENSG00000126752.8,0.558447476801886
3731,ENSG00000170906.16,0.5584294383016494
3732,ENSG00000165568.18,0.558157502803949
3733,ENSG00000112175.8,0.5581477819537052
3734,ENSG00000179604.10,0.5580768896914878
3735,ENSG00000108960.9,0.5579440972885839
3736,ENSG00000140285.12,0.5578638175861839
3737,ENSG00000129355.7,0.557485700223982
3738,ENSG00000126453.9,0.5569205810858763
3739,ENSG00000242612.7,0.5567839010131035
3740,ENSG00000142197.12,0.5565259600044418
3741,ENSG00000185811.19,0.5564212338474379
3742,ENSG00000213339.9,0.5561316651605436
3743,ENSG00000148400.12,0.5559940372147173
3744,ENSG00000169258.7,0.5559428237184767
3745,ENSG00000120896.13,0.5559391022062226
3746,ENSG00000067836.13,0.555930042761249
3747,ENSG00000197822.11,0.5558359518191401
3748,ENSG00000110436.13,0.5558314892404391
3749,ENSG00000197471.12,0.555756622353205
3750,ENSG00000213563.7,0.5557241901439745
3751,ENSG00000153944.12,0.5556642756600929
3752,ENSG00000081059.20,0.5555774774159278
3753,ENSG00000139737.22,0.5553614237885514
3754,ENSG00000137166.16,0.5553363857201661
3755,ENSG00000180263.14,0.5553118085926603
3756,ENSG00000148948.8,0.555214629774826
3757,ENSG00000164105.4,0.5551938879915881
3758,ENSG00000120162.10,0.5550691466698312
3759,ENSG00000149428.19,0.554933316109474
3760,ENSG00000183072.10,0.5548758084328397
3761,ENSG00000142541.18,0.5548226756174846
3762,ENSG00000151929.10,0.5547647341668938
3763,ENSG00000173137.12,0.5547500200109395
3764,ENSG00000177548.13,0.5546127741483189
3765,ENSG00000256235.2,0.5546032413839393
3766,ENSG00000150625.16,0.5545842545073149
3767,ENSG00000145592.14,0.5544142362597699
3768,ENSG00000221978.12,0.5543833705191927
3769,ENSG00000168476.12,0.5542900623665722
3770,ENSG00000144815.16,0.5538557148765698
3771,ENSG00000126005.17,0.5537628968438626
3772,ENSG00000197837.3,0.5536160293726439
3773,ENSG00000125434.11,0.5533572015525539
3774,ENSG00000113719.16,0.5533225868495096
3775,ENSG00000103266.11,0.5532262049445723
3776,ENSG00000173599.15,0.5530709942051457
3777,ENSG00000048740.18,0.5530391499719957
3778,ENSG00000188171.16,0.5529185523622637
3779,ENSG00000159374.17,0.5525261294677801
3780,ENSG00000140264.21,0.5524378952963173
3781,ENSG00000130724.9,0.5522632306024202
3782,ENSG00000183578.8,0.5521592358284169
3783,ENSG00000169241.19,0.5520941863462332
3784,ENSG00000124422.12,0.5518328728511386
3785,ENSG00000153904.21,0.551783012296698
3786,ENSG00000136040.9,0.5517099307758659
3787,ENSG00000119333.11,0.5515990559985003
3788,ENSG00000133816.17,0.5514320723536993
3789,ENSG00000168918.14,0.5513641257638142
3790,ENSG00000101986.12,0.5513397562955145
3791,ENSG00000105552.15,0.5513370253901001
3792,ENSG00000164023.14,0.5512296008781474
3793,ENSG00000114923.17,0.5511997479687859
3794,ENSG00000118369.13,0.5509987237558762
3795,ENSG00000134222.16,0.5509791129965412
3796,ENSG00000170961.7,0.550914087710686
3797,ENSG00000254709.8,0.5507776765502326
3798,ENSG00000111801.16,0.5507702392856748
3799,ENSG00000131389.17,0.5507471577070173
3800,ENSG00000135378.4,0.5506887352088233
3801,ENSG00000074071.15,0.5506666499548724
3802,ENSG00000171163.16,0.5506640825215596
3803,ENSG00000143515.19,0.5505546939340251
3804,ENSG00000110717.13,0.5503853053583231
3805,ENSG00000130202.10,0.5503819866514424
3806,ENSG00000183876.9,0.5501103201042561
3807,ENSG00000163808.17,0.5500830909128558
3808,ENSG00000134460.18,0.5500300283278545
3809,ENSG00000131773.14,0.5498619436359186
3810,ENSG00000122136.14,0.5497650582993694
3811,ENSG00000131094.4,0.5496801709141033
3812,ENSG00000156103.16,0.5496259101755724
3813,ENSG00000103489.12,0.5494825164519254
3814,ENSG00000170624.13,0.5493748542047681
3815,ENSG00000112312.10,0.5493090430462455
3816,ENSG00000162618.15,0.5492869661959741
3817,ENSG00000143036.17,0.5492346502972835
3818,ENSG00000197930.13,0.5490078259311928
3819,ENSG00000144681.10,0.5486520825919777
3820,ENSG00000067113.17,0.5486378310944341
3821,ENSG00000171310.11,0.5486020154936857
3822,ENSG00000128268.12,0.5484625478358753
3823,ENSG00000175591.12,0.548349357958658
3824,ENSG00000091513.16,0.5482817563935629
3825,ENSG00000169718.18,0.5481320977352181
3826,ENSG00000100726.15,0.5480463407157417
3827,ENSG00000174917.9,0.5477521632344637
3828,ENSG00000168653.11,0.5477280553492838
3829,ENSG00000164924.18,0.5477115729488166
3830,ENSG00000177666.17,0.5476609373851927
3831,ENSG00000115825.11,0.5473991604199584
3832,ENSG00000120137.7,0.5473427350076742
3833,ENSG00000162104.10,0.5472384881570418
3834,ENSG00000135324.6,0.5471122552913581
3835,ENSG00000125844.16,0.5470364615098888
3836,ENSG00000129465.16,0.5469905362465962
3837,ENSG00000154146.13,0.5467532203490408
3838,ENSG00000171992.13,0.5465829284795107
3839,ENSG00000111077.18,0.5463804864334559
3840,ENSG00000154478.4,0.5462937564758249
3841,ENSG00000105193.9,0.5462681324943156
3842,ENSG00000128709.13,0.5462402396389402
3843,ENSG00000169851.15,0.5461970359191899
3844,ENSG00000118707.11,0.546159342651681
3845,ENSG00000177888.8,0.5458124476420642
3846,ENSG00000074696.13,0.5458111424949837
3847,ENSG00000082512.15,0.5457017041757452
3848,ENSG00000043143.20,0.5456807349172119
3849,ENSG00000164985.15,0.5456761282150469
3850,ENSG00000183527.12,0.5456559043033624
3851,ENSG00000123240.17,0.5456031271357539
3852,ENSG00000168477.19,0.54558918816525
3853,ENSG00000171522.6,0.545580272156039
3854,ENSG00000168056.17,0.5455542710957346
3855,ENSG00000007541.17,0.5453272588767146
3856,ENSG00000120278.16,0.5451247559499274
3857,ENSG00000161638.11,0.5450959828687149
3858,ENSG00000159176.14,0.5449441709587458
3859,ENSG00000158710.15,0.5447839576119415
3860,ENSG00000140678.17,0.5446920411013646
3861,ENSG00000147684.10,0.5445490540174097
3862,ENSG00000167085.13,0.5444624246859737
3863,ENSG00000114019.15,0.5443916804983293
3864,ENSG00000215252.11,0.5443813132620234
3865,ENSG00000162729.14,0.5441579428608683
3866,ENSG00000162244.12,0.5440760783864114
3867,ENSG00000155961.5,0.5440235134043176
3868,ENSG00000172215.6,0.543879571694734
3869,ENSG00000104413.18,0.5438635382600989
3870,ENSG00000162910.19,0.5435004741572348
3871,ENSG00000119655.11,0.5434467268655933
3872,ENSG00000117114.20,0.5433345528221509
3873,ENSG00000105617.4,0.54324944829642
3874,ENSG00000160712.13,0.5432006131825267
3875,ENSG00000138448.12,0.5431572345711159
3876,ENSG00000151718.16,0.5430141804488058
3877,ENSG00000143226.15,0.5430138536496641
3878,ENSG00000123136.15,0.5430074528792307
3879,ENSG00000174156.15,0.5426476188467252
3880,ENSG00000060982.15,0.5425778422560372
3881,ENSG00000166402.9,0.5425006481832467
3882,ENSG00000126890.13,0.5422068331351345
3883,ENSG00000171475.14,0.5419610573041655
3884,ENSG00000085719.13,0.5419350612058741
3885,ENSG00000189292.16,0.5417687406971526
3886,ENSG00000164741.15,0.541747097007093
3887,ENSG00000113387.12,0.541733348399606
3888,ENSG00000197345.13,0.5414790162487889
3889,ENSG00000099250.18,0.5414655788037772
3890,ENSG00000205268.11,0.5414506645542597
3891,ENSG00000106392.11,0.5412152955977839
3892,ENSG00000163507.14,0.541201991574435
3893,ENSG00000119986.7,0.5411110213573617
3894,ENSG00000039139.9,0.5410574685635879
3895,ENSG00000143776.18,0.5410513773432595
3896,ENSG00000100344.11,0.540953181939282
3897,ENSG00000143774.17,0.5407199507744699
3898,ENSG00000112242.15,0.540679502498208
3899,ENSG00000019186.10,0.540612389467445
3900,ENSG00000167613.16,0.5404387434825758
3901,ENSG00000213937.4,0.5402943386854357
3902,ENSG00000181381.14,0.5402662235477279
3903,ENSG00000188191.15,0.540215024464914
3904,ENSG00000117298.16,0.5395881355368815
3905,ENSG00000113209.9,0.539447701532926
3906,ENSG00000164961.16,0.5394109648785965
3907,ENSG00000171298.13,0.5393247436309464
3908,ENSG00000103381.12,0.5393142158353703
3909,ENSG00000102981.10,0.5392966509705958
3910,ENSG00000162191.14,0.5390626125562965
3911,ENSG00000139192.12,0.5390527092580416
3912,ENSG00000115419.13,0.5387574841132349
3913,ENSG00000079739.17,0.538729503788199
3914,ENSG00000174059.17,0.5387208739849251
3915,ENSG00000154721.15,0.5385394048886197
3916,ENSG00000139182.15,0.5379933589282972
3917,ENSG00000162631.19,0.5379824336111906
3918,ENSG00000233276.7,0.5379397347027838
3919,ENSG00000130829.18,0.5378177887477055
3920,ENSG00000071859.15,0.5377170896446989
3921,ENSG00000085733.16,0.5377097626124012
3922,ENSG00000140280.14,0.5377011753701832
3923,ENSG00000165406.16,0.5376635886733656
3924,ENSG00000111962.8,0.5376547336511593
3925,ENSG00000117643.14,0.537630405915343
3926,ENSG00000058091.17,0.5376250579303288
3927,ENSG00000187051.9,0.5376155451478538
3928,ENSG00000145936.9,0.5376107935075148
3929,ENSG00000171813.14,0.537416122077063
3930,ENSG00000128335.14,0.5373526270256137
3931,ENSG00000136048.14,0.5373439887599031
3932,ENSG00000161970.15,0.5373335791518242
3933,ENSG00000197982.14,0.5373223494593453
3934,ENSG00000125901.6,0.5369911583588426
3935,ENSG00000010810.17,0.5369366553265074
3936,ENSG00000160209.19,0.536867558640194
3937,ENSG00000124256.15,0.5367115965412631
3938,ENSG00000123096.12,0.5366549601598771
3939,ENSG00000245848.3,0.53663191362866
3940,ENSG00000060491.16,0.5365503236314676
3941,ENSG00000284976.1,0.5364072748258247
3942,ENSG00000171224.9,0.5363283436586689
3943,ENSG00000164929.17,0.5362413378375177
3944,ENSG00000106278.12,0.536199869662517
3945,ENSG00000170545.17,0.5361705366664291
3946,ENSG00000165389.7,0.5360392467359966
3947,ENSG00000171631.15,0.5360111538038599
3948,ENSG00000135525.18,0.535905703840392
3949,ENSG00000205155.8,0.535822243929655
3950,ENSG00000169418.10,0.5353797335280535
3951,ENSG00000109424.4,0.5352412093979054
3952,ENSG00000131669.10,0.5352190800388862
3953,ENSG00000105701.16,0.535199395231183
3954,ENSG00000124074.12,0.5350880102124574
3955,ENSG00000163600.13,0.5350699577987997
3956,ENSG00000107872.13,0.5349717454628012
3957,ENSG00000102302.8,0.5348924005994838
3958,ENSG00000005020.13,0.5348735475404393
3959,ENSG00000110852.4,0.5348333435778415
3960,ENSG00000162627.17,0.5346834248208137
3961,ENSG00000167208.15,0.534448454472897
3962,ENSG00000231500.7,0.5342796517879799
3963,ENSG00000182162.11,0.534274046984632
3964,ENSG00000097096.9,0.5342491220636576
3965,ENSG00000159348.13,0.534223519957643
3966,ENSG00000198171.13,0.5341495943072212
3967,ENSG00000072840.13,0.5341281953327723
3968,ENSG00000178096.9,0.5340782391592034
3969,ENSG00000203785.9,0.5340193043995499
3970,ENSG00000147677.11,0.5340107432073303
3971,ENSG00000176619.13,0.5336425683003883
3972,ENSG00000087191.13,0.533622384072396
3973,ENSG00000147604.14,0.5333307883331394
3974,ENSG00000107404.20,0.532986328975972
3975,ENSG00000100558.9,0.5326483610987315
3976,ENSG00000141378.15,0.5325624483400704
3977,ENSG00000153823.19,0.5324210561014253
3978,ENSG00000111775.3,0.5323108933463868
3979,ENSG00000165512.5,0.532265032453176
3980,ENSG00000133124.11,0.5322380993848019
3981,ENSG00000106853.20,0.5321379530191351
3982,ENSG00000204060.7,0.5321081563534021
3983,ENSG00000181631.7,0.5321060015189655
3984,ENSG00000166415.15,0.5319389407615902
3985,ENSG00000196407.12,0.5319245284521205
3986,ENSG00000076944.16,0.5317680134702412
3987,ENSG00000126264.10,0.5316705555561502
3988,ENSG00000138834.14,0.5316297675942925
3989,ENSG00000168675.19,0.5315680270175963
3990,ENSG00000143674.11,0.5313553074923713
3991,ENSG00000104517.13,0.5313375846292034
3992,ENSG00000226887.8,0.5311856122579939
3993,ENSG00000183696.14,0.5311766079993548
3994,ENSG00000185291.12,0.5311046522019888
3995,ENSG00000104427.12,0.5310255571979415
3996,ENSG00000100139.13,0.5309569898716462
3997,ENSG00000119280.17,0.5309426916923904
3998,ENSG00000214357.9,0.5308709189733384
3999,ENSG00000167674.15,0.5307334827250624
4000,ENSG00000145794.17,0.5306857730364227
4001,ENSG00000101400.6,0.5305548175030458
4002,ENSG00000100299.18,0.5305359022471622
4003,ENSG00000132872.12,0.5305327888793727
4004,ENSG00000166341.8,0.5304963053215819
4005,ENSG00000266338.6,0.5304953031316911
4006,ENSG00000127743.6,0.5304169323115593
4007,ENSG00000006125.18,0.5303942214683368
4008,ENSG00000135048.14,0.5301309642410499
4009,ENSG00000136052.9,0.5300911070164415
4010,ENSG00000123342.16,0.5299818510404344
4011,ENSG00000140450.9,0.5299316151808837
4012,ENSG00000177189.14,0.5299116342792105
4013,ENSG00000117335.20,0.5295888492658106
4014,ENSG00000198223.17,0.5295688217243979
4015,ENSG00000169504.15,0.5295546670347783
4016,ENSG00000197565.16,0.5294581730734002
4017,ENSG00000171863.15,0.5294022260438601
4018,ENSG00000197070.14,0.5293729100702517
4019,ENSG00000131019.11,0.5292615672120887
4020,ENSG00000170522.10,0.5292584078013598
4021,ENSG00000094796.5,0.529251268086021
4022,ENSG00000182325.11,0.529222298075972
4023,ENSG00000151883.19,0.5291834619469201
4024,ENSG00000179918.19,0.529159473770983
4025,ENSG00000023892.11,0.5291473135830914
4026,ENSG00000197858.11,0.528928152953307
4027,ENSG00000155465.20,0.528473550812753
4028,ENSG00000125835.19,0.528370803936536
4029,ENSG00000115159.16,0.5283558874880819
4030,ENSG00000173482.17,0.5283084889458406
4031,ENSG00000133639.6,0.5282826222707192
4032,ENSG00000152217.20,0.5281893026450233
4033,ENSG00000158714.11,0.5281791504610432
4034,ENSG00000162702.8,0.5280302444267496
4035,ENSG00000110013.13,0.5280126158144071
4036,ENSG00000106991.14,0.527957272676417
4037,ENSG00000197442.10,0.5273657221475834
4038,ENSG00000052802.13,0.5273511384477235
4039,ENSG00000090530.10,0.5272303084669516
4040,ENSG00000137404.14,0.5271577541555764
4041,ENSG00000168765.17,0.5270597375343326
4042,ENSG00000131979.20,0.5270397400852121
4043,ENSG00000133265.11,0.5269528951793194
4044,ENSG00000203814.6,0.5269021823322828
4045,ENSG00000135940.7,0.5264391415516381
4046,ENSG00000149564.12,0.5263993824648322
4047,ENSG00000133112.17,0.5262709517856557
4048,ENSG00000179950.14,0.5262594185167319
4049,ENSG00000116406.19,0.5261472435552582
4050,ENSG00000154447.15,0.5261420845340639
4051,ENSG00000132437.18,0.5261079543718138
4052,ENSG00000100055.21,0.5260262595402547
4053,ENSG00000168758.11,0.5257569947485685
4054,ENSG00000161179.14,0.5254227068002123
4055,ENSG00000105649.10,0.5254114537705081
4056,ENSG00000146938.16,0.5253450768817148
4057,ENSG00000076826.10,0.5251564464307753
4058,ENSG00000241468.8,0.5250528169585986
4059,ENSG00000111266.9,0.5249656560200046
4060,ENSG00000261115.6,0.5249598979770592
4061,ENSG00000095203.14,0.5249244511475457
4062,ENSG00000142185.16,0.524882216529666
4063,ENSG00000176428.6,0.5248414797683442
4064,ENSG00000070759.17,0.5248132325279543
4065,ENSG00000118495.20,0.5246319852200687
4066,ENSG00000144668.12,0.5245709207320775
4067,ENSG00000117013.17,0.524540558977267
4068,ENSG00000166292.12,0.5244980139869868
4069,ENSG00000134590.14,0.5243341209188539
4070,ENSG00000076604.15,0.524259672804101
4071,ENSG00000150361.12,0.52416863914965
4072,ENSG00000181513.15,0.5241554578937963
4073,ENSG00000278318.5,0.5241492584977431
4074,ENSG00000127415.13,0.5241458122342361
4075,ENSG00000152778.9,0.5240728231195178
4076,ENSG00000120156.22,0.5240343382093061
4077,ENSG00000107537.14,0.5237469809999874
4078,ENSG00000163931.16,0.5236417725946073
4079,ENSG00000128011.5,0.5235864685437127
4080,ENSG00000183077.15,0.5235606737122659
4081,ENSG00000136111.14,0.5235414714846132
4082,ENSG00000130511.16,0.5234875525598026
4083,ENSG00000123143.13,0.5234030696193844
4084,ENSG00000165061.15,0.5233561054845999
4085,ENSG00000057252.13,0.5233048840909604
4086,ENSG00000178821.13,0.523269997330854
4087,ENSG00000221923.9,0.5232506541953467
4088,ENSG00000158201.10,0.5231845447297379
4089,ENSG00000066777.9,0.5230369425589185
4090,ENSG00000123453.18,0.5228154941106752
4091,ENSG00000137547.9,0.522805454056349
4092,ENSG00000152926.15,0.5227771150880779
4093,ENSG00000146410.12,0.5227440892979828
4094,ENSG00000074201.9,0.52271203228853
4095,ENSG00000152104.12,0.5226827181715002
4096,ENSG00000183340.7,0.5226785653462094
4097,ENSG00000120049.20,0.5226590348104081
4098,ENSG00000118418.14,0.52257227758513
4099,ENSG00000104823.9,0.522550370376997
4100,ENSG00000158669.11,0.5225222007917305
4101,ENSG00000162783.11,0.5224724015079011
4102,ENSG00000170153.11,0.5223735884549588
4103,ENSG00000143344.16,0.5223184265804832
4104,ENSG00000175467.15,0.5222315695255497
4105,ENSG00000100075.10,0.5221508461552448
4106,ENSG00000198369.10,0.5219639949215935
4107,ENSG00000048392.12,0.521820841182162
4108,ENSG00000197646.8,0.5218034400844715
4109,ENSG00000177098.9,0.5216152997702829
4110,ENSG00000143314.12,0.5216116915308163
4111,ENSG00000109790.16,0.521539999554106
4112,ENSG00000179772.8,0.5215084642842908
4113,ENSG00000121413.13,0.5214938408506009
4114,ENSG00000164032.12,0.5214710274828063
4115,ENSG00000173660.12,0.5214372063714324
4116,ENSG00000167543.16,0.5212646550371004
4117,ENSG00000101000.6,0.5212422369749076
4118,ENSG00000162105.19,0.5209670843076201
4119,ENSG00000090565.17,0.520764196872478
4120,ENSG00000143147.14,0.5207129205585261
4121,ENSG00000273542.2,0.5206575740680919
4122,ENSG00000115464.15,0.5205910510067379
4123,ENSG00000074590.13,0.520305654647444
4124,ENSG00000165959.12,0.520184822518282
4125,ENSG00000120725.13,0.520181901238593
4126,ENSG00000130723.21,0.5200729555726228
4127,ENSG00000179163.12,0.5199826624703582
4128,ENSG00000139144.11,0.5199340121527581
4129,ENSG00000146232.17,0.5198942827077896
4130,ENSG00000106348.18,0.5198768274619832
4131,ENSG00000034053.14,0.5197277735545198
4132,ENSG00000187601.5,0.519718949137289
4133,ENSG00000100889.12,0.5194863618065116
4134,ENSG00000126351.13,0.519336072847787
4135,ENSG00000176340.4,0.5192289722058632
4136,ENSG00000069399.15,0.5191903170542963
4137,ENSG00000107165.13,0.519181952560392
4138,ENSG00000122824.11,0.5190993667289522
4139,ENSG00000100078.4,0.5189956112408963
4140,ENSG00000182718.18,0.5189662405349058
4141,ENSG00000123728.10,0.5189629703365746
4142,ENSG00000100129.18,0.5189593398660722
4143,ENSG00000119787.14,0.5187919595536468
4144,ENSG00000216921.9,0.5187555119925705
4145,ENSG00000172232.10,0.5186032929755802
4146,ENSG00000108773.11,0.5184163643347038
4147,ENSG00000139998.16,0.5183080289159964
4148,ENSG00000179526.17,0.5181813506483075
4149,ENSG00000167232.14,0.5180612069648649
4150,ENSG00000123609.11,0.5176041143680451
4151,ENSG00000046774.10,0.5175729581378852
4152,ENSG00000169499.15,0.5175516027960709
4153,ENSG00000073008.15,0.5173482694613675
4154,ENSG00000167371.21,0.5172806468074359
4155,ENSG00000120437.9,0.5172078827942789
4156,ENSG00000160214.13,0.5171754812204457
4157,ENSG00000140398.14,0.5171118413549309
4158,ENSG00000136160.17,0.5171023645715692
4159,ENSG00000176101.12,0.51695466883692
4160,ENSG00000108786.11,0.5169134192257454
4161,ENSG00000130762.15,0.5168732374243981
4162,ENSG00000132359.15,0.5167565605917688
4163,ENSG00000198286.10,0.5167409276446916
4164,ENSG00000184545.11,0.5167002909679105
4165,ENSG00000123908.12,0.5166526821099715
4166,ENSG00000147251.15,0.516580273683169
4167,ENSG00000026950.17,0.5165290010910862
4168,ENSG00000146433.9,0.5164137600325283
4169,ENSG00000138623.10,0.5161118173114736
4170,ENSG00000140396.13,0.516078359046073
4171,ENSG00000188641.14,0.5160578894875208
4172,ENSG00000054392.13,0.5159536605958782
4173,ENSG00000116691.11,0.5159444072212447
4174,ENSG00000198826.11,0.5159320693311398
4175,ENSG00000158014.15,0.5158338803026763
4176,ENSG00000167244.21,0.5157150709562265
4177,ENSG00000163346.17,0.5156890353792352
4178,ENSG00000241878.11,0.5155612972881248
4179,ENSG00000120658.13,0.5155084669023624
4180,ENSG00000179841.8,0.5154832940439108
4181,ENSG00000143494.15,0.5154596491997635
4182,ENSG00000177791.12,0.5154094740869131
4183,ENSG00000164114.19,0.5153874117248172
4184,ENSG00000159216.19,0.5152928550680306
4185,ENSG00000257743.8,0.5152476108222478
4186,ENSG00000034677.13,0.5152312799547304
4187,ENSG00000088305.18,0.5149772979411034
4188,ENSG00000087884.14,0.514952781865129
4189,ENSG00000100596.7,0.5149464597192059
4190,ENSG00000170454.6,0.5147851782934058
4191,ENSG00000148291.10,0.5146490786823932
4192,ENSG00000075420.13,0.5145935836609882
4193,ENSG00000120068.7,0.5145430750343053
4194,ENSG00000166523.8,0.5144692002875764
4195,ENSG00000069122.19,0.5144523302497366
4196,ENSG00000101435.5,0.5144361677610376
4197,ENSG00000162976.13,0.5143802139733652
4198,ENSG00000156482.11,0.5143458983649876
4199,ENSG00000131042.15,0.5143090424905117
4200,ENSG00000185298.13,0.5140899344790758
4201,ENSG00000149633.12,0.514077413053742
4202,ENSG00000138778.13,0.5140329708067328
4203,ENSG00000154917.11,0.5140103933567644
4204,ENSG00000163219.12,0.5139024436289047
4205,ENSG00000177697.19,0.513832845209181
4206,ENSG00000073712.15,0.5137838536958339
4207,ENSG00000087008.16,0.5137803773370219
4208,ENSG00000139514.13,0.5137629235407875
4209,ENSG00000152253.9,0.5137444125368388
4210,ENSG00000158321.18,0.5135644543132797
4211,ENSG00000120694.20,0.5135489212659696
4212,ENSG00000102871.16,0.5135379269556019
4213,ENSG00000164983.7,0.513434026908427
4214,ENSG00000171241.9,0.5133988888044195
4215,ENSG00000138326.21,0.5133140868721644
4216,ENSG00000039560.14,0.5128504794147957
4217,ENSG00000172172.8,0.5127415268524229
4218,ENSG00000123329.20,0.5127369217662281
4219,ENSG00000123983.14,0.5126028118491728
4220,ENSG00000163659.13,0.5125306041387924
4221,ENSG00000102007.11,0.5123941016368824
4222,ENSG00000072832.15,0.5123468161662743
4223,ENSG00000009709.12,0.5123412123705294
4224,ENSG00000090776.6,0.5123031116130721
4225,ENSG00000072071.16,0.5122218194879086
4226,ENSG00000116670.15,0.5121816039288547
4227,ENSG00000099889.14,0.5119707002310264
4228,ENSG00000149541.10,0.5118216433847612
4229,ENSG00000182628.13,0.5117141726847917
4230,ENSG00000008300.17,0.511611569720664
4231,ENSG00000129625.13,0.5115613436448478
4232,ENSG00000237515.9,0.5115534925509813
4233,ENSG00000149599.15,0.5113099359056027
4234,ENSG00000171115.4,0.5112750850502972
4235,ENSG00000091972.18,0.5111015842065749
4236,ENSG00000099804.9,0.5110738310293643
4237,ENSG00000155366.17,0.5108808875208168
4238,ENSG00000070501.12,0.5107344201312638
4239,ENSG00000131626.19,0.5107342823048437
4240,ENSG00000197958.13,0.510616714017656
4241,ENSG00000108306.13,0.5105194937237946
4242,ENSG00000137872.17,0.5105149066360126
4243,ENSG00000118508.5,0.5104122122355501
4244,ENSG00000178222.13,0.5102942937874492
4245,ENSG00000184164.15,0.510230023420404
4246,ENSG00000109736.15,0.510045330158694
4247,ENSG00000181061.14,0.5097340197691274
4248,ENSG00000138613.14,0.5096900518125675
4249,ENSG00000125971.17,0.5095106386013175
4250,ENSG00000171316.12,0.5094568976237974
4251,ENSG00000177694.16,0.5094519315227537
4252,ENSG00000142530.11,0.5093265844170926
4253,ENSG00000104899.8,0.5093155268407007
4254,ENSG00000083845.9,0.5093034760438107
4255,ENSG00000127990.19,0.5092117146009832
4256,ENSG00000156650.14,0.5090105627654704
4257,ENSG00000186834.4,0.5089295350974886
4258,ENSG00000101236.17,0.5088969872214778
4259,ENSG00000132356.11,0.5088043346023402
4260,ENSG00000169607.13,0.5086123954740023
4261,ENSG00000161835.11,0.5084465912659997
4262,ENSG00000166441.13,0.508425689688247
4263,ENSG00000166562.9,0.5083953913345624
4264,ENSG00000126460.11,0.5083338031437565
4265,ENSG00000131914.11,0.5082242889602272
4266,ENSG00000169184.6,0.5081754696164592
4267,ENSG00000146540.15,0.5081631176971875
4268,ENSG00000100311.17,0.5081630358008293
4269,ENSG00000128052.10,0.5081530549582695
4270,ENSG00000170638.10,0.508060709925043
4271,ENSG00000214026.11,0.5080081244091709
4272,ENSG00000104852.15,0.5079273372624161
4273,ENSG00000135272.12,0.507892454029524
4274,ENSG00000123473.16,0.5078763161914229
4275,ENSG00000037042.9,0.5077783907066782
4276,ENSG00000108379.10,0.5075177546308103
4277,ENSG00000100242.15,0.5073952417106468
4278,ENSG00000142409.6,0.5073813637528389
4279,ENSG00000084234.18,0.5073722440011693
4280,ENSG00000165233.18,0.507202890363985
4281,ENSG00000106397.12,0.5071634038162758
4282,ENSG00000165269.13,0.5069838727637777
4283,ENSG00000197632.9,0.5069805415941384
4284,ENSG00000203797.12,0.5069673670669694
4285,ENSG00000183615.6,0.5069231512638938
4286,ENSG00000086504.17,0.5067181179380137
4287,ENSG00000198242.14,0.5066722731383047
4288,ENSG00000203837.5,0.5066027900826454
4289,ENSG00000204983.14,0.5065638649422389
4290,ENSG00000198736.12,0.5064588824696864
4291,ENSG00000100316.16,0.506365754439567
4292,ENSG00000162062.15,0.506056332325878
4293,ENSG00000171840.12,0.5060045401142703
4294,ENSG00000172725.14,0.505997273483768
4295,ENSG00000156299.13,0.5059554606361684
4296,ENSG00000118402.6,0.5058944346461373
4297,ENSG00000160716.6,0.5058683506697192
4298,ENSG00000182534.13,0.5058622059732791
4299,ENSG00000185305.11,0.5056615422596364
4300,ENSG00000158966.16,0.5055834599342277
4301,ENSG00000134884.15,0.5054617160457213
4302,ENSG00000187688.15,0.5053896195409848
4303,ENSG00000108798.9,0.505249055360978
4304,ENSG00000153162.9,0.50512998785448
4305,ENSG00000068650.18,0.5050962687361662
4306,ENSG00000173715.18,0.5049901109457625
4307,ENSG00000196189.13,0.5049534392543189
4308,ENSG00000101425.14,0.5049307959531836
4309,ENSG00000149243.16,0.5046924426183749
4310,ENSG00000115257.15,0.5046017380213699
4311,ENSG00000226742.4,0.5045438553921224
4312,ENSG00000171864.5,0.5044134125975985
4313,ENSG00000224051.7,0.5043903739941871
4314,ENSG00000196793.14,0.5043456470088599
4315,ENSG00000128595.17,0.5043179543746357
4316,ENSG00000005448.17,0.5042837367297291
4317,ENSG00000164638.10,0.5042616958912017
4318,ENSG00000175197.12,0.5042594245125329
4319,ENSG00000160181.9,0.5042368942525076
4320,ENSG00000110057.8,0.5042188197742192
4321,ENSG00000198805.12,0.5040528478780837
4322,ENSG00000177675.9,0.5039287536777894
4323,ENSG00000204052.4,0.5038668952889885
4324,ENSG00000218336.9,0.5037238908400177
4325,ENSG00000088543.15,0.5036218890719231
4326,ENSG00000092010.15,0.5034865496683181
4327,ENSG00000169220.18,0.5034352564666925
4328,ENSG00000186468.13,0.5034300635807194
4329,ENSG00000176890.16,0.5033546896958708
4330,ENSG00000167851.15,0.5032532281019528
4331,ENSG00000182621.18,0.5031518028676204
4332,ENSG00000161618.10,0.5031082357838981
4333,ENSG00000169252.6,0.5030646585738408
4334,ENSG00000077348.9,0.5029631466031066
4335,ENSG00000185022.12,0.5029282101032432
4336,ENSG00000129474.16,0.5028262281620391
4337,ENSG00000105135.16,0.5027035752844661
4338,ENSG00000002330.14,0.5026841279161912
4339,ENSG00000126456.16,0.502547427866202
4340,ENSG00000105270.15,0.5025329151372341
4341,ENSG00000140368.13,0.5024941615320915
4342,ENSG00000047634.15,0.5023606734523536
4343,ENSG00000128591.16,0.5022515818640096
4344,ENSG00000100350.15,0.5021792543760549
4345,ENSG00000158292.7,0.5019968799017309
4346,ENSG00000078399.19,0.5019575973262796
4347,ENSG00000168071.22,0.5018498899309599
4348,ENSG00000157570.12,0.5017774737578957
4349,ENSG00000165973.19,0.5016615618495182
4350,ENSG00000127152.18,0.5015814046598448
4351,ENSG00000115507.10,0.5013560960647161
4352,ENSG00000166595.12,0.5009736390031901
4353,ENSG00000165757.9,0.5009494733149369
4354,ENSG00000174498.14,0.5009416833651765
4355,ENSG00000165804.16,0.5009241245689519
4356,ENSG00000157778.9,0.50085578290767
4357,ENSG00000214063.11,0.5007834274498071
4358,ENSG00000183386.10,0.5006218410354296
4359,ENSG00000271447.6,0.5006136034288249
4360,ENSG00000175662.18,0.5004086178385958
4361,ENSG00000173153.17,0.5003901461913057
4362,ENSG00000113580.15,0.5003635210244192
4363,ENSG00000151090.20,0.500223544928442
4364,ENSG00000136810.13,0.5002033763561137
4365,ENSG00000104312.8,0.5001562647447237
4366,ENSG00000140983.14,0.5000311084860121
4367,ENSG00000070018.9,0.49994567032671694
4368,ENSG00000109475.16,0.4998853397624586
4369,ENSG00000174125.8,0.49939212567228264
4370,ENSG00000137266.15,0.4993081019956748
4371,ENSG00000138758.12,0.4992389589326129
4372,ENSG00000116977.19,0.49917699801169635
4373,ENSG00000139835.14,0.4991570413819936
4374,ENSG00000269190.6,0.49914763359455644
4375,ENSG00000119943.13,0.4991121692744384
4376,ENSG00000112972.15,0.49910778349934126
4377,ENSG00000132635.17,0.4987041518916583
4378,ENSG00000140374.16,0.4986295789024365
4379,ENSG00000116586.12,0.49862271369764694
4380,ENSG00000135476.12,0.49853731488111597
4381,ENSG00000121621.7,0.4983079641764815
4382,ENSG00000205309.14,0.4982823854160018
4383,ENSG00000105185.12,0.4982605132004993
4384,ENSG00000142937.12,0.49808724450186515
4385,ENSG00000141524.17,0.4979846949571795
4386,ENSG00000143457.11,0.4979362344517043
4387,ENSG00000174808.12,0.4978084592075309
4388,ENSG00000113916.18,0.4977621230509702
4389,ENSG00000162437.14,0.4976573963252854
4390,ENSG00000232112.3,0.49754820499232777
4391,ENSG00000028116.18,0.4973392432138733
4392,ENSG00000126785.13,0.4973373578795388
4393,ENSG00000168589.15,0.49724435923355825
4394,ENSG00000176692.8,0.4972029799871939
4395,ENSG00000167106.12,0.49701175826340743
4396,ENSG00000132646.11,0.4968979852563129
4397,ENSG00000170909.13,0.4966418213455385
4398,ENSG00000083814.13,0.49652045823199437
4399,ENSG00000182168.15,0.49644221340737044
4400,ENSG00000110697.13,0.4963470534702482
4401,ENSG00000131238.18,0.49633890380246676
4402,ENSG00000111669.15,0.49632734618576957
4403,ENSG00000140961.14,0.4963007531934372
4404,ENSG00000108639.8,0.4960742919099935
4405,ENSG00000115738.10,0.4959743843782424
4406,ENSG00000099875.15,0.49585958216461745
4407,ENSG00000106034.18,0.4957826420607657
4408,ENSG00000059378.13,0.495641020971773
4409,ENSG00000065268.11,0.4955918561100943
4410,ENSG00000095906.17,0.4955068946354797
4411,ENSG00000184076.13,0.49549031103987345
4412,ENSG00000138801.9,0.4954145941631233
4413,ENSG00000169218.14,0.4953462262091639
4414,ENSG00000275023.5,0.4952936070071018
4415,ENSG00000163918.11,0.4952912076079005
4416,ENSG00000134709.12,0.4952198768250818
4417,ENSG00000029534.21,0.4950785998865528
4418,ENSG00000172164.15,0.49507753940140964
4419,ENSG00000073169.14,0.49496403796427907
4420,ENSG00000166228.9,0.49487084814998133
4421,ENSG00000005075.15,0.49470574216768726
4422,ENSG00000187889.13,0.49468780965364195
4423,ENSG00000198918.8,0.49467828303396194
4424,ENSG00000162607.13,0.49462983666894106
4425,ENSG00000112992.18,0.4943668700652363
4426,ENSG00000139292.13,0.4943490061979752
4427,ENSG00000184584.13,0.49398618117264453
4428,ENSG00000198431.16,0.4939845603489377
4429,ENSG00000184281.15,0.4938113034450482
4430,ENSG00000115350.12,0.49373418439595307
4431,ENSG00000133800.9,0.4937306224698417
4432,ENSG00000188996.4,0.49365997537655754
4433,ENSG00000115363.14,0.4936005556738816
4434,ENSG00000166974.13,0.4933236865651154
4435,ENSG00000188760.11,0.4932879016206009
4436,ENSG00000237441.10,0.49328109398194875
4437,ENSG00000064313.12,0.4931946179250315
4438,ENSG00000170385.10,0.49311412207508615
4439,ENSG00000198075.10,0.49307527423070496
4440,ENSG00000197321.15,0.4930376463712627
4441,ENSG00000151491.14,0.4929402972872684
4442,ENSG00000116584.20,0.4929178792863449
4443,ENSG00000150403.18,0.49282121591410466
4444,ENSG00000277203.1,0.4926124018501062
4445,ENSG00000128383.13,0.49254521694357156
4446,ENSG00000104055.16,0.49251729568862157
4447,ENSG00000274211.6,0.49247607367964447
4448,ENSG00000114395.11,0.4924342160912794
4449,ENSG00000076003.5,0.49231122136317396
4450,ENSG00000139083.11,0.4921392831293519
4451,ENSG00000253313.6,0.4920926420732321
4452,ENSG00000107104.20,0.4920268039039236
4453,ENSG00000100600.15,0.49201776845429285
4454,ENSG00000147010.18,0.4918992071158724
4455,ENSG00000103811.18,0.4918528579862241
4456,ENSG00000123572.17,0.49180063894890375
4457,ENSG00000143554.14,0.49178246156391797
4458,ENSG00000123159.16,0.49159153862852856
4459,ENSG00000160469.17,0.4915853377900165
4460,ENSG00000146112.12,0.49146229999098306
4461,ENSG00000231852.9,0.4912251086091899
4462,ENSG00000175155.11,0.4908871884563068
4463,ENSG00000196132.14,0.4907558450155486
4464,ENSG00000065621.15,0.4906038596866829
4465,ENSG00000155096.14,0.4905861061610611
4466,ENSG00000072110.15,0.490350507932946
4467,ENSG00000114023.15,0.49034536340511126
4468,ENSG00000151729.11,0.4903230937567539
4469,ENSG00000104635.15,0.49025211565087534
4470,ENSG00000078124.12,0.4901728307927948
4471,ENSG00000134516.18,0.4901682885869845
4472,ENSG00000173442.13,0.49012475627901236
4473,ENSG00000158555.15,0.49008214271362566
4474,ENSG00000142949.17,0.48999019792082293
4475,ENSG00000160678.12,0.48994193124006435
4476,ENSG00000197774.13,0.48986359349653297
4477,ENSG00000260428.3,0.48985907952251145
4478,ENSG00000150540.14,0.48980725582635354
4479,ENSG00000167874.7,0.48974147976791094
4480,ENSG00000103067.14,0.48970008818516286
4481,ENSG00000204536.14,0.48965280334438077
4482,ENSG00000073711.11,0.48961039440104487
4483,ENSG00000180992.7,0.4893342246434345
4484,ENSG00000159840.16,0.48928537482250584
4485,ENSG00000148737.17,0.48926605039934307
4486,ENSG00000204866.8,0.48926531828580905
4487,ENSG00000164050.13,0.4892219133604754
4488,ENSG00000158528.12,0.4891915029436222
4489,ENSG00000156052.11,0.4891879772250129
4490,ENSG00000174718.12,0.4890949396378187
4491,ENSG00000164758.7,0.4890557976239621
4492,ENSG00000168101.14,0.4890479288858356
4493,ENSG00000198435.4,0.48903383340407014
4494,ENSG00000198863.7,0.48899257942078833
4495,ENSG00000162512.16,0.4889509367303852
4496,ENSG00000197756.10,0.48865849560155405
4497,ENSG00000161981.11,0.488566712463445
4498,ENSG00000182667.14,0.48850400916571585
4499,ENSG00000162614.19,0.48841563856990755
4500,ENSG00000121310.17,0.4884050603715109
4501,ENSG00000243279.4,0.4883931271941388
4502,ENSG00000175938.7,0.48836772975246623
4503,ENSG00000172270.21,0.48836085049881495
4504,ENSG00000154252.12,0.48820715864631975
4505,ENSG00000122707.12,0.4878278717690527
4506,ENSG00000171649.12,0.48780045313491033
4507,ENSG00000178980.15,0.487753613183197
4508,ENSG00000102144.15,0.48763983474900724
4509,ENSG00000168010.11,0.4876047374051782
4510,ENSG00000164683.18,0.4874643497189767
4511,ENSG00000130706.13,0.48724152528274817
4512,ENSG00000107242.20,0.4871835327244684
4513,ENSG00000146066.3,0.4870688571924773
4514,ENSG00000064961.19,0.4870509178860801
4515,ENSG00000183323.13,0.48703293731712055
4516,ENSG00000108602.18,0.48697344405805965
4517,ENSG00000111058.8,0.48692191116808725
4518,ENSG00000159387.8,0.48692000046845785
4519,ENSG00000067798.16,0.48683899467720176
4520,ENSG00000137767.14,0.48675524150544747
4521,ENSG00000007944.15,0.4866453175299178
4522,ENSG00000180902.18,0.4865054043151841
4523,ENSG00000137857.17,0.4864770744927403
4524,ENSG00000107099.16,0.4864003482217498
4525,ENSG00000124198.9,0.48612804655402386
4526,ENSG00000167657.14,0.4860851054849569
4527,ENSG00000134278.15,0.48605715349122725
4528,ENSG00000100473.18,0.48599231704878804
4529,ENSG00000132294.15,0.48588425953014897
4530,ENSG00000116539.14,0.48573392753029776
4531,ENSG00000105220.17,0.4855806280234448
4532,ENSG00000123179.14,0.48551474606053496
4533,ENSG00000116791.14,0.4853745361614294
4534,ENSG00000136205.17,0.48537089099597464
4535,ENSG00000137693.14,0.485332749734767
4536,ENSG00000119711.13,0.4852939903062365
4537,ENSG00000119285.11,0.48515849264160665
4538,ENSG00000132205.11,0.48505084659051334
4539,ENSG00000066056.14,0.4850137222914911
4540,ENSG00000102030.16,0.4848766714046989
4541,ENSG00000007202.15,0.48477299195129486
4542,ENSG00000175785.13,0.4846694577608209
4543,ENSG00000185875.13,0.4846543010010122
4544,ENSG00000181192.12,0.4846258816939889
4545,ENSG00000128266.9,0.48458176985096996
4546,ENSG00000109929.10,0.48454770972589933
4547,ENSG00000105669.14,0.48454588981283714
4548,ENSG00000162407.9,0.48454532528975486
4549,ENSG00000197093.11,0.48453954622193374
4550,ENSG00000137710.17,0.4844738160155017
4551,ENSG00000124882.4,0.4844288640473043
4552,ENSG00000145358.6,0.4843760443778312
4553,ENSG00000172296.13,0.4843744728960187
4554,ENSG00000140990.15,0.48427517580739077
4555,ENSG00000167994.13,0.4841478382815689
4556,ENSG00000185624.15,0.48414528586455846
4557,ENSG00000013619.14,0.48411742723835677
4558,ENSG00000128626.12,0.48401264745887096
4559,ENSG00000204580.13,0.4838824305414595
4560,ENSG00000108510.10,0.4838047289287734
4561,ENSG00000165029.17,0.48365799499142137
4562,ENSG00000265190.7,0.48363507169761244
4563,ENSG00000110711.10,0.48362268742728465
4564,ENSG00000125354.24,0.48347695331779855
4565,ENSG00000110328.6,0.48346263495499947
4566,ENSG00000157064.11,0.4832608757127079
4567,ENSG00000172915.18,0.4832007347294457
4568,ENSG00000235568.7,0.48301973554927585
4569,ENSG00000120322.4,0.4827766104388636
4570,ENSG00000080824.19,0.4826532745625262
4571,ENSG00000132405.19,0.48249074110850965
4572,ENSG00000184838.15,0.48248386666666854
4573,ENSG00000003147.19,0.4824469858182532
4574,ENSG00000101182.15,0.4824199508682851
4575,ENSG00000003137.8,0.4824058507165546
4576,ENSG00000116106.12,0.4823623605370056
4577,ENSG00000125746.18,0.4821219104595415
4578,ENSG00000100908.14,0.4819638483017522
4579,ENSG00000101134.12,0.48180064006547396
4580,ENSG00000253276.4,0.4813461528848957
4581,ENSG00000085514.16,0.48125616676235616
4582,ENSG00000163638.13,0.48110876911035044
4583,ENSG00000166159.11,0.481058684867708
4584,ENSG00000164070.12,0.4810565969354265
4585,ENSG00000112280.17,0.4810138888022103
4586,ENSG00000163682.17,0.4807772606690676
4587,ENSG00000074657.14,0.48071300627890057
4588,ENSG00000186577.14,0.4807013140784941
4589,ENSG00000180340.7,0.4806623741515017
4590,ENSG00000132669.13,0.4802964599279499
4591,ENSG00000168701.19,0.4802285495652263
4592,ENSG00000143545.10,0.4802070384674367
4593,ENSG00000170627.11,0.4801289779443602
4594,ENSG00000121101.16,0.480106493907809
4595,ENSG00000272674.3,0.47991939058548816
4596,ENSG00000106018.14,0.4799165387596747
4597,ENSG00000178301.4,0.4797155818535581
4598,ENSG00000137575.12,0.47971489018578334
4599,ENSG00000127423.11,0.479641603321665
4600,ENSG00000153885.14,0.479468076547412
4601,ENSG00000147536.12,0.4794296324017012
4602,ENSG00000178498.16,0.47941772020171103
4603,ENSG00000176463.14,0.4794006795685015
4604,ENSG00000114779.19,0.4793916109585779
4605,ENSG00000165886.5,0.47918648834133415
4606,ENSG00000100522.10,0.47911321922410827
4607,ENSG00000120279.6,0.47900646623653126
4608,ENSG00000072364.13,0.47897468883677813
4609,ENSG00000198846.6,0.4788922950712496
4610,ENSG00000168502.17,0.47884744064489126
4611,ENSG00000063241.8,0.47860654529990143
4612,ENSG00000132432.14,0.47848416709141556
4613,ENSG00000168300.14,0.4784739901456558
4614,ENSG00000139687.16,0.4783830039446078
4615,ENSG00000085465.13,0.4783698015674636
4616,ENSG00000104976.12,0.4781908563606812
4617,ENSG00000167291.16,0.4781020754534265
4618,ENSG00000182568.17,0.47804892429556306
4619,ENSG00000152078.10,0.4780351293858738
4620,ENSG00000071894.17,0.47801355586048416
4621,ENSG00000241644.2,0.4779027252510188
4622,ENSG00000156471.13,0.477757978165709
4623,ENSG00000159164.10,0.47775387860790025
4624,ENSG00000131149.19,0.4777246946467766
4625,ENSG00000170579.17,0.4776109981792149
4626,ENSG00000218891.5,0.47746968951278695
4627,ENSG00000109881.17,0.47746418429520876
4628,ENSG00000213465.8,0.4773510406428831
4629,ENSG00000183401.12,0.47730026110064466
4630,ENSG00000182511.12,0.477250840971348
4631,ENSG00000147408.14,0.4772450438624747
4632,ENSG00000187231.14,0.47720233935311657
4633,ENSG00000109182.12,0.4772017854124205
4634,ENSG00000144713.13,0.47713400177886334
4635,ENSG00000137124.8,0.47708651962443405
4636,ENSG00000196664.5,0.4770606957082703
4637,ENSG00000135736.6,0.47695336060351773
4638,ENSG00000155511.18,0.4768424232916516
4639,ENSG00000134333.14,0.47678618605141443
4640,ENSG00000075426.12,0.4767223859773878
4641,ENSG00000141433.13,0.47657032093385093
4642,ENSG00000094975.14,0.47650776317900995
4643,ENSG00000171843.17,0.476278010926735
4644,ENSG00000165244.7,0.4762710344079824
4645,ENSG00000137145.20,0.4759463325973056
4646,ENSG00000111671.10,0.47591893734746654
4647,ENSG00000182551.14,0.47584612285451133
4648,ENSG00000183978.8,0.47582758490781896
4649,ENSG00000165626.17,0.47572368463539627
4650,ENSG00000104450.13,0.47553336726479306
4651,ENSG00000183682.8,0.4754888137096657
4652,ENSG00000128309.16,0.47535072901112707
4653,ENSG00000167695.15,0.475339628776538
4654,ENSG00000127399.15,0.47527035250193644
4655,ENSG00000197296.6,0.4752446132723461
4656,ENSG00000240694.9,0.47518558262361277
4657,ENSG00000143543.15,0.4751643981924127
4658,ENSG00000151778.11,0.47509899995630395
4659,ENSG00000119408.17,0.47509094757345965
4660,ENSG00000051128.19,0.4749781008160431
4661,ENSG00000077044.11,0.47491076364229445
4662,ENSG00000109089.7,0.47489272939951993
4663,ENSG00000102245.8,0.4747178225782282
4664,ENSG00000197859.11,0.47454369990701595
4665,ENSG00000127838.14,0.47452389439531123
4666,ENSG00000170608.3,0.47441910372954843
4667,ENSG00000104365.16,0.4742663181367417
4668,ENSG00000144381.18,0.4741357200182737
4669,ENSG00000166831.9,0.47412745919552773
4670,ENSG00000041880.14,0.47399970401126457
4671,ENSG00000140391.15,0.4738602784202402
4672,ENSG00000186462.9,0.4738117337311855
4673,ENSG00000178149.17,0.4736596462361894
4674,ENSG00000177025.3,0.47355590197098607
4675,ENSG00000171246.6,0.4734590336091929
4676,ENSG00000160360.13,0.4734325728961064
4677,ENSG00000159263.16,0.4733653652491877
4678,ENSG00000004777.18,0.4731289737825672
4679,ENSG00000071051.14,0.4731165500262476
4680,ENSG00000188997.8,0.4729857727850494
4681,ENSG00000166963.13,0.47292829843866074
4682,ENSG00000132185.18,0.4727637144395159
4683,ENSG00000161011.20,0.4727453048024995
4684,ENSG00000155918.8,0.4727165703728502
4685,ENSG00000124343.14,0.4726419632108442
4686,ENSG00000167792.13,0.4726242911892374
4687,ENSG00000197943.10,0.47257914083237035
4688,ENSG00000135720.13,0.47250833468336234
4689,ENSG00000104953.20,0.4724666921109149
4690,ENSG00000103942.13,0.4724474367157206
4691,ENSG00000167553.16,0.4724405849666247
4692,ENSG00000010361.14,0.4723235530363656
4693,ENSG00000133027.18,0.4723208448730415
4694,ENSG00000109971.14,0.4721961561788998
4695,ENSG00000066248.15,0.4721901731505053
4696,ENSG00000101132.10,0.4721113880064463
4697,ENSG00000215788.11,0.4720223905311252
4698,ENSG00000137843.12,0.47197302558847787
4699,ENSG00000213281.5,0.4719415592606631
4700,ENSG00000163545.11,0.47190606855980144
4701,ENSG00000156113.24,0.47184674533126447
4702,ENSG00000133069.17,0.4718362867282749
4703,ENSG00000163069.13,0.47183577442662294
4704,ENSG00000170965.10,0.47181334623548776
4705,ENSG00000134291.12,0.4717756453397302
4706,ENSG00000178573.7,0.471745992430863
4707,ENSG00000184990.13,0.4711446318857857
4708,ENSG00000124172.10,0.4711247032777315
4709,ENSG00000184922.14,0.47107888101508266
4710,ENSG00000176209.12,0.4709268013090742
4711,ENSG00000117616.18,0.47087772215579304
4712,ENSG00000196839.13,0.4708571540033658
4713,ENSG00000198719.9,0.4708275203886047
4714,ENSG00000006453.14,0.4706357439541212
4715,ENSG00000132254.13,0.4706175003018933
4716,ENSG00000138495.7,0.47060148101897875
4717,ENSG00000166439.6,0.4705126870168699
4718,ENSG00000004700.16,0.47042038932248315
4719,ENSG00000198517.10,0.4704171699606849
4720,ENSG00000133835.17,0.47037657861167165
4721,ENSG00000114279.13,0.46999152495587715
4722,ENSG00000136108.15,0.46999078248175896
4723,ENSG00000183963.19,0.46989910980384725
4724,ENSG00000278845.5,0.4698233381354614
4725,ENSG00000130701.4,0.46980101989952444
4726,ENSG00000173013.6,0.46961661108352676
4727,ENSG00000167733.14,0.4695875638932367
4728,ENSG00000197043.14,0.46947593097446955
4729,ENSG00000134809.9,0.46942196524236596
4730,ENSG00000142657.21,0.4689295537917845
4731,ENSG00000256043.4,0.46891662137501344
4732,ENSG00000127561.15,0.4688250001342272
4733,ENSG00000188372.15,0.46877735909885765
4734,ENSG00000166206.15,0.468763991865086
4735,ENSG00000154040.21,0.46871678249255894
4736,ENSG00000008256.16,0.46866611127220126
4737,ENSG00000115526.11,0.468599678247278
4738,ENSG00000186086.18,0.46858505460208677
4739,ENSG00000093010.15,0.4684377519935373
4740,ENSG00000165138.18,0.468301779082364
4741,ENSG00000241685.10,0.4682466621969002
4742,ENSG00000187678.10,0.4682230067283197
4743,ENSG00000168028.14,0.4678917324098093
4744,ENSG00000159871.15,0.46774834758829426
4745,ENSG00000140525.19,0.4677383225934573
4746,ENSG00000125772.14,0.46762500049174377
4747,ENSG00000166086.13,0.4675293510732641
4748,ENSG00000160593.19,0.46751175423858826
4749,ENSG00000158470.5,0.46743813589143685
4750,ENSG00000198521.12,0.46726827059692816
4751,ENSG00000149929.16,0.46725770588559756
4752,ENSG00000166068.13,0.4672498389525788
4753,ENSG00000100307.13,0.4672371282362211
4754,ENSG00000102172.16,0.46722363086460134
4755,ENSG00000171798.18,0.4670640409391897
4756,ENSG00000004399.13,0.4670405796797647
4757,ENSG00000166167.18,0.46703060813099545
4758,ENSG00000067064.11,0.4670275973439275
4759,ENSG00000130700.7,0.4668942023497898
4760,ENSG00000105520.10,0.4667862186722402
4761,ENSG00000158792.16,0.46678326230539735
4762,ENSG00000138162.19,0.46672662037121093
4763,ENSG00000198752.11,0.46664922510690277
4764,ENSG00000106948.17,0.466521815677715
4765,ENSG00000198911.12,0.466462825790001
4766,ENSG00000254415.3,0.46645972584436707
4767,ENSG00000130881.14,0.4664074906498134
4768,ENSG00000159958.7,0.4663129574100503
4769,ENSG00000111913.20,0.4663057978552305
4770,ENSG00000148498.16,0.46629437362395165
4771,ENSG00000125611.15,0.4661509552184302
4772,ENSG00000131495.9,0.46612652962715334
4773,ENSG00000115129.14,0.46607713327420347
4774,ENSG00000163794.6,0.46598041330927603
4775,ENSG00000168734.14,0.46596022782018154
4776,ENSG00000104881.16,0.4658660205409483
4777,ENSG00000169660.17,0.46584587723867815
4778,ENSG00000174599.5,0.46577121744643474
4779,ENSG00000107331.17,0.4656771613113274
4780,ENSG00000118096.10,0.4656411859049531
4781,ENSG00000118263.15,0.465450075986441
4782,ENSG00000213015.9,0.46519731321900726
4783,ENSG00000080200.10,0.4651750206236873
4784,ENSG00000180801.14,0.4651286794127892
4785,ENSG00000072778.20,0.46511264986346856
4786,ENSG00000135905.20,0.46507372841049666
4787,ENSG00000182463.16,0.4649928235035921
4788,ENSG00000185303.17,0.4649772192098652
4789,ENSG00000129167.9,0.4649252814986562
4790,ENSG00000025423.11,0.46478805617937535
4791,ENSG00000160446.19,0.46476594021826967
4792,ENSG00000126970.16,0.46470066803641413
4793,ENSG00000185404.17,0.46468859211124286
4794,ENSG00000078668.14,0.4646316976156235
4795,ENSG00000117586.11,0.46463157334371996
4796,ENSG00000174233.11,0.46456578650893243
4797,ENSG00000104921.15,0.46455952536823103
4798,ENSG00000157870.17,0.46446314435922226
4799,ENSG00000176531.10,0.464344558125377
4800,ENSG00000271601.4,0.46433521804242645
4801,ENSG00000137819.14,0.4642046367451048
4802,ENSG00000114812.13,0.46413838328552726
4803,ENSG00000147799.11,0.4639970257998641
4804,ENSG00000148426.13,0.4638573279035101
4805,ENSG00000116663.11,0.4638011591332744
4806,ENSG00000175970.11,0.46373979452829533
4807,ENSG00000084731.15,0.4635911966455721
4808,ENSG00000133101.10,0.46351590308395746
4809,ENSG00000143842.15,0.4633574346249778
4810,ENSG00000198879.12,0.4633176287105622
4811,ENSG00000171703.17,0.46330409608152784
4812,ENSG00000198563.14,0.4632075091888711
4813,ENSG00000068878.15,0.4630539357549676
4814,ENSG00000142733.17,0.4630529352536331
4815,ENSG00000205363.6,0.46301296931804203
4816,ENSG00000135617.4,0.4628037655536099
4817,ENSG00000147669.11,0.4627136415721145
4818,ENSG00000128039.12,0.46269223232876827
4819,ENSG00000048540.15,0.46268926588480197
4820,ENSG00000070540.13,0.46265834792318233
4821,ENSG00000165732.13,0.4626497635518004
4822,ENSG00000131652.14,0.4626328784355554
4823,ENSG00000174021.11,0.46257365239445813
4824,ENSG00000122026.10,0.46257186474255874
4825,ENSG00000162889.11,0.46255118333999906
4826,ENSG00000119950.21,0.4625034666191332
4827,ENSG00000197061.5,0.46243765588704366
4828,ENSG00000147113.17,0.4622479927993122
4829,ENSG00000121057.13,0.4620749660110091
4830,ENSG00000128524.5,0.46202609905571185
4831,ENSG00000132681.17,0.46193855786800464
4832,ENSG00000177363.5,0.4618302612219517
4833,ENSG00000112303.14,0.46180468089726334
4834,ENSG00000128536.16,0.46178023859516665
4835,ENSG00000083168.11,0.46173740445100786
4836,ENSG00000142178.9,0.46167731458491346
4837,ENSG00000077150.20,0.46144956998569264
4838,ENSG00000172818.10,0.46144749345380615
4839,ENSG00000011638.11,0.46139227756844065
4840,ENSG00000109072.14,0.46118637294924003
4841,ENSG00000138678.11,0.4608923858679154
4842,ENSG00000160886.13,0.46075676632447427
4843,ENSG00000149925.22,0.46070215174907303
4844,ENSG00000170523.3,0.4606000544034245
4845,ENSG00000167535.8,0.4605947501212049
4846,ENSG00000100583.4,0.46059118828258283
4847,ENSG00000053918.18,0.4603545475750211
4848,ENSG00000164124.11,0.46017208674477256
4849,ENSG00000263528.8,0.460142743532733
4850,ENSG00000174292.12,0.4599621829686769
4851,ENSG00000162881.6,0.45995496909270067
4852,ENSG00000215218.4,0.4598637335781386
4853,ENSG00000142347.19,0.4598229759032499
4854,ENSG00000135899.19,0.4597680327666177
4855,ENSG00000100100.13,0.45966133002608406
4856,ENSG00000126267.11,0.4594894541631449
4857,ENSG00000169231.13,0.45923475046086665
4858,ENSG00000156469.9,0.4591809890363081
4859,ENSG00000168907.13,0.45875459107358935
4860,ENSG00000154736.6,0.4587117344202559
4861,ENSG00000164587.13,0.4586725422758746
4862,ENSG00000132164.10,0.45859807374704514
4863,ENSG00000174744.14,0.45855690975040597
4864,ENSG00000142676.14,0.45847115779762315
4865,ENSG00000132026.14,0.45833941305471687
4866,ENSG00000165071.15,0.4583221686102183
4867,ENSG00000163132.8,0.45830323502835074
4868,ENSG00000124406.16,0.4582692592168385
4869,ENSG00000197208.6,0.45818821431008155
4870,ENSG00000166199.13,0.45815912813401016
4871,ENSG00000160113.5,0.45808851738319584
4872,ENSG00000106400.12,0.4580264116958225
4873,ENSG00000141258.13,0.45801375712996256
4874,ENSG00000057704.13,0.45797297551792115
4875,ENSG00000229809.8,0.45796790509863017
4876,ENSG00000256618.2,0.45783523136761933
4877,ENSG00000165175.16,0.4577534653518806
4878,ENSG00000070882.13,0.4575867113300268
4879,ENSG00000008056.14,0.4575188195160213
4880,ENSG00000198380.13,0.4574695922252654
4881,ENSG00000102908.22,0.45743474598709116
4882,ENSG00000163624.6,0.45737322042146616
4883,ENSG00000100612.14,0.45730870908404503
4884,ENSG00000178605.13,0.4572519314930132
4885,ENSG00000117450.15,0.4572124758426185
4886,ENSG00000112578.10,0.4571873107761353
4887,ENSG00000172260.15,0.45693293776645644
4888,ENSG00000196502.12,0.45684668660472944
4889,ENSG00000139734.19,0.45682438309872214
4890,ENSG00000088280.19,0.4567051216505786
4891,ENSG00000117385.16,0.4566571054859112
4892,ENSG00000273983.1,0.4565498221795102
4893,ENSG00000119927.14,0.4564650585275714
4894,ENSG00000161955.16,0.4564455449602668
4895,ENSG00000120280.6,0.4564066385717404
4896,ENSG00000145715.15,0.45635918761035016
4897,ENSG00000107798.18,0.4561465944176023
4898,ENSG00000102898.12,0.4561064231006863
4899,ENSG00000108604.16,0.45608778231373515
4900,ENSG00000142675.18,0.45607220283944366
4901,ENSG00000103335.22,0.45604753225187533
4902,ENSG00000204634.13,0.4560255074192265
4903,ENSG00000161996.19,0.45599257368195656
4904,ENSG00000164877.19,0.45592590320295245
4905,ENSG00000167333.13,0.4557466817889038
4906,ENSG00000099958.15,0.455731156943714
4907,ENSG00000100994.12,0.45568313715633807
4908,ENSG00000175600.16,0.4556057738179477
4909,ENSG00000178163.8,0.4555976313532473
4910,ENSG00000100297.16,0.45557619144630185
4911,ENSG00000180758.12,0.455532524003877
4912,ENSG00000117090.15,0.45547398728052363
4913,ENSG00000157654.19,0.45542312983150873
4914,ENSG00000136928.7,0.4554107039782548
4915,ENSG00000141977.9,0.4552875822343768
4916,ENSG00000166803.14,0.4552687045378399
4917,ENSG00000155099.8,0.4551625301296171
4918,ENSG00000156413.14,0.45504059229624005
4919,ENSG00000164934.14,0.45500069342175126
4920,ENSG00000173801.17,0.454882168332072
4921,ENSG00000168671.10,0.4548718105917038
4922,ENSG00000146278.11,0.4546657593422706
4923,ENSG00000172336.5,0.4545898170971869
4924,ENSG00000149716.13,0.45452912640439896
4925,ENSG00000030419.16,0.45443176189901674
4926,ENSG00000148450.13,0.45437082275110463
4927,ENSG00000108443.14,0.4542645144423077
4928,ENSG00000067992.16,0.45395751638433124
4929,ENSG00000151693.11,0.4538943641587812
4930,ENSG00000088448.14,0.45389300574639685
4931,ENSG00000165633.13,0.45384662247656127
4932,ENSG00000015133.19,0.45377487318837084
4933,ENSG00000168280.18,0.45372951649399523
4934,ENSG00000274290.3,0.4535478950798128
4935,ENSG00000152402.11,0.45352558772676943
4936,ENSG00000120675.6,0.45346680770532993
4937,ENSG00000030582.18,0.4534573623693956
4938,ENSG00000119673.14,0.45339835126452743
4939,ENSG00000159259.8,0.45330970605936616
4940,ENSG00000181031.16,0.45321104085763136
4941,ENSG00000095370.20,0.4531626835507636
4942,ENSG00000107020.10,0.45307631344860566
4943,ENSG00000166171.13,0.4528828346508038
4944,ENSG00000183346.9,0.4528801990572659
4945,ENSG00000143772.9,0.45262123189717546
4946,ENSG00000122378.14,0.4525811603742842
4947,ENSG00000122042.10,0.4524887959644641
4948,ENSG00000126254.12,0.4524773393867422
4949,ENSG00000197601.13,0.452448428158105
4950,ENSG00000133401.16,0.4524077141680174
4951,ENSG00000102910.14,0.45210715201953433
4952,ENSG00000135596.18,0.4520746255048761
4953,ENSG00000135925.9,0.45198964740178715
4954,ENSG00000079459.13,0.4519601937018571
4955,ENSG00000169136.12,0.45193763381910607
4956,ENSG00000125841.13,0.45193173651538565
4957,ENSG00000110427.17,0.45189126945442454
4958,ENSG00000065882.16,0.45174358441660767
4959,ENSG00000185122.11,0.45171477450445097
4960,ENSG00000132446.7,0.4516900543792148
4961,ENSG00000167476.10,0.4516891286548927
4962,ENSG00000105137.13,0.4516289741164914
4963,ENSG00000130545.16,0.4514690399109752
4964,ENSG00000161682.15,0.45142029022696406
4965,ENSG00000057657.17,0.45141218910370884
4966,ENSG00000141448.11,0.45126506452801285
4967,ENSG00000151012.13,0.45123425117379823
4968,ENSG00000138386.17,0.45117065568828774
4969,ENSG00000177542.11,0.45111270459874664
4970,ENSG00000184916.9,0.45108395285990427
4971,ENSG00000198093.11,0.4510801247766451
4972,ENSG00000131686.15,0.4510338600044244
4973,ENSG00000141447.18,0.45099414664222975
4974,ENSG00000063854.13,0.4509325588301935
4975,ENSG00000133627.18,0.4509248911055968
4976,ENSG00000081818.4,0.4508731034987302
4977,ENSG00000182541.18,0.4508597918963837
4978,ENSG00000164823.11,0.45073957101952605
4979,ENSG00000128408.9,0.45058109762435156
4980,ENSG00000059588.10,0.45050116864532513
4981,ENSG00000071082.11,0.45046544841485875
4982,ENSG00000168234.13,0.450437040074029
4983,ENSG00000164087.8,0.45041236723021855
4984,ENSG00000186174.12,0.4503811620775635
4985,ENSG00000163462.18,0.4502368881540156
4986,ENSG00000018625.15,0.4501296511461954
4987,ENSG00000220205.9,0.45009176989569627
4988,ENSG00000164330.17,0.4500604647048852
4989,ENSG00000197019.5,0.449952008460709
4990,ENSG00000174547.13,0.4499395551280574
4991,ENSG00000153291.16,0.4497914755734367
4992,ENSG00000171634.18,0.4495156182237748
4993,ENSG00000166886.13,0.4494871851169547
4994,ENSG00000138031.14,0.4494397386702842
4995,ENSG00000160685.13,0.4491673240383031
4996,ENSG00000179059.10,0.44912821730206137
4997,ENSG00000165704.15,0.4491025315687141
4998,ENSG00000182307.14,0.44899966296473137
4999,ENSG00000080608.10,0.44893773942864834
5000,ENSG00000164896.20,0.4488951123326982
5001,ENSG00000241839.10,0.44880320562511256
5002,ENSG00000145103.15,0.4487361796718259
5003,ENSG00000155660.11,0.44832477180319397
5004,ENSG00000114391.13,0.44829487846725685
5005,ENSG00000169213.7,0.44828662798633556
5006,ENSG00000132879.14,0.44808863322633474
5007,ENSG00000130770.18,0.4479779600160357
5008,ENSG00000015532.10,0.4479254839629163
5009,ENSG00000147592.9,0.44785422184240065
5010,ENSG00000010278.15,0.4475658338486933
5011,ENSG00000123836.15,0.44749876453193
5012,ENSG00000134061.5,0.44749208587302675
5013,ENSG00000155111.15,0.4473449949072409
5014,ENSG00000197872.11,0.44729094620933835
5015,ENSG00000119471.15,0.4472139465599881
5016,ENSG00000141504.12,0.44698556793597133
5017,ENSG00000150961.15,0.4469818779048932
5018,ENSG00000035499.13,0.44682040147006263
5019,ENSG00000167600.14,0.4467426088566678
5020,ENSG00000141441.16,0.44671778583183536
5021,ENSG00000135363.12,0.4467038939194108
5022,ENSG00000180611.7,0.44664333084858654
5023,ENSG00000161980.6,0.44663739012217835
5024,ENSG00000177570.15,0.44659397795421657
5025,ENSG00000205078.6,0.44657518083135195
5026,ENSG00000100263.14,0.4465617530929852
5027,ENSG00000145685.14,0.4465416833291492
5028,ENSG00000167397.15,0.4464151926020207
5029,ENSG00000179583.19,0.44640408259792713
5030,ENSG00000176293.20,0.4463415152706539
5031,ENSG00000105204.14,0.446086863607226
5032,ENSG00000142731.11,0.4460550677995829
5033,ENSG00000007520.4,0.446014467060578
5034,ENSG00000101846.8,0.44590906511635653
5035,ENSG00000196776.17,0.4458824386655822
5036,ENSG00000181830.9,0.4458660523727665
5037,ENSG00000169733.12,0.44585712336473904
5038,ENSG00000152240.13,0.44584469423950474
5039,ENSG00000113211.5,0.4458352134831994
5040,ENSG00000104979.9,0.44583039105324646
5041,ENSG00000109265.14,0.4456564144516035
5042,ENSG00000145425.10,0.44559903348042984
5043,ENSG00000161649.13,0.44542556095744823
5044,ENSG00000131969.15,0.44538037819734067
5045,ENSG00000119862.13,0.44529303989102853
5046,ENSG00000124493.14,0.44525248063597883
5047,ENSG00000185989.11,0.4451291289016503
5048,ENSG00000185324.22,0.4450061151588735
5049,ENSG00000125505.17,0.4449422501660928
5050,ENSG00000130477.15,0.44485270867831816
5051,ENSG00000133104.14,0.4447022454284259
5052,ENSG00000168040.5,0.4446459821525618
5053,ENSG00000132613.15,0.4444988665767141
5054,ENSG00000213445.10,0.44445669996365933
5055,ENSG00000152556.17,0.444337542261163
5056,ENSG00000170891.11,0.4442370186223983
5057,ENSG00000134369.15,0.4441135348411189
5058,ENSG00000178462.12,0.44407149909620713
5059,ENSG00000155304.6,0.4439507604212249
5060,ENSG00000142534.7,0.44389661470776315
5061,ENSG00000106785.15,0.44389516907659693
5062,ENSG00000165996.14,0.4438593879030861
5063,ENSG00000188229.6,0.4437746797060462
5064,ENSG00000132016.11,0.44355579237783405
5065,ENSG00000115353.11,0.4434744764663601
5066,ENSG00000198691.13,0.4434149340591381
5067,ENSG00000179632.10,0.4433406374506736
5068,ENSG00000071242.12,0.4432412622663746
5069,ENSG00000164733.22,0.44322615310171093
5070,ENSG00000108588.14,0.4432214558589082
5071,ENSG00000197461.13,0.4432089191567037
5072,ENSG00000189339.12,0.4429038029017121
5073,ENSG00000155115.7,0.44288862763307235
5074,ENSG00000146918.20,0.44288015793684676
5075,ENSG00000197406.7,0.4428649056056641
5076,ENSG00000149503.13,0.4428282312221965
5077,ENSG00000163623.9,0.4427120137804563
5078,ENSG00000178202.13,0.4426791426710218
5079,ENSG00000165752.17,0.4426645740566301
5080,ENSG00000250571.7,0.44244841413500924
5081,ENSG00000027001.10,0.442395741939361
5082,ENSG00000196247.11,0.4423278004406582
5083,ENSG00000170485.17,0.44230952075875835
5084,ENSG00000270170.2,0.4421328993763254
5085,ENSG00000175334.8,0.44212159159912245
5086,ENSG00000119326.15,0.4421097740973768
5087,ENSG00000100605.17,0.44206444342401446
5088,ENSG00000165449.11,0.4419810388614465
5089,ENSG00000145908.12,0.44197510573476545
5090,ENSG00000204220.12,0.44180225462261147
5091,ENSG00000126768.12,0.4417801043927292
5092,ENSG00000196368.5,0.44176886165772633
5093,ENSG00000171219.9,0.4417279101672152
5094,ENSG00000148841.17,0.4414424860689754
5095,ENSG00000160072.20,0.4412699764920192
5096,ENSG00000148339.12,0.4412446533074464
5097,ENSG00000137942.17,0.4412425958767769
5098,ENSG00000154330.13,0.44113574260007316
5099,ENSG00000062725.10,0.4411196760560107
5100,ENSG00000166275.16,0.4411178977868569
5101,ENSG00000182899.17,0.4410790737432877
5102,ENSG00000172922.11,0.440960809569075
5103,ENSG00000182916.8,0.44095574282124794
5104,ENSG00000130520.11,0.44088461691241915
5105,ENSG00000276045.3,0.4408807946941391
5106,ENSG00000137101.13,0.4408776173334443
5107,ENSG00000170430.10,0.44085922569436575
5108,ENSG00000169919.17,0.440838618653516
5109,ENSG00000213160.10,0.44079383897055363
5110,ENSG00000175489.10,0.4406911228173746
5111,ENSG00000138193.16,0.44063199383996765
5112,ENSG00000185900.11,0.4406070442001107
5113,ENSG00000164430.16,0.4404584819050638
5114,ENSG00000164944.12,0.4401488317711683
5115,ENSG00000133874.2,0.44013863576682744
5116,ENSG00000130349.10,0.4401150069954297
5117,ENSG00000104825.17,0.4400513333105642
5118,ENSG00000239697.11,0.4400475127819288
5119,ENSG00000052850.8,0.4399484571199465
5120,ENSG00000127948.16,0.43987220722713183
5121,ENSG00000149534.9,0.4397847962608485
5122,ENSG00000115993.13,0.43967468260680564
5123,ENSG00000139343.10,0.4396658708787603
5124,ENSG00000108406.10,0.4395747759250806
5125,ENSG00000120217.14,0.43946001409854507
5126,ENSG00000180667.10,0.4393252613487335
5127,ENSG00000162413.16,0.4392956593403205
5128,ENSG00000068097.15,0.4392751842872291
5129,ENSG00000167863.12,0.43923840256778884
5130,ENSG00000065485.20,0.43922890501007833
5131,ENSG00000048649.13,0.4392219230446998
5132,ENSG00000186897.5,0.43909260565372915
5133,ENSG00000153982.11,0.4390764236341896
5134,ENSG00000166145.14,0.4390624876648018
5135,ENSG00000166503.9,0.4389910842923809
5136,ENSG00000175544.14,0.4389079853041569
5137,ENSG00000104897.10,0.4387543133837032
5138,ENSG00000139190.17,0.4387538641951965
5139,ENSG00000119514.7,0.4386650151975027
5140,ENSG00000186212.4,0.43859207336490447
5141,ENSG00000090097.22,0.4384677757894424
5142,ENSG00000154642.11,0.43845391806055745
5143,ENSG00000173905.9,0.438224004055169
5144,ENSG00000149679.11,0.4382048830847975
5145,ENSG00000160007.19,0.43815773797964996
5146,ENSG00000198176.13,0.43814380993721386
5147,ENSG00000160294.11,0.43806091478249654
5148,ENSG00000149451.18,0.43804953159947835
5149,ENSG00000132109.10,0.43795268441451046
5150,ENSG00000160999.10,0.4379426694464093
5151,ENSG00000149823.9,0.43791702943670396
5152,ENSG00000180537.13,0.43777653905143205
5153,ENSG00000275832.5,0.4377480508863873
5154,ENSG00000105258.9,0.4377399593810386
5155,ENSG00000229544.9,0.43772716689120544
5156,ENSG00000164307.13,0.43763753284489065
5157,ENSG00000178035.13,0.4375480152019449
5158,ENSG00000058453.17,0.4375340264829731
5159,ENSG00000109686.19,0.437264336042008
5160,ENSG00000147123.11,0.43720103359614887
5161,ENSG00000105618.14,0.4371791646280732
5162,ENSG00000160551.12,0.43711921428001965
5163,ENSG00000144199.12,0.43709015788667926
5164,ENSG00000163519.14,0.43696749512481214
5165,ENSG00000145569.6,0.4368729557975978
5166,ENSG00000131462.8,0.43687216079084135
5167,ENSG00000065911.13,0.43685217191546016
5168,ENSG00000005882.12,0.4367945563254526
5169,ENSG00000133872.14,0.43677016434627786
5170,ENSG00000150779.12,0.43676759749337885
5171,ENSG00000124155.18,0.43661828712178063
5172,ENSG00000185000.12,0.4366140870538121
5173,ENSG00000180096.12,0.4365593585853188
5174,ENSG00000130653.16,0.43651911391783266
5175,ENSG00000139679.15,0.4364958386035102
5176,ENSG00000163216.7,0.4363790872481141
5177,ENSG00000145147.20,0.4363491400415175
5178,ENSG00000170677.6,0.43634431175292804
5179,ENSG00000146733.14,0.4363232616986683
5180,ENSG00000169902.15,0.43630866079879427
5181,ENSG00000167815.12,0.43622347416064755
5182,ENSG00000135838.13,0.4361692324101048
5183,ENSG00000116194.13,0.43604549238836293
5184,ENSG00000198947.16,0.43598239258592913
5185,ENSG00000088356.6,0.435955553836225
5186,ENSG00000197757.8,0.4359139668595078
5187,ENSG00000064115.11,0.4358565705509066
5188,ENSG00000203995.10,0.43584807420637167
5189,ENSG00000158402.20,0.43584725796468055
5190,ENSG00000176658.17,0.43584073144854507
5191,ENSG00000175985.10,0.4358313920306385
5192,ENSG00000143499.14,0.43581373401828727
5193,ENSG00000013306.16,0.4357405055248828
5194,ENSG00000063015.20,0.4355011112410167
5195,ENSG00000124780.14,0.4354145612299305
5196,ENSG00000145391.13,0.43536337440378287
5197,ENSG00000165695.10,0.43532383581119954
5198,ENSG00000213420.8,0.4352271431727652
5199,ENSG00000071054.16,0.43511021393995736
5200,ENSG00000185015.8,0.43507729098972864
5201,ENSG00000143127.13,0.4350410041447651
5202,ENSG00000067445.21,0.43501262443642896
5203,ENSG00000065675.15,0.43496202724358446
5204,ENSG00000115590.14,0.43493930607206455
5205,ENSG00000085491.17,0.4349389898788993
5206,ENSG00000130204.13,0.43486928011811726
5207,ENSG00000183172.9,0.4346831737209459
5208,ENSG00000198034.11,0.43453340184183575
5209,ENSG00000171723.16,0.43437979425218187
5210,ENSG00000152990.14,0.4343421909576172
5211,ENSG00000282608.2,0.43433904954561203
5212,ENSG00000162415.7,0.4342272124678004
5213,ENSG00000145012.13,0.43411060871470003
5214,ENSG00000129003.19,0.43406056176728103
5215,ENSG00000152939.17,0.4339055983273891
5216,ENSG00000169926.11,0.43384353996142133
5217,ENSG00000104808.8,0.43378228115181205
5218,ENSG00000166949.16,0.4336085395565171
5219,ENSG00000078070.13,0.43355667704972684
5220,ENSG00000167658.16,0.4335263869746092
5221,ENSG00000101911.13,0.43352280628141887
5222,ENSG00000101199.13,0.4334560744742316
5223,ENSG00000105643.10,0.43326595535172396
5224,ENSG00000104907.12,0.4331971314873874
5225,ENSG00000213965.3,0.43313341999023103
5226,ENSG00000175164.15,0.43300088247517643
5227,ENSG00000110721.12,0.4327618704163654
5228,ENSG00000185272.14,0.432601726829244
5229,ENSG00000143179.16,0.432553636222038
5230,ENSG00000026103.22,0.43255356821449803
5231,ENSG00000104936.19,0.4324606439810434
5232,ENSG00000120690.16,0.43236862002979654
5233,ENSG00000071537.14,0.4323231911280082
5234,ENSG00000182378.14,0.43231911723096195
5235,ENSG00000118181.11,0.43227180594698755
5236,ENSG00000137513.10,0.4321422102971542
5237,ENSG00000107863.18,0.43214075788540185
5238,ENSG00000181634.8,0.43202189667439683
5239,ENSG00000131469.15,0.43198600957849087
5240,ENSG00000166925.9,0.43187211319633523
5241,ENSG00000147852.16,0.4317423504854479
5242,ENSG00000100258.18,0.4315728647899796
5243,ENSG00000073910.22,0.43156618676591324
5244,ENSG00000171476.22,0.4314421845882073
5245,ENSG00000149292.17,0.4313093873478183
5246,ENSG00000147138.3,0.4312824828066634
5247,ENSG00000159921.19,0.4311092901337812
5248,ENSG00000007376.8,0.43110588686241413
5249,ENSG00000113263.13,0.4310640933740196
5250,ENSG00000136463.8,0.4307583028325001
5251,ENSG00000170425.3,0.4306179459804381
5252,ENSG00000152767.17,0.4305344926045903
5253,ENSG00000180198.16,0.4304243675211504
5254,ENSG00000150764.14,0.4303969548556223
5255,ENSG00000140950.16,0.4303928665632903
5256,ENSG00000125249.7,0.4303671469490289
5257,ENSG00000111424.12,0.4303641862040187
5258,ENSG00000182983.15,0.4300844417541562
5259,ENSG00000155090.15,0.43007794254815546
5260,ENSG00000112893.9,0.430026246147103
5261,ENSG00000141698.17,0.4299101682484344
5262,ENSG00000135679.25,0.4298668025156123
5263,ENSG00000133026.13,0.4298538952870158
5264,ENSG00000160767.21,0.4298318265685771
5265,ENSG00000185522.9,0.4297785960816275
5266,ENSG00000169976.7,0.4295987449889858
5267,ENSG00000214415.4,0.4295377784698833
5268,ENSG00000087253.13,0.42947903491859796
5269,ENSG00000130054.5,0.42945800382366844
5270,ENSG00000134419.15,0.4293418088992732
5271,ENSG00000074842.8,0.42929217538679626
5272,ENSG00000138744.16,0.42918468719088204
5273,ENSG00000049246.14,0.42913348450024263
5274,ENSG00000177674.16,0.4291318417913735
5275,ENSG00000163840.10,0.4291137696554139
5276,ENSG00000198844.12,0.4290662210351082
5277,ENSG00000150630.4,0.42902494149330184
5278,ENSG00000132321.17,0.42900568799281064
5279,ENSG00000183762.13,0.4289721473334737
5280,ENSG00000105854.13,0.42895260994321294
5281,ENSG00000146950.13,0.4289338842768241
5282,ENSG00000214253.9,0.428925754353509
5283,ENSG00000135917.16,0.4288229015971917
5284,ENSG00000092850.12,0.42881710705548454
5285,ENSG00000185761.11,0.4287960114912112
5286,ENSG00000187566.6,0.4287633427063663
5287,ENSG00000042445.14,0.4285654785968661
5288,ENSG00000158158.12,0.4284398110142446
5289,ENSG00000102103.17,0.42836947095792793
5290,ENSG00000203727.4,0.4283061320734558
5291,ENSG00000069764.10,0.42828789251591415
5292,ENSG00000104325.7,0.4282702422870202
5293,ENSG00000134247.10,0.4282220957245998
5294,ENSG00000055332.18,0.4281815989177018
5295,ENSG00000175866.15,0.4281762880578638
5296,ENSG00000100379.17,0.42807992306917403
5297,ENSG00000204179.10,0.42800777467563894
5298,ENSG00000108784.10,0.4279575991547202
5299,ENSG00000121380.12,0.4279299661943068
5300,ENSG00000040608.14,0.4278639330132109
5301,ENSG00000011105.14,0.4278283172152009
5302,ENSG00000146707.14,0.42778677350375777
5303,ENSG00000170881.5,0.42755470285778624
5304,ENSG00000139278.10,0.42753654479116987
5305,ENSG00000198185.11,0.42753166880420573
5306,ENSG00000135045.7,0.4275144185309865
5307,ENSG00000133121.21,0.4274451594638922
5308,ENSG00000134285.11,0.4273586338695859
5309,ENSG00000057149.16,0.4272598374569963
5310,ENSG00000116035.4,0.42724152060591286
5311,ENSG00000139116.19,0.42722003358027427
5312,ENSG00000150753.12,0.42708775356634304
5313,ENSG00000111897.7,0.42706855324616894
5314,ENSG00000095066.12,0.42702375677250587
5315,ENSG00000141959.17,0.42687946474980626
5316,ENSG00000166166.13,0.42675845163787174
5317,ENSG00000189067.13,0.42657362325087783
5318,ENSG00000148444.16,0.42653831822676497
5319,ENSG00000183397.5,0.42633452559248275
5320,ENSG00000116885.18,0.4262900155345909
5321,ENSG00000130313.7,0.42625873031873845
5322,ENSG00000130540.14,0.4262516209371146
5323,ENSG00000167862.10,0.42610565894467006
5324,ENSG00000204272.13,0.4260720578625806
5325,ENSG00000167315.18,0.4260540841107499
5326,ENSG00000186918.14,0.4258878301919367
5327,ENSG00000023287.13,0.4258794465860185
5328,ENSG00000198142.5,0.4257547268920256
5329,ENSG00000142168.15,0.4257191270059253
5330,ENSG00000147533.17,0.42563043923363575
5331,ENSG00000183484.12,0.4256012906480602
5332,ENSG00000197562.10,0.4254608610332337
5333,ENSG00000089157.16,0.4254477673872741
5334,ENSG00000142546.14,0.4254041031585125
5335,ENSG00000122406.14,0.4253793018697047
5336,ENSG00000110375.3,0.42532040656208425
5337,ENSG00000143479.17,0.4251452420113929
5338,ENSG00000101444.13,0.4250509938377531
5339,ENSG00000177595.18,0.4250356152985707
5340,ENSG00000178057.15,0.425007636967687
5341,ENSG00000130475.14,0.42478165723860756
5342,ENSG00000188112.9,0.42460111029477005
5343,ENSG00000165966.16,0.42459138308141453
5344,ENSG00000123933.17,0.4244166565479749
5345,ENSG00000134508.12,0.4243917858395679
5346,ENSG00000163932.15,0.4243706502454495
5347,ENSG00000125166.13,0.4243608615123914
5348,ENSG00000085871.9,0.4243450419494235
5349,ENSG00000143318.13,0.42430152789651693
5350,ENSG00000198743.7,0.42414488805784384
5351,ENSG00000163947.12,0.4241283604711797
5352,ENSG00000240849.11,0.42411525650070836
5353,ENSG00000172348.15,0.42390664179438176
5354,ENSG00000179218.14,0.42388201258445846
5355,ENSG00000153250.20,0.4238137253768914
5356,ENSG00000128564.7,0.4237449185867346
5357,ENSG00000130517.14,0.42340525938546175
5358,ENSG00000112029.10,0.42328466921232755
5359,ENSG00000073464.13,0.4232749691707269
5360,ENSG00000061918.14,0.42326686371990907
5361,ENSG00000132549.18,0.4229497550822967
5362,ENSG00000167447.12,0.4228912377603048
5363,ENSG00000132840.10,0.42283989148523976
5364,ENSG00000166451.13,0.422790493404383
5365,ENSG00000123739.11,0.422767001662215
5366,ENSG00000204538.4,0.4227034519357352
5367,ENSG00000197122.12,0.42270205919314885
5368,ENSG00000254986.7,0.42265403511947475
5369,ENSG00000100142.16,0.42257861592415813
5370,ENSG00000101935.10,0.4225536947600938
5371,ENSG00000159363.19,0.4225380195093332
5372,ENSG00000147955.17,0.42250414636612554
5373,ENSG00000114626.18,0.4221424818953331
5374,ENSG00000138316.11,0.4221418082429251
5375,ENSG00000001036.14,0.42206084002419936
5376,ENSG00000135535.17,0.4220531481331949
5377,ENSG00000100422.14,0.4220199283781757
5378,ENSG00000163508.13,0.4219958750844877
5379,ENSG00000085999.13,0.4219947570683433
5380,ENSG00000167703.15,0.4219937908097533
5381,ENSG00000101096.20,0.4219232685151658
5382,ENSG00000089486.17,0.42190415357745115
5383,ENSG00000175455.16,0.4218551573194127
5384,ENSG00000037749.12,0.42162875851671705
5385,ENSG00000133424.22,0.4215664513971532
5386,ENSG00000184368.16,0.4214266802215875
5387,ENSG00000086991.13,0.4213364793322138
5388,ENSG00000080546.13,0.42129747495610087
5389,ENSG00000166501.14,0.42126447342648365
5390,ENSG00000101849.17,0.4210592422124655
5391,ENSG00000132361.18,0.420882760746645
5392,ENSG00000066027.12,0.42082133970876695
5393,ENSG00000138175.9,0.4207918625172355
5394,ENSG00000120802.14,0.42077411149005844
5395,ENSG00000001461.17,0.4207496477176653
5396,ENSG00000147573.17,0.42065448489750473
5397,ENSG00000100399.16,0.4206425584663304
5398,ENSG00000215187.12,0.42060819529357635
5399,ENSG00000255302.5,0.4205373206326282
5400,ENSG00000173926.6,0.42048134764352235
5401,ENSG00000176853.16,0.4204596672011581
5402,ENSG00000176973.8,0.420344310956323
5403,ENSG00000172493.22,0.4203398312581067
5404,ENSG00000229117.9,0.4201663619077758
5405,ENSG00000127922.9,0.4201640802518845
5406,ENSG00000167460.17,0.4200930418589029
5407,ENSG00000125356.7,0.42008160144304935
5408,ENSG00000167114.13,0.42007127866551297
5409,ENSG00000127445.14,0.4200702040844699
5410,ENSG00000196954.14,0.41996083617540925
5411,ENSG00000010671.16,0.4198119760143365
5412,ENSG00000108395.14,0.419672801404168
5413,ENSG00000141971.13,0.419670938216354
5414,ENSG00000090861.17,0.41957057933610586
5415,ENSG00000138688.15,0.4195598304355773
5416,ENSG00000106415.13,0.4194899828889589
5417,ENSG00000160588.10,0.41938143167967323
5418,ENSG00000169193.12,0.41932465767954197
5419,ENSG00000112118.20,0.41928754736022844
5420,ENSG00000185112.6,0.4191727705833307
5421,ENSG00000204366.4,0.4191581397736916
5422,ENSG00000155097.12,0.4191535267153687
5423,ENSG00000135540.11,0.4190335422419344
5424,ENSG00000138698.15,0.4190064030888271
5425,ENSG00000145287.11,0.4190043628261961
5426,ENSG00000275183.2,0.4190011797538326
5427,ENSG00000183579.16,0.41900029952984247
5428,ENSG00000068305.17,0.41894768077018607
5429,ENSG00000235863.4,0.4189298451422948
5430,ENSG00000173113.7,0.4187813695843195
5431,ENSG00000002549.12,0.41856497562796574
5432,ENSG00000206527.10,0.41852178674607365
5433,ENSG00000095397.16,0.41845998065865514
5434,ENSG00000165502.7,0.41844780567532824
5435,ENSG00000125850.11,0.41838201825527765
5436,ENSG00000132507.18,0.4183288367443159
5437,ENSG00000144063.4,0.41822141498745
5438,ENSG00000247596.10,0.41818922747831194
5439,ENSG00000042753.12,0.4181071665014164
5440,ENSG00000157326.19,0.41810637896653274
5441,ENSG00000166173.11,0.41791066064900667
5442,ENSG00000171793.16,0.41778879382539696
5443,ENSG00000146955.11,0.41777249239090064
5444,ENSG00000136026.14,0.417745621411157
5445,ENSG00000112039.5,0.4177024255958597
5446,ENSG00000118292.9,0.4176879893407118
5447,ENSG00000127603.30,0.4176578676230609
5448,ENSG00000051620.11,0.41763269656389307
5449,ENSG00000127554.13,0.41757579814982465
5450,ENSG00000137460.9,0.41752647778981783
5451,ENSG00000164484.12,0.4173843323763013
5452,ENSG00000105677.12,0.41732056913272886
5453,ENSG00000130787.14,0.41706839936911405
5454,ENSG00000020129.16,0.4170566008327244
5455,ENSG00000143641.10,0.416921656258555
5456,ENSG00000171729.14,0.416912708614642
5457,ENSG00000182362.14,0.4168024655304716
5458,ENSG00000065923.10,0.41680002934157523
5459,ENSG00000187079.20,0.4167108136556228
5460,ENSG00000143198.13,0.4166058336196859
5461,ENSG00000155307.19,0.4165881110072167
5462,ENSG00000103479.16,0.4165582929592096
5463,ENSG00000155324.10,0.41651898396457937
5464,ENSG00000173852.15,0.416499253859439
5465,ENSG00000175857.8,0.4164956585628265
5466,ENSG00000129667.13,0.41649557899793216
5467,ENSG00000136153.20,0.4164094485022851
5468,ENSG00000145687.16,0.4163916190598896
5469,ENSG00000132975.8,0.41596118998364595
5470,ENSG00000104886.12,0.41575986913842533
5471,ENSG00000197343.11,0.415743958483449
5472,ENSG00000213741.11,0.4157401457984366
5473,ENSG00000117143.13,0.41571379596596814
5474,ENSG00000170871.12,0.415694716994221
5475,ENSG00000031081.11,0.41567658753849934
5476,ENSG00000130813.18,0.41561540853084006
5477,ENSG00000070526.15,0.4152774300339652
5478,ENSG00000204136.11,0.41522555012454343
5479,ENSG00000106631.8,0.4151585717498571
5480,ENSG00000175305.17,0.4150462269417201
5481,ENSG00000135404.12,0.41487400608446184
5482,ENSG00000072952.19,0.41474686028407554
5483,ENSG00000186469.8,0.41474068285867943
5484,ENSG00000104866.11,0.41470433958358516
5485,ENSG00000177954.14,0.41452322724037394
5486,ENSG00000149115.14,0.4145189904588486
5487,ENSG00000137054.16,0.41450887452422114
5488,ENSG00000160447.7,0.4144125767063817
5489,ENSG00000109572.14,0.41438063926101953
5490,ENSG00000164187.7,0.4143456968154182
5491,ENSG00000148396.18,0.4143442374801127
5492,ENSG00000269343.9,0.4143212239027234
5493,ENSG00000213347.10,0.414246459121635
5494,ENSG00000164967.10,0.4141835192128672
5495,ENSG00000130590.14,0.4141549012330483
5496,ENSG00000100997.20,0.41407515890047314
5497,ENSG00000119630.14,0.4140217741461811
5498,ENSG00000203485.14,0.4139021299097651
5499,ENSG00000152413.15,0.413811662318165
5500,ENSG00000278619.5,0.41372345893749934
5501,ENSG00000169189.17,0.4135413839589446
5502,ENSG00000158315.11,0.4133205767603073
5503,ENSG00000113712.19,0.4132680241638869
5504,ENSG00000145491.12,0.41323642263003907
5505,ENSG00000143768.13,0.4132081508189639
5506,ENSG00000162522.11,0.41320737524951207
5507,ENSG00000135636.14,0.4131567972914931
5508,ENSG00000105254.12,0.4131419244055421
5509,ENSG00000196914.9,0.4129284046319899
5510,ENSG00000104915.15,0.4129139649258688
5511,ENSG00000101040.19,0.4128933334688631
5512,ENSG00000110148.10,0.4127634635226702
5513,ENSG00000154945.7,0.4127505497883104
5514,ENSG00000158296.14,0.4125573722010507
5515,ENSG00000116128.11,0.41253550602872635
5516,ENSG00000182134.16,0.41253454177177407
5517,ENSG00000204392.11,0.412512973684271
5518,ENSG00000196628.20,0.4124967192066053
5519,ENSG00000099797.15,0.41234866783968804
5520,ENSG00000167555.14,0.4123263941081797
5521,ENSG00000119636.16,0.4123017882257228
5522,ENSG00000152332.16,0.41225784495765605
5523,ENSG00000150907.10,0.41209098665662247
5524,ENSG00000177459.11,0.41189910285762876
5525,ENSG00000135723.14,0.41184831163099794
5526,ENSG00000188846.14,0.4117999346908546
5527,ENSG00000153064.12,0.41176168809121333
5528,ENSG00000170540.15,0.4116614118446013
5529,ENSG00000163297.17,0.41164959220873554
5530,ENSG00000163382.12,0.4116140122569261
5531,ENSG00000178764.8,0.41158307037551745
5532,ENSG00000105379.10,0.41156423213783394
5533,ENSG00000172009.15,0.4114161965142145
5534,ENSG00000117410.14,0.4113622218162747
5535,ENSG00000197170.10,0.4112432909491495
5536,ENSG00000104765.16,0.4111112216549654
5537,ENSG00000102699.6,0.4110968070812586
5538,ENSG00000172731.14,0.4110893161717418
5539,ENSG00000160799.11,0.41104617611461614
5540,ENSG00000111863.13,0.4110358681542085
5541,ENSG00000196230.13,0.4109817610814847
5542,ENSG00000047230.15,0.41097948629741055
5543,ENSG00000065559.15,0.4108837036598451
5544,ENSG00000153310.19,0.41083378032353657
5545,ENSG00000109466.14,0.41080944335310166
5546,ENSG00000091436.17,0.41070718437239623
5547,ENSG00000120306.11,0.4106533969095268
5548,ENSG00000168936.11,0.4106249047254014
5549,ENSG00000178585.15,0.41048192714133797
5550,ENSG00000147679.12,0.41035940393370796
5551,ENSG00000188243.13,0.41031582514247594
5552,ENSG00000100814.18,0.41019954905482264
5553,ENSG00000119431.9,0.4101340612995476
5554,ENSG00000197557.7,0.4101126233869385
5555,ENSG00000007384.15,0.40990963445651957
5556,ENSG00000105248.16,0.40988152941914635
5557,ENSG00000269858.6,0.4098770851830321
5558,ENSG00000196141.14,0.40983806733664885
5559,ENSG00000072506.13,0.4097700935284121
5560,ENSG00000084764.12,0.4097679430845317
5561,ENSG00000112210.12,0.40973886117165137
5562,ENSG00000177432.8,0.4097341546839634
5563,ENSG00000177556.12,0.4097002848929606
5564,ENSG00000237172.4,0.4096539725604835
5565,ENSG00000124098.10,0.40960980072435627
5566,ENSG00000136451.9,0.40956410409246213
5567,ENSG00000124702.18,0.4094917396784771
5568,ENSG00000125503.13,0.4092764261295817
5569,ENSG00000156050.10,0.4091865947050868
5570,ENSG00000092009.10,0.40913376855205524
5571,ENSG00000025434.19,0.408822763995225
5572,ENSG00000133065.11,0.40878408500388996
5573,ENSG00000076928.18,0.40873043101972406
5574,ENSG00000171425.10,0.4086847493740822
5575,ENSG00000072163.20,0.40864140472344745
5576,ENSG00000112514.18,0.4086067113458229
5577,ENSG00000166387.13,0.4084950975987436
5578,ENSG00000124789.12,0.4084830675376185
5579,ENSG00000100906.11,0.40836829951330417
5580,ENSG00000118762.8,0.40833360220108994
5581,ENSG00000162373.13,0.4083154925053553
5582,ENSG00000108592.17,0.40829207378585963
5583,ENSG00000151364.17,0.4082874246662842
5584,ENSG00000173041.12,0.408175818486797
5585,ENSG00000117560.8,0.4080946360425236
5586,ENSG00000164736.6,0.4080729889570775
5587,ENSG00000198183.12,0.4080044788207449
5588,ENSG00000178741.12,0.40797507905587754
5589,ENSG00000157483.9,0.40781040702313825
5590,ENSG00000198246.9,0.40768369252458775
5591,ENSG00000120963.12,0.40766337873446695
5592,ENSG00000203972.10,0.4076526629707628
5593,ENSG00000106330.12,0.4075729903968822
5594,ENSG00000138780.15,0.40757037160730536
5595,ENSG00000145476.16,0.40750944560343544
5596,ENSG00000198680.4,0.40742278488873096
5597,ENSG00000132640.15,0.40734502163783126
5598,ENSG00000143793.13,0.4073329531716557
5599,ENSG00000154127.10,0.40729721036030075
5600,ENSG00000187630.17,0.4071997449409189
5601,ENSG00000171234.14,0.40714329953997785
5602,ENSG00000186567.13,0.4070664396087757
5603,ENSG00000198933.9,0.40703225441042357
5604,ENSG00000131873.7,0.40702690214572773
5605,ENSG00000145022.4,0.4070108161217722
5606,ENSG00000005486.17,0.40694130124369293
5607,ENSG00000104859.15,0.4069260527135718
5608,ENSG00000144152.13,0.4069118258374628
5609,ENSG00000196388.8,0.4069071748037076
5610,ENSG00000083307.12,0.40687242387708566
5611,ENSG00000006459.11,0.4068570369903525
5612,ENSG00000173511.10,0.4068196780775049
5613,ENSG00000196465.10,0.4067543474144582
5614,ENSG00000120899.18,0.4065882157467614
5615,ENSG00000042286.15,0.40642407786459966
5616,ENSG00000120889.13,0.40641356738307094
5617,ENSG00000172663.9,0.4063496509251179
5618,ENSG00000143382.15,0.4061882943167362
5619,ENSG00000131724.11,0.4061635634769332
5620,ENSG00000121210.16,0.40615489926966564
5621,ENSG00000242247.11,0.40613214344442616
5622,ENSG00000132780.17,0.40600747343144444
5623,ENSG00000165490.13,0.40593680193574044
5624,ENSG00000154305.18,0.4058630973021332
5625,ENSG00000160050.15,0.40580838037706124
5626,ENSG00000235109.7,0.40571594551338047
5627,ENSG00000184007.22,0.40563249844489485
5628,ENSG00000139112.11,0.4056272450974307
5629,ENSG00000104408.11,0.4056007057408985
5630,ENSG00000149596.7,0.4055908707020132
5631,ENSG00000115232.14,0.4055643622304526
5632,ENSG00000173198.6,0.405501447105521
5633,ENSG00000160584.16,0.4053580891354542
5634,ENSG00000143434.16,0.405296287467107
5635,ENSG00000100767.17,0.40527299400858846
5636,ENSG00000137842.7,0.4052602823061045
5637,ENSG00000053371.12,0.40509387153841414
5638,ENSG00000196187.12,0.40507377383536297
5639,ENSG00000126860.12,0.4049885252767152
5640,ENSG00000159377.11,0.4049200891664025
5641,ENSG00000162777.17,0.40484685678718857
5642,ENSG00000206538.9,0.4047158515483823
5643,ENSG00000188060.7,0.40457138332354065
5644,ENSG00000173530.6,0.40449882996814523
5645,ENSG00000186871.7,0.40436560586544307
5646,ENSG00000188015.10,0.4043530769285729
5647,ENSG00000136478.8,0.4042110967516748
5648,ENSG00000107105.15,0.4041573138397267
5649,ENSG00000027697.15,0.40415315376954863
5650,ENSG00000101246.20,0.404078366826177
5651,ENSG00000143443.10,0.40392832541664786
5652,ENSG00000203880.12,0.4038950041312145
5653,ENSG00000111981.5,0.4038715789375814
5654,ENSG00000154217.15,0.40383444681649366
5655,ENSG00000136261.15,0.40379060105006576
5656,ENSG00000100401.20,0.4037042572142072
5657,ENSG00000176994.11,0.40361835339799046
5658,ENSG00000259207.9,0.40360732707096714
5659,ENSG00000101856.10,0.40354528506746057
5660,ENSG00000139178.11,0.4034210836111042
5661,ENSG00000154511.12,0.40336623930038773
5662,ENSG00000188820.13,0.40335566465449335
5663,ENSG00000101470.10,0.4031626653636515
5664,ENSG00000145365.11,0.4031158008876013
5665,ENSG00000116675.16,0.40299589852340356
5666,ENSG00000153832.12,0.4029882628898999
5667,ENSG00000174109.5,0.40295798854400267
5668,ENSG00000147324.11,0.4028881925248401
5669,ENSG00000121644.19,0.402809205465265
5670,ENSG00000108819.11,0.4027719884693912
5671,ENSG00000146830.11,0.4027328596337737
5672,ENSG00000112208.11,0.40268480539443846
5673,ENSG00000172382.10,0.40264366421816855
5674,ENSG00000077935.17,0.4026380873825572
5675,ENSG00000122490.19,0.40257792264266995
5676,ENSG00000035403.18,0.40249590720397155
5677,ENSG00000142687.18,0.4023781868526405
5678,ENSG00000197375.13,0.4023371033598767
5679,ENSG00000139174.12,0.40226739883563845
5680,ENSG00000161381.14,0.40225261431339726
5681,ENSG00000010704.18,0.4022367324318429
5682,ENSG00000189306.11,0.40221833562654247
5683,ENSG00000108439.11,0.402174223795432
5684,ENSG00000154928.18,0.4019692911760392
5685,ENSG00000121073.15,0.40193601187906286
5686,ENSG00000183648.11,0.40187229532192303
5687,ENSG00000206073.11,0.4017611773124571
5688,ENSG00000198088.10,0.40170612552986407
5689,ENSG00000177494.6,0.4016617814414257
5690,ENSG00000125877.13,0.4015296052785532
5691,ENSG00000134243.12,0.40152667281860693
5692,ENSG00000114378.17,0.4013711619072979
5693,ENSG00000066185.13,0.4013388161449347
5694,ENSG00000132718.9,0.40126553495023004
5695,ENSG00000171045.16,0.4012028907685253
5696,ENSG00000165118.15,0.40118428311526105
5697,ENSG00000185614.7,0.40111008368809437
5698,ENSG00000025770.19,0.401096096485807
5699,ENSG00000163820.15,0.40103319807912774
5700,ENSG00000197385.6,0.40094269500483315
5701,ENSG00000006534.16,0.4009306474412014
5702,ENSG00000145832.14,0.40091084223279727
5703,ENSG00000137288.10,0.4008335124881513
5704,ENSG00000091527.16,0.400788138745875
5705,ENSG00000189319.14,0.4007530354824026
5706,ENSG00000123684.13,0.4007471754110926
5707,ENSG00000198276.16,0.40074484409479894
5708,ENSG00000257093.7,0.40067010327674496
5709,ENSG00000130988.13,0.400617509338437
5710,ENSG00000215375.6,0.4005372328992695
5711,ENSG00000198961.10,0.40053211798764893
5712,ENSG00000138190.17,0.4005009471516827
5713,ENSG00000182199.11,0.40045565244566195
5714,ENSG00000068120.15,0.4004027617624482
5715,ENSG00000087088.20,0.40032035059681764
5716,ENSG00000156170.13,0.4002904491487353
5717,ENSG00000102034.17,0.4002070935142233
5718,ENSG00000061938.20,0.4001870586762663
5719,ENSG00000136854.24,0.40016631439118416
5720,ENSG00000232388.5,0.4001150487511012
5721,ENSG00000076770.14,0.4000997063187098
5722,ENSG00000154582.17,0.40004307428125707
5723,ENSG00000122420.10,0.39983349358055215
5724,ENSG00000130669.17,0.3997429205175904
5725,ENSG00000145247.12,0.39970471019679743
5726,ENSG00000004848.8,0.399681407402713
5727,ENSG00000168016.15,0.39964765055125506
5728,ENSG00000213214.5,0.3996301987248151
5729,ENSG00000159640.17,0.3996025718470302
5730,ENSG00000125814.17,0.3995738897404946
5731,ENSG00000147224.13,0.39953641513350757
5732,ENSG00000092820.18,0.39948227807387793
5733,ENSG00000185340.15,0.39942250857439937
5734,ENSG00000112695.11,0.3993567038572819
5735,ENSG00000079263.19,0.3993514419534663
5736,ENSG00000162385.11,0.39934963541633806
5737,ENSG00000183207.14,0.3993491526835392
5738,ENSG00000166575.17,0.3993349574508732
5739,ENSG00000166794.5,0.3992682941621648
5740,ENSG00000128944.13,0.3991299584311171
5741,ENSG00000061337.15,0.3990898520362249
5742,ENSG00000276293.4,0.3990548135522106
5743,ENSG00000155189.12,0.399019781033555
5744,ENSG00000164300.17,0.3989318533453941
5745,ENSG00000086205.18,0.3989175773301237
5746,ENSG00000145390.11,0.3988964952744907
5747,ENSG00000068831.19,0.3988624255332385
5748,ENSG00000143947.14,0.3988451518157932
5749,ENSG00000005022.6,0.39877326326013685
5750,ENSG00000011260.14,0.3987272209859356
5751,ENSG00000136436.15,0.39872420246739
5752,ENSG00000137720.8,0.3985204303094963
5753,ENSG00000123130.17,0.39842485808800093
5754,ENSG00000188906.16,0.3982824010640341
5755,ENSG00000174738.13,0.3982675882087409
5756,ENSG00000164830.18,0.3982432410050623
5757,ENSG00000231925.12,0.3982337993939985
5758,ENSG00000197448.14,0.39816740385991617
5759,ENSG00000101187.16,0.39793613273460754
5760,ENSG00000105464.3,0.397858112049564
5761,ENSG00000170775.3,0.39779471753285955
5762,ENSG00000136155.17,0.39776033617550705
5763,ENSG00000118689.15,0.3976623965855978
5764,ENSG00000174851.16,0.3976087426819588
5765,ENSG00000148303.17,0.39759881209423653
5766,ENSG00000204520.14,0.39756819115082326
5767,ENSG00000149743.14,0.39723953325658967
5768,ENSG00000013441.16,0.39722598846016965
5769,ENSG00000132357.14,0.39709325771895254
5770,ENSG00000091879.14,0.39701876338436176
5771,ENSG00000196365.12,0.39701662439723456
5772,ENSG00000129925.11,0.39693520562914136
5773,ENSG00000118640.11,0.39691963210624165
5774,ENSG00000197530.12,0.3968715966080662
5775,ENSG00000187954.13,0.396769404762377
5776,ENSG00000177156.11,0.3967678828603543
5777,ENSG00000172935.9,0.3967438882857084
5778,ENSG00000185760.17,0.3967386345178409
5779,ENSG00000144674.16,0.3966391392721512
5780,ENSG00000180938.6,0.3965485159709508
5781,ENSG00000167967.16,0.39638981920490757
5782,ENSG00000178209.16,0.3963841179069031
5783,ENSG00000007392.17,0.39635410259446047
5784,ENSG00000143942.5,0.3963397925410377
5785,ENSG00000134201.12,0.39618040286390893
5786,ENSG00000079156.17,0.3961413590388212
5787,ENSG00000141338.14,0.39613633292871975
5788,ENSG00000106070.20,0.3960744268770692
5789,ENSG00000168005.9,0.396019051020131
5790,ENSG00000169957.10,0.3960150503916084
5791,ENSG00000184860.10,0.39596472099714136
5792,ENSG00000114757.19,0.3959215661621456
5793,ENSG00000137434.11,0.39589545275864035
5794,ENSG00000075239.14,0.39583273597058366
5795,ENSG00000012048.23,0.39573834683588344
5796,ENSG00000204161.14,0.39570228799445445
5797,ENSG00000064490.14,0.3956794959127846
5798,ENSG00000197077.13,0.39552170213981175
5799,ENSG00000146067.16,0.3955096477605772
5800,ENSG00000144619.15,0.3955008289387618
5801,ENSG00000156463.18,0.3954710325705862
5802,ENSG00000101974.14,0.39543596549697074
5803,ENSG00000159147.18,0.39538171091699464
5804,ENSG00000102755.12,0.3953350699341269
5805,ENSG00000096063.16,0.3952499959362388
5806,ENSG00000110881.12,0.3951921899728479
5807,ENSG00000153898.13,0.39517091042446767
5808,ENSG00000111602.12,0.39509473747222396
5809,ENSG00000173846.13,0.39504703588053497
5810,ENSG00000163293.12,0.3950373791039588
5811,ENSG00000137841.12,0.3950316609702634
5812,ENSG00000164440.15,0.39498895561044944
5813,ENSG00000172301.11,0.3949259286392793
5814,ENSG00000167748.11,0.3948978849495509
5815,ENSG00000060749.16,0.3948924971274846
5816,ENSG00000142449.13,0.39481344155128195
5817,ENSG00000171680.23,0.3947946996723158
5818,ENSG00000133710.16,0.39471861074643527
5819,ENSG00000119705.10,0.39469590485744704
5820,ENSG00000105366.15,0.394690142274635
5821,ENSG00000099904.16,0.39461523282968525
5822,ENSG00000242498.8,0.3945906744318611
5823,ENSG00000159069.14,0.39454421318254734
5824,ENSG00000131196.18,0.39450775699170754
5825,ENSG00000171492.14,0.39446724820291373
5826,ENSG00000159753.14,0.39446273234410756
5827,ENSG00000178252.18,0.39445841024813494
5828,ENSG00000107719.9,0.39442395844007433
5829,ENSG00000123144.11,0.39438214272051714
5830,ENSG00000169223.15,0.39435873151871526
5831,ENSG00000103152.12,0.39424037849825877
5832,ENSG00000266524.3,0.39418700060851763
5833,ENSG00000104972.15,0.3941746145175612
5834,ENSG00000099899.15,0.394168601237677
5835,ENSG00000068724.17,0.39409216295091204
5836,ENSG00000140859.16,0.39397811547543143
5837,ENSG00000169093.16,0.3938769162560566
5838,ENSG00000170836.12,0.39371770130295236
5839,ENSG00000206053.13,0.39366800267246377
5840,ENSG00000171105.14,0.39365948765441205
5841,ENSG00000112473.18,0.39360657002741534
5842,ENSG00000103549.22,0.39352103998575017
5843,ENSG00000134294.14,0.39351986345228074
5844,ENSG00000151623.15,0.39345152250746745
5845,ENSG00000171714.12,0.3934233727525601
5846,ENSG00000161940.11,0.39340984670008955
5847,ENSG00000165948.11,0.3932875470765054
5848,ENSG00000165801.10,0.3931946103743393
5849,ENSG00000184574.10,0.3930130687911174
5850,ENSG00000133678.14,0.392980658581853
5851,ENSG00000179902.13,0.3929493957790515
5852,ENSG00000106009.16,0.39293796953246785
5853,ENSG00000139567.13,0.3928939131581864
5854,ENSG00000149177.13,0.3925518652654649
5855,ENSG00000141179.14,0.3925229243509344
5856,ENSG00000099901.17,0.39240581026114923
5857,ENSG00000072682.19,0.39237792734960425
5858,ENSG00000124151.19,0.3922790844477974
5859,ENSG00000198003.12,0.3922241752731249
5860,ENSG00000137392.10,0.3922086889436016
5861,ENSG00000196535.17,0.3921887923564301
5862,ENSG00000116857.17,0.3921737933370559
5863,ENSG00000122254.7,0.3920895372684115
5864,ENSG00000196704.13,0.3919411495614642
5865,ENSG00000167705.12,0.3919202993601642
5866,ENSG00000170604.5,0.39180831119961596
5867,ENSG00000136830.12,0.3918013834085673
5868,ENSG00000130159.14,0.3918008215291874
5869,ENSG00000155100.11,0.39161251225895427
5870,ENSG00000166073.11,0.39148530106439433
5871,ENSG00000077312.9,0.39137961247382536
5872,ENSG00000058056.9,0.3913360487904514
5873,ENSG00000206418.4,0.3913350735677127
5874,ENSG00000106261.17,0.3913226200319963
5875,ENSG00000198258.11,0.3912798900872799
5876,ENSG00000108518.8,0.39119562164073657
5877,ENSG00000149636.16,0.3911180453860888
5878,ENSG00000071564.17,0.3910911520014817
5879,ENSG00000101282.9,0.39108136629788254
5880,ENSG00000196653.12,0.3910312191316996
5881,ENSG00000152213.4,0.39089138560447934
5882,ENSG00000141655.17,0.3908443643119441
5883,ENSG00000164199.18,0.3908190987484436
5884,ENSG00000133131.15,0.39081002029108375
5885,ENSG00000104957.14,0.3907773048760843
5886,ENSG00000204381.12,0.39076055023085526
5887,ENSG00000086730.17,0.3907562604823478
5888,ENSG00000048162.21,0.390739707647598
5889,ENSG00000167074.15,0.39065166080673963
5890,ENSG00000131242.18,0.3905351692139087
5891,ENSG00000023516.9,0.3903937905829792
5892,ENSG00000005206.17,0.390251087020651
5893,ENSG00000221983.8,0.39015742633210104
5894,ENSG00000054219.11,0.39011800847072964
5895,ENSG00000057019.16,0.3900757573482263
5896,ENSG00000165475.15,0.3900533210562013
5897,ENSG00000172687.13,0.3900464994850548
5898,ENSG00000166477.13,0.3899439763582489
5899,ENSG00000133943.21,0.3898858786630975
5900,ENSG00000153443.13,0.38980051269322247
5901,ENSG00000196642.19,0.38974750158086774
5902,ENSG00000173915.16,0.38969239624218593
5903,ENSG00000105321.14,0.38966554809196646
5904,ENSG00000095383.20,0.3895702117253105
5905,ENSG00000081913.14,0.3895467572091974
5906,ENSG00000165102.15,0.3895425844195164
5907,ENSG00000113108.19,0.3895125720342025
5908,ENSG00000136574.18,0.38945849194688403
5909,ENSG00000214160.10,0.3893857695436622
5910,ENSG00000009790.15,0.3893607095353715
5911,ENSG00000107902.14,0.3892696047808497
5912,ENSG00000140534.14,0.38926637400839625
5913,ENSG00000164743.5,0.38925969691217954
5914,ENSG00000183665.5,0.3892025884665333
5915,ENSG00000060237.18,0.38912217971022284
5916,ENSG00000170779.11,0.38908696118555963
5917,ENSG00000122574.11,0.38906424425221253
5918,ENSG00000137868.19,0.3890466934450696
5919,ENSG00000166669.13,0.3890457846941294
5920,ENSG00000127337.7,0.3890070552694168
5921,ENSG00000107672.15,0.3889716817116796
5922,ENSG00000142512.15,0.38888338141553797
5923,ENSG00000169962.5,0.38883836105124625
5924,ENSG00000121691.7,0.3887981026129129
5925,ENSG00000221968.9,0.38860666317423087
5926,ENSG00000088367.23,0.38858622274161175
5927,ENSG00000214194.9,0.3885115522954946
5928,ENSG00000104356.11,0.3884187810722819
5929,ENSG00000147649.10,0.3881880115692481
5930,ENSG00000000005.6,0.38812231322697227
5931,ENSG00000180346.4,0.3880796535439269
5932,ENSG00000144724.20,0.3880634286986219
5933,ENSG00000008382.16,0.38785998581842995
5934,ENSG00000102054.18,0.3878529670578337
5935,ENSG00000087111.21,0.387852375850856
5936,ENSG00000180233.11,0.3878340705194009
5937,ENSG00000067225.18,0.38782385137737735
5938,ENSG00000164342.13,0.38774583804821955
5939,ENSG00000162599.17,0.3876525847937577
5940,ENSG00000133119.13,0.3875256141374202
5941,ENSG00000212916.4,0.3874265198005152
5942,ENSG00000142303.14,0.3874011319927007
5943,ENSG00000131584.19,0.3873714080834275
5944,ENSG00000134873.10,0.3873551248324827
5945,ENSG00000188707.6,0.38733039293821236
5946,ENSG00000092978.11,0.38730873990671477
5947,ENSG00000102098.19,0.3873001081442156
5948,ENSG00000167470.12,0.38722467183232623
5949,ENSG00000164978.18,0.38718389939737197
5950,ENSG00000166311.10,0.3871217497759305
5951,ENSG00000124772.12,0.3870182410367798
5952,ENSG00000099326.9,0.3869855891743939
5953,ENSG00000130312.7,0.3868772685561607
5954,ENSG00000183309.12,0.386860906885058
5955,ENSG00000101166.16,0.3867842435265604
5956,ENSG00000148459.16,0.3867483663255747
5957,ENSG00000180425.11,0.38663718011624454
5958,ENSG00000010818.10,0.3866005893810192
5959,ENSG00000178607.16,0.38651954170319763
5960,ENSG00000114670.14,0.3863966304568842
5961,ENSG00000170390.16,0.3863802736179297
5962,ENSG00000197256.11,0.38633712059993425
5963,ENSG00000157399.16,0.38631612876924665
5964,ENSG00000174444.15,0.38631383154864096
5965,ENSG00000114554.11,0.3861093025413481
5966,ENSG00000115138.11,0.386080327349189
5967,ENSG00000225556.1,0.38599962818711997
5968,ENSG00000126882.13,0.385999214257382
5969,ENSG00000139517.9,0.38592388763906355
5970,ENSG00000104081.14,0.3859133190021996
5971,ENSG00000109674.4,0.3856731037479024
5972,ENSG00000124201.15,0.385660555235399
5973,ENSG00000140332.17,0.3856394230793215
5974,ENSG00000184785.6,0.38563318807100655
5975,ENSG00000038382.20,0.385614252546125
5976,ENSG00000103034.14,0.3855991956406567
5977,ENSG00000204628.12,0.38555375236334566
5978,ENSG00000187091.14,0.3854826366383111
5979,ENSG00000156273.16,0.3853599217053666
5980,ENSG00000147650.11,0.3853542350941348
5981,ENSG00000149260.18,0.38516052246186216
5982,ENSG00000115109.14,0.38505683046827965
5983,ENSG00000182173.13,0.38495560128728257
5984,ENSG00000053501.13,0.3849519552099383
5985,ENSG00000167565.13,0.3845647417701113
5986,ENSG00000112299.8,0.3844454720034419
5987,ENSG00000172932.16,0.3844370196600385
5988,ENSG00000162066.16,0.38441686298035765
5989,ENSG00000165621.8,0.38441062139427395
5990,ENSG00000163702.20,0.38432137267542577
5991,ENSG00000274997.2,0.3842983495894524
5992,ENSG00000153208.17,0.3842778067476856
5993,ENSG00000271605.6,0.38424198045306135
5994,ENSG00000119915.5,0.3842283160903332
5995,ENSG00000142583.18,0.3841485808043017
5996,ENSG00000141522.12,0.3841249122523264
5997,ENSG00000172466.16,0.3840882593310657
5998,ENSG00000132825.7,0.3840760061627203
5999,ENSG00000005889.16,0.38401552249035376
6000,ENSG00000145861.9,0.3839762223808585
6001,ENSG00000176155.19,0.38396109464611267
6002,ENSG00000181656.7,0.38394875987220345
6003,ENSG00000127328.22,0.38392313644125287
6004,ENSG00000035720.8,0.38390253638408006
6005,ENSG00000090581.10,0.38385609545703586
6006,ENSG00000107937.19,0.38383374323144087
6007,ENSG00000183798.5,0.3838251018971389
6008,ENSG00000150760.13,0.3837419835862215
6009,ENSG00000134901.13,0.3836535355281873
6010,ENSG00000198722.14,0.38363172956751806
6011,ENSG00000137177.20,0.38360491678055664
6012,ENSG00000124570.21,0.3836037051910256
6013,ENSG00000148798.11,0.38355558357070124
6014,ENSG00000132623.16,0.38354731588124386
6015,ENSG00000144560.15,0.383459982437024
6016,ENSG00000221955.11,0.3834337129793182
6017,ENSG00000174564.13,0.3834266851222127
6018,ENSG00000287080.2,0.38333295537386863
6019,ENSG00000157617.17,0.3833300580228601
6020,ENSG00000168275.16,0.38332953250556445
6021,ENSG00000146416.19,0.38330446688627773
6022,ENSG00000102531.16,0.383297608077083
6023,ENSG00000185483.12,0.3832577463102019
6024,ENSG00000121068.14,0.38315261185922994
6025,ENSG00000187239.17,0.38313654156725996
6026,ENSG00000155974.12,0.3830187966211122
6027,ENSG00000172361.6,0.38287021239481495
6028,ENSG00000276023.5,0.38277963196091874
6029,ENSG00000110700.7,0.3827561133520072
6030,ENSG00000047644.19,0.38271318777633223
6031,ENSG00000105223.20,0.3826123007277167
6032,ENSG00000132589.16,0.38256071915089257
6033,ENSG00000100241.21,0.38233707726231975
6034,ENSG00000145779.8,0.3822650919322443
6035,ENSG00000106829.20,0.382254264415925
6036,ENSG00000101474.12,0.38216532391655955
6037,ENSG00000125743.10,0.38206401616440927
6038,ENSG00000133477.17,0.3820622890619901
6039,ENSG00000150337.13,0.38206122311280977
6040,ENSG00000055732.13,0.3820137523912456
6041,ENSG00000084710.14,0.3818852642545062
6042,ENSG00000127220.6,0.3818569005348075
6043,ENSG00000075651.16,0.38184960869968143
6044,ENSG00000174514.13,0.3818472291100693
6045,ENSG00000100577.19,0.38184086692780456
6046,ENSG00000124731.13,0.3816958399144822
6047,ENSG00000102181.21,0.3816569284631572
6048,ENSG00000166557.14,0.3816368358334623
6049,ENSG00000132471.12,0.38158620073797894
6050,ENSG00000135441.7,0.3815421186119631
6051,ENSG00000138593.9,0.3815001245879526
6052,ENSG00000167280.17,0.38149014893819017
6053,ENSG00000124588.21,0.3814645397549661
6054,ENSG00000160783.19,0.3813645485476369
6055,ENSG00000080839.12,0.3812593135359688
6056,ENSG00000127884.5,0.3811875262301931
6057,ENSG00000198168.9,0.3811721007546582
6058,ENSG00000196584.3,0.3811668430150823
6059,ENSG00000149262.17,0.38116272836304327
6060,ENSG00000110047.18,0.3811097903329709
6061,ENSG00000115756.13,0.38099416923960866
6062,ENSG00000104689.10,0.3808353886433662
6063,ENSG00000153317.15,0.3808321342704262
6064,ENSG00000124787.14,0.3807089465621076
6065,ENSG00000158769.18,0.38069097274285524
6066,ENSG00000143324.14,0.38049078570592704
6067,ENSG00000140044.13,0.38047511463371897
6068,ENSG00000177096.9,0.38047310003523643
6069,ENSG00000049759.19,0.3804236271740199
6070,ENSG00000172354.10,0.3804211521739125
6071,ENSG00000102580.15,0.38039219983605577
6072,ENSG00000122034.17,0.3803723703575207
6073,ENSG00000140104.14,0.380358758010718
6074,ENSG00000168575.10,0.380353684668208
6075,ENSG00000168398.7,0.38035055442943216
6076,ENSG00000059728.11,0.3802850244153053
6077,ENSG00000127946.17,0.3802790475793589
6078,ENSG00000104756.16,0.3802167726711493
6079,ENSG00000153774.9,0.38021607873130414
6080,ENSG00000108828.16,0.3801288337396607
6081,ENSG00000266074.10,0.3800486136721775
6082,ENSG00000022567.10,0.38004135982146653
6083,ENSG00000242372.9,0.3799750503427273
6084,ENSG00000102763.18,0.37995960211618773
6085,ENSG00000184207.9,0.37987756229398656
6086,ENSG00000187164.20,0.3797538338321301
6087,ENSG00000157224.16,0.3797081500658073
6088,ENSG00000162572.21,0.3797029998900813
6089,ENSG00000196743.9,0.37968666775012827
6090,ENSG00000167671.12,0.3796005738708136
6091,ENSG00000147403.18,0.37958860102792624
6092,ENSG00000141858.12,0.3795690180892067
6093,ENSG00000102384.13,0.3794912669698812
6094,ENSG00000253626.3,0.3792752975019606
6095,ENSG00000048052.22,0.37917022918159465
6096,ENSG00000125845.7,0.3790052442445347
6097,ENSG00000064545.15,0.3789212366531441
6098,ENSG00000137492.8,0.3788782202615824
6099,ENSG00000114473.14,0.37880628785372844
6100,ENSG00000090266.13,0.3787496038700392
6101,ENSG00000104892.17,0.3787185107206112
6102,ENSG00000072041.17,0.3786359797350692
6103,ENSG00000177030.17,0.37854453478958466
6104,ENSG00000010626.15,0.37852656319709055
6105,ENSG00000128791.12,0.3784211953841046
6106,ENSG00000169762.17,0.37840325698388405
6107,ENSG00000228716.7,0.37834316756162345
6108,ENSG00000172059.11,0.37830011421209714
6109,ENSG00000213903.9,0.37818565582438923
6110,ENSG00000137497.18,0.37813749502543276
6111,ENSG00000076258.10,0.37810384419209603
6112,ENSG00000165802.23,0.3780446777682939
6113,ENSG00000169727.12,0.3780116097146898
6114,ENSG00000055609.19,0.3779605354407861
6115,ENSG00000164081.13,0.3779501922193203
6116,ENSG00000143977.14,0.3779420145852902
6117,ENSG00000172349.17,0.377848220602075
6118,ENSG00000011405.13,0.3777671935042458
6119,ENSG00000053108.17,0.3777512199707944
6120,ENSG00000162302.13,0.3776779141903632
6121,ENSG00000064547.14,0.37766449165896854
6122,ENSG00000121481.11,0.377622161232235
6123,ENSG00000157637.13,0.3776063326736908
6124,ENSG00000158850.15,0.37760082114204424
6125,ENSG00000173757.10,0.3775266541646875
6126,ENSG00000162585.17,0.3774871421743994
6127,ENSG00000149923.14,0.37738258591287205
6128,ENSG00000099822.3,0.37711772609944194
6129,ENSG00000153406.14,0.3769042638591095
6130,ENSG00000074695.6,0.3768202494371371
6131,ENSG00000137825.11,0.3768172820236934
6132,ENSG00000082438.17,0.3767183791654508
6133,ENSG00000136848.17,0.3766511286617654
6134,ENSG00000145741.16,0.37662940232323683
6135,ENSG00000174950.11,0.3766266453515567
6136,ENSG00000125247.16,0.37662634054220173
6137,ENSG00000111684.11,0.37647677906908794
6138,ENSG00000116005.12,0.3763869315198308
6139,ENSG00000034152.19,0.37637704761853225
6140,ENSG00000169895.6,0.3761704351997888
6141,ENSG00000170044.8,0.3760599231265777
6142,ENSG00000173598.14,0.37593807965763637
6143,ENSG00000136824.19,0.3758505145200551
6144,ENSG00000132692.19,0.3757359346365325
6145,ENSG00000122585.8,0.375729561034943
6146,ENSG00000203943.9,0.3757232077699425
6147,ENSG00000153922.11,0.3757108647260965
6148,ENSG00000119866.22,0.375697577773936
6149,ENSG00000165943.5,0.37569204353528884
6150,ENSG00000127329.16,0.3756194941777254
6151,ENSG00000148672.9,0.37560309425350896
6152,ENSG00000135144.7,0.3755758720799537
6153,ENSG00000204899.6,0.37546112741302523
6154,ENSG00000099385.12,0.3753838074380911
6155,ENSG00000083290.20,0.3753737576040513
6156,ENSG00000092607.15,0.3752155393176798
6157,ENSG00000102401.20,0.37520342083738095
6158,ENSG00000123416.15,0.375200355329751
6159,ENSG00000185813.11,0.37511432261799665
6160,ENSG00000181924.7,0.3750383537560168
6161,ENSG00000168393.13,0.37497047199874256
6162,ENSG00000187240.16,0.37495509177776587
6163,ENSG00000177425.11,0.37485264422980696
6164,ENSG00000185825.17,0.37480022880285674
6165,ENSG00000143748.18,0.37473698027057806
6166,ENSG00000103522.16,0.37472105477429946
6167,ENSG00000150893.11,0.3746645129396451
6168,ENSG00000050820.17,0.37463406405912997
6169,ENSG00000154822.18,0.37452287686286234
6170,ENSG00000138670.18,0.37448839877624807
6171,ENSG00000156467.10,0.37432289750842085
6172,ENSG00000139880.19,0.3742855188052077
6173,ENSG00000163564.15,0.37420791980402235
6174,ENSG00000136286.16,0.37415850736337325
6175,ENSG00000157693.15,0.37408389265609676
6176,ENSG00000163257.11,0.37402683969075784
6177,ENSG00000172346.15,0.3740150681559552
6178,ENSG00000151702.17,0.37396523326549147
6179,ENSG00000131788.16,0.37392223148862325
6180,ENSG00000171451.14,0.3738719908191221
6181,ENSG00000132423.12,0.3738117427873222
6182,ENSG00000054654.19,0.37379680654570574
6183,ENSG00000095585.17,0.37374377468251374
6184,ENSG00000127184.13,0.3737214980875096
6185,ENSG00000101557.15,0.3736972160976523
6186,ENSG00000143621.17,0.37368600163298943
6187,ENSG00000070614.15,0.37334345728457463
6188,ENSG00000125733.18,0.3732933425102847
6189,ENSG00000203778.8,0.37317611654484584
6190,ENSG00000169972.12,0.3731510001287237
6191,ENSG00000136444.10,0.3731013927985174
6192,ENSG00000133657.16,0.3730997056053831
6193,ENSG00000124657.1,0.3730390028287737
6194,ENSG00000197965.12,0.3729657909095414
6195,ENSG00000058804.12,0.37295316961892416
6196,ENSG00000166226.13,0.37294189803544475
6197,ENSG00000165197.5,0.37293404150302606
6198,ENSG00000160753.16,0.37287409231239393
6199,ENSG00000187068.3,0.37281493311236025
6200,ENSG00000114942.14,0.37280658738923655
6201,ENSG00000136492.9,0.37280384846263986
6202,ENSG00000142149.9,0.37277948957317114
6203,ENSG00000154978.13,0.37277119976227996
6204,ENSG00000005810.18,0.37270098582849087
6205,ENSG00000165806.21,0.372649947293733
6206,ENSG00000137509.11,0.3724946833360411
6207,ENSG00000176046.9,0.3724781804426837
6208,ENSG00000162804.14,0.37243489185600254
6209,ENSG00000179958.10,0.37238887471774107
6210,ENSG00000213145.10,0.3723042798845298
6211,ENSG00000196591.12,0.3722950309574457
6212,ENSG00000153029.14,0.3722703665592182
6213,ENSG00000268916.6,0.37223907748531027
6214,ENSG00000274180.1,0.37221426435658567
6215,ENSG00000121680.16,0.37221296804300824
6216,ENSG00000104133.15,0.37219605525644844
6217,ENSG00000204305.14,0.3721448923386516
6218,ENSG00000076685.19,0.3720987129700421
6219,ENSG00000132793.12,0.3720848494639842
6220,ENSG00000226979.9,0.37208376840396407
6221,ENSG00000062822.15,0.3720331431792447
6222,ENSG00000169744.13,0.3720009636591684
6223,ENSG00000196683.11,0.3719381189418745
6224,ENSG00000134242.16,0.37187615133824536
6225,ENSG00000127533.4,0.37187439549094065
6226,ENSG00000106327.13,0.3718709705579185
6227,ENSG00000127419.17,0.37185133807207216
6228,ENSG00000213366.13,0.3718412900519073
6229,ENSG00000134109.11,0.37181540853221096
6230,ENSG00000117625.14,0.3717252407883144
6231,ENSG00000178473.7,0.3716911180528108
6232,ENSG00000262919.8,0.3715919050629403
6233,ENSG00000125868.16,0.37151755562808614
6234,ENSG00000071553.18,0.37137858486540587
6235,ENSG00000163884.4,0.37132078875900154
6236,ENSG00000112079.9,0.3712875386643101
6237,ENSG00000106089.12,0.3712636596076259
6238,ENSG00000156411.10,0.3712201742016485
6239,ENSG00000090273.14,0.3711950071628915
6240,ENSG00000180817.12,0.37117638765957567
6241,ENSG00000171421.13,0.3709845115398232
6242,ENSG00000108671.11,0.3709431302496961
6243,ENSG00000152455.16,0.37091157106535194
6244,ENSG00000166405.15,0.37086603940072316
6245,ENSG00000102048.16,0.3708355092328043
6246,ENSG00000184194.6,0.37079477294905616
6247,ENSG00000149476.16,0.3706785918444719
6248,ENSG00000182004.13,0.37062945395585284
6249,ENSG00000205358.4,0.3706121307520593
6250,ENSG00000176749.9,0.3705828311481041
6251,ENSG00000175582.20,0.37032461517610465
6252,ENSG00000164885.13,0.3702674879981858
6253,ENSG00000111639.8,0.37020777677497285
6254,ENSG00000112531.17,0.37014544256517357
6255,ENSG00000111845.5,0.37013187706304607
6256,ENSG00000130830.15,0.37003459165604463
6257,ENSG00000197279.4,0.37003137464973573
6258,ENSG00000162040.7,0.3700264126148841
6259,ENSG00000179104.9,0.3698956373973262
6260,ENSG00000146555.19,0.3697010398448959
6261,ENSG00000005059.16,0.3696136634744156
6262,ENSG00000168824.14,0.3695748509138248
6263,ENSG00000164142.16,0.3695475650510346
6264,ENSG00000183671.12,0.3694080043240226
6265,ENSG00000196263.8,0.36937669973305703
6266,ENSG00000153707.17,0.36930248321067594
6267,ENSG00000129810.15,0.36928652989526295
6268,ENSG00000153179.13,0.36917339398505716
6269,ENSG00000126217.21,0.3691085406440062
6270,ENSG00000172586.8,0.3690964973531328
6271,ENSG00000148677.7,0.369066262562381
6272,ENSG00000100105.18,0.3690129979061255
6273,ENSG00000119865.9,0.36900449615187825
6274,ENSG00000136628.18,0.368889950031129
6275,ENSG00000079616.13,0.36881058498987723
6276,ENSG00000100345.22,0.3687956042780642
6277,ENSG00000170619.10,0.36876182607288055
6278,ENSG00000129250.12,0.368679685107895
6279,ENSG00000130962.18,0.36867652672086965
6280,ENSG00000148057.16,0.36864838990330717
6281,ENSG00000105671.12,0.36863571802586825
6282,ENSG00000173114.13,0.3685955126022785
6283,ENSG00000174945.13,0.3685867946564857
6284,ENSG00000160285.15,0.3685778946971981
6285,ENSG00000186106.11,0.368557653824083
6286,ENSG00000035115.22,0.3685181647529415
6287,ENSG00000137312.15,0.3684977445424933
6288,ENSG00000138944.8,0.36842943767825376
6289,ENSG00000126777.18,0.36837139373616734
6290,ENSG00000174684.7,0.3683615386789463
6291,ENSG00000137161.17,0.3683610584057151
6292,ENSG00000137474.22,0.3683528902636227
6293,ENSG00000124602.10,0.3683283255692921
6294,ENSG00000124207.17,0.36831044231487653
6295,ENSG00000124177.15,0.3683007260950692
6296,ENSG00000067167.8,0.36826421833031825
6297,ENSG00000184357.5,0.3682590138529133
6298,ENSG00000170166.6,0.36816082250454796
6299,ENSG00000183337.17,0.3679352781089982
6300,ENSG00000176771.17,0.36791530693612057
6301,ENSG00000187554.14,0.367852326502443
6302,ENSG00000099954.18,0.3678421659219753
6303,ENSG00000092470.12,0.367815649667345
6304,ENSG00000153721.19,0.3677715960483961
6305,ENSG00000101916.12,0.36758102088108296
6306,ENSG00000186907.8,0.36757473024916626
6307,ENSG00000102804.15,0.367567873298658
6308,ENSG00000172115.9,0.3675023058410502
6309,ENSG00000113645.15,0.3673908427210181
6310,ENSG00000162542.13,0.36735310032043084
6311,ENSG00000021355.13,0.3672632691443957
6312,ENSG00000106628.11,0.3672446918920854
6313,ENSG00000158639.13,0.3672416925786797
6314,ENSG00000126461.15,0.36719225372114195
6315,ENSG00000167670.16,0.3669902450816319
6316,ENSG00000003056.8,0.3669628310207902
6317,ENSG00000155158.20,0.3668364856059725
6318,ENSG00000162747.12,0.3667041228646349
6319,ENSG00000175221.15,0.36669591046841205
6320,ENSG00000144407.9,0.3666543825096886
6321,ENSG00000104983.8,0.3665408588185251
6322,ENSG00000197106.7,0.3663989168249468
6323,ENSG00000121104.8,0.36638846109256823
6324,ENSG00000069493.15,0.3663175812972578
6325,ENSG00000064932.16,0.36627186294943853
6326,ENSG00000117593.12,0.36622666154256
6327,ENSG00000104679.12,0.36621136310159896
6328,ENSG00000163479.14,0.36619128692171143
6329,ENSG00000145439.12,0.36617480085430665
6330,ENSG00000140718.21,0.36612698345179706
6331,ENSG00000021762.20,0.36612522372607215
6332,ENSG00000070778.13,0.366051019264141
6333,ENSG00000167004.13,0.3660168702256237
6334,ENSG00000214087.8,0.3659752829137616
6335,ENSG00000185236.12,0.3659744691837143
6336,ENSG00000196576.15,0.36597380215632874
6337,ENSG00000177191.2,0.3659526808322552
6338,ENSG00000138172.11,0.36594156380211457
6339,ENSG00000149932.17,0.36591418889315663
6340,ENSG00000250366.3,0.3658954905379652
6341,ENSG00000177383.5,0.36588886307087887
6342,ENSG00000139572.4,0.365795890200834
6343,ENSG00000072195.15,0.36577442546668604
6344,ENSG00000101004.15,0.3657662110312104
6345,ENSG00000168273.8,0.36572956332671513
6346,ENSG00000168439.17,0.365655913328161
6347,ENSG00000113328.19,0.36559936332290754
6348,ENSG00000075624.17,0.3655829361930649
6349,ENSG00000139117.14,0.36555020609990124
6350,ENSG00000156831.8,0.36548898083603265
6351,ENSG00000159714.12,0.36544997509379007
6352,ENSG00000132475.10,0.36537199163194517
6353,ENSG00000130725.8,0.36534597703509475
6354,ENSG00000184205.14,0.3653275502650013
6355,ENSG00000140575.13,0.36525749025155185
6356,ENSG00000238269.9,0.3652184537672491
6357,ENSG00000104320.14,0.36520625738357876
6358,ENSG00000100697.15,0.365143620900189
6359,ENSG00000204922.5,0.3650103400243893
6360,ENSG00000198894.8,0.36500200746127176
6361,ENSG00000136720.7,0.36487197114552933
6362,ENSG00000105429.13,0.36484910558409195
6363,ENSG00000155011.9,0.3648453158335272
6364,ENSG00000185347.18,0.36479926138068114
6365,ENSG00000135390.21,0.36479562420806927
6366,ENSG00000172116.23,0.36478166908234844
6367,ENSG00000101577.10,0.3647753076533182
6368,ENSG00000179833.4,0.3647741001529831
6369,ENSG00000139714.12,0.36468056045301694
6370,ENSG00000172123.13,0.3646635863832202
6371,ENSG00000170791.18,0.36459459168273817
6372,ENSG00000164713.10,0.3644317076318956
6373,ENSG00000132591.12,0.3644258452811631
6374,ENSG00000177879.17,0.36441570585727
6375,ENSG00000171700.14,0.3644129218457811
6376,ENSG00000133247.14,0.36439680245038947
6377,ENSG00000197324.9,0.36437807148140317
6378,ENSG00000089693.11,0.3643412761836094
6379,ENSG00000167685.15,0.36427255637311623
6380,ENSG00000110011.13,0.3642335221342806
6381,ENSG00000120549.18,0.3642239945067711
6382,ENSG00000101310.17,0.3642100449723614
6383,ENSG00000101161.8,0.36420353084516244
6384,ENSG00000185274.12,0.364050940230128
6385,ENSG00000173409.14,0.3639562236631658
6386,ENSG00000103723.16,0.363914177168945
6387,ENSG00000117676.14,0.363858673100253
6388,ENSG00000076924.12,0.36381687551474756
6389,ENSG00000082641.16,0.3637532742999559
6390,ENSG00000159055.4,0.36371136825547123
6391,ENSG00000184060.11,0.3636162173852787
6392,ENSG00000110315.7,0.3636013672623497
6393,ENSG00000178562.18,0.3633705044500419
6394,ENSG00000157181.16,0.363175689778169
6395,ENSG00000217128.12,0.3631358926229788
6396,ENSG00000091428.18,0.36303719648266963
6397,ENSG00000143303.12,0.3630320071025806
6398,ENSG00000198642.7,0.362969737797355
6399,ENSG00000181610.13,0.3628297475714493
6400,ENSG00000154920.15,0.3627449825314781
6401,ENSG00000148290.10,0.3626773350061615
6402,ENSG00000118363.12,0.362674839733186
6403,ENSG00000116898.12,0.36266059437553533
6404,ENSG00000109065.12,0.3626535270281733
6405,ENSG00000075142.14,0.3624918273629005
6406,ENSG00000161267.12,0.3624814130674703
6407,ENSG00000071889.17,0.36246851939522745
6408,ENSG00000182095.14,0.3624330197277062
6409,ENSG00000139946.10,0.3624125938697188
6410,ENSG00000167766.18,0.3623642752258876
6411,ENSG00000105393.16,0.3623225392004768
6412,ENSG00000111679.17,0.3622357262018229
6413,ENSG00000114439.19,0.3622105840494287
6414,ENSG00000161647.19,0.36212083414573043
6415,ENSG00000146858.8,0.3620855848992438
6416,ENSG00000187098.17,0.36201755589013407
6417,ENSG00000143321.19,0.36200572109225876
6418,ENSG00000051108.15,0.36183302623154534
6419,ENSG00000176731.12,0.36172251089507595
6420,ENSG00000134970.14,0.3616781654584246
6421,ENSG00000176595.4,0.36166517473338367
6422,ENSG00000134121.10,0.36156227978843225
6423,ENSG00000138101.19,0.3615171733405965
6424,ENSG00000155849.15,0.361489849199051
6425,ENSG00000004059.11,0.36134704296238723
6426,ENSG00000241837.7,0.3613366470264832
6427,ENSG00000184575.12,0.3612737120009569
6428,ENSG00000177119.16,0.3612417387575361
6429,ENSG00000171487.15,0.3612176061910774
6430,ENSG00000073737.17,0.3611679446246945
6431,ENSG00000177854.8,0.3610651804128752
6432,ENSG00000091317.8,0.3610463900028811
6433,ENSG00000143669.14,0.36088113728608623
6434,ENSG00000145734.19,0.36086490436412416
6435,ENSG00000140254.12,0.36084418356937287
6436,ENSG00000153956.16,0.36077143322425836
6437,ENSG00000182782.8,0.3607240956514001
6438,ENSG00000100029.18,0.3607091741601707
6439,ENSG00000101888.12,0.3605734116345247
6440,ENSG00000174130.12,0.36055337789310976
6441,ENSG00000174903.16,0.36048890701022546
6442,ENSG00000165156.15,0.3604795540991384
6443,ENSG00000103855.18,0.3604766278673572
6444,ENSG00000184840.12,0.36040103462120543
6445,ENSG00000039650.12,0.360393363674278
6446,ENSG00000171988.19,0.36029649489276433
6447,ENSG00000131473.17,0.3602911162199101
6448,ENSG00000124615.20,0.3601896284827517
6449,ENSG00000118705.17,0.36009939513970884
6450,ENSG00000106367.15,0.36008233791299066
6451,ENSG00000064652.11,0.35997801039813365
6452,ENSG00000168003.17,0.3599365930969908
6453,ENSG00000076356.7,0.35991318607822226
6454,ENSG00000125851.10,0.3599042579780228
6455,ENSG00000135924.16,0.35987290530786975
6456,ENSG00000138346.15,0.35969615056011334
6457,ENSG00000175727.14,0.35966262779365693
6458,ENSG00000160298.18,0.3595946331487269
6459,ENSG00000181894.15,0.3595658948272955
6460,ENSG00000145050.19,0.359545640851367
6461,ENSG00000185909.15,0.35951604699833833
6462,ENSG00000197128.12,0.359498449518471
6463,ENSG00000177728.17,0.3594585171031055
6464,ENSG00000078295.17,0.35945807523374385
6465,ENSG00000124191.18,0.3594005955266189
6466,ENSG00000132963.8,0.3592939067194418
6467,ENSG00000205138.4,0.3592354782447046
6468,ENSG00000064225.12,0.3591359098882093
6469,ENSG00000154473.18,0.3590289052499844
6470,ENSG00000175707.9,0.3590013173155682
6471,ENSG00000146425.11,0.3589789416270966
6472,ENSG00000101189.7,0.3589640194044413
6473,ENSG00000107669.18,0.35894429054773097
6474,ENSG00000273559.5,0.35894332643318805
6475,ENSG00000168411.14,0.3588677869505302
6476,ENSG00000134825.16,0.35886609571139705
6477,ENSG00000110841.14,0.35884308453509994
6478,ENSG00000168894.10,0.3588300111984815
6479,ENSG00000198853.12,0.3587585081493525
6480,ENSG00000130811.12,0.35868079063237496
6481,ENSG00000153487.13,0.35857304330644735
6482,ENSG00000011009.11,0.35852665526378596
6483,ENSG00000113504.21,0.3584985834300257
6484,ENSG00000092841.19,0.35842388460711927
6485,ENSG00000072133.11,0.3583934454189194
6486,ENSG00000122133.17,0.35833224400846875
6487,ENSG00000070214.16,0.3583026019206156
6488,ENSG00000128050.9,0.35826469116434284
6489,ENSG00000137691.13,0.35819731616392025
6490,ENSG00000108256.9,0.3581427235628913
6491,ENSG00000178188.14,0.35812698081517086
6492,ENSG00000188976.11,0.3581109391131901
6493,ENSG00000173465.8,0.35805183281837283
6494,ENSG00000177628.16,0.35800219089379165
6495,ENSG00000134504.14,0.3579453319384546
6496,ENSG00000205339.10,0.35793634390889784
6497,ENSG00000189043.10,0.35789964349728975
6498,ENSG00000105516.11,0.35784481230054127
6499,ENSG00000171056.8,0.35772337301127577
6500,ENSG00000124374.9,0.3577180227275095
6501,ENSG00000105851.11,0.3575688853744228
6502,ENSG00000128272.15,0.35756376907869025
6503,ENSG00000090924.15,0.357414855859868
6504,ENSG00000248905.10,0.35740132522273965
6505,ENSG00000175073.8,0.35736731505702624
6506,ENSG00000155561.15,0.3573374867427367
6507,ENSG00000091262.16,0.3573026884545518
6508,ENSG00000154723.12,0.3570964748377624
6509,ENSG00000181588.16,0.3570728759207137
6510,ENSG00000006468.14,0.357040790463197
6511,ENSG00000110422.12,0.35701860053614604
6512,ENSG00000143771.12,0.35685528118846954
6513,ENSG00000108175.17,0.3568191294154394
6514,ENSG00000184602.6,0.3568023350112601
6515,ENSG00000198087.7,0.3567739348615088
6516,ENSG00000134318.14,0.3566379905976985
6517,ENSG00000091073.19,0.3566195732256582
6518,ENSG00000129911.9,0.3565748572703316
6519,ENSG00000128294.16,0.356572201620149
6520,ENSG00000169992.10,0.3564818054383347
6521,ENSG00000075399.14,0.35647127737120793
6522,ENSG00000132661.4,0.3564687111448346
6523,ENSG00000174177.13,0.35643082745409865
6524,ENSG00000136986.10,0.35633699991241763
6525,ENSG00000126934.14,0.3562668665519727
6526,ENSG00000134668.12,0.3562608430962104
6527,ENSG00000150712.11,0.35624441779557725
6528,ENSG00000103021.9,0.35624319562811935
6529,ENSG00000165169.11,0.35621301038318476
6530,ENSG00000185608.8,0.35603257966173785
6531,ENSG00000105755.8,0.35598253169799376
6532,ENSG00000188636.4,0.35597771567243114
6533,ENSG00000175029.17,0.3559743711334689
6534,ENSG00000094916.16,0.35597324266410973
6535,ENSG00000111432.4,0.35594159629823297
6536,ENSG00000072201.14,0.35592492215122695
6537,ENSG00000173141.5,0.355762057286313
6538,ENSG00000154655.16,0.3557185682852066
6539,ENSG00000186564.6,0.35568064346126355
6540,ENSG00000125656.11,0.35564420464036145
6541,ENSG00000070423.18,0.3556331332477034
6542,ENSG00000159210.10,0.35557118096134327
6543,ENSG00000186522.15,0.3555200110332523
6544,ENSG00000104903.5,0.35546486436126845
6545,ENSG00000137038.8,0.35545035189400054
6546,ENSG00000181552.4,0.3554422985916587
6547,ENSG00000133962.8,0.35531001629707476
6548,ENSG00000003400.15,0.35526518943941787
6549,ENSG00000110237.5,0.3551159756552192
6550,ENSG00000172590.18,0.3550631547969837
6551,ENSG00000103035.11,0.3550421383007517
6552,ENSG00000129235.11,0.3549664377671795
6553,ENSG00000008294.21,0.3549533466825655
6554,ENSG00000258289.8,0.3548535322968869
6555,ENSG00000111145.8,0.35477064815970816
6556,ENSG00000196712.18,0.35475714895873517
6557,ENSG00000163482.12,0.35470390031745697
6558,ENSG00000157077.15,0.35470038487622596
6559,ENSG00000163521.16,0.35453188956679355
6560,ENSG00000177225.17,0.35451369442842084
6561,ENSG00000153044.10,0.35447315137638674
6562,ENSG00000070718.12,0.35446940041846475
6563,ENSG00000104331.9,0.3543664827247582
6564,ENSG00000136938.9,0.35428241761745544
6565,ENSG00000120438.12,0.3542564451314749
6566,ENSG00000144362.12,0.35418288997461045
6567,ENSG00000184162.15,0.3541359605572855
6568,ENSG00000023909.10,0.353943615411676
6569,ENSG00000104529.17,0.353909823446657
6570,ENSG00000170954.11,0.35390191958234496
6571,ENSG00000134917.10,0.3536499626486093
6572,ENSG00000075884.14,0.3536087344310082
6573,ENSG00000116678.20,0.3535309153196551
6574,ENSG00000187189.11,0.3535200400013266
6575,ENSG00000070159.14,0.3535167921157937
6576,ENSG00000089009.15,0.35346256484341293
6577,ENSG00000104863.12,0.3534588358269461
6578,ENSG00000198929.13,0.3534140177692285
6579,ENSG00000182768.9,0.3533760737224152
6580,ENSG00000078808.19,0.3533409167304466
6581,ENSG00000086544.3,0.353336139051859
6582,ENSG00000169139.12,0.35326699534943395
6583,ENSG00000014164.7,0.35322758195495463
6584,ENSG00000184905.9,0.35320218975761586
6585,ENSG00000123405.14,0.35318847241507684
6586,ENSG00000100836.10,0.35315317413833974
6587,ENSG00000119669.5,0.35309678856437426
6588,ENSG00000129158.11,0.352908120523151
6589,ENSG00000075234.17,0.35288329015236897
6590,ENSG00000158623.14,0.35282691019943785
6591,ENSG00000125826.21,0.35281344634112455
6592,ENSG00000197971.16,0.3528123568415312
6593,ENSG00000128917.8,0.35280984354900213
6594,ENSG00000165533.19,0.35270325764055976
6595,ENSG00000189077.11,0.3526632550942023
6596,ENSG00000122735.16,0.3525228860397486
6597,ENSG00000112561.19,0.3525174685162319
6598,ENSG00000243943.10,0.35243813355387216
6599,ENSG00000123545.6,0.3524364834942068
6600,ENSG00000120526.12,0.3524243409181301
6601,ENSG00000115306.16,0.35240803646527646
6602,ENSG00000109762.16,0.35234895856073795
6603,ENSG00000065518.8,0.3522770603201353
6604,ENSG00000133740.11,0.3522611036096296
6605,ENSG00000146151.14,0.3522296253832694
6606,ENSG00000144820.8,0.35220730408418033
6607,ENSG00000180776.16,0.3521928171754884
6608,ENSG00000141570.11,0.35218797318033473
6609,ENSG00000174951.11,0.35216239219424444
6610,ENSG00000074964.17,0.3521593371646296
6611,ENSG00000197168.13,0.3521067041703648
6612,ENSG00000091127.14,0.3520274951638081
6613,ENSG00000183793.14,0.35196777552220293
6614,ENSG00000059758.8,0.3518769138172984
6615,ENSG00000136522.14,0.3518301183887473
6616,ENSG00000165983.14,0.3518185269830399
6617,ENSG00000181817.6,0.35172451903783086
6618,ENSG00000187514.17,0.35170096936066525
6619,ENSG00000153214.11,0.35164748867825324
6620,ENSG00000128604.20,0.35143325702691364
6621,ENSG00000154328.16,0.3513092859299256
6622,ENSG00000203985.11,0.3512745901297374
6623,ENSG00000113441.16,0.3511317005186658
6624,ENSG00000013573.17,0.351043070408392
6625,ENSG00000163956.13,0.350993707110289
6626,ENSG00000030110.13,0.3509637588004159
6627,ENSG00000166801.16,0.3508325604749297
6628,ENSG00000124767.7,0.3507755123726588
6629,ENSG00000165097.16,0.3507594361296537
6630,ENSG00000125170.11,0.35069530298270235
6631,ENSG00000167207.14,0.3506100888109485
6632,ENSG00000154133.15,0.3505914122867992
6633,ENSG00000143811.19,0.35058146614583935
6634,ENSG00000144278.15,0.3504237175596117
6635,ENSG00000163156.12,0.35042318626905095
6636,ENSG00000187699.10,0.35042063656350425
6637,ENSG00000072422.17,0.3503921176702642
6638,ENSG00000096996.16,0.3503275086791526
6639,ENSG00000150768.16,0.3502944684154618
6640,ENSG00000065357.20,0.3502891353062689
6641,ENSG00000179832.17,0.35015718127738304
6642,ENSG00000127952.17,0.3500801911660286
6643,ENSG00000037965.6,0.3500247359445807
6644,ENSG00000101596.16,0.34992142872015436
6645,ENSG00000196422.11,0.3499097862861381
6646,ENSG00000100266.19,0.3498584463046488
6647,ENSG00000104774.13,0.3497172978987024
6648,ENSG00000100647.8,0.3496927402193402
6649,ENSG00000128590.5,0.34966647590339067
6650,ENSG00000100804.19,0.34963721021322325
6651,ENSG00000125817.8,0.34961745301305147
6652,ENSG00000165794.10,0.3496071333533798
6653,ENSG00000163728.11,0.34959243448662924
6654,ENSG00000103005.12,0.3494292450605663
6655,ENSG00000023191.17,0.34940864440388997
6656,ENSG00000138182.15,0.34926153425214407
6657,ENSG00000108423.15,0.34922240711963154
6658,ENSG00000106153.13,0.3492189726478671
6659,ENSG00000116871.15,0.34917894203584937
6660,ENSG00000132680.11,0.34910999529338477
6661,ENSG00000069956.12,0.3491096162027718
6662,ENSG00000108262.16,0.34897239033126176
6663,ENSG00000186806.5,0.3487937593456344
6664,ENSG00000140832.10,0.3487933547444208
6665,ENSG00000157554.19,0.3487697050352458
6666,ENSG00000008311.15,0.34875276948473277
6667,ENSG00000106266.11,0.3487487729560635
6668,ENSG00000167325.15,0.3487265164132804
6669,ENSG00000176125.7,0.3486913786402419
6670,ENSG00000079150.18,0.34867290209522184
6671,ENSG00000176476.9,0.3486502797315539
6672,ENSG00000215114.10,0.3486464346538032
6673,ENSG00000108389.9,0.34864045907222135
6674,ENSG00000184967.7,0.3485840446568096
6675,ENSG00000159899.15,0.3485637490462858
6676,ENSG00000100983.12,0.34855763501204745
6677,ENSG00000100650.16,0.34849943564596475
6678,ENSG00000197245.6,0.3484502062910995
6679,ENSG00000147687.19,0.34839397776956044
6680,ENSG00000135913.11,0.3483310782011266
6681,ENSG00000150457.9,0.3483180155237465
6682,ENSG00000186281.12,0.34828479783706084
6683,ENSG00000204442.4,0.34810186945109495
6684,ENSG00000178966.17,0.34809837840453944
6685,ENSG00000112419.14,0.3480858495616873
6686,ENSG00000100077.15,0.3477067766283042
6687,ENSG00000105401.9,0.3476149178656148
6688,ENSG00000170011.14,0.3475650641020419
6689,ENSG00000137812.20,0.34756170031778877
6690,ENSG00000162706.13,0.3475514170963221
6691,ENSG00000161671.17,0.34753564519752617
6692,ENSG00000172992.12,0.3475297135885057
6693,ENSG00000006634.8,0.3474274869420227
6694,ENSG00000146376.11,0.34740711396058305
6695,ENSG00000148218.16,0.3473374543084061
6696,ENSG00000120539.15,0.34733459431280217
6697,ENSG00000114767.7,0.3472988515498203
6698,ENSG00000067177.15,0.3472808866268318
6699,ENSG00000187994.14,0.34722165099172797
6700,ENSG00000136868.11,0.3472138071078242
6701,ENSG00000160688.19,0.34706075533012515
6702,ENSG00000112249.14,0.3469698430050621
6703,ENSG00000180739.14,0.34695787666466255
6704,ENSG00000187583.11,0.3469002908979316
6705,ENSG00000167113.11,0.346881584490732
6706,ENSG00000079691.18,0.3467818274107669
6707,ENSG00000140835.10,0.3467702642927455
6708,ENSG00000164062.13,0.3467382871196727
6709,ENSG00000189050.16,0.34672176552734285
6710,ENSG00000059377.18,0.34670468650832925
6711,ENSG00000124562.10,0.3466463531829943
6712,ENSG00000186407.7,0.34662559729439
6713,ENSG00000132326.12,0.34659248362650924
6714,ENSG00000176393.11,0.34650314503117186
6715,ENSG00000145912.9,0.34648356245843476
6716,ENSG00000100934.15,0.3464751250628833
6717,ENSG00000198755.11,0.3464229355181477
6718,ENSG00000160190.14,0.34639416515362065
6719,ENSG00000213398.8,0.3463553059429134
6720,ENSG00000174004.6,0.34628336592822256
6721,ENSG00000166012.17,0.34614775150709565
6722,ENSG00000186642.16,0.34614228530438335
6723,ENSG00000077063.11,0.34603540089294305
6724,ENSG00000064102.15,0.3460224214321457
6725,ENSG00000179934.7,0.34600761498924587
6726,ENSG00000107874.11,0.3459901320123002
6727,ENSG00000154429.11,0.34594326320949437
6728,ENSG00000277775.2,0.3459110097725838
6729,ENSG00000156381.9,0.34591026343234965
6730,ENSG00000123562.18,0.3458931897483185
6731,ENSG00000103496.15,0.3458213912908015
6732,ENSG00000053254.16,0.3457131544177018
6733,ENSG00000130055.14,0.34569371917153213
6734,ENSG00000151150.22,0.3456416522559756
6735,ENSG00000170145.5,0.3456413750882945
6736,ENSG00000134775.15,0.3456132167147021
6737,ENSG00000117054.14,0.345537218077212
6738,ENSG00000116747.13,0.3455318512664831
6739,ENSG00000158467.16,0.34551854388395015
6740,ENSG00000108557.19,0.34547834750009876
6741,ENSG00000118412.13,0.345437254686189
6742,ENSG00000164466.13,0.34534947979611325
6743,ENSG00000107186.17,0.3453081432774609
6744,ENSG00000118007.13,0.3452655928708385
6745,ENSG00000132424.16,0.34515799107369255
6746,ENSG00000187624.9,0.3451564122531778
6747,ENSG00000237190.4,0.3450653093228518
6748,ENSG00000182890.5,0.34502114749742024
6749,ENSG00000175193.14,0.3449361936354864
6750,ENSG00000131165.16,0.34492801093680764
6751,ENSG00000077463.15,0.34488953115675525
6752,ENSG00000118307.20,0.34487970581645355
6753,ENSG00000140463.14,0.34486042825832586
6754,ENSG00000278535.5,0.3448300661658965
6755,ENSG00000070961.16,0.34477062741606773
6756,ENSG00000111726.13,0.34473189821972156
6757,ENSG00000147044.22,0.344660748990622
6758,ENSG00000102901.13,0.34462181962730276
6759,ENSG00000251322.9,0.3446141323073337
6760,ENSG00000174996.12,0.34458877860518183
6761,ENSG00000259330.3,0.3444879289936158
6762,ENSG00000173264.15,0.34442601260873335
6763,ENSG00000146374.14,0.3443523897063517
6764,ENSG00000185164.14,0.34435018918128824
6765,ENSG00000128394.17,0.34426618491555994
6766,ENSG00000110455.14,0.344197895936444
6767,ENSG00000135506.16,0.34414750699788654
6768,ENSG00000166483.11,0.34411387271215177
6769,ENSG00000114113.6,0.34410274119745404
6770,ENSG00000040341.18,0.3440238521133405
6771,ENSG00000128683.14,0.34401153491059105
6772,ENSG00000010295.20,0.3440010497250006
6773,ENSG00000096092.6,0.3439700137899527
6774,ENSG00000139330.6,0.3439551534551904
6775,ENSG00000091640.8,0.3438329978193849
6776,ENSG00000102935.12,0.34381125430945
6777,ENSG00000158423.17,0.34379583733964914
6778,ENSG00000110880.11,0.3437024851743004
6779,ENSG00000130175.10,0.3436371487255506
6780,ENSG00000130822.16,0.34361267566872244
6781,ENSG00000038002.9,0.3435346516504037
6782,ENSG00000176022.7,0.34341838605494507
6783,ENSG00000204435.15,0.3434175537628963
6784,ENSG00000118160.14,0.343410599376953
6785,ENSG00000182670.13,0.3433782432232169
6786,ENSG00000108506.13,0.3433190442061491
6787,ENSG00000134030.14,0.3433130909683252
6788,ENSG00000105722.10,0.3432987905785768
6789,ENSG00000130304.17,0.3432892582916473
6790,ENSG00000171488.15,0.3431496129319219
6791,ENSG00000130940.15,0.34305325259519404
6792,ENSG00000164889.15,0.343027899793041
6793,ENSG00000121297.8,0.3429855906409809
6794,ENSG00000106665.16,0.3428463611807189
6795,ENSG00000147162.14,0.34281029333077606
6796,ENSG00000185453.13,0.3427987510070852
6797,ENSG00000188677.15,0.34275813962132606
6798,ENSG00000077279.19,0.34271957859488256
6799,ENSG00000136842.14,0.34268597619942565
6800,ENSG00000256683.7,0.3426120424132192
6801,ENSG00000112658.8,0.3426099829746044
6802,ENSG00000101752.12,0.34255803398375373
6803,ENSG00000052795.13,0.3425464793950051
6804,ENSG00000140365.16,0.34241952224917227
6805,ENSG00000164402.14,0.3422237720956197
6806,ENSG00000078687.17,0.342199074345834
6807,ENSG00000165891.16,0.342195540792495
6808,ENSG00000119403.15,0.3421681172150259
6809,ENSG00000131876.17,0.34213286797590076
6810,ENSG00000170854.18,0.342101680934901
6811,ENSG00000183814.15,0.34195340674009045
6812,ENSG00000132122.12,0.3419406381862431
6813,ENSG00000114166.8,0.34182757810540665
6814,ENSG00000131370.16,0.3417726826088804
6815,ENSG00000178038.17,0.3417689022241415
6816,ENSG00000121236.21,0.34175576732725993
6817,ENSG00000130827.6,0.34165111671435666
6818,ENSG00000184436.12,0.3416463122699908
6819,ENSG00000197299.12,0.3416360096413369
6820,ENSG00000177042.14,0.3415901831465774
6821,ENSG00000130305.17,0.341494128042793
6822,ENSG00000008282.9,0.3414544808517735
6823,ENSG00000151465.14,0.3414511449021417
6824,ENSG00000076248.11,0.3414279994821991
6825,ENSG00000183840.7,0.34141781263413234
6826,ENSG00000135049.16,0.3413175673221575
6827,ENSG00000106852.15,0.3412310768714546
6828,ENSG00000170802.16,0.3411395458164383
6829,ENSG00000181754.7,0.3411048451000177
6830,ENSG00000154767.15,0.3410727851707977
6831,ENSG00000261221.4,0.3410680760177262
6832,ENSG00000173237.4,0.3410643412120632
6833,ENSG00000135426.16,0.34104319792822
6834,ENSG00000150977.10,0.3409869268070781
6835,ENSG00000130309.11,0.3409278646185235
6836,ENSG00000163913.12,0.34089871878612904
6837,ENSG00000151239.14,0.34086769680621953
6838,ENSG00000120063.10,0.34084824722772566
6839,ENSG00000072694.21,0.34082170284642976
6840,ENSG00000166813.16,0.3408141964803108
6841,ENSG00000178307.10,0.34080943624296967
6842,ENSG00000111911.7,0.34074552901013916
6843,ENSG00000170085.18,0.3405995369014046
6844,ENSG00000170004.17,0.34055692130073706
6845,ENSG00000117523.16,0.3405381023044807
6846,ENSG00000120925.16,0.340525930822609
6847,ENSG00000103245.14,0.3405116557194363
6848,ENSG00000122642.11,0.3404951307232631
6849,ENSG00000170915.9,0.3404351831199447
6850,ENSG00000144119.4,0.3404255144207673
6851,ENSG00000170516.17,0.34026056356183715
6852,ENSG00000166444.19,0.3402145154703953
6853,ENSG00000166348.18,0.3402018673761714
6854,ENSG00000092853.14,0.34014895546473356
6855,ENSG00000117602.13,0.34013400873527194
6856,ENSG00000001167.14,0.3401020424931046
6857,ENSG00000076043.11,0.34003794034341117
6858,ENSG00000197620.11,0.33987912652013885
6859,ENSG00000119559.17,0.33966014001555334
6860,ENSG00000130347.13,0.3395873131384497
6861,ENSG00000213463.5,0.33953099067630665
6862,ENSG00000152256.14,0.3395247912554445
6863,ENSG00000167850.4,0.339469160014493
6864,ENSG00000139644.13,0.3393383789477133
6865,ENSG00000198515.16,0.33932083303667543
6866,ENSG00000162063.13,0.33923693143432365
6867,ENSG00000167080.9,0.339226517599358
6868,ENSG00000171291.8,0.3392052785467105
6869,ENSG00000164318.18,0.3391377778359057
6870,ENSG00000142507.10,0.3389946652010181
6871,ENSG00000187266.14,0.33891564266657
6872,ENSG00000120327.6,0.3388665088487726
6873,ENSG00000125912.11,0.33880813361220474
6874,ENSG00000196782.12,0.33873167087417444
6875,ENSG00000165283.16,0.33871009422310844
6876,ENSG00000204217.15,0.3386879043660134
6877,ENSG00000047249.18,0.3386483931300251
6878,ENSG00000135643.5,0.33862795450436034
6879,ENSG00000087085.16,0.3385860530598416
6880,ENSG00000011258.16,0.33846186941624873
6881,ENSG00000151789.12,0.33836844640820946
6882,ENSG00000119899.13,0.3381823454362998
6883,ENSG00000145990.11,0.33817712219866924
6884,ENSG00000118200.14,0.33807024231431165
6885,ENSG00000187908.20,0.33805574514152964
6886,ENSG00000121671.12,0.3379706610572113
6887,ENSG00000141560.15,0.3379560942342365
6888,ENSG00000151276.23,0.3379196909125981
6889,ENSG00000069998.12,0.3378411914470194
6890,ENSG00000123395.14,0.33783588353209926
6891,ENSG00000134874.18,0.33780346819415824
6892,ENSG00000102882.12,0.3377065149903354
6893,ENSG00000136156.15,0.3376856044703215
6894,ENSG00000184792.16,0.33767995754792424
6895,ENSG00000108370.17,0.33763251607904066
6896,ENSG00000143178.13,0.3376293498679983
6897,ENSG00000015475.19,0.3375554788658467
6898,ENSG00000189091.13,0.33742357328751993
6899,ENSG00000149639.15,0.33737270584567125
6900,ENSG00000163263.7,0.33727707691700615
6901,ENSG00000197935.7,0.3371900562955688
6902,ENSG00000109103.12,0.3371854198500617
6903,ENSG00000127580.17,0.3371741860567843
6904,ENSG00000178537.10,0.3370744556294442
6905,ENSG00000170469.11,0.3370526882122652
6906,ENSG00000213203.3,0.33702070342330903
6907,ENSG00000215021.10,0.33699125225997
6908,ENSG00000165629.20,0.33693148707454673
6909,ENSG00000107819.13,0.3368927458381508
6910,ENSG00000104231.11,0.33685612105671975
6911,ENSG00000167323.11,0.33683627641744107
6912,ENSG00000177721.4,0.33683598964721795
6913,ENSG00000165997.5,0.33681408830591614
6914,ENSG00000125445.11,0.336755222672612
6915,ENSG00000135452.10,0.336731235863644
6916,ENSG00000131174.7,0.33672890891359364
6917,ENSG00000184992.13,0.33664095019702533
6918,ENSG00000162769.13,0.3366327556664139
6919,ENSG00000213949.10,0.33656264547944476
6920,ENSG00000186792.17,0.3365300542475127
6921,ENSG00000105509.11,0.33652499707175454
6922,ENSG00000076641.4,0.3365171570005503
6923,ENSG00000043591.6,0.33648113219023196
6924,ENSG00000168792.5,0.3363526918113388
6925,ENSG00000179886.6,0.33633878168713116
6926,ENSG00000026297.16,0.3363069251571969
6927,ENSG00000124507.11,0.3362480058864222
6928,ENSG00000185028.4,0.3362402346188112
6929,ENSG00000156711.17,0.33621741292426605
6930,ENSG00000160801.14,0.33616242495732274
6931,ENSG00000167889.13,0.33615542250234787
6932,ENSG00000198315.11,0.33615171838699204
6933,ENSG00000044574.8,0.3358067856881801
6934,ENSG00000082153.18,0.33580307685813954
6935,ENSG00000104472.10,0.33565962902686425
6936,ENSG00000104442.10,0.33555780053571715
6937,ENSG00000186310.10,0.33551858582272
6938,ENSG00000184983.11,0.3353388189456594
6939,ENSG00000158863.22,0.335322243896842
6940,ENSG00000069974.16,0.33531193058557
6941,ENSG00000130935.10,0.3352886678519006
6942,ENSG00000176108.9,0.33527468652087716
6943,ENSG00000106976.21,0.33512890876280615
6944,ENSG00000099814.16,0.3349990222822911
6945,ENSG00000175606.11,0.33490198416087086
6946,ENSG00000135503.13,0.3348846865060324
6947,ENSG00000187522.16,0.33486101416578123
6948,ENSG00000166888.12,0.33485799280205997
6949,ENSG00000103994.18,0.33485570529014697
6950,ENSG00000163121.10,0.3348357738109328
6951,ENSG00000136485.15,0.3347552405779721
6952,ENSG00000142208.17,0.33473157818261406
6953,ENSG00000138018.18,0.3346693183233614
6954,ENSG00000133275.16,0.3346653304878471
6955,ENSG00000125304.10,0.3346613232884367
6956,ENSG00000105856.14,0.33464670915397354
6957,ENSG00000142082.15,0.33449683329136953
6958,ENSG00000183654.9,0.33446858421000497
6959,ENSG00000088387.19,0.3344569490111767
6960,ENSG00000156508.19,0.3344086514440406
6961,ENSG00000105967.16,0.33437474732011907
6962,ENSG00000156671.15,0.3342669511818607
6963,ENSG00000106803.10,0.3342425299466241
6964,ENSG00000130348.11,0.33406672704699547
6965,ENSG00000197081.16,0.33405080617698724
6966,ENSG00000089057.15,0.33399596724090547
6967,ENSG00000186074.19,0.3339272298762878
6968,ENSG00000204991.11,0.333922556593688
6969,ENSG00000196123.13,0.3339199965578686
6970,ENSG00000047410.14,0.33391459293007614
6971,ENSG00000132466.19,0.3338836008707623
6972,ENSG00000157216.15,0.3338655776782202
6973,ENSG00000167088.11,0.33385872161362395
6974,ENSG00000184831.14,0.3338287295211614
6975,ENSG00000187741.15,0.33379148356040317
6976,ENSG00000248487.9,0.33376316438822384
6977,ENSG00000139324.12,0.33372691813199207
6978,ENSG00000117411.17,0.3337109995560745
6979,ENSG00000089050.16,0.3336551027896072
6980,ENSG00000129680.16,0.3335515812933545
6981,ENSG00000134744.14,0.3335380861726502
6982,ENSG00000067369.14,0.33347241272327943
6983,ENSG00000151655.19,0.33339941211653235
6984,ENSG00000172086.9,0.3333770220890122
6985,ENSG00000214652.6,0.33333688909223086
6986,ENSG00000116251.11,0.3333362337771115
6987,ENSG00000239779.7,0.3333131559189474
6988,ENSG00000178965.14,0.3332153575326255
6989,ENSG00000143224.18,0.33310665786960786
6990,ENSG00000010017.13,0.3330504679595914
6991,ENSG00000230989.7,0.33300749163501203
6992,ENSG00000177885.15,0.33296001559883137
6993,ENSG00000197021.9,0.33287196155100873
6994,ENSG00000150873.12,0.33279689673713614
6995,ENSG00000187800.13,0.33278162187447785
6996,ENSG00000138964.17,0.33273472576827784
6997,ENSG00000089876.12,0.3326823898101882
6998,ENSG00000135638.14,0.33267647739380435
6999,ENSG00000185100.11,0.3326232843652048
7000,ENSG00000102572.15,0.3326081217781794
7001,ENSG00000135837.16,0.33259225154750865
7002,ENSG00000056487.16,0.332568912377824
7003,ENSG00000114480.13,0.33246842663568427
7004,ENSG00000156162.16,0.3324283146607141
7005,ENSG00000095261.14,0.3323858972926532
7006,ENSG00000085365.18,0.3322192884955572
7007,ENSG00000166987.15,0.3322018583841787
7008,ENSG00000168646.13,0.3321935761369047
7009,ENSG00000120647.10,0.3321295380307831
7010,ENSG00000155313.15,0.3320799313024363
7011,ENSG00000116221.15,0.33205697505950305
7012,ENSG00000263465.4,0.3319673018070773
7013,ENSG00000177105.10,0.33193860536361225
7014,ENSG00000107829.15,0.3318711500125148
7015,ENSG00000168036.18,0.3318500778225022
7016,ENSG00000111321.11,0.33184040632919226
7017,ENSG00000140848.17,0.33183369702412496
7018,ENSG00000169696.16,0.33179380250930884
7019,ENSG00000157111.13,0.3317746635087069
7020,ENSG00000213983.12,0.3317519217688613
7021,ENSG00000141580.16,0.33174950948359566
7022,ENSG00000113790.11,0.3317343265490234
7023,ENSG00000212123.4,0.3316758019601691
7024,ENSG00000184640.19,0.33167148223640464
7025,ENSG00000186205.13,0.3316709827005851
7026,ENSG00000174886.14,0.33158329548005827
7027,ENSG00000141429.13,0.33156665996489887
7028,ENSG00000253293.5,0.33150315657620333
7029,ENSG00000114854.8,0.33150051385770984
7030,ENSG00000197712.12,0.33148080298297883
7031,ENSG00000115392.12,0.33146169652693996
7032,ENSG00000197746.14,0.33143728577688836
7033,ENSG00000139722.7,0.33141413596761715
7034,ENSG00000243927.6,0.33139392449420474
7035,ENSG00000135446.17,0.3312928539199292
7036,ENSG00000086717.18,0.3312138912746105
7037,ENSG00000113448.19,0.3311788629605747
7038,ENSG00000170846.17,0.33112367195110776
7039,ENSG00000117360.13,0.33104865955010976
7040,ENSG00000074855.11,0.3309450510805229
7041,ENSG00000131080.15,0.3309430749726028
7042,ENSG00000099364.18,0.33092665097793833
7043,ENSG00000141759.15,0.33089953953531726
7044,ENSG00000175175.6,0.3308710308478529
7045,ENSG00000172819.17,0.330857910633634
7046,ENSG00000054690.14,0.33084725180303626
7047,ENSG00000186654.21,0.33082148087505275
7048,ENSG00000035141.8,0.3307883203453913
7049,ENSG00000129255.16,0.33077363281899974
7050,ENSG00000147400.10,0.3307337058846504
7051,ENSG00000143222.12,0.3307100077083979
7052,ENSG00000167632.18,0.3306680826032983
7053,ENSG00000182117.6,0.33063766882539747
7054,ENSG00000153993.13,0.33061451765628896
7055,ENSG00000196700.9,0.3305734117484845
7056,ENSG00000175634.15,0.33044425172694486
7057,ENSG00000101158.15,0.33040591335557734
7058,ENSG00000060762.19,0.33034493683534744
7059,ENSG00000171612.7,0.330320335235103
7060,ENSG00000132004.13,0.33029151683454977
7061,ENSG00000181274.7,0.3302468381616341
7062,ENSG00000095380.11,0.33024205304917276
7063,ENSG00000096968.14,0.3302207803651267
7064,ENSG00000066084.13,0.33001023576910854
7065,ENSG00000055208.19,0.3300062443731789
7066,ENSG00000100393.14,0.32998899868972464
7067,ENSG00000065600.13,0.329881614814501
7068,ENSG00000103168.17,0.32983195891733613
7069,ENSG00000105245.9,0.32975229439639503
7070,ENSG00000145819.18,0.32974151957560466
7071,ENSG00000117016.10,0.32973249696376616
7072,ENSG00000180964.17,0.32971920608279626
7073,ENSG00000167548.16,0.3296873007475673
7074,ENSG00000029364.12,0.32967436068227335
7075,ENSG00000106049.9,0.3296334428109787
7076,ENSG00000133250.14,0.32962839944412264
7077,ENSG00000108946.15,0.32962717511020384
7078,ENSG00000184481.17,0.32960834986926
7079,ENSG00000111252.11,0.3295798209637099
7080,ENSG00000117139.18,0.32949156685864145
7081,ENSG00000128815.19,0.3294587064388032
7082,ENSG00000128923.11,0.329383195127288
7083,ENSG00000171533.11,0.32937459248932566
7084,ENSG00000100599.16,0.3292957680505781
7085,ENSG00000198554.12,0.3292312719104239
7086,ENSG00000124067.17,0.32918057852982185
7087,ENSG00000106080.11,0.32916331804426213
7088,ENSG00000175806.15,0.3291599400438747
7089,ENSG00000077522.14,0.3290385500052521
7090,ENSG00000136159.4,0.3290280482782373
7091,ENSG00000173065.13,0.32902255893293697
7092,ENSG00000101940.18,0.3289606808804444
7093,ENSG00000225697.13,0.3289258471570288
7094,ENSG00000178971.16,0.32886579390805254
7095,ENSG00000116679.16,0.32875785696931487
7096,ENSG00000109016.17,0.32875006421702846
7097,ENSG00000168884.15,0.3287474138210615
7098,ENSG00000177679.16,0.3287200521777987
7099,ENSG00000173218.15,0.32870395795583357
7100,ENSG00000182185.18,0.3286839081977771
7101,ENSG00000123700.5,0.32863389062096754
7102,ENSG00000125648.15,0.3286098938719105
7103,ENSG00000143162.9,0.3285006126478083
7104,ENSG00000136908.18,0.32848099925937574
7105,ENSG00000102174.9,0.3284779181252262
7106,ENSG00000177464.5,0.32840577607736654
7107,ENSG00000154079.6,0.32831276455452263
7108,ENSG00000141279.17,0.32822210108666483
7109,ENSG00000014123.10,0.32813746386304377
7110,ENSG00000141985.9,0.3280777212679254
7111,ENSG00000149761.9,0.32806783668403927
7112,ENSG00000129467.14,0.3280448527944919
7113,ENSG00000105364.14,0.3280432620520708
7114,ENSG00000141540.11,0.32798807438669275
7115,ENSG00000115816.15,0.327969444017289
7116,ENSG00000111249.14,0.32796170763022425
7117,ENSG00000165186.12,0.327905192240801
7118,ENSG00000104904.12,0.3278954238322864
7119,ENSG00000009950.16,0.32783621644221833
7120,ENSG00000132964.12,0.3278329431111644
7121,ENSG00000204315.4,0.3277745013917818
7122,ENSG00000129353.15,0.3276312046836293
7123,ENSG00000172340.15,0.3276062432758292
7124,ENSG00000153879.9,0.3275547700752711
7125,ENSG00000171195.11,0.32753496420436634
7126,ENSG00000126581.13,0.32743470200857794
7127,ENSG00000177839.7,0.3274313383191458
7128,ENSG00000148225.16,0.3273615490687175
7129,ENSG00000171431.4,0.3273464915227679
7130,ENSG00000164916.11,0.32732578392660966
7131,ENSG00000163159.14,0.32717815585504695
7132,ENSG00000163041.13,0.3271732115452308
7133,ENSG00000261652.3,0.3271508244812225
7134,ENSG00000198625.13,0.3270920360225412
7135,ENSG00000204514.10,0.3270918673363923
7136,ENSG00000108561.8,0.32693035457632436
7137,ENSG00000107816.17,0.3268581638174752
7138,ENSG00000120533.13,0.3268542482158553
7139,ENSG00000162616.9,0.3268453726843137
7140,ENSG00000187325.5,0.32680266950244224
7141,ENSG00000136237.19,0.3267139088858
7142,ENSG00000119421.7,0.32667660639074236
7143,ENSG00000109944.11,0.3266539086761039
7144,ENSG00000114796.16,0.32664898922466024
7145,ENSG00000182197.12,0.3266382268281557
7146,ENSG00000196639.7,0.3264909082319902
7147,ENSG00000184154.15,0.326373651149458
7148,ENSG00000099817.12,0.32633637327062126
7149,ENSG00000141012.13,0.32631190714390057
7150,ENSG00000008018.9,0.32629609054234243
7151,ENSG00000169021.6,0.32628640255843616
7152,ENSG00000071246.11,0.3262831766569523
7153,ENSG00000107854.6,0.3262652914060235
7154,ENSG00000151689.13,0.3262501611052388
7155,ENSG00000111412.6,0.32618979655616137
7156,ENSG00000148834.13,0.3261728630436817
7157,ENSG00000160710.17,0.32605414310562314
7158,ENSG00000188554.15,0.3259816402398357
7159,ENSG00000156218.13,0.32595583196865946
7160,ENSG00000155761.14,0.3259468550515488
7161,ENSG00000175216.15,0.32592986176657956
7162,ENSG00000131475.7,0.3258635323854498
7163,ENSG00000106460.19,0.3258481283682207
7164,ENSG00000152443.13,0.32578227508627616
7165,ENSG00000198331.11,0.3257448014779227
7166,ENSG00000144868.14,0.32574013414379005
7167,ENSG00000164172.20,0.32566895459799977
7168,ENSG00000164543.7,0.3256500646484769
7169,ENSG00000116288.13,0.32559132324759915
7170,ENSG00000164266.11,0.32557794399478657
7171,ENSG00000165813.20,0.3254634174555311
7172,ENSG00000109458.8,0.3254340118939556
7173,ENSG00000013288.9,0.3254310778165753
7174,ENSG00000112214.10,0.3253842532443059
7175,ENSG00000204396.11,0.32537396373717625
7176,ENSG00000081189.16,0.32533339397022676
7177,ENSG00000109208.5,0.3252931927462218
7178,ENSG00000091137.14,0.3252575649475652
7179,ENSG00000156136.10,0.32524887146467424
7180,ENSG00000096384.20,0.3251500024756156
7181,ENSG00000146477.6,0.32511739599676415
7182,ENSG00000049541.11,0.3250556142188859
7183,ENSG00000164099.3,0.3250465304848989
7184,ENSG00000173473.11,0.32500393688519524
7185,ENSG00000178982.10,0.3248797096835032
7186,ENSG00000213995.11,0.32485814797971824
7187,ENSG00000136877.15,0.32483490478427024
7188,ENSG00000138794.10,0.32474639657091514
7189,ENSG00000185088.14,0.3246896481135377
7190,ENSG00000138587.6,0.3246835216083131
7191,ENSG00000135454.14,0.3246799868495987
7192,ENSG00000129990.15,0.3246488097713749
7193,ENSG00000198373.13,0.3246245664175984
7194,ENSG00000125731.13,0.32460727784812665
7195,ENSG00000054983.17,0.3244701573577993
7196,ENSG00000079482.13,0.32438724474364317
7197,ENSG00000130766.5,0.32436924938983636
7198,ENSG00000115425.14,0.3243638861761556
7199,ENSG00000069509.6,0.32433213270841627
7200,ENSG00000091592.16,0.32429861743227145
7201,ENSG00000100151.16,0.32426263334361305
7202,ENSG00000065427.15,0.3242152464257068
7203,ENSG00000108061.12,0.3242018659862986
7204,ENSG00000222014.6,0.32414322463579553
7205,ENSG00000112511.18,0.32413964374029297
7206,ENSG00000214517.10,0.32406487612719403
7207,ENSG00000137976.7,0.32405868101636126
7208,ENSG00000105926.16,0.3240358848692796
7209,ENSG00000187605.15,0.32401433980974065
7210,ENSG00000112033.14,0.32399292633847276
7211,ENSG00000103657.14,0.32399081058305973
7212,ENSG00000137168.8,0.32398951953904637
7213,ENSG00000152127.9,0.32393909973877827
7214,ENSG00000168522.13,0.3239379183767395
7215,ENSG00000141391.14,0.3239297706910985
7216,ENSG00000125864.14,0.32392735776966947
7217,ENSG00000143924.19,0.3238488826746454
7218,ENSG00000104980.8,0.3238475113367067
7219,ENSG00000100439.10,0.3237677836483002
7220,ENSG00000163393.13,0.32376585317005846
7221,ENSG00000188994.13,0.32369060805500527
7222,ENSG00000204131.9,0.32368608891952333
7223,ENSG00000115598.10,0.32358757219450746
7224,ENSG00000141562.18,0.32358374678237567
7225,ENSG00000100592.16,0.32357352995859767
7226,ENSG00000166889.14,0.3235390293451112
7227,ENSG00000182208.14,0.323526954550865
7228,ENSG00000178567.8,0.32350513447951046
7229,ENSG00000075702.18,0.32345136450798717
7230,ENSG00000164880.16,0.32341623842035555
7231,ENSG00000140688.17,0.3233030450106868
7232,ENSG00000011478.13,0.323264651901243
7233,ENSG00000145244.12,0.32314811607168953
7234,ENSG00000149256.16,0.3231235700930498
7235,ENSG00000133019.12,0.32312029480431237
7236,ENSG00000125245.13,0.32311025881490707
7237,ENSG00000258986.7,0.3230302451207522
7238,ENSG00000108840.15,0.32300807895627354
7239,ENSG00000173702.7,0.32298775271853614
7240,ENSG00000163013.12,0.32293817704243066
7241,ENSG00000124788.19,0.32289359710306065
7242,ENSG00000153207.16,0.3228802742085311
7243,ENSG00000067900.8,0.3228784992723866
7244,ENSG00000149600.12,0.3227629443331492
7245,ENSG00000186350.12,0.3227519373492255
7246,ENSG00000126457.22,0.3226979492023085
7247,ENSG00000158552.13,0.32266704609400915
7248,ENSG00000174327.7,0.32264554201650464
7249,ENSG00000119227.8,0.3226161914690061
7250,ENSG00000165724.6,0.3226146325050712
7251,ENSG00000064687.13,0.32261197598371727
7252,ENSG00000127334.11,0.322607456442095
7253,ENSG00000154832.15,0.3225143639399666
7254,ENSG00000064601.20,0.3224528031049589
7255,ENSG00000160752.15,0.32237703400642426
7256,ENSG00000113407.14,0.32235425134000956
7257,ENSG00000101745.17,0.32227048851346624
7258,ENSG00000058799.15,0.3221371137933527
7259,ENSG00000133789.15,0.3221254020098515
7260,ENSG00000198169.9,0.32210489898609657
7261,ENSG00000116161.18,0.3221026231593033
7262,ENSG00000148334.16,0.32205867837000157
7263,ENSG00000205571.14,0.32201461877426335
7264,ENSG00000154359.13,0.3219935977296398
7265,ENSG00000162601.11,0.3219810444018671
7266,ENSG00000160803.8,0.32194579338376805
7267,ENSG00000136504.13,0.32192751763697514
7268,ENSG00000124784.9,0.3218082049230797
7269,ENSG00000172757.13,0.3217226187571601
7270,ENSG00000024862.18,0.32171107981736397
7271,ENSG00000149489.9,0.32170308683226356
7272,ENSG00000197961.12,0.3216875135580332
7273,ENSG00000119969.15,0.3216763244131246
7274,ENSG00000141027.21,0.32167375899186723
7275,ENSG00000169509.6,0.3216630077087097
7276,ENSG00000100505.13,0.32137337240591113
7277,ENSG00000175482.9,0.3213511177815348
7278,ENSG00000135587.9,0.32131355832712916
7279,ENSG00000167173.19,0.32124666640011423
7280,ENSG00000151500.15,0.3212458959591241
7281,ENSG00000183765.23,0.3212302266849148
7282,ENSG00000180185.11,0.32122403370842173
7283,ENSG00000089289.16,0.3211842602716237
7284,ENSG00000090020.11,0.32111862515098105
7285,ENSG00000137414.6,0.32110988500628157
7286,ENSG00000144677.15,0.32106810073399583
7287,ENSG00000180488.15,0.32104494964251823
7288,ENSG00000113555.6,0.32103994866120616
7289,ENSG00000171862.11,0.3210376129571541
7290,ENSG00000179889.19,0.32100824124820354
7291,ENSG00000197363.9,0.3210082346840049
7292,ENSG00000198919.13,0.32100498167718083
7293,ENSG00000049239.13,0.32098019606389605
7294,ENSG00000143149.12,0.3209561833700096
7295,ENSG00000132017.10,0.32094125827997794
7296,ENSG00000042980.13,0.32086921920469935
7297,ENSG00000101751.10,0.3208591786423212
7298,ENSG00000140538.16,0.3208211164356343
7299,ENSG00000010256.11,0.32081942735605223
7300,ENSG00000102893.16,0.320721650190439
7301,ENSG00000183891.6,0.32064984428902865
7302,ENSG00000157593.19,0.3206389079113617
7303,ENSG00000168096.15,0.320560358514008
7304,ENSG00000088320.4,0.32053872852811255
7305,ENSG00000134308.14,0.3205188696948724
7306,ENSG00000169592.15,0.32050736662373736
7307,ENSG00000155008.14,0.3205001487165613
7308,ENSG00000122778.10,0.32049161566061884
7309,ENSG00000152465.18,0.32048532752404124
7310,ENSG00000137338.5,0.32044478219135936
7311,ENSG00000137273.6,0.3203434286494809
7312,ENSG00000135926.15,0.3202779314991352
7313,ENSG00000137070.18,0.32019796662767025
7314,ENSG00000182957.16,0.32017327174339977
7315,ENSG00000137726.17,0.3201635909793439
7316,ENSG00000171450.6,0.3201542878901516
7317,ENSG00000110104.13,0.3201380944384687
7318,ENSG00000159352.16,0.3200742705053969
7319,ENSG00000136044.12,0.32001698236130455
7320,ENSG00000174672.16,0.32001567518313434
7321,ENSG00000257335.8,0.31999967586063344
7322,ENSG00000147654.15,0.3199825907842382
7323,ENSG00000127191.18,0.3199076122307336
7324,ENSG00000129636.13,0.3199028337954635
7325,ENSG00000153086.14,0.31985256271166784
7326,ENSG00000214212.9,0.31983640437887034
7327,ENSG00000187735.14,0.31979814930916417
7328,ENSG00000170892.12,0.3197916049270494
7329,ENSG00000169398.19,0.3197881350542522
7330,ENSG00000087095.13,0.31972230072955177
7331,ENSG00000152463.15,0.31971124778720894
7332,ENSG00000163818.17,0.3197019689152858
7333,ENSG00000250317.8,0.3196339590288776
7334,ENSG00000179295.18,0.3196239278776055
7335,ENSG00000149782.13,0.31959510481129727
7336,ENSG00000181135.16,0.31958661466346866
7337,ENSG00000115760.14,0.3195701448812145
7338,ENSG00000067704.10,0.3195618359885224
7339,ENSG00000162924.15,0.31951678409735174
7340,ENSG00000108468.15,0.3195055704713789
7341,ENSG00000163882.9,0.3194550362496483
7342,ENSG00000106404.14,0.319419872511179
7343,ENSG00000161896.12,0.31940005722042786
7344,ENSG00000075539.15,0.3193058311468869
7345,ENSG00000072501.19,0.3192038369987221
7346,ENSG00000133318.14,0.31918830654248503
7347,ENSG00000104872.11,0.31917865036608317
7348,ENSG00000189046.11,0.3191326700755671
7349,ENSG00000113805.8,0.31911211932117467
7350,ENSG00000198324.13,0.3190390166461992
7351,ENSG00000196544.8,0.3189588919896148
7352,ENSG00000134070.5,0.31894953118050307
7353,ENSG00000167645.17,0.3188581027491194
7354,ENSG00000141905.19,0.3188492215176517
7355,ENSG00000124613.8,0.31879673388095053
7356,ENSG00000128159.12,0.31879656764314546
7357,ENSG00000103222.20,0.3187641180000997
7358,ENSG00000012822.16,0.3187434323339926
7359,ENSG00000145780.8,0.3187111836864695
7360,ENSG00000181804.15,0.31870598619783436
7361,ENSG00000130402.13,0.3186889395470588
7362,ENSG00000075340.23,0.3185778832791141
7363,ENSG00000006062.17,0.31849119689393984
7364,ENSG00000278705.1,0.3184724310277514
7365,ENSG00000028277.21,0.31839153845672663
7366,ENSG00000172531.16,0.31838831419631025
7367,ENSG00000149091.15,0.31836389172016744
7368,ENSG00000119383.20,0.3183547328861859
7369,ENSG00000152527.14,0.31832204262931896
7370,ENSG00000188706.13,0.3183044489855445
7371,ENSG00000085276.19,0.31818255757707614
7372,ENSG00000011677.13,0.3181638435676162
7373,ENSG00000177374.13,0.31814849888035657
7374,ENSG00000242485.6,0.31808462585821257
7375,ENSG00000129595.14,0.31805637239274726
7376,ENSG00000112977.16,0.31802467337288387
7377,ENSG00000264522.6,0.3179396522957751
7378,ENSG00000172869.14,0.31788345963461634
7379,ENSG00000118046.16,0.31786654377906204
7380,ENSG00000105738.11,0.31779335062611236
7381,ENSG00000185130.5,0.31778943848882985
7382,ENSG00000158042.9,0.31772672641854627
7383,ENSG00000197147.15,0.31756357616345554
7384,ENSG00000141569.12,0.3175391529842907
7385,ENSG00000143643.13,0.31752206831098145
7386,ENSG00000063245.15,0.3174505042092972
7387,ENSG00000107443.16,0.31742643911655494
7388,ENSG00000213185.7,0.3173677277575485
7389,ENSG00000185561.10,0.31731731453469875
7390,ENSG00000166965.12,0.31728611049480626
7391,ENSG00000106244.13,0.3172729064593349
7392,ENSG00000267534.4,0.31724378202754383
7393,ENSG00000177200.17,0.31712055134232553
7394,ENSG00000004142.12,0.31700910137897464
7395,ENSG00000105186.16,0.3169704810292983
7396,ENSG00000204856.12,0.3169566069426737
7397,ENSG00000159685.11,0.3167203293231571
7398,ENSG00000184635.16,0.31670320718897255
7399,ENSG00000111530.13,0.31670185531637096
7400,ENSG00000125457.15,0.31668986596549903
7401,ENSG00000166881.10,0.31661452887428265
7402,ENSG00000158773.14,0.3164470502127813
7403,ENSG00000164414.18,0.31644317760313134
7404,ENSG00000176834.14,0.31642098453417067
7405,ENSG00000205352.11,0.3164167158488465
7406,ENSG00000166128.13,0.31629238124081255
7407,ENSG00000167916.5,0.3162489151027363
7408,ENSG00000140691.18,0.3162363395798071
7409,ENSG00000135521.9,0.3161931813411656
7410,ENSG00000117448.14,0.31614172139636676
7411,ENSG00000066697.15,0.31613538233786326
7412,ENSG00000197498.13,0.3160761372385559
7413,ENSG00000168172.9,0.31603368759041106
7414,ENSG00000181467.5,0.31592210787522684
7415,ENSG00000137877.10,0.3158950002403911
7416,ENSG00000105355.9,0.31587325545133305
7417,ENSG00000196950.14,0.3158621051893105
7418,ENSG00000134049.6,0.31585491094519996
7419,ENSG00000164040.18,0.3157514219112067
7420,ENSG00000164331.10,0.3156974405513114
7421,ENSG00000173418.12,0.31568587981318985
7422,ENSG00000179195.16,0.31566028893096215
7423,ENSG00000118564.15,0.3156329114389708
7424,ENSG00000004864.14,0.31556622522281785
7425,ENSG00000177181.15,0.315549605439838
7426,ENSG00000165458.14,0.315544196244472
7427,ENSG00000116514.17,0.3155158321950919
7428,ENSG00000139597.18,0.3155099708952169
7429,ENSG00000197933.13,0.3154836426055113
7430,ENSG00000089639.11,0.3154092530603535
7431,ENSG00000108854.16,0.315373146132794
7432,ENSG00000165359.16,0.31537153265134654
7433,ENSG00000069329.18,0.3153366190739653
7434,ENSG00000266412.5,0.3153341021661943
7435,ENSG00000171792.11,0.3153230594872687
7436,ENSG00000104805.16,0.3152864293746451
7437,ENSG00000130695.16,0.31528622165501285
7438,ENSG00000138792.10,0.3152860217000527
7439,ENSG00000176406.23,0.31528341194259357
7440,ENSG00000219481.10,0.31520560578456974
7441,ENSG00000019144.19,0.31517224297362767
7442,ENSG00000160796.18,0.31515353339419017
7443,ENSG00000111875.8,0.3151173079553447
7444,ENSG00000025772.8,0.31508361294240184
7445,ENSG00000162065.14,0.31506677064771943
7446,ENSG00000137216.19,0.31505092517459804
7447,ENSG00000137269.15,0.3149890027321108
7448,ENSG00000205744.10,0.314985991957372
7449,ENSG00000085377.15,0.314977132629174
7450,ENSG00000087258.16,0.31495131876558774
7451,ENSG00000047597.7,0.3148253464574018
7452,ENSG00000065308.5,0.3148191801567904
7453,ENSG00000143368.10,0.31481493301767927
7454,ENSG00000108091.11,0.3147465079784723
7455,ENSG00000159459.12,0.3146941627307165
7456,ENSG00000089220.5,0.3146297495053792
7457,ENSG00000270647.6,0.314613728809145
7458,ENSG00000165916.8,0.31458936917413105
7459,ENSG00000135333.14,0.3144827599341364
7460,ENSG00000105607.13,0.31446827927690846
7461,ENSG00000178381.12,0.31443338599318743
7462,ENSG00000095564.14,0.314425246942619
7463,ENSG00000108848.16,0.31441738814432596
7464,ENSG00000115128.7,0.31439201664144517
7465,ENSG00000163221.9,0.3142669297540919
7466,ENSG00000130449.6,0.3142659034795342
7467,ENSG00000204348.10,0.3142165226730347
7468,ENSG00000167987.11,0.31420871174139736
7469,ENSG00000165672.7,0.31420357279074135
7470,ENSG00000177868.12,0.31411672535514323
7471,ENSG00000182963.11,0.3140845891470662
7472,ENSG00000126903.16,0.31407868580795284
7473,ENSG00000204852.16,0.3140755807824283
7474,ENSG00000104044.16,0.3140278758175241
7475,ENSG00000232434.2,0.3140200869656716
7476,ENSG00000169217.9,0.31401013988251963
7477,ENSG00000125870.11,0.31396191844548366
7478,ENSG00000198162.12,0.3139009288863628
7479,ENSG00000106683.15,0.3138659149957907
7480,ENSG00000129646.14,0.31380552315467763
7481,ENSG00000204301.6,0.3137903296215887
7482,ENSG00000187260.16,0.3137900839705466
7483,ENSG00000165264.11,0.3137840844822566
7484,ENSG00000133243.10,0.3137770150357388
7485,ENSG00000104691.16,0.31373775101779416
7486,ENSG00000198455.4,0.3136781183359412
7487,ENSG00000234616.9,0.3136690963840084
7488,ENSG00000073969.18,0.3136240396291183
7489,ENSG00000112343.11,0.31362220438688765
7490,ENSG00000186635.14,0.31344295789104953
7491,ENSG00000139266.6,0.3134304940707456
7492,ENSG00000164941.14,0.3133983280421728
7493,ENSG00000178409.14,0.3133794963587332
7494,ENSG00000079337.16,0.31320219466774063
7495,ENSG00000177311.11,0.31310155177150245
7496,ENSG00000176624.12,0.3130350062536565
7497,ENSG00000188010.15,0.31296071145395643
7498,ENSG00000168778.12,0.3128974870760885
7499,ENSG00000167930.17,0.31279077879723
7500,ENSG00000238227.8,0.3127763736244441
7501,ENSG00000277161.2,0.3127734118833016
7502,ENSG00000141519.15,0.3127668410063825
7503,ENSG00000205981.8,0.31275920335787755
7504,ENSG00000102390.11,0.3127376713741767
7505,ENSG00000286190.2,0.3127198887300801
7506,ENSG00000005812.11,0.31270756521203075
7507,ENSG00000163106.11,0.3125293672234612
7508,ENSG00000117305.15,0.31248159523897384
7509,ENSG00000132256.19,0.31244526255715366
7510,ENSG00000112640.16,0.31243213586596913
7511,ENSG00000181234.9,0.3123379689894524
7512,ENSG00000181045.15,0.3123328589564688
7513,ENSG00000185504.17,0.31233106907243563
7514,ENSG00000103653.16,0.3123164578701694
7515,ENSG00000100632.11,0.31231309009449676
7516,ENSG00000118729.12,0.31230868184597566
7517,ENSG00000126067.12,0.31229751590606075
7518,ENSG00000089280.19,0.3122934760491055
7519,ENSG00000130726.12,0.312264252893371
7520,ENSG00000108448.21,0.31225425482778224
7521,ENSG00000124571.18,0.3122461613304634
7522,ENSG00000145214.14,0.3122208159466077
7523,ENSG00000145934.16,0.31220480474590084
7524,ENSG00000100211.10,0.31215752177573286
7525,ENSG00000136869.16,0.3121566248130653
7526,ENSG00000112335.15,0.31210524291640057
7527,ENSG00000165046.13,0.31199551682386817
7528,ENSG00000127022.15,0.31193821443962977
7529,ENSG00000140464.20,0.31188595475523345
7530,ENSG00000117036.12,0.3118824735163648
7531,ENSG00000039537.14,0.3118547415800015
7532,ENSG00000111670.16,0.31180637011989637
7533,ENSG00000131437.16,0.3117407984746199
7534,ENSG00000006128.12,0.3117157865899749
7535,ENSG00000181404.17,0.31154504875165256
7536,ENSG00000156642.17,0.3114972652565114
7537,ENSG00000095951.17,0.3114486734292478
7538,ENSG00000177192.14,0.3114375866449264
7539,ENSG00000162426.16,0.3114302899650593
7540,ENSG00000108733.11,0.31141538126221424
7541,ENSG00000120053.12,0.31138806723864926
7542,ENSG00000136059.14,0.31137209212412187
7543,ENSG00000197879.17,0.3112978512320857
7544,ENSG00000122912.15,0.3112116642077045
7545,ENSG00000204227.5,0.31109036969889997
7546,ENSG00000114857.18,0.31108451239431106
7547,ENSG00000165915.14,0.311043620702873
7548,ENSG00000057663.16,0.31101735140327147
7549,ENSG00000182952.5,0.3110143029832141
7550,ENSG00000135392.18,0.3109592090791974
7551,ENSG00000167554.15,0.3109282008178719
7552,ENSG00000184381.20,0.3108933147372084
7553,ENSG00000136856.18,0.3108711843546568
7554,ENSG00000176563.10,0.310831586842023
7555,ENSG00000088832.18,0.3108273619597862
7556,ENSG00000121281.13,0.3107615477154207
7557,ENSG00000138138.13,0.3107585083688141
7558,ENSG00000198858.10,0.3107404549851457
7559,ENSG00000157927.17,0.31068522805788273
7560,ENSG00000108384.15,0.3106546396700849
7561,ENSG00000169567.13,0.310616469960056
7562,ENSG00000124733.5,0.3106145051427281
7563,ENSG00000089248.7,0.3106063095562711
7564,ENSG00000112237.13,0.3106037442084869
7565,ENSG00000114993.17,0.31056596442837575
7566,ENSG00000084463.8,0.31046874478469455
7567,ENSG00000223547.10,0.31045800296343334
7568,ENSG00000125637.16,0.31043337478381794
7569,ENSG00000083828.16,0.31041907826028536
7570,ENSG00000139531.13,0.31039470951524617
7571,ENSG00000173698.18,0.31034648707779555
7572,ENSG00000171847.11,0.3103202853548589
7573,ENSG00000164970.15,0.3102843550678862
7574,ENSG00000121716.20,0.3102796246303591
7575,ENSG00000163155.12,0.3102557872479733
7576,ENSG00000144712.12,0.31024259584391883
7577,ENSG00000122873.12,0.31022053371598135
7578,ENSG00000113569.16,0.31014923840227576
7579,ENSG00000147459.18,0.31010596909843857
7580,ENSG00000198829.6,0.31007443825363806
7581,ENSG00000126249.8,0.3100637452700935
7582,ENSG00000160410.15,0.3100299425940119
7583,ENSG00000129991.13,0.3099725002405271
7584,ENSG00000173083.15,0.3099650578298175
7585,ENSG00000137709.10,0.30993279702492726
7586,ENSG00000136888.8,0.309922352499007
7587,ENSG00000091656.19,0.3098346787000829
7588,ENSG00000160404.18,0.3097741806769468
7589,ENSG00000137944.18,0.309765511904686
7590,ENSG00000137343.18,0.309759903771941
7591,ENSG00000164465.19,0.3097084720126023
7592,ENSG00000178947.9,0.3097003285298322
7593,ENSG00000131069.20,0.3095931232197152
7594,ENSG00000008083.14,0.3095576494533754
7595,ENSG00000146094.15,0.3095239810938482
7596,ENSG00000090659.18,0.3095025243933901
7597,ENSG00000157978.12,0.30948134716678183
7598,ENSG00000177731.16,0.3094804237581615
7599,ENSG00000163378.14,0.3093918146624567
7600,ENSG00000141527.18,0.30937548799879316
7601,ENSG00000177485.7,0.3093670695093204
7602,ENSG00000121060.18,0.3093453335573878
7603,ENSG00000112576.13,0.3093013872567099
7604,ENSG00000137494.14,0.309269560785895
7605,ENSG00000096070.19,0.30923091709722333
7606,ENSG00000086475.15,0.30922896620301865
7607,ENSG00000130038.10,0.3091460174796815
7608,ENSG00000124275.15,0.3091305965995
7609,ENSG00000173818.17,0.3091239696408698
7610,ENSG00000163637.13,0.30909621167557505
7611,ENSG00000013016.16,0.3090782520548479
7612,ENSG00000132155.13,0.3090455696526892
7613,ENSG00000142515.15,0.30897575363132246
7614,ENSG00000170315.14,0.30897165271282495
7615,ENSG00000172890.13,0.3089407163603859
7616,ENSG00000119729.12,0.30887816310245536
7617,ENSG00000167136.7,0.30879712022171474
7618,ENSG00000179981.11,0.3086774685093727
7619,ENSG00000125991.20,0.30865369916403396
7620,ENSG00000140474.14,0.3086471856260336
7621,ENSG00000213199.8,0.30861936106237003
7622,ENSG00000001084.13,0.30859608356714235
7623,ENSG00000178691.11,0.308562135408473
7624,ENSG00000213699.9,0.30839126101297853
7625,ENSG00000136240.10,0.30833571768043955
7626,ENSG00000067829.19,0.30833195576192246
7627,ENSG00000264364.3,0.3083100731829609
7628,ENSG00000153113.24,0.3082087653293497
7629,ENSG00000104964.15,0.3081784299111649
7630,ENSG00000082212.13,0.3081755892018749
7631,ENSG00000165879.9,0.30813208302068373
7632,ENSG00000140451.13,0.3080985775069136
7633,ENSG00000152520.14,0.30807290243484653
7634,ENSG00000197183.14,0.30802737567274474
7635,ENSG00000132196.15,0.307967919216795
7636,ENSG00000126391.14,0.3079088600909689
7637,ENSG00000130826.18,0.307861731690898
7638,ENSG00000166143.10,0.3078078198976303
7639,ENSG00000173726.11,0.30775549707128413
7640,ENSG00000248712.7,0.3077530927942847
7641,ENSG00000197535.15,0.3076414534453109
7642,ENSG00000169385.3,0.3076267750566535
7643,ENSG00000129103.19,0.3076236151885233
7644,ENSG00000228474.6,0.3075847322915602
7645,ENSG00000104960.15,0.3075791276768026
7646,ENSG00000204604.12,0.30746309383921666
7647,ENSG00000131791.8,0.3074472532103018
7648,ENSG00000124222.22,0.3074115427949561
7649,ENSG00000133983.16,0.3073868046389649
7650,ENSG00000142046.15,0.30738112662508654
7651,ENSG00000124490.14,0.3073645522569327
7652,ENSG00000184445.12,0.3073461088301884
7653,ENSG00000158571.11,0.30734594124154124
7654,ENSG00000122729.19,0.3073074381729558
7655,ENSG00000144455.14,0.30729339042518444
7656,ENSG00000187550.9,0.3072876684844901
7657,ENSG00000184156.17,0.30714777633609425
7658,ENSG00000025796.14,0.3071468382475879
7659,ENSG00000112144.16,0.3071293821024729
7660,ENSG00000141428.17,0.3070390345461665
7661,ENSG00000069869.16,0.307009650429876
7662,ENSG00000227500.10,0.3069592280260975
7663,ENSG00000165661.17,0.30695049226400833
7664,ENSG00000186417.14,0.3068523564475391
7665,ENSG00000162434.13,0.3068205583393696
7666,ENSG00000165609.13,0.306721125369645
7667,ENSG00000181396.13,0.3067117503123202
7668,ENSG00000141425.18,0.3066825163862698
7669,ENSG00000203879.12,0.30666203424567634
7670,ENSG00000165476.14,0.3066614435961358
7671,ENSG00000103540.16,0.3066597844990484
7672,ENSG00000102225.16,0.30661061128406736
7673,ENSG00000136378.15,0.3066015780801787
7674,ENSG00000161091.13,0.30659415534563167
7675,ENSG00000184988.8,0.30655235366526407
7676,ENSG00000167186.11,0.3065334132235398
7677,ENSG00000162734.13,0.3063614099161645
7678,ENSG00000110651.12,0.3063599580370826
7679,ENSG00000072134.15,0.30633617221161397
7680,ENSG00000176928.7,0.30630953709749287
7681,ENSG00000185728.17,0.3063052563956187
7682,ENSG00000091483.7,0.306282319617563
7683,ENSG00000170776.22,0.3061649979584441
7684,ENSG00000164674.16,0.3060968706932622
7685,ENSG00000115183.15,0.3059641118247181
7686,ENSG00000204394.13,0.30592659279734735
7687,ENSG00000197948.11,0.30591098240956177
7688,ENSG00000158517.15,0.30587247516502175
7689,ENSG00000163660.12,0.3058392904396507
7690,ENSG00000177565.18,0.3058350119274898
7691,ENSG00000138660.12,0.3058201253761923
7692,ENSG00000160193.12,0.30578101163283683
7693,ENSG00000188620.11,0.30575941492029707
7694,ENSG00000131023.13,0.3057362017853017
7695,ENSG00000137831.15,0.30572406949967346
7696,ENSG00000184117.12,0.3057094717117405
7697,ENSG00000100207.20,0.3056557451518819
7698,ENSG00000090621.15,0.3056328888584597
7699,ENSG00000145246.14,0.30556841957209185
7700,ENSG00000118922.17,0.30555801565009777
7701,ENSG00000179598.6,0.3055115920694866
7702,ENSG00000120318.16,0.3055010265033249
7703,ENSG00000143420.19,0.3054548778394977
7704,ENSG00000113615.13,0.30544563115375245
7705,ENSG00000204386.12,0.30532030080197126
7706,ENSG00000136518.17,0.30523260585970174
7707,ENSG00000104290.11,0.3052200787042862
7708,ENSG00000163755.9,0.305149679715585
7709,ENSG00000204475.10,0.30512131618488336
7710,ENSG00000078177.14,0.30504993523094276
7711,ENSG00000126602.11,0.30490349824895807
7712,ENSG00000027075.15,0.3048922238042716
7713,ENSG00000124104.19,0.304863768080188
7714,ENSG00000167985.7,0.3048232301089446
7715,ENSG00000163412.13,0.3048034930475526
7716,ENSG00000167904.15,0.30478933892020793
7717,ENSG00000125965.9,0.30477211847662405
7718,ENSG00000148411.8,0.30460296329724507
7719,ENSG00000150867.14,0.3046009572802974
7720,ENSG00000166224.17,0.30453060987354386
7721,ENSG00000155542.12,0.304522985070458
7722,ENSG00000213762.12,0.3044606331153405
7723,ENSG00000170043.12,0.30445465359918994
7724,ENSG00000197265.9,0.3042935615680555
7725,ENSG00000183150.8,0.30427345973956926
7726,ENSG00000182606.17,0.3042344226116362
7727,ENSG00000112110.10,0.30421234952831966
7728,ENSG00000163795.14,0.30417963980571894
7729,ENSG00000177239.15,0.3041536040649069
7730,ENSG00000198108.4,0.30414135575029533
7731,ENSG00000106952.7,0.30409168867339226
7732,ENSG00000077713.19,0.3040850559638183
7733,ENSG00000239961.3,0.3039850143865021
7734,ENSG00000141076.18,0.30383668219335086
7735,ENSG00000158560.14,0.3038343263845134
7736,ENSG00000109046.15,0.3037043521505124
7737,ENSG00000165338.17,0.30369359207622715
7738,ENSG00000139625.13,0.3036770661416037
7739,ENSG00000146904.9,0.30366687926868885
7740,ENSG00000214022.11,0.3036456469422182
7741,ENSG00000151116.17,0.3036304512131136
7742,ENSG00000146122.17,0.30361256084934185
7743,ENSG00000056972.20,0.303572997281919
7744,ENSG00000172578.12,0.30347825018956837
7745,ENSG00000162377.6,0.30340860093169053
7746,ENSG00000154065.17,0.30339638938858937
7747,ENSG00000149016.16,0.30337578682872013
7748,ENSG00000121851.13,0.3033699271000041
7749,ENSG00000071655.18,0.30323945956466647
7750,ENSG00000167515.10,0.3032151245794
7751,ENSG00000184898.7,0.3032005089227123
7752,ENSG00000277149.5,0.30318752745560124
7753,ENSG00000105698.16,0.30317084658139787
7754,ENSG00000111653.20,0.30312790074744345
7755,ENSG00000143164.15,0.3031059727964671
7756,ENSG00000080561.14,0.30302013960569035
7757,ENSG00000126756.12,0.30301088234724594
7758,ENSG00000154229.12,0.3030016206281948
7759,ENSG00000066382.16,0.3029671414948243
7760,ENSG00000146411.6,0.3029653724318191
7761,ENSG00000198818.10,0.30295023933368836
7762,ENSG00000103852.13,0.3028919618840057
7763,ENSG00000139344.8,0.30285807452152413
7764,ENSG00000159445.13,0.3027490800885416
7765,ENSG00000134490.14,0.30271887910389134
7766,ENSG00000047315.17,0.30266852425706775
7767,ENSG00000125970.12,0.30266107907057366
7768,ENSG00000154059.11,0.30246801381956057
7769,ENSG00000122591.12,0.30241276640609493
7770,ENSG00000126705.15,0.30240667974737784
7771,ENSG00000067191.16,0.30233532080400505
7772,ENSG00000197976.12,0.302323951855651
7773,ENSG00000170759.11,0.3023052465079042
7774,ENSG00000140798.16,0.30230367641666234
7775,ENSG00000123643.13,0.3022849643028806
7776,ENSG00000134575.13,0.302257022105618
7777,ENSG00000173068.18,0.3021749191776795
7778,ENSG00000103978.16,0.30215783096642457
7779,ENSG00000166148.4,0.3020385620778025
7780,ENSG00000144867.13,0.3019448814994938
7781,ENSG00000125319.15,0.3018253334049819
7782,ENSG00000174282.12,0.30181558598083397
7783,ENSG00000197380.11,0.30176490928023597
7784,ENSG00000130338.13,0.301712215044357
7785,ENSG00000164485.15,0.3016901236300661
7786,ENSG00000112282.18,0.3016158636895834
7787,ENSG00000112851.15,0.3015525853223626
7788,ENSG00000112357.14,0.30154310158258096
7789,ENSG00000205629.12,0.30152771619566104
7790,ENSG00000197008.10,0.30152028367812966
7791,ENSG00000213639.10,0.3014736126832996
7792,ENSG00000157379.14,0.30146253140842877
7793,ENSG00000118961.15,0.3012786082719381
7794,ENSG00000141385.10,0.3012766432906544
7795,ENSG00000172469.16,0.30117405657453533
7796,ENSG00000113161.16,0.3011096559282473
7797,ENSG00000151414.15,0.30110579934187287
7798,ENSG00000183690.13,0.3010420807022982
7799,ENSG00000176903.5,0.3010384529313488
7800,ENSG00000111537.5,0.3009949490005289
7801,ENSG00000108387.15,0.30098473183159
7802,ENSG00000165322.18,0.3009504038492115
7803,ENSG00000116863.11,0.30094033174735735
7804,ENSG00000145220.14,0.3009399368348194
7805,ENSG00000119314.16,0.30090838265312186
7806,ENSG00000136950.13,0.30089776742198643
7807,ENSG00000135677.11,0.30089402739825405
7808,ENSG00000177051.6,0.30077551875367664
7809,ENSG00000145808.10,0.3007666706211295
7810,ENSG00000116815.16,0.30073556573158655
7811,ENSG00000124299.15,0.3007261707735965
7812,ENSG00000100092.24,0.3007166437469233
7813,ENSG00000250067.12,0.30067702712097133
7814,ENSG00000144554.12,0.30067681544502856
7815,ENSG00000167962.14,0.3006642843036499
7816,ENSG00000152467.10,0.3006301145186182
7817,ENSG00000102977.17,0.30056366506198073
7818,ENSG00000167778.9,0.3005018304127851
7819,ENSG00000253846.2,0.30048411487836557
7820,ENSG00000113732.9,0.3004193702355281
7821,ENSG00000128656.15,0.30039709582762614
7822,ENSG00000167202.11,0.3003780954245074
7823,ENSG00000168404.13,0.30037167582002977
7824,ENSG00000054965.11,0.3003494249245132
7825,ENSG00000068001.14,0.3003035004597469
7826,ENSG00000185527.12,0.3002677555694643
7827,ENSG00000178927.18,0.30011879445496814
7828,ENSG00000130733.11,0.3001113480443002
7829,ENSG00000161791.14,0.3000838188363751
7830,ENSG00000171067.11,0.30004665511938894
7831,ENSG00000092295.12,0.3000114993823548
7832,ENSG00000133313.15,0.2998976674599866
7833,ENSG00000184924.5,0.2998504214844503
7834,ENSG00000120685.20,0.29973514422661873
7835,ENSG00000135709.12,0.29972689591962737
7836,ENSG00000198925.12,0.29969473547956216
7837,ENSG00000116062.17,0.29964366746936927
7838,ENSG00000158717.11,0.299618837825294
7839,ENSG00000075240.17,0.29960669742229884
7840,ENSG00000141542.11,0.2995926658416918
7841,ENSG00000197608.11,0.29959151844208176
7842,ENSG00000186204.15,0.2995861505672838
7843,ENSG00000179051.14,0.29957800246869104
7844,ENSG00000115041.13,0.2995694844415224
7845,ENSG00000036448.10,0.29956877466922804
7846,ENSG00000100749.8,0.29955804405795616
7847,ENSG00000116704.8,0.2995413824640419
7848,ENSG00000196678.14,0.29950072484016516
7849,ENSG00000102189.17,0.29941131859211106
7850,ENSG00000163125.15,0.29935748525617506
7851,ENSG00000172572.7,0.2993408866968976
7852,ENSG00000162521.19,0.2992456198203605
7853,ENSG00000175198.17,0.2992013193693528
7854,ENSG00000101670.12,0.29915932486726426
7855,ENSG00000121274.14,0.2991391233267536
7856,ENSG00000151135.10,0.2990826620749083
7857,ENSG00000173557.15,0.2988566755970577
7858,ENSG00000166435.15,0.29874165945338255
7859,ENSG00000118432.12,0.29871338514762713
7860,ENSG00000165698.16,0.2986996785289282
7861,ENSG00000060971.19,0.2986902094050266
7862,ENSG00000100284.21,0.29869011278834046
7863,ENSG00000084676.15,0.29866686543701165
7864,ENSG00000100243.21,0.29865404553215447
7865,ENSG00000174791.11,0.2985867329994633
7866,ENSG00000123810.9,0.29855542895521486
7867,ENSG00000170054.16,0.29846031625765385
7868,ENSG00000182087.14,0.29844010707994284
7869,ENSG00000124260.12,0.29841057262952125
7870,ENSG00000198964.14,0.29840553223511046
7871,ENSG00000105443.15,0.2983639117215237
7872,ENSG00000145781.9,0.2983424319326924
7873,ENSG00000135473.15,0.29827255567373007
7874,ENSG00000185880.13,0.298253465601636
7875,ENSG00000130758.8,0.29818887272051836
7876,ENSG00000149927.18,0.2981756358307969
7877,ENSG00000180011.7,0.2981644226802823
7878,ENSG00000186815.13,0.2981606845247668
7879,ENSG00000152154.11,0.29815785934493766
7880,ENSG00000184470.21,0.2980615627665314
7881,ENSG00000173653.8,0.2980099366834254
7882,ENSG00000160818.17,0.29798637749050944
7883,ENSG00000100376.12,0.29797642612162806
7884,ENSG00000067066.17,0.2979468360331778
7885,ENSG00000165650.12,0.29794528074784254
7886,ENSG00000085265.11,0.2979425629060244
7887,ENSG00000162819.12,0.29787120941747036
7888,ENSG00000254858.10,0.2978705565838451
7889,ENSG00000135124.15,0.29787049115636904
7890,ENSG00000163655.16,0.2978281365829961
7891,ENSG00000177602.5,0.29780901910920743
7892,ENSG00000177054.14,0.29774781194471095
7893,ENSG00000131828.14,0.29773749029715624
7894,ENSG00000146701.12,0.2977188889314578
7895,ENSG00000122643.22,0.2976668517300315
7896,ENSG00000168924.15,0.2975640087853693
7897,ENSG00000258890.7,0.29754744277502676
7898,ENSG00000186951.16,0.2974561986490437
7899,ENSG00000161847.14,0.29745030007304774
7900,ENSG00000152904.11,0.2974101209370297
7901,ENSG00000053372.5,0.29738513185446186
7902,ENSG00000163535.18,0.29737480047153336
7903,ENSG00000130024.15,0.29733590180299846
7904,ENSG00000154265.16,0.29707783824800243
7905,ENSG00000120324.9,0.2970330331583946
7906,ENSG00000129968.17,0.29702325360868453
7907,ENSG00000100209.11,0.2969867991428949
7908,ENSG00000111647.13,0.2969775179220769
7909,ENSG00000154188.10,0.29697146652385864
7910,ENSG00000082805.20,0.296851752765426
7911,ENSG00000196305.18,0.2968482718633886
7912,ENSG00000037897.17,0.29683936838507713
7913,ENSG00000135763.10,0.2968230753454638
7914,ENSG00000162139.10,0.29680853723448075
7915,ENSG00000196792.12,0.29659779569248185
7916,ENSG00000173020.11,0.29656983589691166
7917,ENSG00000005483.21,0.2965396066488834
7918,ENSG00000141506.14,0.2965109808417696
7919,ENSG00000149527.18,0.2964971758386113
7920,ENSG00000100246.13,0.29648769995581326
7921,ENSG00000032444.17,0.296486432277846
7922,ENSG00000163617.11,0.29644914696351654
7923,ENSG00000058335.16,0.29644316167944273
7924,ENSG00000198952.8,0.2964344194825058
7925,ENSG00000263001.7,0.2963984218001775
7926,ENSG00000146859.6,0.2963951773817774
7927,ENSG00000145604.17,0.2963831930449147
7928,ENSG00000078269.15,0.29634341359046346
7929,ENSG00000249115.9,0.29629847979622287
7930,ENSG00000128872.10,0.2962628520419627
7931,ENSG00000084070.12,0.2962561521154114
7932,ENSG00000137504.14,0.29625314602667013
7933,ENSG00000182700.5,0.2962526582164867
7934,ENSG00000198498.10,0.2962286087712905
7935,ENSG00000174151.15,0.2961992048224773
7936,ENSG00000104412.8,0.29613646774560143
7937,ENSG00000117592.9,0.2961263336221361
7938,ENSG00000175581.14,0.2960151642420539
7939,ENSG00000269113.4,0.29599031491852995
7940,ENSG00000173230.15,0.29595901451929413
7941,ENSG00000104067.17,0.2959205147879146
7942,ENSG00000126464.14,0.29581318584520466
7943,ENSG00000086061.16,0.29578279255769335
7944,ENSG00000121864.10,0.2957766428760446
7945,ENSG00000137574.11,0.29576888963932285
7946,ENSG00000072786.13,0.2957573201280468
7947,ENSG00000136147.18,0.2957408546876916
7948,ENSG00000122417.15,0.29571041019026956
7949,ENSG00000198265.12,0.295688056672433
7950,ENSG00000188522.15,0.2956129865307861
7951,ENSG00000149136.9,0.29558592259935185
7952,ENSG00000184675.11,0.2955444340754958
7953,ENSG00000118162.14,0.29551965597159363
7954,ENSG00000139354.11,0.29551764738246866
7955,ENSG00000125945.15,0.2954837593410984
7956,ENSG00000175854.14,0.2954472060509115
7957,ENSG00000176623.12,0.2952953951897108
7958,ENSG00000111581.10,0.2952822801614547
7959,ENSG00000101343.15,0.2952220527563896
7960,ENSG00000143702.16,0.2951763838302505
7961,ENSG00000204356.14,0.2951742172393405
7962,ENSG00000163872.16,0.29516229681113004
7963,ENSG00000221916.4,0.29509231412581216
7964,ENSG00000214309.5,0.29500425925560736
7965,ENSG00000211450.10,0.29499760390323326
7966,ENSG00000243477.6,0.2949345494575827
7967,ENSG00000177427.13,0.2949068901649647
7968,ENSG00000163468.15,0.29482835564717724
7969,ENSG00000157796.18,0.2947810651952659
7970,ENSG00000198715.13,0.2946953815216513
7971,ENSG00000111269.3,0.2946930224249418
7972,ENSG00000181481.14,0.2946799134290683
7973,ENSG00000146373.16,0.29463065431070523
7974,ENSG00000174502.19,0.2946303128377331
7975,ENSG00000122547.11,0.29462768400603195
7976,ENSG00000166908.18,0.29455888196459357
7977,ENSG00000148429.14,0.29451390776584985
7978,ENSG00000180875.5,0.29448358162707444
7979,ENSG00000120832.10,0.2944823380630382
7980,ENSG00000205808.7,0.29438091884174605
7981,ENSG00000155363.18,0.2943759715303816
7982,ENSG00000187961.14,0.2942906045025004
7983,ENSG00000077514.9,0.29426598641482893
7984,ENSG00000069275.13,0.29412391284141653
7985,ENSG00000198934.5,0.29410188031877543
7986,ENSG00000065150.21,0.2940989788256118
7987,ENSG00000132024.17,0.2940846973797324
7988,ENSG00000143384.14,0.29401623235466123
7989,ENSG00000198960.11,0.29399867534687724
7990,ENSG00000204444.11,0.29385106776749487
7991,ENSG00000204577.11,0.2938394801031175
7992,ENSG00000177045.10,0.29380662102054034
7993,ENSG00000144645.14,0.2937579741733172
7994,ENSG00000241553.12,0.2937541534476549
7995,ENSG00000197763.19,0.29368863307360804
7996,ENSG00000130595.19,0.29368585886967047
7997,ENSG00000141543.12,0.2935626232748739
7998,ENSG00000085978.22,0.29356088826053517
7999,ENSG00000124226.11,0.29354331138431694
8000,ENSG00000081870.12,0.293532866723897
8001,ENSG00000186472.20,0.29352233517585286
8002,ENSG00000198538.11,0.2934844086146206
8003,ENSG00000178449.9,0.2934757327753786
8004,ENSG00000221926.13,0.2934744989980326
8005,ENSG00000154518.10,0.29345294863285176
8006,ENSG00000141101.13,0.2934171334214295
8007,ENSG00000176444.19,0.293392037596602
8008,ENSG00000164494.12,0.29336190480293967
8009,ENSG00000174165.8,0.2933492157143476
8010,ENSG00000138757.15,0.293342647880661
8011,ENSG00000180044.5,0.29327483552618727
8012,ENSG00000113231.14,0.29323034416277766
8013,ENSG00000129559.13,0.2931374258104827
8014,ENSG00000170379.20,0.2931315410789883
8015,ENSG00000160959.8,0.2930361430751294
8016,ENSG00000014216.16,0.2930152737918067
8017,ENSG00000186529.16,0.2930074373671146
8018,ENSG00000197355.11,0.2929794780453691
8019,ENSG00000173531.15,0.2929509425384118
8020,ENSG00000186364.12,0.29293090475166284
8021,ENSG00000143493.13,0.29286218399447805
8022,ENSG00000189241.8,0.29282754367387775
8023,ENSG00000151503.13,0.2928160945857214
8024,ENSG00000163625.16,0.2928068438214806
8025,ENSG00000160877.6,0.29279762278195587
8026,ENSG00000100387.9,0.292772697003051
8027,ENSG00000124486.13,0.2926914501346894
8028,ENSG00000143442.22,0.29265665783690187
8029,ENSG00000185436.12,0.2926391789627655
8030,ENSG00000101457.13,0.29259027733165716
8031,ENSG00000116212.15,0.2925823560591177
8032,ENSG00000120800.5,0.2925594842730449
8033,ENSG00000113532.13,0.2925193393578452
8034,ENSG00000127481.15,0.29248612541419283
8035,ENSG00000168610.16,0.29247077312332875
8036,ENSG00000133935.7,0.2924349016354695
8037,ENSG00000171202.7,0.29242731055313803
8038,ENSG00000067955.15,0.29240720541278453
8039,ENSG00000156521.14,0.2923952951707371
8040,ENSG00000134758.14,0.292355072560213
8041,ENSG00000149084.13,0.29232711376962645
8042,ENSG00000101695.9,0.29229836974936385
8043,ENSG00000111906.18,0.29227391990615914
8044,ENSG00000156976.17,0.29217170367878037
8045,ENSG00000122140.11,0.29207964865520175
8046,ENSG00000159202.18,0.2920683160448501
8047,ENSG00000284395.2,0.292004001637264
8048,ENSG00000128059.8,0.2919808811835864
8049,ENSG00000088256.9,0.29187977119456443
8050,ENSG00000265808.4,0.29186647600043014
8051,ENSG00000112159.12,0.29186476440727915
8052,ENSG00000141994.16,0.2918521851917757
8053,ENSG00000132768.14,0.29181042214172004
8054,ENSG00000171160.18,0.29180714949059544
8055,ENSG00000198055.11,0.29179804933653913
8056,ENSG00000184402.15,0.2916788112671171
8057,ENSG00000151835.16,0.29161635815675524
8058,ENSG00000137941.17,0.2914491314788819
8059,ENSG00000145916.19,0.2913594749071106
8060,ENSG00000167635.12,0.29132072604985015
8061,ENSG00000076351.13,0.29130564689834404
8062,ENSG00000143756.12,0.2912799262671463
8063,ENSG00000256269.10,0.29124822968474445
8064,ENSG00000090857.14,0.29123654197339616
8065,ENSG00000164054.15,0.2912341459909335
8066,ENSG00000197520.10,0.2912102733171273
8067,ENSG00000100426.7,0.2912037156795503
8068,ENSG00000206013.2,0.2911932809627347
8069,ENSG00000174123.11,0.2911834459511078
8070,ENSG00000077157.22,0.2911696420128275
8071,ENSG00000198824.7,0.2911657659516035
8072,ENSG00000171962.18,0.2911590304027135
8073,ENSG00000004779.10,0.291119984450681
8074,ENSG00000107581.13,0.29105922965599756
8075,ENSG00000197217.13,0.29103388972722244
8076,ENSG00000183751.15,0.29102389642408477
8077,ENSG00000080503.24,0.29102252625663977
8078,ENSG00000104177.18,0.2908436343887302
8079,ENSG00000176248.9,0.29082124463664455
8080,ENSG00000157851.17,0.2908187460016737
8081,ENSG00000158636.16,0.2907909027292338
8082,ENSG00000205592.15,0.29071936472884696
8083,ENSG00000105676.14,0.29068934062415974
8084,ENSG00000198042.11,0.29063845257002036
8085,ENSG00000141480.18,0.2906316637132363
8086,ENSG00000180269.8,0.2906139293471863
8087,ENSG00000160856.21,0.2906055446240604
8088,ENSG00000162836.12,0.2905990299958064
8089,ENSG00000132970.14,0.29059161700390096
8090,ENSG00000185482.8,0.2905837984596765
8091,ENSG00000120509.11,0.2905357165186714
8092,ENSG00000184887.13,0.2905051228808731
8093,ENSG00000189337.17,0.29049431145155347
8094,ENSG00000173933.21,0.290410055782367
8095,ENSG00000009413.16,0.29038986460578625
8096,ENSG00000159784.18,0.29038962677033847
8097,ENSG00000120659.15,0.2903491142944058
8098,ENSG00000173786.17,0.2903231503048202
8099,ENSG00000151151.6,0.2903075299624386
8100,ENSG00000196262.15,0.2902613580227329
8101,ENSG00000198862.14,0.29025637202473975
8102,ENSG00000109534.17,0.290247884643633
8103,ENSG00000174628.16,0.2902465698620028
8104,ENSG00000174516.15,0.2901771724991262
8105,ENSG00000023839.12,0.2901670812875827
8106,ENSG00000103642.12,0.2901522537472823
8107,ENSG00000141873.11,0.29005023390837237
8108,ENSG00000109323.11,0.2900297553280739
8109,ENSG00000151748.15,0.2900066284484213
8110,ENSG00000132382.15,0.28999698394620743
8111,ENSG00000099821.14,0.289955864759776
8112,ENSG00000178502.6,0.28993886006424724
8113,ENSG00000151025.11,0.28993882101592955
8114,ENSG00000007306.15,0.28988774237359893
8115,ENSG00000198429.10,0.28982786666491767
8116,ENSG00000256771.4,0.2898142639750433
8117,ENSG00000182685.7,0.28979645323083114
8118,ENSG00000172671.20,0.28978383742661057
8119,ENSG00000124164.16,0.28976577968391465
8120,ENSG00000132581.10,0.28975820549161085
8121,ENSG00000079999.14,0.2897562684853945
8122,ENSG00000134594.5,0.2897281790959518
8123,ENSG00000132434.9,0.28959227227480044
8124,ENSG00000101464.11,0.28958537887678076
8125,ENSG00000180628.15,0.2893753896664408
8126,ENSG00000093167.18,0.28936132146114635
8127,ENSG00000152315.5,0.28929009593150196
8128,ENSG00000177463.15,0.28928732426121134
8129,ENSG00000166598.15,0.28925334813740017
8130,ENSG00000143742.14,0.289239942472335
8131,ENSG00000037757.14,0.28920846757062035
8132,ENSG00000196323.14,0.2891683528826468
8133,ENSG00000171823.7,0.2891553557385597
8134,ENSG00000104613.12,0.289131420949155
8135,ENSG00000119640.9,0.28906483895124035
8136,ENSG00000183186.8,0.2890541406502023
8137,ENSG00000197857.14,0.28902444771316466
8138,ENSG00000182287.15,0.2890133852375288
8139,ENSG00000108813.11,0.2890067763134372
8140,ENSG00000196418.12,0.28899726805830156
8141,ENSG00000186166.9,0.28897377941886526
8142,ENSG00000136144.12,0.28876959239769967
8143,ENSG00000120457.12,0.28874646282704125
8144,ENSG00000159023.22,0.288712082691589
8145,ENSG00000104671.8,0.28870268304747826
8146,ENSG00000082146.13,0.288683245708462
8147,ENSG00000164751.15,0.2886290453466787
8148,ENSG00000102934.10,0.2886280726754246
8149,ENSG00000178913.8,0.2885450221056561
8150,ENSG00000103326.12,0.28853659121852604
8151,ENSG00000107175.12,0.28853638386457875
8152,ENSG00000152700.14,0.28851721045691775
8153,ENSG00000137817.17,0.288353590433624
8154,ENSG00000198604.11,0.28832908746113955
8155,ENSG00000164111.15,0.2883237683968241
8156,ENSG00000141068.14,0.288310897703766
8157,ENSG00000149357.10,0.2882766687849879
8158,ENSG00000241973.11,0.2882326735520546
8159,ENSG00000164867.11,0.28822199136483156
8160,ENSG00000031691.7,0.28821518031881715
8161,ENSG00000196218.13,0.2882033440059723
8162,ENSG00000135205.15,0.288163231354926
8163,ENSG00000211584.14,0.2881454516519614
8164,ENSG00000170606.15,0.28808909102062286
8165,ENSG00000172673.11,0.2880435691880062
8166,ENSG00000170482.17,0.28797975580388824
8167,ENSG00000101294.18,0.28797246173514557
8168,ENSG00000133612.19,0.2879612868412267
8169,ENSG00000110944.9,0.28789755231843017
8170,ENSG00000152475.7,0.2878232612564696
8171,ENSG00000108774.15,0.2878028091607147
8172,ENSG00000122218.16,0.28778732258831635
8173,ENSG00000176454.14,0.28778394646819616
8174,ENSG00000163964.17,0.2877434311297681
8175,ENSG00000109390.13,0.2877423507507974
8176,ENSG00000132003.9,0.287712990901325
8177,ENSG00000123496.8,0.2875703761743814
8178,ENSG00000106105.15,0.28756284990237685
8179,ENSG00000196547.15,0.2875151084799646
8180,ENSG00000166682.13,0.28747566854437984
8181,ENSG00000135250.17,0.28743053593685813
8182,ENSG00000133731.10,0.2874272932617663
8183,ENSG00000136280.17,0.28732746640943907
8184,ENSG00000167536.14,0.2872800162371649
8185,ENSG00000112167.10,0.2872672566410917
8186,ENSG00000109943.9,0.28719400916110616
8187,ENSG00000214336.5,0.2871458495895225
8188,ENSG00000130479.11,0.28711403433132526
8189,ENSG00000116521.11,0.28710863706913853
8190,ENSG00000157106.17,0.2870177438388163
8191,ENSG00000166272.18,0.2869439271819631
8192,ENSG00000165953.10,0.2867841891152404
8193,ENSG00000139890.10,0.2867824828244503
8194,ENSG00000196116.8,0.2867813692234785
8195,ENSG00000116001.17,0.2867330186836257
8196,ENSG00000204370.13,0.28672251518245634
8197,ENSG00000143374.17,0.28671531192160654
8198,ENSG00000224470.8,0.28670496104774185
8199,ENSG00000101146.13,0.2866665267313427
8200,ENSG00000169925.17,0.28652021930863986
8201,ENSG00000066735.14,0.28638716378807827
8202,ENSG00000101350.8,0.2863441818590712
8203,ENSG00000171861.11,0.2862924142744217
8204,ENSG00000047365.12,0.2862663336412303
8205,ENSG00000244242.2,0.2862606521209853
8206,ENSG00000103227.19,0.2862027751773378
8207,ENSG00000039523.20,0.2862012294966821
8208,ENSG00000167978.17,0.2861586522516742
8209,ENSG00000157107.14,0.28602046629755823
8210,ENSG00000072042.13,0.2859920635305722
8211,ENSG00000083123.15,0.2859283036908561
8212,ENSG00000178184.16,0.2858967416406197
8213,ENSG00000134056.12,0.2858750358772294
8214,ENSG00000041357.16,0.2858729898196942
8215,ENSG00000156504.16,0.28586329191714016
8216,ENSG00000103319.12,0.2857772837621976
8217,ENSG00000137713.16,0.28575051719113304
8218,ENSG00000156873.16,0.2857285932395416
8219,ENSG00000138030.13,0.2857158211160521
8220,ENSG00000110921.14,0.2856040183905333
8221,ENSG00000122705.17,0.2855724105510656
8222,ENSG00000169230.10,0.2855699198706391
8223,ENSG00000125351.12,0.28555819472287053
8224,ENSG00000104388.15,0.28553137284649016
8225,ENSG00000196172.9,0.2855235170341027
8226,ENSG00000163686.15,0.28550579253500624
8227,ENSG00000160185.15,0.2854974038515198
8228,ENSG00000005073.6,0.2854588804112849
8229,ENSG00000182979.18,0.28544646817944686
8230,ENSG00000122550.18,0.28540213423024097
8231,ENSG00000065060.17,0.28540088446751616
8232,ENSG00000102900.13,0.285166073620756
8233,ENSG00000169554.22,0.2851533029151
8234,ENSG00000117153.16,0.2851261649128016
8235,ENSG00000110917.8,0.28507400149844847
8236,ENSG00000198382.9,0.2850483039425041
8237,ENSG00000092148.13,0.2850473520205693
8238,ENSG00000226124.8,0.2850128765657916
8239,ENSG00000149499.12,0.28499290559348855
8240,ENSG00000165240.20,0.2849532231805787
8241,ENSG00000169255.15,0.28490022616915817
8242,ENSG00000182263.14,0.284881624991767
8243,ENSG00000158195.11,0.28483309383039224
8244,ENSG00000178952.11,0.2847255345218682
8245,ENSG00000100028.12,0.2847073678903571
8246,ENSG00000175792.12,0.284693486549869
8247,ENSG00000197415.12,0.2845929300219046
8248,ENSG00000198825.15,0.28455166416452954
8249,ENSG00000111711.10,0.284503302435132
8250,ENSG00000103502.14,0.284408426998233
8251,ENSG00000111224.14,0.28438845428645837
8252,ENSG00000175877.4,0.2843884476439137
8253,ENSG00000168159.14,0.28432604014118107
8254,ENSG00000168002.12,0.2843130032371744
8255,ENSG00000187531.14,0.2842626734087601
8256,ENSG00000158301.18,0.28425782524951426
8257,ENSG00000128487.17,0.28425165316645434
8258,ENSG00000174915.12,0.28421342216888573
8259,ENSG00000121797.10,0.28418658574030814
8260,ENSG00000099246.17,0.28412285955333616
8261,ENSG00000253719.4,0.28411649744992035
8262,ENSG00000147586.10,0.28410499468975003
8263,ENSG00000106733.21,0.2840978917556461
8264,ENSG00000005189.20,0.2840887134453551
8265,ENSG00000213593.10,0.28407760074151445
8266,ENSG00000073861.3,0.2840168924017427
8267,ENSG00000169446.5,0.28401265949725923
8268,ENSG00000116685.16,0.28396083620867046
8269,ENSG00000187796.15,0.28389199518592384
8270,ENSG00000215018.10,0.28387642492140863
8271,ENSG00000134248.14,0.28382718091856846
8272,ENSG00000084774.14,0.28374901951396897
8273,ENSG00000065183.16,0.28358637293805833
8274,ENSG00000164039.15,0.2835322019375104
8275,ENSG00000086712.13,0.2835047219583303
8276,ENSG00000178104.19,0.2834730967739154
8277,ENSG00000131591.18,0.28336588733229134
8278,ENSG00000196498.13,0.2833409027988091
8279,ENSG00000100239.16,0.2833031605629398
8280,ENSG00000179010.14,0.2832868462286204
8281,ENSG00000143297.19,0.28328171264020563
8282,ENSG00000197063.11,0.283254918197134
8283,ENSG00000139163.16,0.28324568644864706
8284,ENSG00000242802.9,0.28324369730637095
8285,ENSG00000054523.18,0.28321251963225225
8286,ENSG00000020577.14,0.2831904295513334
8287,ENSG00000018280.17,0.2831215665579519
8288,ENSG00000125450.11,0.2830330696155553
8289,ENSG00000164038.16,0.2829967055277071
8290,ENSG00000111676.15,0.2829342782298924
8291,ENSG00000012232.9,0.28291217075774466
8292,ENSG00000170471.15,0.2828682289187184
8293,ENSG00000178796.13,0.28284138659835084
8294,ENSG00000090975.13,0.28276910283119855
8295,ENSG00000143184.5,0.2827535473663004
8296,ENSG00000183837.9,0.28274609563684583
8297,ENSG00000187609.16,0.28272690030212866
8298,ENSG00000154719.14,0.2827261888718601
8299,ENSG00000166532.16,0.28270455667428757
8300,ENSG00000104973.19,0.2826951282361723
8301,ENSG00000180357.9,0.2826683734120083
8302,ENSG00000071462.12,0.28261816552792757
8303,ENSG00000106263.18,0.28257809632841413
8304,ENSG00000130675.15,0.28257710576730877
8305,ENSG00000198843.13,0.2825728022060726
8306,ENSG00000138768.15,0.28256727128609704
8307,ENSG00000143799.14,0.2825632316229705
8308,ENSG00000145743.17,0.28251124533262606
8309,ENSG00000110218.9,0.2824820143401857
8310,ENSG00000111229.16,0.2824723773661312
8311,ENSG00000171206.15,0.282461409895216
8312,ENSG00000013375.16,0.28245276866364843
8313,ENSG00000134910.14,0.2824506763310655
8314,ENSG00000130734.10,0.28233764833563557
8315,ENSG00000076108.12,0.2822826025980655
8316,ENSG00000198677.12,0.28226876044172955
8317,ENSG00000125753.14,0.28226139784015997
8318,ENSG00000176809.10,0.2822230423092751
8319,ENSG00000170214.5,0.28221561555857433
8320,ENSG00000046651.15,0.282206659239472
8321,ENSG00000130816.17,0.282151254447268
8322,ENSG00000151806.14,0.28214442167066883
8323,ENSG00000133216.17,0.28204698474870765
8324,ENSG00000150316.12,0.28204138133239526
8325,ENSG00000035681.9,0.28199492255147524
8326,ENSG00000125820.6,0.2819626306697828
8327,ENSG00000105499.14,0.28195876983695645
8328,ENSG00000166734.20,0.2819291334360129
8329,ENSG00000188647.13,0.2819129983064758
8330,ENSG00000173638.19,0.28190487933709246
8331,ENSG00000143390.18,0.2818308129509242
8332,ENSG00000112624.12,0.281779014651023
8333,ENSG00000118965.16,0.2817069826469751
8334,ENSG00000235387.5,0.2816897305006182
8335,ENSG00000030066.13,0.281675312201123
8336,ENSG00000156030.13,0.2816532151277205
8337,ENSG00000007866.22,0.2816121923775742
8338,ENSG00000100591.8,0.2815855277388822
8339,ENSG00000170473.17,0.28149874751638565
8340,ENSG00000080298.15,0.2814954144838637
8341,ENSG00000128563.13,0.2814867678425885
8342,ENSG00000151287.17,0.28147211060721083
8343,ENSG00000142327.13,0.2813700242178413
8344,ENSG00000140406.4,0.28132314534818886
8345,ENSG00000130299.17,0.2813126969198509
8346,ENSG00000167840.13,0.28123982992402796
8347,ENSG00000166471.11,0.28119497741995314
8348,ENSG00000035687.10,0.2811853428892763
8349,ENSG00000008710.20,0.28117925065462235
8350,ENSG00000175336.10,0.281163991804761
8351,ENSG00000005893.16,0.2811188572419315
8352,ENSG00000130165.10,0.281102215769723
8353,ENSG00000100348.10,0.28107820263481276
8354,ENSG00000085563.15,0.2810765261845166
8355,ENSG00000182749.6,0.2810697444579214
8356,ENSG00000110108.10,0.28106242029227996
8357,ENSG00000101152.11,0.2810031290264185
8358,ENSG00000122126.17,0.2809936666448784
8359,ENSG00000172667.11,0.28099011647919553
8360,ENSG00000135387.21,0.2809437808083421
8361,ENSG00000206535.8,0.28090913001905293
8362,ENSG00000175166.17,0.2808487313673039
8363,ENSG00000161813.22,0.28084261351681605
8364,ENSG00000188130.14,0.28082626679896655
8365,ENSG00000165410.15,0.28080970156791557
8366,ENSG00000147383.11,0.28076579641228777
8367,ENSG00000101181.17,0.2805807591718267
8368,ENSG00000188938.17,0.28055862451263547
8369,ENSG00000122482.21,0.28045250741920263
8370,ENSG00000104695.13,0.280318158717402
8371,ENSG00000179922.6,0.280250597813473
8372,ENSG00000256812.2,0.2801728424847178
8373,ENSG00000150459.12,0.28015715630683097
8374,ENSG00000153130.17,0.280126306480214
8375,ENSG00000188343.13,0.28009804615026296
8376,ENSG00000165487.14,0.28001901497779424
8377,ENSG00000280789.2,0.28000150387362066
8378,ENSG00000119650.13,0.2799870672477433
8379,ENSG00000197386.12,0.2799792602235493
8380,ENSG00000087053.20,0.2799563599968658
8381,ENSG00000145416.13,0.2799233059700218
8382,ENSG00000107338.10,0.2797286350862761
8383,ENSG00000167965.18,0.2797015407295536
8384,ENSG00000197635.11,0.2796787844486208
8385,ENSG00000168090.10,0.2796446111067069
8386,ENSG00000159884.12,0.2795787205754026
8387,ENSG00000113319.13,0.2795685948178358
8388,ENSG00000188869.13,0.2795621830190254
8389,ENSG00000243244.7,0.2795414537158551
8390,ENSG00000129084.18,0.2795326391941644
8391,ENSG00000168569.8,0.2795122484240904
8392,ENSG00000143157.12,0.27950802692940147
8393,ENSG00000198546.15,0.27950393982125443
8394,ENSG00000140995.17,0.27949826640933145
8395,ENSG00000100298.16,0.2794639781073235
8396,ENSG00000153989.8,0.27942380880306567
8397,ENSG00000135211.6,0.27938701895716755
8398,ENSG00000183317.17,0.27938413356339603
8399,ENSG00000146731.11,0.27926578187977136
8400,ENSG00000198046.12,0.27925793998687376
8401,ENSG00000136161.13,0.27924464004924604
8402,ENSG00000189079.17,0.2792430436681477
8403,ENSG00000116171.19,0.27919936391435507
8404,ENSG00000123200.17,0.2791780219983772
8405,ENSG00000179299.17,0.2790721044711258
8406,ENSG00000162402.14,0.27904480044851154
8407,ENSG00000160014.17,0.27902936955647045
8408,ENSG00000163950.13,0.27902810463185274
8409,ENSG00000126749.16,0.2790065881738233
8410,ENSG00000147853.17,0.2789449510301102
8411,ENSG00000181163.14,0.2788890708052229
8412,ENSG00000138759.19,0.2788867932850707
8413,ENSG00000248771.5,0.2788635162002372
8414,ENSG00000125449.7,0.2788491976746682
8415,ENSG00000158104.11,0.27883680580914744
8416,ENSG00000185615.16,0.27868754976629717
8417,ENSG00000125977.7,0.27868424716429296
8418,ENSG00000171320.15,0.2785962285462322
8419,ENSG00000037241.7,0.2785336904594737
8420,ENSG00000134779.15,0.278464141678608
8421,ENSG00000172613.8,0.278441439206545
8422,ENSG00000089335.21,0.27844110691932433
8423,ENSG00000166140.17,0.2784104337563778
8424,ENSG00000103249.18,0.27835790704224844
8425,ENSG00000171530.15,0.2782047039297949
8426,ENSG00000108622.11,0.27820165465994684
8427,ENSG00000121579.13,0.2779743356021302
8428,ENSG00000116199.12,0.2779370286998541
8429,ENSG00000161999.13,0.27788865889241643
8430,ENSG00000102226.10,0.27788814390650474
8431,ENSG00000134780.10,0.27786169455838344
8432,ENSG00000159314.11,0.27778450930360715
8433,ENSG00000204065.3,0.27774242056554393
8434,ENSG00000103495.14,0.2776972020421252
8435,ENSG00000141699.11,0.2776798207917615
8436,ENSG00000106479.11,0.27759874839511145
8437,ENSG00000130751.10,0.2775562883048493
8438,ENSG00000111667.14,0.2775538806812971
8439,ENSG00000283632.4,0.277471019322275
8440,ENSG00000255823.5,0.2774452221950453
8441,ENSG00000140743.8,0.2774291689873145
8442,ENSG00000124831.19,0.2774182557044745
8443,ENSG00000111728.10,0.27741048305759525
8444,ENSG00000160293.17,0.27737778097683363
8445,ENSG00000009765.15,0.2773566953831857
8446,ENSG00000050393.11,0.2773499897585991
8447,ENSG00000133398.4,0.27732825381953713
8448,ENSG00000100479.13,0.27730981122443427
8449,ENSG00000197451.12,0.277289037544336
8450,ENSG00000144290.17,0.2772802246822474
8451,ENSG00000010310.9,0.27721787906386847
8452,ENSG00000108528.14,0.2771887063519869
8453,ENSG00000158286.13,0.27715879936578386
8454,ENSG00000163218.15,0.2770993040747569
8455,ENSG00000150401.15,0.2770774150392842
8456,ENSG00000132603.15,0.2770258941075524
8457,ENSG00000067248.10,0.277021283589668
8458,ENSG00000126247.11,0.27697026176067063
8459,ENSG00000089351.14,0.276970177456467
8460,ENSG00000243317.8,0.2769462953003216
8461,ENSG00000040487.13,0.2769379072281588
8462,ENSG00000215440.12,0.2768876103636542
8463,ENSG00000196812.5,0.2768783945966446
8464,ENSG00000075391.17,0.27686171782454855
8465,ENSG00000143363.17,0.2767667300585744
8466,ENSG00000124508.17,0.2766161036717247
8467,ENSG00000134574.12,0.27659740715684317
8468,ENSG00000102218.6,0.2765714611988826
8469,ENSG00000106028.11,0.2764511181207705
8470,ENSG00000127870.17,0.27644572860004174
8471,ENSG00000100441.10,0.2763251868962791
8472,ENSG00000006007.12,0.2762503463891066
8473,ENSG00000187037.8,0.27621146765904886
8474,ENSG00000086065.14,0.27620331936794396
8475,ENSG00000104497.14,0.27616340153929353
8476,ENSG00000164258.12,0.2761322996177644
8477,ENSG00000115365.12,0.2761287296121099
8478,ENSG00000250312.8,0.2761071811420754
8479,ENSG00000110911.16,0.2760702104630002
8480,ENSG00000099785.10,0.2760352635980035
8481,ENSG00000007129.18,0.27603512279677395
8482,ENSG00000153246.13,0.2759788234596443
8483,ENSG00000166407.14,0.2759267604103513
8484,ENSG00000183434.10,0.2759245387937099
8485,ENSG00000064692.20,0.2759215863083343
8486,ENSG00000135164.19,0.27592017888512643
8487,ENSG00000168710.18,0.2759008711022852
8488,ENSG00000015413.9,0.27586821093321073
8489,ENSG00000152270.9,0.27585566121252664
8490,ENSG00000172985.11,0.2758179060737197
8491,ENSG00000132436.11,0.2758014642950979
8492,ENSG00000184083.12,0.2757376279129079
8493,ENSG00000196456.13,0.27573522063261424
8494,ENSG00000167646.14,0.275729480152357
8495,ENSG00000178028.14,0.2756961464972203
8496,ENSG00000197586.13,0.2756805644655723
8497,ENSG00000128512.23,0.2756726547978744
8498,ENSG00000152601.17,0.27560782249163485
8499,ENSG00000170581.14,0.27555786568399704
8500,ENSG00000145414.9,0.27545397299320457
8501,ENSG00000169740.14,0.2754060122928854
8502,ENSG00000159111.13,0.2753816276586726
8503,ENSG00000185565.12,0.27536650301709287
8504,ENSG00000100294.13,0.27535297603507897
8505,ENSG00000168906.13,0.27535039600756833
8506,ENSG00000111196.10,0.2753474782440981
8507,ENSG00000181191.12,0.2753470009768846
8508,ENSG00000198890.9,0.2753212016349775
8509,ENSG00000167272.11,0.2753179014413652
8510,ENSG00000138035.15,0.2752334055774229
8511,ENSG00000121067.19,0.2752182774257047
8512,ENSG00000005194.15,0.27512269373122555
8513,ENSG00000165995.22,0.2750650135074766
8514,ENSG00000173273.16,0.2750594235786269
8515,ENSG00000110435.12,0.2750503099592831
8516,ENSG00000206560.11,0.2749797306444772
8517,ENSG00000125657.5,0.27483745329788395
8518,ENSG00000115241.11,0.2748087369151693
8519,ENSG00000106615.10,0.27474900159130694
8520,ENSG00000069431.11,0.2747423902436451
8521,ENSG00000164347.18,0.27471809430266564
8522,ENSG00000136541.15,0.2746346555959108
8523,ENSG00000101945.17,0.2746088432759477
8524,ENSG00000147202.18,0.27456397862339194
8525,ENSG00000144366.16,0.27453466894849116
8526,ENSG00000184209.15,0.2744624973425633
8527,ENSG00000105696.9,0.2744571132117748
8528,ENSG00000117620.15,0.2744363089283466
8529,ENSG00000146966.13,0.27442727546415463
8530,ENSG00000141456.16,0.27440327672284365
8531,ENSG00000135775.14,0.27439040007085724
8532,ENSG00000164323.14,0.2743546261541324
8533,ENSG00000172794.20,0.27428647628500274
8534,ENSG00000100412.17,0.27412001074617554
8535,ENSG00000158485.11,0.27412000816405974
8536,ENSG00000152291.14,0.27411504631708467
8537,ENSG00000100815.12,0.27410165640878714
8538,ENSG00000159593.15,0.2740844610617581
8539,ENSG00000141556.21,0.27406505045043117
8540,ENSG00000116209.12,0.2739360041722497
8541,ENSG00000125484.12,0.2739275793041687
8542,ENSG00000186265.10,0.2739025549347129
8543,ENSG00000107789.16,0.2738600515827977
8544,ENSG00000172167.8,0.2738547854068233
8545,ENSG00000175893.12,0.27383232473667407
8546,ENSG00000141568.21,0.27381515007901785
8547,ENSG00000103512.15,0.27376753534675236
8548,ENSG00000162851.8,0.2737497078086923
8549,ENSG00000160124.9,0.2737436539202405
8550,ENSG00000108515.18,0.2737187129094372
8551,ENSG00000106771.13,0.2737072714139081
8552,ENSG00000151176.8,0.2737053069260505
8553,ENSG00000054267.22,0.27368806405273344
8554,ENSG00000163781.14,0.2736382829310522
8555,ENSG00000164088.18,0.2735509834749334
8556,ENSG00000163349.22,0.27352187448542775
8557,ENSG00000154914.17,0.2734374738095948
8558,ENSG00000085224.23,0.27342787914511263
8559,ENSG00000102897.10,0.27341218479702956
8560,ENSG00000214941.8,0.27338922675351507
8561,ENSG00000159720.12,0.2732729926738174
8562,ENSG00000173535.15,0.27319061618144425
8563,ENSG00000206530.11,0.27314508807084803
8564,ENSG00000177272.9,0.27312813458374197
8565,ENSG00000104343.21,0.2730520029687609
8566,ENSG00000185127.6,0.27298881500097627
8567,ENSG00000257017.9,0.2728953618513768
8568,ENSG00000213096.11,0.27279846931646295
8569,ENSG00000006652.15,0.27279162693254594
8570,ENSG00000028528.15,0.27267298579312554
8571,ENSG00000121486.12,0.27262464467451103
8572,ENSG00000275700.5,0.27261092659323866
8573,ENSG00000177426.22,0.2725764727999116
8574,ENSG00000236104.3,0.27257180979623014
8575,ENSG00000148308.18,0.2725589123180842
8576,ENSG00000177830.18,0.2724980195080615
8577,ENSG00000176024.18,0.27249017198271713
8578,ENSG00000197818.12,0.27248326069685086
8579,ENSG00000165282.14,0.272462729830582
8580,ENSG00000143751.10,0.2724374306622002
8581,ENSG00000204590.12,0.2724019967338743
8582,ENSG00000196693.15,0.2723873050548214
8583,ENSG00000206077.13,0.2723805835490379
8584,ENSG00000213923.13,0.27234143229316693
8585,ENSG00000197472.15,0.2723406664852897
8586,ENSG00000187372.11,0.2723320329737137
8587,ENSG00000105486.14,0.27226912002629006
8588,ENSG00000061794.13,0.27216140895108976
8589,ENSG00000106351.13,0.2721605753950599
8590,ENSG00000102125.16,0.2721547540237474
8591,ENSG00000139537.11,0.2721357141177897
8592,ENSG00000183496.6,0.2720775712332165
8593,ENSG00000001629.10,0.271993052510239
8594,ENSG00000169764.16,0.27194244032566367
8595,ENSG00000073614.13,0.27179384536400913
8596,ENSG00000044090.10,0.27178736539550763
8597,ENSG00000196659.10,0.27166472265782154
8598,ENSG00000167283.8,0.2716499811373608
8599,ENSG00000064995.18,0.2716096335526304
8600,ENSG00000120742.11,0.27160859499155404
8601,ENSG00000113460.13,0.27158647188729657
8602,ENSG00000263155.6,0.27152023715538975
8603,ENSG00000122515.15,0.2715171788610308
8604,ENSG00000256537.5,0.2714829525095121
8605,ENSG00000109685.19,0.27146327420388
8606,ENSG00000147421.18,0.2713718475633812
8607,ENSG00000169564.7,0.2713346558995297
8608,ENSG00000228672.4,0.2713137212932546
8609,ENSG00000184009.12,0.2713119002733449
8610,ENSG00000103591.13,0.27129225675845164
8611,ENSG00000204946.10,0.2712028484429426
8612,ENSG00000186767.7,0.2711453864894008
8613,ENSG00000136925.15,0.27112518228925947
8614,ENSG00000114956.20,0.27111794719268567
8615,ENSG00000006025.12,0.2710967535454815
8616,ENSG00000205707.11,0.27103427996632173
8617,ENSG00000128989.11,0.2709989617821406
8618,ENSG00000198089.16,0.27099603634223274
8619,ENSG00000123219.13,0.27094398947425996
8620,ENSG00000073050.12,0.27094286224711434
8621,ENSG00000152782.16,0.27091194650597306
8622,ENSG00000063046.18,0.2709051167375957
8623,ENSG00000129219.14,0.2708391828726465
8624,ENSG00000176974.20,0.2708086345104164
8625,ENSG00000125629.15,0.2707826318023126
8626,ENSG00000183161.6,0.2707786380193639
8627,ENSG00000104833.12,0.270673785060905
8628,ENSG00000112697.17,0.2706083401894188
8629,ENSG00000171552.14,0.2705274954652479
8630,ENSG00000147874.11,0.2705158943135056
8631,ENSG00000178075.20,0.2705147743817013
8632,ENSG00000165832.6,0.2704850990750884
8633,ENSG00000176018.13,0.2704817115606774
8634,ENSG00000163590.14,0.27047265777228835
8635,ENSG00000139899.11,0.2704721848335873
8636,ENSG00000165501.17,0.2704683728145808
8637,ENSG00000126746.17,0.27045693318089287
8638,ENSG00000205581.11,0.2704079772269555
8639,ENSG00000173542.9,0.270365682797811
8640,ENSG00000137364.5,0.2703357638265348
8641,ENSG00000033100.16,0.2703296557651796
8642,ENSG00000174748.22,0.27027042385766153
8643,ENSG00000177303.10,0.27025483184450066
8644,ENSG00000138653.10,0.27024439321474275
8645,ENSG00000285043.2,0.27022239076996746
8646,ENSG00000184220.12,0.2701487946909518
8647,ENSG00000132517.15,0.27014544613704866
8648,ENSG00000100462.16,0.27013066263372454
8649,ENSG00000139428.12,0.2700683571379178
8650,ENSG00000121775.18,0.2700215533384587
8651,ENSG00000066629.18,0.27001800114335617
8652,ENSG00000152672.8,0.26996512473046935
8653,ENSG00000177946.6,0.26994758886636055
8654,ENSG00000157933.10,0.26992597509082317
8655,ENSG00000179029.15,0.2697694020162905
8656,ENSG00000156795.8,0.26974780401182796
8657,ENSG00000031003.10,0.26974368952398886
8658,ENSG00000163527.10,0.2696998083646377
8659,ENSG00000135119.15,0.2696598191873099
8660,ENSG00000196092.14,0.269593016892312
8661,ENSG00000164265.9,0.2695827658254637
8662,ENSG00000036672.16,0.26956972032127224
8663,ENSG00000104626.15,0.2695003156441846
8664,ENSG00000124659.7,0.269470623161594
8665,ENSG00000100580.8,0.2694352820034628
8666,ENSG00000163875.16,0.26943465928733457
8667,ENSG00000177000.13,0.26936882236364507
8668,ENSG00000198689.13,0.26933237953812345
8669,ENSG00000118873.16,0.2693283246182073
8670,ENSG00000114302.16,0.2693039245989645
8671,ENSG00000000460.17,0.2692546307939207
8672,ENSG00000169228.14,0.2692530239529684
8673,ENSG00000184304.16,0.26920024083863076
8674,ENSG00000115307.17,0.26916182725049587
8675,ENSG00000027847.14,0.26908205189805856
8676,ENSG00000103769.10,0.2690433093228758
8677,ENSG00000164506.14,0.2690276588654465
8678,ENSG00000196182.11,0.2689960193463233
8679,ENSG00000161551.14,0.26898198060626327
8680,ENSG00000148481.14,0.2689346764927094
8681,ENSG00000143183.18,0.2689139287191295
8682,ENSG00000104093.14,0.26889215085665286
8683,ENSG00000100138.15,0.2688521649921082
8684,ENSG00000152749.8,0.26884046095793523
8685,ENSG00000101665.9,0.26873742031407344
8686,ENSG00000181038.14,0.26866591445900606
8687,ENSG00000213523.10,0.26864786972551463
8688,ENSG00000164346.10,0.2685599211614226
8689,ENSG00000109066.14,0.2685495812538392
8690,ENSG00000188158.16,0.26850451188065644
8691,ENSG00000227057.10,0.2684021049738902
8692,ENSG00000116809.12,0.26835821226202766
8693,ENSG00000120158.12,0.26835359769172
8694,ENSG00000046647.13,0.2683043896948539
8695,ENSG00000197702.14,0.26823770583103534
8696,ENSG00000142544.7,0.26823036718033316
8697,ENSG00000069345.12,0.26820303046755434
8698,ENSG00000186088.16,0.26818722880131707
8699,ENSG00000101608.13,0.2681730268107179
8700,ENSG00000135362.14,0.2681692993984646
8701,ENSG00000175575.13,0.26815622454494376
8702,ENSG00000115042.10,0.2681555217658583
8703,ENSG00000038210.14,0.26811624285569335
8704,ENSG00000170498.9,0.26811536752559656
8705,ENSG00000118680.14,0.26810954083688643
8706,ENSG00000138756.18,0.268082231447632
8707,ENSG00000109320.13,0.26805346419741255
8708,ENSG00000102471.14,0.26796871213822493
8709,ENSG00000119541.10,0.26786647905002064
8710,ENSG00000131943.18,0.2678235130297793
8711,ENSG00000140030.6,0.26771152482906657
8712,ENSG00000117868.17,0.2677096619491477
8713,ENSG00000277632.2,0.2676876665879441
8714,ENSG00000213793.5,0.2676802556041825
8715,ENSG00000048140.18,0.2676200119305415
8716,ENSG00000106012.18,0.2675893567754812
8717,ENSG00000012174.12,0.2675235540263412
8718,ENSG00000280670.3,0.26750723648179026
8719,ENSG00000198791.12,0.2674639124708505
8720,ENSG00000171135.15,0.26745493241472246
8721,ENSG00000143337.19,0.2674226344734275
8722,ENSG00000177169.10,0.2674039024428103
8723,ENSG00000105176.18,0.2673638217001539
8724,ENSG00000125430.9,0.26736333459360095
8725,ENSG00000021826.17,0.2673403419406952
8726,ENSG00000146826.17,0.2672611118132012
8727,ENSG00000000419.13,0.2671933361731165
8728,ENSG00000218739.10,0.2671507807392117
8729,ENSG00000140854.13,0.26710675093837744
8730,ENSG00000120697.9,0.26706793731477935
8731,ENSG00000185896.11,0.26706694356158805
8732,ENSG00000152061.23,0.267061508962627
8733,ENSG00000174013.8,0.2670458474308207
8734,ENSG00000186994.11,0.26693140090913536
8735,ENSG00000163251.4,0.26686808159847847
8736,ENSG00000160963.14,0.2668579934487241
8737,ENSG00000090863.12,0.2668568972592743
8738,ENSG00000156787.17,0.2668387051731504
8739,ENSG00000082458.12,0.26677438394122416
8740,ENSG00000196724.13,0.26676617814341724
8741,ENSG00000183605.17,0.2667375814148901
8742,ENSG00000179115.11,0.2666946412429397
8743,ENSG00000155545.20,0.26667337551845355
8744,ENSG00000171806.12,0.2666392411686098
8745,ENSG00000109111.15,0.2666086786549227
8746,ENSG00000106399.11,0.26660531866082
8747,ENSG00000173064.13,0.2665852250883543
8748,ENSG00000244617.2,0.26656516749119036
8749,ENSG00000181472.5,0.2665626146989654
8750,ENSG00000114446.5,0.2665267882334662
8751,ENSG00000155886.11,0.2665069543679624
8752,ENSG00000132740.10,0.26644624738925093
8753,ENSG00000156531.17,0.2664422749494951
8754,ENSG00000141664.10,0.26634397777523877
8755,ENSG00000166004.15,0.26634238753743805
8756,ENSG00000114861.23,0.2663394543026602
8757,ENSG00000013275.8,0.26628979723763996
8758,ENSG00000157833.13,0.26626895894208774
8759,ENSG00000197714.9,0.2662613820778809
8760,ENSG00000140563.15,0.2662507511544865
8761,ENSG00000178425.14,0.2661918380375732
8762,ENSG00000155265.11,0.2661577810072077
8763,ENSG00000178904.19,0.26614282610070483
8764,ENSG00000136270.14,0.26610766641907074
8765,ENSG00000102349.18,0.2660881326597544
8766,ENSG00000205593.12,0.2660700731887476
8767,ENSG00000198932.13,0.26602842869061366
8768,ENSG00000128607.14,0.26601900587989885
8769,ENSG00000088812.18,0.2660181182252718
8770,ENSG00000155903.13,0.2660067738204831
8771,ENSG00000161509.14,0.26600656195747036
8772,ENSG00000010322.16,0.26599697687648693
8773,ENSG00000179909.15,0.26597803504728335
8774,ENSG00000185808.14,0.26597678015957127
8775,ENSG00000126001.16,0.2659626748018919
8776,ENSG00000164610.9,0.26594325236159067
8777,ENSG00000100567.13,0.26594148559490793
8778,ENSG00000205084.11,0.265929061125109
8779,ENSG00000166340.17,0.2659150720390984
8780,ENSG00000196440.11,0.2659008316204578
8781,ENSG00000115556.14,0.26588965712960033
8782,ENSG00000128951.14,0.2658283632699606
8783,ENSG00000174500.13,0.26581757724916844
8784,ENSG00000185046.18,0.2657898370603612
8785,ENSG00000158806.14,0.26577604934146815
8786,ENSG00000148120.17,0.26571889260810466
8787,ENSG00000049249.9,0.26571208461585233
8788,ENSG00000133619.17,0.26567291978116897
8789,ENSG00000159346.13,0.2655828519335062
8790,ENSG00000139626.16,0.265578234467779
8791,ENSG00000171914.16,0.2655622290322059
8792,ENSG00000110172.12,0.2655574050054411
8793,ENSG00000066322.15,0.2655411936366589
8794,ENSG00000143398.20,0.26551223270257596
8795,ENSG00000165716.11,0.26548320902385125
8796,ENSG00000173402.12,0.26546803168933447
8797,ENSG00000103415.12,0.2654668320819723
8798,ENSG00000130244.12,0.2654283497666101
8799,ENSG00000238243.3,0.2653486642575313
8800,ENSG00000134259.5,0.265341644036028
8801,ENSG00000121931.16,0.26533924539778
8802,ENSG00000160208.13,0.2653373792910619
8803,ENSG00000047578.13,0.2653157588263552
8804,ENSG00000198873.12,0.26530335597855287
8805,ENSG00000141497.14,0.2652921208637721
8806,ENSG00000150456.11,0.26527124020909065
8807,ENSG00000113558.19,0.26524169130861686
8808,ENSG00000085644.14,0.26518558845501794
8809,ENSG00000135968.21,0.2650852360309901
8810,ENSG00000126062.4,0.2650617517971255
8811,ENSG00000115271.11,0.2650490123451943
8812,ENSG00000109705.8,0.26503569149945033
8813,ENSG00000138760.10,0.26498018777910687
8814,ENSG00000171722.13,0.2649469558573207
8815,ENSG00000158526.8,0.26490167809901494
8816,ENSG00000100442.11,0.2648813241357032
8817,ENSG00000169297.8,0.26486981106533014
8818,ENSG00000141298.19,0.2648693106346226
8819,ENSG00000152464.15,0.26483441145566494
8820,ENSG00000185278.15,0.2647829808543231
8821,ENSG00000120334.15,0.2647518075350658
8822,ENSG00000171174.15,0.2646941708481833
8823,ENSG00000117395.13,0.2646764390877199
8824,ENSG00000213930.12,0.26467298073085865
8825,ENSG00000166796.12,0.2646674946206563
8826,ENSG00000144579.8,0.2646477136187336
8827,ENSG00000051341.14,0.26464456966924504
8828,ENSG00000134684.11,0.2646196073399499
8829,ENSG00000153933.10,0.2646179860531688
8830,ENSG00000170515.14,0.264607690147819
8831,ENSG00000177853.14,0.264567704057108
8832,ENSG00000204859.13,0.2645593816137053
8833,ENSG00000149294.17,0.2645361866584811
8834,ENSG00000166704.11,0.26453167879945977
8835,ENSG00000175573.7,0.26449123574365363
8836,ENSG00000135002.12,0.2644587667080744
8837,ENSG00000161664.7,0.2644330095487522
8838,ENSG00000158417.11,0.2643959380127044
8839,ENSG00000169313.10,0.26438235667595644
8840,ENSG00000163939.18,0.26436472869289496
8841,ENSG00000197238.5,0.2643616488589846
8842,ENSG00000078487.17,0.2643291125581862
8843,ENSG00000167984.18,0.26426782445051644
8844,ENSG00000143486.16,0.2642254659257546
8845,ENSG00000185269.12,0.2642191833117505
8846,ENSG00000120805.14,0.2641984827480057
8847,ENSG00000140400.17,0.2641272212179339
8848,ENSG00000070047.13,0.2641271135143127
8849,ENSG00000100280.16,0.264125970101464
8850,ENSG00000114388.14,0.2640882547385773
8851,ENSG00000198718.13,0.264029408718879
8852,ENSG00000124253.11,0.2640226689859098
8853,ENSG00000145293.16,0.2639968761604982
8854,ENSG00000156990.14,0.26389222340000856
8855,ENSG00000171603.18,0.26385200702091605
8856,ENSG00000134375.11,0.26375834495704853
8857,ENSG00000129292.21,0.26362256396596473
8858,ENSG00000059573.9,0.2635968489880523
8859,ENSG00000204767.4,0.2635935794533122
8860,ENSG00000173200.13,0.26352913157490115
8861,ENSG00000066654.14,0.2635112205786299
8862,ENSG00000166448.15,0.2634955620899385
8863,ENSG00000167550.11,0.263481637203234
8864,ENSG00000086758.16,0.26346924114601794
8865,ENSG00000023734.11,0.26345502693212636
8866,ENSG00000196227.11,0.26335900790455874
8867,ENSG00000138867.17,0.26334848965066837
8868,ENSG00000251493.5,0.26334162382225124
8869,ENSG00000138115.14,0.26320928530740734
8870,ENSG00000143001.5,0.26317936933744684
8871,ENSG00000149657.20,0.26313848463413286
8872,ENSG00000109819.9,0.2630968129005384
8873,ENSG00000112837.17,0.2630450750042046
8874,ENSG00000072736.19,0.26301695311588424
8875,ENSG00000068028.17,0.2629675686092253
8876,ENSG00000143436.11,0.26296693544542665
8877,ENSG00000010219.13,0.26293937148808516
8878,ENSG00000056291.17,0.26289722633765683
8879,ENSG00000117155.17,0.2628680833119492
8880,ENSG00000059122.17,0.26286371039924855
8881,ENSG00000108799.13,0.26286154627610225
8882,ENSG00000083799.18,0.26283856350058543
8883,ENSG00000204564.12,0.2628347255983384
8884,ENSG00000105778.19,0.26282989607503804
8885,ENSG00000101361.17,0.262815080811352
8886,ENSG00000129534.14,0.2627755220887825
8887,ENSG00000102100.16,0.2627732902120089
8888,ENSG00000106868.17,0.2627453312567736
8889,ENSG00000198298.13,0.2627100234164558
8890,ENSG00000134905.17,0.26268292450738173
8891,ENSG00000129450.8,0.2626033002278017
8892,ENSG00000156427.8,0.2625909884739678
8893,ENSG00000151292.17,0.2625378679764824
8894,ENSG00000105695.15,0.2625340669450194
8895,ENSG00000103066.13,0.26253027515158184
8896,ENSG00000111642.16,0.2624918478543525
8897,ENSG00000198420.10,0.2624829322615163
8898,ENSG00000187848.15,0.2624410797794702
8899,ENSG00000184900.16,0.2624219299200738
8900,ENSG00000181896.12,0.2624033350186913
8901,ENSG00000110107.9,0.2623425882879076
8902,ENSG00000105792.19,0.2623369473181182
8903,ENSG00000185722.18,0.26216218014533016
8904,ENSG00000182934.12,0.262130953503883
8905,ENSG00000008853.17,0.2621106245061057
8906,ENSG00000116604.18,0.26210800153206554
8907,ENSG00000178988.11,0.2620505129407774
8908,ENSG00000107295.10,0.2620333383450994
8909,ENSG00000149577.16,0.26198232338376987
8910,ENSG00000157510.14,0.26197494374356467
8911,ENSG00000104129.10,0.26193636668777004
8912,ENSG00000204172.12,0.2619109340392829
8913,ENSG00000059915.17,0.2618569847319208
8914,ENSG00000121741.16,0.26184219161400196
8915,ENSG00000099203.7,0.2618156006656117
8916,ENSG00000133665.13,0.26181404016571413
8917,ENSG00000105612.9,0.26180645438539246
8918,ENSG00000157657.14,0.2618006975751072
8919,ENSG00000188070.9,0.2617994251717021
8920,ENSG00000115484.15,0.2617959680996475
8921,ENSG00000139645.10,0.26179515335661574
8922,ENSG00000213619.11,0.26178795670267524
8923,ENSG00000117597.18,0.26176117931560494
8924,ENSG00000131871.15,0.26175818553539965
8925,ENSG00000110723.12,0.2617331725076996
8926,ENSG00000117906.14,0.2617330806498009
8927,ENSG00000148358.20,0.2616943497555667
8928,ENSG00000125871.14,0.2616925421656272
8929,ENSG00000120265.18,0.2616264309201594
8930,ENSG00000114904.13,0.26161851683133336
8931,ENSG00000122033.14,0.26156281241366297
8932,ENSG00000198830.11,0.2615532635753536
8933,ENSG00000167770.11,0.261526919598685
8934,ENSG00000103507.14,0.2615242901002132
8935,ENSG00000135316.19,0.2614624245904034
8936,ENSG00000164197.12,0.26144269242131657
8937,ENSG00000114853.14,0.2613929916012908
8938,ENSG00000172943.20,0.2613738474929896
8939,ENSG00000123595.8,0.2613270372864755
8940,ENSG00000102317.18,0.26120829242139165
8941,ENSG00000113749.7,0.26120814335321374
8942,ENSG00000156171.15,0.261204862922824
8943,ENSG00000146247.14,0.26117773055670207
8944,ENSG00000122359.18,0.26114484515735853
8945,ENSG00000109743.11,0.26110220555770336
8946,ENSG00000163428.4,0.26099681332972796
8947,ENSG00000125651.14,0.2609737441242714
8948,ENSG00000132912.13,0.2609597203957845
8949,ENSG00000101193.8,0.26084394815968465
8950,ENSG00000170340.11,0.26080216466607625
8951,ENSG00000113811.11,0.2607713004276859
8952,ENSG00000173226.17,0.26071620986910377
8953,ENSG00000249751.4,0.26069049202905037
8954,ENSG00000134313.16,0.2606134316027939
8955,ENSG00000086598.11,0.2605581297684396
8956,ENSG00000088298.13,0.2605465681748087
8957,ENSG00000143079.15,0.2605375234548311
8958,ENSG00000152620.13,0.2604848738653368
8959,ENSG00000185515.15,0.2604624252847895
8960,ENSG00000166845.15,0.26045958439856665
8961,ENSG00000148985.20,0.26038313526833673
8962,ENSG00000170502.13,0.26036844637680084
8963,ENSG00000260903.3,0.26030308566978366
8964,ENSG00000115084.15,0.2602021902228255
8965,ENSG00000181291.8,0.26017721750929346
8966,ENSG00000112164.6,0.26017343174596247
8967,ENSG00000112787.13,0.2601087046583993
8968,ENSG00000166747.13,0.26004111559481136
8969,ENSG00000182310.15,0.2600252550176371
8970,ENSG00000108465.15,0.2599878349208067
8971,ENSG00000169594.13,0.2598902502083065
8972,ENSG00000064199.7,0.25988842861200095
8973,ENSG00000125675.18,0.25986077284111847
8974,ENSG00000070495.15,0.25982929724872883
8975,ENSG00000165895.19,0.2597956140702345
8976,ENSG00000105711.13,0.2597537489621941
8977,ENSG00000167393.18,0.2596918742573248
8978,ENSG00000167977.9,0.2596805854347609
8979,ENSG00000160691.19,0.25965407162529164
8980,ENSG00000177932.7,0.2596434250262568
8981,ENSG00000110925.7,0.25963012302730254
8982,ENSG00000114638.8,0.2596118935486985
8983,ENSG00000177519.4,0.2595912048276151
8984,ENSG00000204438.11,0.25958521066691
8985,ENSG00000108055.10,0.2595844335875481
8986,ENSG00000143258.16,0.2595508584796073
8987,ENSG00000167716.19,0.2595419961800292
8988,ENSG00000105402.8,0.2595399917262409
8989,ENSG00000204186.10,0.2595230199790074
8990,ENSG00000162086.16,0.259519971146974
8991,ENSG00000143353.12,0.2595132080928668
8992,ENSG00000273045.7,0.25950614406518435
8993,ENSG00000155287.11,0.2594359822338057
8994,ENSG00000117475.14,0.259338356817621
8995,ENSG00000150787.8,0.2593209758788983
8996,ENSG00000197020.11,0.25931064190341246
8997,ENSG00000162736.17,0.2593013103117175
8998,ENSG00000197044.11,0.2592818294406491
8999,ENSG00000127837.10,0.25925396149599406
9000,ENSG00000054277.14,0.25924909686100805
9001,ENSG00000182827.9,0.2592239602741703
9002,ENSG00000179387.10,0.2592034792392103
9003,ENSG00000172500.13,0.2591927437202832
9004,ENSG00000182810.7,0.25918387991150843
9005,ENSG00000051596.10,0.2591807216952398
9006,ENSG00000116525.14,0.259121186835129
9007,ENSG00000183354.12,0.259102848937249
9008,ENSG00000131089.17,0.2590998296389885
9009,ENSG00000179546.4,0.2590932373327998
9010,ENSG00000166689.16,0.25906813031725867
9011,ENSG00000138081.21,0.2590605030232442
9012,ENSG00000103126.15,0.25904708738486465
9013,ENSG00000114107.9,0.2590244469838552
9014,ENSG00000110987.9,0.25892119253379625
9015,ENSG00000185658.14,0.25892113340876877
9016,ENSG00000197372.10,0.2589151481619182
9017,ENSG00000101421.4,0.25889726317540496
9018,ENSG00000038219.13,0.2588477586253907
9019,ENSG00000125821.13,0.25883681540161413
9020,ENSG00000118777.12,0.25877865378604537
9021,ENSG00000153048.11,0.25866694249545935
9022,ENSG00000162852.14,0.25863116284050836
9023,ENSG00000107521.19,0.258587515102635
9024,ENSG00000197619.14,0.2585187422322065
9025,ENSG00000137210.14,0.25851278924261056
9026,ENSG00000153012.12,0.258506308099719
9027,ENSG00000196313.11,0.2584615224302951
9028,ENSG00000141314.13,0.2584301076285502
9029,ENSG00000132846.6,0.2584174314099434
9030,ENSG00000004660.15,0.25835250930165304
9031,ENSG00000005700.15,0.2583518990631063
9032,ENSG00000160991.16,0.2583140042323953
9033,ENSG00000213123.11,0.25818521604516526
9034,ENSG00000162704.16,0.25809220368434205
9035,ENSG00000214290.8,0.25801793401612394
9036,ENSG00000032742.18,0.2580034861060823
9037,ENSG00000133703.13,0.2579758968002814
9038,ENSG00000131368.8,0.25794163441735996
9039,ENSG00000128245.15,0.25793398038575266
9040,ENSG00000125966.10,0.2579141307829173
9041,ENSG00000149196.16,0.2578605997053409
9042,ENSG00000171681.12,0.2578413892324036
9043,ENSG00000213585.11,0.25782233929205006
9044,ENSG00000165516.11,0.25782048890027875
9045,ENSG00000168118.12,0.2578160942656974
9046,ENSG00000168779.20,0.25781145403486183
9047,ENSG00000179941.9,0.25780756677872285
9048,ENSG00000143106.13,0.2577574528461354
9049,ENSG00000134453.16,0.25775085580923973
9050,ENSG00000116852.15,0.2576510051728787
9051,ENSG00000278259.4,0.2575969438483
9052,ENSG00000164051.14,0.2575727312740097
9053,ENSG00000121957.15,0.25754946539358364
9054,ENSG00000164808.17,0.25751006586558867
9055,ENSG00000177034.17,0.25750323681104287
9056,ENSG00000179630.11,0.2575016849858742
9057,ENSG00000197599.12,0.25746467256829875
9058,ENSG00000163558.13,0.25739120314102465
9059,ENSG00000123992.20,0.2573879666366219
9060,ENSG00000124313.18,0.2573758412445395
9061,ENSG00000163145.13,0.2573707659039158
9062,ENSG00000257923.12,0.2573561304876928
9063,ENSG00000145996.11,0.25732776346492764
9064,ENSG00000120868.14,0.25732450688582537
9065,ENSG00000113658.18,0.2572235423953533
9066,ENSG00000138376.11,0.25716926723792266
9067,ENSG00000189180.16,0.2571601410029214
9068,ENSG00000164086.10,0.25710919586453357
9069,ENSG00000101019.22,0.2571075780729764
9070,ENSG00000124557.12,0.2571013104012648
9071,ENSG00000187049.10,0.25699203853618624
9072,ENSG00000137040.10,0.2569832922433202
9073,ENSG00000081181.8,0.2569663746900268
9074,ENSG00000198833.7,0.2569511138550239
9075,ENSG00000077232.18,0.2569239529345932
9076,ENSG00000129562.11,0.2569150736930183
9077,ENSG00000118482.12,0.25690747604976455
9078,ENSG00000115904.14,0.25688949110562326
9079,ENSG00000170113.16,0.25686640458129895
9080,ENSG00000181222.19,0.2568663285313261
9081,ENSG00000175121.11,0.256821697302348
9082,ENSG00000111817.19,0.2568065537120834
9083,ENSG00000115170.15,0.2567070006509334
9084,ENSG00000159792.10,0.25666800670273276
9085,ENSG00000088682.14,0.2566674265252905
9086,ENSG00000137075.18,0.2566610372379814
9087,ENSG00000173889.16,0.25659748846569486
9088,ENSG00000151461.20,0.25657168065743324
9089,ENSG00000139613.12,0.25656119180889164
9090,ENSG00000124181.14,0.2565188594228212
9091,ENSG00000161013.17,0.2565123992161109
9092,ENSG00000123091.5,0.2564902962194088
9093,ENSG00000116830.12,0.25639771710059317
9094,ENSG00000196531.14,0.2563803145734106
9095,ENSG00000224531.6,0.2563698408399957
9096,ENSG00000178950.17,0.2563663655728985
9097,ENSG00000107815.10,0.25636474324299235
9098,ENSG00000164190.19,0.2563335947672894
9099,ENSG00000144843.11,0.25628109913293
9100,ENSG00000125089.17,0.25627710610497023
9101,ENSG00000204568.12,0.2562750731859208
9102,ENSG00000107140.16,0.25619128715735023
9103,ENSG00000149547.15,0.25615601035638524
9104,ENSG00000134440.12,0.25614906532294013
9105,ENSG00000221866.9,0.2561338968760184
9106,ENSG00000120910.15,0.25611559994240973
9107,ENSG00000153201.16,0.2560845342077087
9108,ENSG00000106723.17,0.2560307855255622
9109,ENSG00000197852.12,0.25598850261181394
9110,ENSG00000144746.7,0.255971638573808
9111,ENSG00000156172.6,0.25596513726172
9112,ENSG00000176909.12,0.2559415680648541
9113,ENSG00000176222.9,0.25592574301972343
9114,ENSG00000114127.11,0.25590951887892543
9115,ENSG00000158941.16,0.2559027521081157
9116,ENSG00000162813.18,0.2558969581007517
9117,ENSG00000113391.19,0.25585913395521853
9118,ENSG00000055950.16,0.2558394043597466
9119,ENSG00000105229.7,0.2557472429350559
9120,ENSG00000145979.18,0.25571408244402627
9121,ENSG00000259803.7,0.2556838145292024
9122,ENSG00000110900.16,0.2556300652432502
9123,ENSG00000137103.20,0.25562551017032215
9124,ENSG00000103544.15,0.2556098425031869
9125,ENSG00000188612.12,0.25560951735685333
9126,ENSG00000061273.18,0.25559148577659624
9127,ENSG00000101639.18,0.2554284338634413
9128,ENSG00000079101.16,0.25541128979661615
9129,ENSG00000161203.13,0.2553691059693722
9130,ENSG00000114541.15,0.2553679132998938
9131,ENSG00000159128.15,0.25534914807720255
9132,ENSG00000151136.15,0.2553143693532658
9133,ENSG00000116761.12,0.2552785148895195
9134,ENSG00000069424.15,0.25526254337143445
9135,ENSG00000124875.10,0.2552495547399884
9136,ENSG00000039319.17,0.25524049362674717
9137,ENSG00000144136.11,0.2552079804658579
9138,ENSG00000182798.10,0.25518587493989825
9139,ENSG00000111731.12,0.255143084701522
9140,ENSG00000153561.13,0.25512331965265894
9141,ENSG00000131899.11,0.25508581524355717
9142,ENSG00000198814.13,0.2550785489086413
9143,ENSG00000117500.13,0.2550221067810848
9144,ENSG00000182993.5,0.25501126892954795
9145,ENSG00000116874.12,0.2549722662326801
9146,ENSG00000130518.17,0.25492461553654017
9147,ENSG00000136560.14,0.25490037074901367
9148,ENSG00000130363.12,0.25483051641571813
9149,ENSG00000144591.19,0.2547775396668565
9150,ENSG00000165671.21,0.2547670848488474
9151,ENSG00000241399.7,0.25475647475181773
9152,ENSG00000204308.8,0.25472279708276396
9153,ENSG00000198730.9,0.25472253121462113
9154,ENSG00000100503.26,0.2546496222854126
9155,ENSG00000187446.12,0.2546487227855837
9156,ENSG00000198734.12,0.25464668397229917
9157,ENSG00000127540.12,0.2546400401064981
9158,ENSG00000139684.15,0.2546323764780428
9159,ENSG00000065613.15,0.2546083867186172
9160,ENSG00000166197.17,0.2545956594739257
9161,ENSG00000100034.14,0.2545902974616719
9162,ENSG00000180061.10,0.25452998373577235
9163,ENSG00000158122.12,0.25451419464340214
9164,ENSG00000135457.10,0.25448452473292626
9165,ENSG00000133056.13,0.25446981195381657
9166,ENSG00000078902.16,0.2544435312952756
9167,ENSG00000169756.16,0.25440507842164045
9168,ENSG00000197102.12,0.2543688202672625
9169,ENSG00000158352.16,0.25433700617181443
9170,ENSG00000172824.16,0.2543352659662289
9171,ENSG00000103510.20,0.2543178048350721
9172,ENSG00000114383.10,0.2542729068427606
9173,ENSG00000119599.17,0.254246273364346
9174,ENSG00000178235.8,0.2542165182113401
9175,ENSG00000154548.9,0.25417903081822374
9176,ENSG00000259431.6,0.2541558680931461
9177,ENSG00000181904.9,0.25407459250146697
9178,ENSG00000265354.4,0.25406926569963706
9179,ENSG00000143379.12,0.25406436198864013
9180,ENSG00000184270.6,0.2540466073585245
9181,ENSG00000213719.8,0.2539342945931838
9182,ENSG00000117859.19,0.2539224215109534
9183,ENSG00000169018.6,0.25390464871967217
9184,ENSG00000115762.16,0.2538692389003136
9185,ENSG00000139350.12,0.2538637281687867
9186,ENSG00000188986.9,0.2538403515131414
9187,ENSG00000160570.14,0.25383958393031114
9188,ENSG00000107185.10,0.2538232338852122
9189,ENSG00000130311.11,0.25381657932953045
9190,ENSG00000118217.6,0.2538082888409513
9191,ENSG00000169299.14,0.2537249150416874
9192,ENSG00000149311.19,0.253694026847293
9193,ENSG00000132429.10,0.2535974127345493
9194,ENSG00000070761.8,0.25354222082735844
9195,ENSG00000135372.9,0.25351476676107637
9196,ENSG00000168334.9,0.25340494309101047
9197,ENSG00000110066.15,0.2533732808444936
9198,ENSG00000160075.12,0.253369421803181
9199,ENSG00000182512.5,0.25333387014613945
9200,ENSG00000066933.16,0.2533330598213251
9201,ENSG00000065665.21,0.2532561251255752
9202,ENSG00000131779.11,0.2532531146351903
9203,ENSG00000145850.9,0.25324000446961964
9204,ENSG00000158006.14,0.2531960186112944
9205,ENSG00000089048.14,0.25316548548727374
9206,ENSG00000089063.15,0.25316022937429117
9207,ENSG00000240682.10,0.2531344706914553
9208,ENSG00000204673.11,0.2531290461576187
9209,ENSG00000124333.16,0.2531070117363508
9210,ENSG00000274512.5,0.25308184129178307
9211,ENSG00000131408.15,0.25303033102112743
9212,ENSG00000136021.19,0.2530219469029404
9213,ENSG00000146729.10,0.2529962696649388
9214,ENSG00000105325.15,0.25297593653432837
9215,ENSG00000140367.12,0.25294997133187086
9216,ENSG00000130741.11,0.2529229213986706
9217,ENSG00000173163.10,0.2529102188256072
9218,ENSG00000243566.7,0.25289617912068507
9219,ENSG00000214021.16,0.2528518549023862
9220,ENSG00000038358.15,0.25281096190506214
9221,ENSG00000135828.11,0.25278232568082554
9222,ENSG00000068985.5,0.25277440554722574
9223,ENSG00000196757.8,0.25274303057222414
9224,ENSG00000119661.15,0.25271158137627425
9225,ENSG00000189403.15,0.2526974639962163
9226,ENSG00000107890.17,0.25269457146663893
9227,ENSG00000188295.15,0.25267563388377
9228,ENSG00000196937.11,0.2526300063307355
9229,ENSG00000102780.17,0.252555345695083
9230,ENSG00000163481.8,0.2525512952600079
9231,ENSG00000146828.18,0.2525276406978374
9232,ENSG00000168014.17,0.2524621775167883
9233,ENSG00000079393.20,0.25236123863804827
9234,ENSG00000133805.15,0.2523495585492361
9235,ENSG00000140836.17,0.2522921972127671
9236,ENSG00000170088.14,0.25222949354668556
9237,ENSG00000161929.15,0.2522178962181057
9238,ENSG00000113013.16,0.2522031263366165
9239,ENSG00000138363.15,0.2521556363993779
9240,ENSG00000048707.15,0.25209222661214614
9241,ENSG00000108984.15,0.25209069672579165
9242,ENSG00000130818.12,0.2520679645949889
9243,ENSG00000130023.16,0.25205857187993025
9244,ENSG00000156261.13,0.2520430682827962
9245,ENSG00000198208.12,0.251994435212454
9246,ENSG00000153094.24,0.2519938548659169
9247,ENSG00000133316.15,0.251948299275423
9248,ENSG00000214706.10,0.25191862112197816
9249,ENSG00000131845.15,0.25187365149930246
9250,ENSG00000129055.13,0.2518157541110006
9251,ENSG00000081760.17,0.2517979213096722
9252,ENSG00000119574.13,0.2517837780648482
9253,ENSG00000129347.21,0.2517822763619787
9254,ENSG00000095002.15,0.25171520937126135
9255,ENSG00000131446.17,0.2516740249152908
9256,ENSG00000035664.11,0.25165029444612247
9257,ENSG00000184752.13,0.25164260276505596
9258,ENSG00000037280.16,0.2515878172252438
9259,ENSG00000101365.21,0.2515328315278068
9260,ENSG00000146700.9,0.2515190137522196
9261,ENSG00000198887.9,0.25149949796901655
9262,ENSG00000167005.14,0.2514081857036093
9263,ENSG00000176542.10,0.25140521478379035
9264,ENSG00000272047.3,0.25138686810977673
9265,ENSG00000173327.8,0.251335163812723
9266,ENSG00000131504.17,0.25129975541512267
9267,ENSG00000105963.15,0.2512477789124397
9268,ENSG00000185250.16,0.25124191281628444
9269,ENSG00000126945.9,0.2512068330827319
9270,ENSG00000109118.14,0.2512008027990229
9271,ENSG00000155975.10,0.25118423243311044
9272,ENSG00000162961.14,0.25118281358334343
9273,ENSG00000108669.16,0.25115011566176115
9274,ENSG00000096717.12,0.25114533920271365
9275,ENSG00000084693.16,0.25114154545878886
9276,ENSG00000162723.10,0.25106692802826774
9277,ENSG00000134982.17,0.2510588423001335
9278,ENSG00000204314.12,0.25104888148987403
9279,ENSG00000132199.20,0.2510131263306121
9280,ENSG00000196449.4,0.2509790166709525
9281,ENSG00000102119.11,0.25096414280389256
9282,ENSG00000109180.15,0.25087515567045593
9283,ENSG00000111834.13,0.2508323422433947
9284,ENSG00000106524.9,0.25080648235026975
9285,ENSG00000168438.15,0.2507583091780767
9286,ENSG00000107949.17,0.25063769294562177
9287,ENSG00000149295.14,0.2505779083671758
9288,ENSG00000065243.20,0.25056030275705493
9289,ENSG00000170270.5,0.2504734393651979
9290,ENSG00000104969.11,0.25037189736774745
9291,ENSG00000139546.11,0.25032750785621843
9292,ENSG00000160352.16,0.2503091109518883
9293,ENSG00000039123.16,0.25027532107798517
9294,ENSG00000049656.14,0.2502693113830214
9295,ENSG00000166578.10,0.25025303045630326
9296,ENSG00000197121.15,0.250205134457951
9297,ENSG00000138095.19,0.2501948308159041
9298,ENSG00000205089.8,0.25018017517831376
9299,ENSG00000239305.7,0.2501326778548672
9300,ENSG00000092439.16,0.25007980500936605
9301,ENSG00000117419.16,0.25005727241229353
9302,ENSG00000163902.12,0.2500271800863356
9303,ENSG00000187595.16,0.24998807390499994
9304,ENSG00000050748.18,0.24998533249999602
9305,ENSG00000102743.15,0.24994448947624315
9306,ENSG00000169955.7,0.24993532519028042
9307,ENSG00000106992.19,0.24990890161820775
9308,ENSG00000143575.15,0.24985757082551507
9309,ENSG00000103051.20,0.24984390886345387
9310,ENSG00000099810.21,0.24983117587450376
9311,ENSG00000154370.16,0.24981340349790448
9312,ENSG00000175309.15,0.24980794304018547
9313,ENSG00000131507.11,0.2497751750573041
9314,ENSG00000286015.1,0.2497747927447446
9315,ENSG00000126653.18,0.24972190876662584
9316,ENSG00000163945.19,0.24971993414365637
9317,ENSG00000159131.17,0.24971354351109104
9318,ENSG00000188352.12,0.24970798879003397
9319,ENSG00000124357.13,0.2497001033277887
9320,ENSG00000105171.10,0.24967664231671707
9321,ENSG00000143373.18,0.24967230766163637
9322,ENSG00000170903.11,0.24960554204568502
9323,ENSG00000169105.8,0.2495573524615544
9324,ENSG00000153814.13,0.2495388566557758
9325,ENSG00000139505.11,0.24951929459007427
9326,ENSG00000108509.21,0.2494487177134794
9327,ENSG00000161533.12,0.24944382806836105
9328,ENSG00000161036.13,0.2493792579568735
9329,ENSG00000137055.15,0.249369702641581
9330,ENSG00000147416.11,0.2493258095070566
9331,ENSG00000140943.17,0.24925992780303563
9332,ENSG00000176410.8,0.24925711502125072
9333,ENSG00000130227.17,0.24920435006751407
9334,ENSG00000174437.17,0.2491779646081603
9335,ENSG00000101972.19,0.2491745635772111
9336,ENSG00000134569.10,0.24906529407551056
9337,ENSG00000177943.14,0.24906419957889844
9338,ENSG00000173085.15,0.2490363437834051
9339,ENSG00000186222.5,0.24893220834434568
9340,ENSG00000114125.14,0.24892816283034852
9341,ENSG00000109079.10,0.24885213464104528
9342,ENSG00000071205.12,0.2488458527370376
9343,ENSG00000149100.13,0.24882440252329877
9344,ENSG00000090263.16,0.248746236662217
9345,ENSG00000050130.18,0.24873057290466336
9346,ENSG00000167968.13,0.24871918260201328
9347,ENSG00000130779.21,0.24865221346865854
9348,ENSG00000138439.12,0.24860728664451906
9349,ENSG00000205643.11,0.24857004867542148
9350,ENSG00000132824.14,0.24854104508349298
9351,ENSG00000188659.9,0.24849712967444398
9352,ENSG00000179542.16,0.24848601992249827
9353,ENSG00000153574.9,0.2484825357287542
9354,ENSG00000086696.11,0.24846424484693722
9355,ENSG00000142453.12,0.24846276178287838
9356,ENSG00000170242.19,0.24843952377285888
9357,ENSG00000164542.13,0.24843739082651783
9358,ENSG00000005156.12,0.2484226912245961
9359,ENSG00000148343.18,0.24836831757678596
9360,ENSG00000174652.19,0.2483463591047501
9361,ENSG00000169084.15,0.24830043205740462
9362,ENSG00000163104.18,0.2481884932305707
9363,ENSG00000198018.7,0.24817317756793125
9364,ENSG00000163464.8,0.24812898079049386
9365,ENSG00000114054.14,0.2480981422630439
9366,ENSG00000131653.13,0.24809720888740838
9367,ENSG00000197444.10,0.24806624126969615
9368,ENSG00000073921.18,0.24805917202114902
9369,ENSG00000166260.13,0.24803862117931966
9370,ENSG00000154099.18,0.2479736569499687
9371,ENSG00000174943.11,0.24793519679223067
9372,ENSG00000153347.10,0.2479276591416184
9373,ENSG00000143315.8,0.24791500159150867
9374,ENSG00000101363.12,0.2478616849644119
9375,ENSG00000197780.10,0.24786027933106278
9376,ENSG00000146530.14,0.24784305355247757
9377,ENSG00000221914.11,0.24777631937131647
9378,ENSG00000127124.16,0.24775979125535713
9379,ENSG00000143761.16,0.24771998971975795
9380,ENSG00000184163.3,0.2477082088612836
9381,ENSG00000151694.14,0.24769827286819016
9382,ENSG00000173812.11,0.24768772465386668
9383,ENSG00000167604.15,0.24767479260862588
9384,ENSG00000118946.12,0.24765951649084933
9385,ENSG00000219545.11,0.24764726627142586
9386,ENSG00000137337.15,0.24759090826144353
9387,ENSG00000157353.17,0.24758389610136539
9388,ENSG00000145014.18,0.24755316599238222
9389,ENSG00000119446.14,0.24754964830121057
9390,ENSG00000142207.7,0.24752932221708626
9391,ENSG00000017260.20,0.24751513577965722
9392,ENSG00000112406.5,0.24750158435921166
9393,ENSG00000275714.2,0.24748601652385374
9394,ENSG00000143067.5,0.24748131499471174
9395,ENSG00000172071.14,0.24747580991433035
9396,ENSG00000145495.16,0.24745983356436194
9397,ENSG00000168890.14,0.24744462878295767
9398,ENSG00000169814.16,0.2474161711950423
9399,ENSG00000135686.13,0.24740135011924194
9400,ENSG00000171960.12,0.2473685430757778
9401,ENSG00000152409.9,0.24734806892406153
9402,ENSG00000166997.8,0.24734308346346723
9403,ENSG00000080854.16,0.24731693611392366
9404,ENSG00000244482.10,0.247284920090804
9405,ENSG00000198909.8,0.24726546170003044
9406,ENSG00000106772.18,0.247257335164102
9407,ENSG00000057608.17,0.24721992861453237
9408,ENSG00000083223.18,0.24716388197435352
9409,ENSG00000168246.6,0.24714118371449897
9410,ENSG00000184719.12,0.2471259670402066
9411,ENSG00000166401.15,0.24708132787550796
9412,ENSG00000137409.19,0.2470790929997401
9413,ENSG00000118298.12,0.2470765522647718
9414,ENSG00000273841.5,0.24701032535351106
9415,ENSG00000213928.9,0.24699719297651082
9416,ENSG00000113212.7,0.2469874965911445
9417,ENSG00000176956.13,0.24697598324812736
9418,ENSG00000126261.13,0.24694172110243726
9419,ENSG00000135336.15,0.24688931054832108
9420,ENSG00000169826.8,0.2468667568201543
9421,ENSG00000102870.6,0.24683614425310474
9422,ENSG00000134815.19,0.24682312832999131
9423,ENSG00000101290.14,0.24681882876726227
9424,ENSG00000171204.13,0.24676872108617268
9425,ENSG00000185619.18,0.2466788479142449
9426,ENSG00000182791.5,0.24664041217412244
9427,ENSG00000197045.13,0.24659273744288465
9428,ENSG00000158480.11,0.24656216568399889
9429,ENSG00000235961.6,0.2465478522399766
9430,ENSG00000104375.17,0.246470573549437
9431,ENSG00000135604.10,0.24646744360559425
9432,ENSG00000138430.16,0.24645105161235617
9433,ENSG00000164151.12,0.24641327356899806
9434,ENSG00000138378.19,0.24639401917635761
9435,ENSG00000080823.23,0.24638322307881763
9436,ENSG00000100410.8,0.2463784642255541
9437,ENSG00000095539.15,0.24632372167327332
9438,ENSG00000162520.15,0.2462741407525227
9439,ENSG00000167103.12,0.24626157524181289
9440,ENSG00000166946.14,0.24620951726826773
9441,ENSG00000256053.9,0.24617956400999838
9442,ENSG00000050555.19,0.24613567280107468
9443,ENSG00000215012.9,0.24608615270190493
9444,ENSG00000131725.14,0.24608059184247522
9445,ENSG00000173744.18,0.24600373644161508
9446,ENSG00000145919.11,0.2459122208063937
9447,ENSG00000127054.21,0.24591125511074938
9448,ENSG00000156858.12,0.2458798302978477
9449,ENSG00000180035.13,0.2458758064311695
9450,ENSG00000158864.13,0.24585320205695582
9451,ENSG00000101150.18,0.24578107165463428
9452,ENSG00000133812.16,0.24573887101192146
9453,ENSG00000173545.5,0.2457350531445083
9454,ENSG00000148288.13,0.2457228698486336
9455,ENSG00000151229.13,0.24568568302461105
9456,ENSG00000143933.19,0.2456728362773137
9457,ENSG00000125834.13,0.24566767134340295
9458,ENSG00000196670.14,0.24563563571260144
9459,ENSG00000103647.13,0.2456258483377075
9460,ENSG00000244038.11,0.24559258500813735
9461,ENSG00000072135.13,0.24558423861283962
9462,ENSG00000047188.16,0.24552757677366588
9463,ENSG00000138629.16,0.2454623997363545
9464,ENSG00000114268.12,0.2454171173890847
9465,ENSG00000197622.13,0.24536679093718966
9466,ENSG00000065413.20,0.24532968081557371
9467,ENSG00000269713.7,0.24532352050438588
9468,ENSG00000015171.20,0.2451913831886086
9469,ENSG00000198356.12,0.24512228935419103
9470,ENSG00000144647.6,0.24510837330420285
9471,ENSG00000170364.12,0.2450225153107796
9472,ENSG00000113273.17,0.24498546154833728
9473,ENSG00000113300.13,0.2449641386759465
9474,ENSG00000112679.14,0.24496405560679613
9475,ENSG00000162368.13,0.24491744483096506
9476,ENSG00000158711.14,0.24490561766591634
9477,ENSG00000011295.16,0.24490151644547087
9478,ENSG00000151240.17,0.24489199743359322
9479,ENSG00000160233.8,0.24489175560715828
9480,ENSG00000214944.9,0.2448804191705443
9481,ENSG00000012963.15,0.24487883329880497
9482,ENSG00000143252.16,0.2448621624283849
9483,ENSG00000157193.18,0.24482496595586478
9484,ENSG00000114353.17,0.24477447143529302
9485,ENSG00000173456.5,0.2446999288238408
9486,ENSG00000126088.14,0.24468835172984604
9487,ENSG00000157500.12,0.24467977257519968
9488,ENSG00000116641.18,0.24462170614573914
9489,ENSG00000129518.9,0.24456865408948708
9490,ENSG00000137478.15,0.24455345590384228
9491,ENSG00000163960.12,0.2445512785002967
9492,ENSG00000100216.6,0.24454263360660042
9493,ENSG00000151498.12,0.24451874311204272
9494,ENSG00000017797.13,0.24450938135312236
9495,ENSG00000213859.7,0.24448342427532577
9496,ENSG00000169570.10,0.2443735424303857
9497,ENSG00000075151.21,0.244348963274058
9498,ENSG00000107290.14,0.24429099824641612
9499,ENSG00000156603.19,0.244280507377316
9500,ENSG00000222009.8,0.24423827528631878
9501,ENSG00000135776.5,0.24421744586892105
9502,ENSG00000131148.9,0.2442135605976384
9503,ENSG00000197283.17,0.24419343719311012
9504,ENSG00000103356.18,0.2441905857620696
9505,ENSG00000170185.10,0.24418376045592577
9506,ENSG00000157020.18,0.24417641600905732
9507,ENSG00000126822.17,0.24414576435426852
9508,ENSG00000088888.18,0.2440713520855376
9509,ENSG00000077380.16,0.24405759871757904
9510,ENSG00000164749.13,0.24403492565690843
9511,ENSG00000106355.10,0.2440082654016243
9512,ENSG00000147457.14,0.2440029232592948
9513,ENSG00000053702.15,0.2439656927841555
9514,ENSG00000100403.12,0.24390757944652372
9515,ENSG00000196553.15,0.24385867940553196
9516,ENSG00000144597.14,0.2438554875769494
9517,ENSG00000114062.22,0.24382383976300892
9518,ENSG00000147364.17,0.24378815054510408
9519,ENSG00000115355.17,0.24372495217131826
9520,ENSG00000175283.8,0.24370916730683517
9521,ENSG00000142002.17,0.24369645284415947
9522,ENSG00000056586.16,0.2436131416000783
9523,ENSG00000112339.15,0.24360805439466593
9524,ENSG00000180773.15,0.24359714526281054
9525,ENSG00000144426.18,0.2435815683732743
9526,ENSG00000185627.18,0.24353932255600952
9527,ENSG00000153339.15,0.24353904581347904
9528,ENSG00000116984.14,0.24348563432676815
9529,ENSG00000125037.12,0.24347409746395393
9530,ENSG00000214376.6,0.2434463803316949
9531,ENSG00000123374.11,0.24344095801337293
9532,ENSG00000148296.7,0.2434250608873316
9533,ENSG00000038295.8,0.24330633901780133
9534,ENSG00000110060.9,0.24328389646956786
9535,ENSG00000138767.13,0.24323944176444026
9536,ENSG00000132394.11,0.2431396468496718
9537,ENSG00000114544.17,0.2430818164185911
9538,ENSG00000186501.14,0.24306013507866003
9539,ENSG00000161277.11,0.24304947040934696
9540,ENSG00000132612.16,0.24300383634059922
9541,ENSG00000160218.13,0.2429568525066205
9542,ENSG00000166510.14,0.24293258492555322
9543,ENSG00000141469.18,0.24290115789247024
9544,ENSG00000129682.16,0.24287940930995305
9545,ENSG00000104660.19,0.24285612167523637
9546,ENSG00000116478.12,0.24282510668119722
9547,ENSG00000137845.15,0.2427993138856017
9548,ENSG00000129128.13,0.24277776353023703
9549,ENSG00000100353.18,0.24277258478708863
9550,ENSG00000176092.16,0.2427624178714362
9551,ENSG00000198113.3,0.24275238829654394
9552,ENSG00000089159.16,0.24272096562785517
9553,ENSG00000166900.17,0.24271760435107403
9554,ENSG00000165525.18,0.2427023370061512
9555,ENSG00000164327.13,0.24263327715152422
9556,ENSG00000187116.14,0.24262460896615434
9557,ENSG00000173011.12,0.2426175645773078
9558,ENSG00000100201.23,0.24255677155937516
9559,ENSG00000139496.16,0.24255462029600203
9560,ENSG00000147234.10,0.24253764541425984
9561,ENSG00000142892.15,0.24252462769710048
9562,ENSG00000135317.13,0.2425032052544603
9563,ENSG00000140262.18,0.24249135858515503
9564,ENSG00000125726.11,0.24247465843313504
9565,ENSG00000185149.6,0.2424029716760885
9566,ENSG00000130021.15,0.2422982985776874
9567,ENSG00000174032.17,0.24226490726840624
9568,ENSG00000123064.13,0.24225873125760056
9569,ENSG00000104880.18,0.24222090373549104
9570,ENSG00000165209.19,0.24220209127241804
9571,ENSG00000028203.18,0.24217579003147965
9572,ENSG00000172432.19,0.24217477446235952
9573,ENSG00000136381.13,0.24216852592883006
9574,ENSG00000100418.8,0.2421623063223933
9575,ENSG00000184203.8,0.2420498038392384
9576,ENSG00000107651.13,0.2420396022424371
9577,ENSG00000161542.17,0.24190122103523984
9578,ENSG00000198513.13,0.2418161640021098
9579,ENSG00000205250.9,0.24179791153662736
9580,ENSG00000138078.16,0.24179708290999
9581,ENSG00000169946.14,0.24179021121133001
9582,ENSG00000113595.15,0.24174973379869158
9583,ENSG00000169188.5,0.2417492728407419
9584,ENSG00000145901.16,0.24172789308853754
9585,ENSG00000108599.15,0.24170380710263092
9586,ENSG00000204519.11,0.2416958085670097
9587,ENSG00000152102.18,0.2416897433560039
9588,ENSG00000137955.16,0.24165024569965815
9589,ENSG00000125454.12,0.24164334602037588
9590,ENSG00000136051.15,0.2415757987727436
9591,ENSG00000046889.19,0.2415556637721757
9592,ENSG00000214717.12,0.2415253044718251
9593,ENSG00000065457.10,0.24150198948224583
9594,ENSG00000143847.15,0.2414641840170245
9595,ENSG00000163001.12,0.24144962311990614
9596,ENSG00000152689.18,0.24140003483530684
9597,ENSG00000100351.17,0.2413815848146911
9598,ENSG00000113356.13,0.24134925843492794
9599,ENSG00000132002.9,0.2413243117173605
9600,ENSG00000132334.17,0.24132393598835072
9601,ENSG00000077235.18,0.24122619096503345
9602,ENSG00000125846.15,0.24121619054645876
9603,ENSG00000205869.2,0.24120735185037112
9604,ENSG00000142864.15,0.2411942940318518
9605,ENSG00000121022.14,0.24119079355187117
9606,ENSG00000159842.15,0.24116453774385968
9607,ENSG00000080345.18,0.24115421111339316
9608,ENSG00000121058.5,0.2411445592407312
9609,ENSG00000134153.10,0.24112370796382848
9610,ENSG00000178033.6,0.24112338501452887
9611,ENSG00000163354.15,0.24111658926821838
9612,ENSG00000168264.10,0.24110566583243778
9613,ENSG00000189266.13,0.24109137360663152
9614,ENSG00000104946.13,0.2410568101404119
9615,ENSG00000047617.15,0.24100920666630746
9616,ENSG00000107897.20,0.24095848031412964
9617,ENSG00000144118.14,0.24094885318615453
9618,ENSG00000142330.20,0.2409247535230803
9619,ENSG00000123353.10,0.24089375552411108
9620,ENSG00000025156.13,0.24084871424871912
9621,ENSG00000147419.19,0.24079628438153244
9622,ENSG00000163249.13,0.24075007685158858
9623,ENSG00000173517.10,0.24074605010224195
9624,ENSG00000185475.11,0.24073891791348387
9625,ENSG00000127483.19,0.24072004483751186
9626,ENSG00000173928.4,0.24070297431228052
9627,ENSG00000115091.12,0.24070289009589085
9628,ENSG00000137171.15,0.24065693048752332
9629,ENSG00000132694.19,0.24064124290387143
9630,ENSG00000100106.22,0.24059763565371892
9631,ENSG00000168374.11,0.24057256091782392
9632,ENSG00000213186.8,0.24055909205945242
9633,ENSG00000189283.10,0.2405382972733274
9634,ENSG00000142459.8,0.24047550574823864
9635,ENSG00000174842.17,0.24046778211642864
9636,ENSG00000188342.12,0.24046023594319565
9637,ENSG00000132406.12,0.2404581039753186
9638,ENSG00000181704.12,0.24041784174766773
9639,ENSG00000140873.16,0.24041580160340906
9640,ENSG00000126858.18,0.24040365230647023
9641,ENSG00000187764.11,0.2403881184228721
9642,ENSG00000140319.11,0.24038527577582983
9643,ENSG00000152454.4,0.24030878111431492
9644,ENSG00000115318.12,0.2403011006636296
9645,ENSG00000090520.11,0.24027693589361754
9646,ENSG00000122779.18,0.24020297356580803
9647,ENSG00000204160.12,0.24011104596955127
9648,ENSG00000006377.11,0.24010263232609189
9649,ENSG00000143970.17,0.24005052337158964
9650,ENSG00000150627.16,0.24003058653162607
9651,ENSG00000135083.16,0.239965279633145
9652,ENSG00000100416.15,0.23992869871782074
9653,ENSG00000034713.8,0.23992001021249423
9654,ENSG00000072401.15,0.23986281026011239
9655,ENSG00000134287.10,0.23984124590083833
9656,ENSG00000176871.9,0.23983085535909002
9657,ENSG00000184307.16,0.2397767780209159
9658,ENSG00000164144.16,0.23970483028782047
9659,ENSG00000138400.13,0.23967914943951404
9660,ENSG00000023697.13,0.2396785790080567
9661,ENSG00000127666.10,0.23960161894591675
9662,ENSG00000136930.13,0.23956120978399226
9663,ENSG00000198561.15,0.23945824280209208
9664,ENSG00000166788.10,0.23941530554305887
9665,ENSG00000247077.7,0.23939496057441512
9666,ENSG00000136918.8,0.2393198238009743
9667,ENSG00000172548.14,0.23931239522779538
9668,ENSG00000116750.14,0.23927100406649748
9669,ENSG00000174173.7,0.23925263241446873
9670,ENSG00000164904.18,0.23925035403191197
9671,ENSG00000105438.9,0.2392300545958972
9672,ENSG00000183530.14,0.23920449527509424
9673,ENSG00000152763.17,0.2391581028846974
9674,ENSG00000008952.17,0.23912769105828996
9675,ENSG00000214654.8,0.2391071751037871
9676,ENSG00000135148.12,0.2391028625114917
9677,ENSG00000157985.19,0.23908701658866183
9678,ENSG00000172269.19,0.23908269545708521
9679,ENSG00000185009.13,0.23907660306365983
9680,ENSG00000138640.15,0.23904079528711522
9681,ENSG00000118496.5,0.2390203133228558
9682,ENSG00000197748.13,0.23900802810407365
9683,ENSG00000172175.15,0.2389922113285587
9684,ENSG00000170275.15,0.23897863992414928
9685,ENSG00000176946.12,0.23895222165121738
9686,ENSG00000215271.9,0.23890316720180707
9687,ENSG00000006712.15,0.2388748488732407
9688,ENSG00000143614.10,0.2388438078048337
9689,ENSG00000185664.14,0.23879669323832114
9690,ENSG00000197483.10,0.23877979836896138
9691,ENSG00000103160.12,0.2387656263331118
9692,ENSG00000132510.10,0.2387390235157144
9693,ENSG00000106804.8,0.2387387493607084
9694,ENSG00000172331.12,0.23867092014234362
9695,ENSG00000162873.15,0.23859105865822103
9696,ENSG00000146085.8,0.23845729965823903
9697,ENSG00000188211.9,0.23844050884061563
9698,ENSG00000128285.4,0.2384127126227051
9699,ENSG00000137100.16,0.23840023251404227
9700,ENSG00000137714.3,0.23839694796726546
9701,ENSG00000105063.19,0.2383622906321136
9702,ENSG00000163811.12,0.2383453155851927
9703,ENSG00000163864.17,0.2383392853741192
9704,ENSG00000064607.17,0.2383378303928042
9705,ENSG00000079841.18,0.23827296981730528
9706,ENSG00000108654.16,0.2382722792407878
9707,ENSG00000131097.7,0.23822993596794906
9708,ENSG00000185129.8,0.23822840557130187
9709,ENSG00000175348.11,0.23821768082627393
9710,ENSG00000126218.12,0.2382063975431234
9711,ENSG00000112941.14,0.23817426219654517
9712,ENSG00000168434.13,0.2381496003514729
9713,ENSG00000061676.15,0.23813684793491535
9714,ENSG00000182010.11,0.23813236537647675
9715,ENSG00000084623.12,0.2381101320937952
9716,ENSG00000040275.17,0.23807744049426582
9717,ENSG00000171155.8,0.23807171284568932
9718,ENSG00000188263.10,0.23804911534292775
9719,ENSG00000170006.12,0.2380345283577214
9720,ENSG00000162430.17,0.23797722305621594
9721,ENSG00000117000.9,0.23790746122184203
9722,ENSG00000119013.9,0.23788488835939303
9723,ENSG00000133393.13,0.2378555870212943
9724,ENSG00000119772.17,0.23784861717380773
9725,ENSG00000165275.10,0.23780117875057866
9726,ENSG00000105227.16,0.23775778040997247
9727,ENSG00000121577.14,0.23771053564117958
9728,ENSG00000144357.18,0.23764369414579714
9729,ENSG00000132792.19,0.2376154538619257
9730,ENSG00000048028.11,0.23753546951475651
9731,ENSG00000179855.9,0.23743643337923612
9732,ENSG00000135749.19,0.2374347522682378
9733,ENSG00000085721.13,0.23742852344357046
9734,ENSG00000096872.17,0.23740961680849562
9735,ENSG00000081692.12,0.2372966300447257
9736,ENSG00000186063.13,0.23724255028848543
9737,ENSG00000134996.12,0.2372274217706883
9738,ENSG00000274070.2,0.23722212214502464
9739,ENSG00000050767.17,0.23720515258516447
9740,ENSG00000170027.7,0.23720122278359881
9741,ENSG00000136247.15,0.23716203963421315
9742,ENSG00000091622.16,0.2371433015564025
9743,ENSG00000130052.13,0.23711567894399355
9744,ENSG00000171100.15,0.2371040300272349
9745,ENSG00000111843.14,0.23701326519551055
9746,ENSG00000196267.12,0.23701110196810013
9747,ENSG00000100564.9,0.236996274795854
9748,ENSG00000170265.12,0.23694854347782585
9749,ENSG00000079432.7,0.23692219568514636
9750,ENSG00000174231.17,0.23690042103156075
9751,ENSG00000100320.23,0.23687420002023868
9752,ENSG00000136002.20,0.23685522557189076
9753,ENSG00000182518.13,0.23680759024232764
9754,ENSG00000110074.11,0.2367663803699844
9755,ENSG00000136122.18,0.23676343832075972
9756,ENSG00000110395.7,0.23672517868351955
9757,ENSG00000144747.17,0.2367211965888237
9758,ENSG00000138085.17,0.2366997458171382
9759,ENSG00000073536.18,0.23655106192211897
9760,ENSG00000158793.14,0.23654839332827707
9761,ENSG00000214113.11,0.23648787436882343
9762,ENSG00000150527.17,0.23638728450701635
9763,ENSG00000169019.11,0.23638671902811037
9764,ENSG00000087995.16,0.23636685031765467
9765,ENSG00000167414.4,0.2363083872967753
9766,ENSG00000157152.17,0.2362745786867891
9767,ENSG00000112234.9,0.23626474598705027
9768,ENSG00000158882.15,0.23623267191236785
9769,ENSG00000168556.7,0.23623226134927483
9770,ENSG00000144711.16,0.2361522046821618
9771,ENSG00000104731.14,0.23612829533204507
9772,ENSG00000107249.23,0.23610621611067797
9773,ENSG00000120686.12,0.23610379926896774
9774,ENSG00000169288.18,0.23604934086884152
9775,ENSG00000132535.21,0.2360360114088481
9776,ENSG00000133858.17,0.23602219913665468
9777,ENSG00000174326.14,0.2360130364899737
9778,ENSG00000141503.17,0.23597545720795357
9779,ENSG00000123213.23,0.23592521331255575
9780,ENSG00000166848.7,0.23592266707993004
9781,ENSG00000103342.13,0.23591833498504242
9782,ENSG00000130340.16,0.23586677523640467
9783,ENSG00000182446.14,0.23584750249968459
9784,ENSG00000033627.17,0.23583618546871812
9785,ENSG00000067182.8,0.23581884843961132
9786,ENSG00000169062.15,0.23579142806884443
9787,ENSG00000163687.14,0.2357657898779702
9788,ENSG00000125352.6,0.2357600789122209
9789,ENSG00000087266.17,0.23574032206621875
9790,ENSG00000160703.16,0.23565893789796755
9791,ENSG00000196850.6,0.23554975762474187
9792,ENSG00000129473.11,0.2354783118012774
9793,ENSG00000083097.14,0.23538941141724518
9794,ENSG00000069248.12,0.2353868535410376
9795,ENSG00000152492.15,0.23537843173363934
9796,ENSG00000140548.10,0.23533696419682568
9797,ENSG00000081665.14,0.23532943238565388
9798,ENSG00000183763.9,0.2352895175091511
9799,ENSG00000175087.10,0.23526610423107894
9800,ENSG00000138071.14,0.2352483851476532
9801,ENSG00000108187.16,0.23524085729330063
9802,ENSG00000160336.16,0.2352305372770376
9803,ENSG00000102309.15,0.23522715585710463
9804,ENSG00000070814.22,0.2352100732584702
9805,ENSG00000184857.8,0.23517314613126988
9806,ENSG00000244754.9,0.23502797020486188
9807,ENSG00000155393.13,0.2349717705225973
9808,ENSG00000171314.9,0.2349110030214204
9809,ENSG00000107317.13,0.2348917715526821
9810,ENSG00000115275.14,0.2347563669295228
9811,ENSG00000134852.15,0.23471412049991425
9812,ENSG00000247626.5,0.23466223587122512
9813,ENSG00000165376.11,0.23464447962305093
9814,ENSG00000143458.12,0.2346286244958651
9815,ENSG00000063587.15,0.23457281254808873
9816,ENSG00000164053.21,0.23452882415941104
9817,ENSG00000124541.7,0.23451401461126634
9818,ENSG00000123843.13,0.23447352380897654
9819,ENSG00000272602.6,0.2344634893730687
9820,ENSG00000255150.2,0.23443194473358567
9821,ENSG00000109220.11,0.2344274657730376
9822,ENSG00000114738.11,0.23441046474584745
9823,ENSG00000124802.12,0.23438426115986374
9824,ENSG00000148399.13,0.2343735294265978
9825,ENSG00000134900.12,0.2343679674935586
9826,ENSG00000160602.14,0.2343604451911785
9827,ENSG00000171453.20,0.23433798416052853
9828,ENSG00000203782.6,0.23429764581182416
9829,ENSG00000100154.14,0.23426766356194986
9830,ENSG00000203326.12,0.23425238086283234
9831,ENSG00000101654.18,0.23425020455319928
9832,ENSG00000144214.10,0.23413528486446564
9833,ENSG00000102978.13,0.2340731281893157
9834,ENSG00000144840.10,0.23404207886506953
9835,ENSG00000060642.11,0.2340257479784733
9836,ENSG00000086827.9,0.23399345834630414
9837,ENSG00000107771.17,0.233940176932313
9838,ENSG00000278053.5,0.2338905526165784
9839,ENSG00000110955.9,0.23386202954803262
9840,ENSG00000204843.12,0.23386033381344873
9841,ENSG00000160299.17,0.23385354622927548
9842,ENSG00000167105.8,0.23384546545531157
9843,ENSG00000171307.19,0.23382512946553816
9844,ENSG00000185721.13,0.23382304778177368
9845,ENSG00000151348.15,0.23380347211172023
9846,ENSG00000186591.13,0.2337846347631379
9847,ENSG00000168878.19,0.23374338965596284
9848,ENSG00000153294.12,0.23373932976672113
9849,ENSG00000063127.16,0.2337224286603045
9850,ENSG00000142794.19,0.23371876598415903
9851,ENSG00000074660.16,0.23369896781498553
9852,ENSG00000102924.12,0.2336756804745325
9853,ENSG00000100147.14,0.23367153130356877
9854,ENSG00000175215.11,0.23366509524423915
9855,ENSG00000143624.14,0.23363005282664911
9856,ENSG00000146872.18,0.23362812469870073
9857,ENSG00000160087.21,0.2336089216172068
9858,ENSG00000108641.19,0.23355176886583043
9859,ENSG00000162298.19,0.23354081217271758
9860,ENSG00000254093.9,0.23349174079663132
9861,ENSG00000180182.11,0.23343142114494897
9862,ENSG00000109618.12,0.23340344969673416
9863,ENSG00000174373.16,0.2333811444987309
9864,ENSG00000118816.11,0.23334888567689
9865,ENSG00000214050.8,0.23333812455212022
9866,ENSG00000147437.10,0.23328228131562861
9867,ENSG00000164463.12,0.2332723940770243
9868,ENSG00000121417.14,0.23325592696172517
9869,ENSG00000140553.18,0.2332340798080612
9870,ENSG00000149313.11,0.23323252523260024
9871,ENSG00000136114.17,0.23323174713500955
9872,ENSG00000163328.14,0.2331329151320101
9873,ENSG00000174197.16,0.23306003566363812
9874,ENSG00000142599.19,0.23301485703062755
9875,ENSG00000085415.16,0.2329779870117348
9876,ENSG00000186187.12,0.23291872124503657
9877,ENSG00000077097.15,0.2329145086602676
9878,ENSG00000102753.10,0.23279073879771006
9879,ENSG00000145217.14,0.23277986588126715
9880,ENSG00000137270.11,0.23274381762900997
9881,ENSG00000099331.13,0.23272610294993246
9882,ENSG00000088986.11,0.23266367056717688
9883,ENSG00000100364.19,0.2326530008624483
9884,ENSG00000160094.15,0.23261561773951284
9885,ENSG00000109536.12,0.23260644042404724
9886,ENSG00000175066.16,0.23257044274564523
9887,ENSG00000146143.19,0.23256404371365336
9888,ENSG00000170456.16,0.2325629984397589
9889,ENSG00000140157.15,0.23253596985023892
9890,ENSG00000005339.15,0.23248427493579787
9891,ENSG00000160917.15,0.23238610710610627
9892,ENSG00000205129.8,0.2323696399478758
9893,ENSG00000099949.21,0.23235294158673683
9894,ENSG00000101997.13,0.23234146042366874
9895,ENSG00000178996.14,0.2322598185010362
9896,ENSG00000086666.19,0.23224005469543052
9897,ENSG00000000457.14,0.23214579530713234
9898,ENSG00000149346.15,0.23213231063475653
9899,ENSG00000133597.11,0.23209084300913943
9900,ENSG00000108666.10,0.23206456642787646
9901,ENSG00000185519.9,0.23205923842972112
9902,ENSG00000114331.15,0.23196449857910786
9903,ENSG00000137207.12,0.2319624130857934
9904,ENSG00000135541.21,0.2318909219776864
9905,ENSG00000014257.16,0.2318271100423748
9906,ENSG00000146842.17,0.2318167915118024
9907,ENSG00000139200.14,0.23180959535366194
9908,ENSG00000087157.19,0.2318046321651615
9909,ENSG00000095574.12,0.23173275818197045
9910,ENSG00000161526.15,0.23172450234399514
9911,ENSG00000132341.12,0.23164671511553883
9912,ENSG00000171606.18,0.23164364230686554
9913,ENSG00000170142.12,0.23163736337057392
9914,ENSG00000085998.14,0.2316289128738988
9915,ENSG00000127947.16,0.23161146489031562
9916,ENSG00000139132.14,0.23157208773394608
9917,ENSG00000184182.19,0.2315387937982695
9918,ENSG00000213625.9,0.2315347661273499
9919,ENSG00000276903.2,0.23152299290838957
9920,ENSG00000138600.10,0.2314862798207717
9921,ENSG00000117362.13,0.23145236396657218
9922,ENSG00000138468.16,0.23144324441275482
9923,ENSG00000146833.16,0.23144027915918405
9924,ENSG00000100030.15,0.2313998241819538
9925,ENSG00000136731.13,0.2312626171893715
9926,ENSG00000141458.13,0.23123485334395463
9927,ENSG00000132881.12,0.2311732887485239
9928,ENSG00000174405.14,0.23115488592030678
9929,ENSG00000204209.13,0.2311503637954263
9930,ENSG00000129048.7,0.23114445270644954
9931,ENSG00000179454.14,0.23109665501929216
9932,ENSG00000135624.16,0.2309905822114565
9933,ENSG00000175471.19,0.23096328488468795
9934,ENSG00000142556.19,0.230954334746955
9935,ENSG00000144659.13,0.23094567888205195
9936,ENSG00000198856.13,0.23091925857378628
9937,ENSG00000186812.13,0.23087072809746814
9938,ENSG00000124209.4,0.23085114383840397
9939,ENSG00000120699.13,0.23084400575712494
9940,ENSG00000115593.15,0.23081879747485703
9941,ENSG00000144283.22,0.23081669527479354
9942,ENSG00000003756.17,0.2307845038677714
9943,ENSG00000162711.18,0.23075343177609595
9944,ENSG00000165684.4,0.23074547826178504
9945,ENSG00000010803.16,0.2307129824635418
9946,ENSG00000186496.12,0.23065407497428858
9947,ENSG00000006432.15,0.23065079288585313
9948,ENSG00000114646.10,0.23061687686220378
9949,ENSG00000135185.12,0.2306000131304533
9950,ENSG00000185730.8,0.23058842958131753
9951,ENSG00000196235.14,0.23051157653528195
9952,ENSG00000140632.17,0.23050431789805162
9953,ENSG00000077943.8,0.230464299314795
9954,ENSG00000186575.19,0.23043617918008294
9955,ENSG00000179262.10,0.23043568821877553
9956,ENSG00000156239.12,0.2304215566910098
9957,ENSG00000166436.16,0.2303194714260236
9958,ENSG00000144034.16,0.2302725596197553
9959,ENSG00000100360.15,0.23026763076977466
9960,ENSG00000011566.15,0.23020703206657
9961,ENSG00000004534.15,0.2302067785704782
9962,ENSG00000152234.16,0.23019546453805131
9963,ENSG00000132716.19,0.23010432371945824
9964,ENSG00000132677.13,0.23008440267024716
9965,ENSG00000083535.16,0.23007019828919206
9966,ENSG00000071189.21,0.23004057625237748
9967,ENSG00000135631.17,0.22993982608240487
9968,ENSG00000128585.18,0.22985489838967255
9969,ENSG00000166398.14,0.22980630985724165
9970,ENSG00000162714.12,0.2297903020404881
9971,ENSG00000170365.10,0.22977349185806656
9972,ENSG00000183624.14,0.22976624021760514
9973,ENSG00000139921.13,0.22973617896879683
9974,ENSG00000139197.11,0.22967436856674234
9975,ENSG00000275066.5,0.22966140630644222
9976,ENSG00000180370.10,0.22966131500360798
9977,ENSG00000126216.15,0.22962711356133483
9978,ENSG00000138111.14,0.22955812920069896
9979,ENSG00000070413.20,0.22946774959480776
9980,ENSG00000165309.14,0.2294611387606055
9981,ENSG00000158109.15,0.22943494983640414
9982,ENSG00000182544.9,0.22941840147070394
9983,ENSG00000127616.19,0.229386552142061
9984,ENSG00000052126.14,0.2293782452037558
9985,ENSG00000169641.13,0.22937582893792724
9986,ENSG00000215305.10,0.2293430925494085
9987,ENSG00000197150.13,0.2293218885938345
9988,ENSG00000154237.13,0.22930516518708227
9989,ENSG00000174442.12,0.2292692292600107
9990,ENSG00000242173.10,0.22921998048532516
9991,ENSG00000143862.8,0.229213738578282
9992,ENSG00000088538.13,0.2292001427787365
9993,ENSG00000185359.14,0.22919256610155322
9994,ENSG00000213918.10,0.2291784828231865
9995,ENSG00000170310.15,0.2291461316405275
9996,ENSG00000124159.15,0.22909609866662142
9997,ENSG00000171161.13,0.22904222302192523
9998,ENSG00000176208.9,0.2290252232378538
9999,ENSG00000124370.11,0.22901350961137731
10000,ENSG00000187109.15,0.22894792491207594
10001,ENSG00000165392.11,0.2288944266347807
10002,ENSG00000105866.15,0.22883369509258314
10003,ENSG00000136573.14,0.2287257512096907
10004,ENSG00000171928.14,0.22871677350954656
10005,ENSG00000166938.13,0.2286546323691255
10006,ENSG00000128805.15,0.22864088169744615
10007,ENSG00000173559.14,0.22854237729628574
10008,ENSG00000166902.5,0.2284877642822048
10009,ENSG00000136274.9,0.22839381188472294
10010,ENSG00000198792.13,0.22838466094230636
10011,ENSG00000106689.11,0.22836222534071843
10012,ENSG00000078246.17,0.2283074614693469
10013,ENSG00000085185.15,0.2283018409846524
10014,ENSG00000168811.7,0.22829995118448349
10015,ENSG00000111696.12,0.2282793895563104
10016,ENSG00000129244.9,0.22824927883784132
10017,ENSG00000159618.16,0.22822057344955687
10018,ENSG00000101190.13,0.22820847437578692
10019,ENSG00000145362.20,0.22819413503951555
10020,ENSG00000135439.11,0.22818120676758077
10021,ENSG00000009844.16,0.22817215718254105
10022,ENSG00000105197.11,0.22813279869343267
10023,ENSG00000186638.16,0.22811324521538853
10024,ENSG00000181790.11,0.22805871023648805
10025,ENSG00000130956.14,0.2280490818368155
10026,ENSG00000010165.20,0.2279870379970185
10027,ENSG00000138796.17,0.22783764036658521
10028,ENSG00000179044.16,0.22780431463683107
10029,ENSG00000179119.15,0.22779019567857198
10030,ENSG00000186283.14,0.22778761429310576
10031,ENSG00000187773.8,0.2277729650825095
10032,ENSG00000167522.16,0.22773786270000956
10033,ENSG00000164134.13,0.22768812384733375
10034,ENSG00000142655.13,0.22757766658637157
10035,ENSG00000036549.13,0.22753914388173174
10036,ENSG00000126003.7,0.22746595804414343
10037,ENSG00000174574.16,0.2273992039770516
10038,ENSG00000174010.9,0.22739525913851907
10039,ENSG00000166411.14,0.22734895842092714
10040,ENSG00000174306.21,0.22731234386241578
10041,ENSG00000163534.15,0.2273080213025548
10042,ENSG00000146223.16,0.22730207943277822
10043,ENSG00000153140.9,0.22724600016115745
10044,ENSG00000146083.12,0.22724371652559824
10045,ENSG00000117713.20,0.22711827709095056
10046,ENSG00000168591.16,0.22711495950000218
10047,ENSG00000135338.14,0.22711130578148528
10048,ENSG00000164211.13,0.22709950913797364
10049,ENSG00000011243.18,0.22701327153416742
10050,ENSG00000138606.19,0.22700547184636893
10051,ENSG00000167721.11,0.22686259163518055
10052,ENSG00000163681.16,0.22679666705493878
10053,ENSG00000174606.14,0.2267664113141358
10054,ENSG00000108523.16,0.2267524606652112
10055,ENSG00000148200.17,0.22674615873130816
10056,ENSG00000012061.16,0.22672781830183428
10057,ENSG00000185652.12,0.22672535302515923
10058,ENSG00000078900.15,0.22670318125290598
10059,ENSG00000100731.16,0.22668041214543855
10060,ENSG00000101544.9,0.22667724437247078
10061,ENSG00000108239.9,0.22667113113105705
10062,ENSG00000129657.16,0.22662606337038727
10063,ENSG00000163935.14,0.22662017518273952
10064,ENSG00000175931.13,0.22660272280501978
10065,ENSG00000141002.20,0.22660038930246595
10066,ENSG00000134108.14,0.22654602686197264
10067,ENSG00000185361.9,0.2265240010437243
10068,ENSG00000164164.17,0.2263743386077023
10069,ENSG00000198780.12,0.22635349364377796
10070,ENSG00000101407.13,0.2263453023703724
10071,ENSG00000244045.13,0.22625867412742737
10072,ENSG00000142186.17,0.22623687946103377
10073,ENSG00000088930.8,0.22622251249460087
10074,ENSG00000169964.8,0.22621886605008754
10075,ENSG00000151876.13,0.22621355458475534
10076,ENSG00000105255.11,0.22615976716895161
10077,ENSG00000254004.7,0.2261345375881749
10078,ENSG00000129083.13,0.226087509088065
10079,ENSG00000115145.10,0.22601080781467817
10080,ENSG00000173950.16,0.2260089692019628
10081,ENSG00000103310.11,0.22597621094409107
10082,ENSG00000158985.14,0.22590822043143038
10083,ENSG00000168397.17,0.2258952752440154
10084,ENSG00000135845.10,0.22584691535235346
10085,ENSG00000138777.20,0.22582899157702618
10086,ENSG00000144827.9,0.22582217877572863
10087,ENSG00000105221.18,0.22582129671053652
10088,ENSG00000163946.13,0.22581316562763873
10089,ENSG00000187730.9,0.22573905779748843
10090,ENSG00000146090.16,0.22572776275619674
10091,ENSG00000185049.16,0.22572651925043904
10092,ENSG00000171132.14,0.22571440770575768
10093,ENSG00000196109.9,0.22571042708253633
10094,ENSG00000140521.17,0.22571031155254134
10095,ENSG00000170266.16,0.22564985911866092
10096,ENSG00000146192.15,0.22563081050836967
10097,ENSG00000161920.11,0.22562739948003246
10098,ENSG00000223496.3,0.22558574233214895
10099,ENSG00000198585.12,0.22558188465208365
10100,ENSG00000177238.14,0.2255425333333616
10101,ENSG00000163528.13,0.22553972258076305
10102,ENSG00000171189.17,0.22552674934348063
10103,ENSG00000151332.19,0.22551482860683367
10104,ENSG00000205208.5,0.22547171686845374
10105,ENSG00000173276.14,0.22545655758135585
10106,ENSG00000143622.11,0.22544202015510945
10107,ENSG00000093217.11,0.2254154957058846
10108,ENSG00000055044.11,0.22540883939747736
10109,ENSG00000167618.10,0.2253818662032715
10110,ENSG00000103365.15,0.2253607063877191
10111,ENSG00000183255.12,0.22534476740968173
10112,ENSG00000225805.4,0.22534331950901404
10113,ENSG00000115539.14,0.22531202781980206
10114,ENSG00000205937.12,0.2253099957606114
10115,ENSG00000122565.19,0.22528713458124722
10116,ENSG00000119686.10,0.2252330392479482
10117,ENSG00000139218.18,0.22520969403498448
10118,ENSG00000254827.6,0.2251818427648113
10119,ENSG00000166797.11,0.22512454218363304
10120,ENSG00000160741.17,0.2251051301618005
10121,ENSG00000089195.15,0.22510498230454895
10122,ENSG00000147133.16,0.2250894015488356
10123,ENSG00000147606.9,0.22502283720965754
10124,ENSG00000188419.14,0.22501547257153812
10125,ENSG00000169249.13,0.22498940610333235
10126,ENSG00000143952.20,0.2249680940959496
10127,ENSG00000172936.16,0.22493074219637021
10128,ENSG00000158828.8,0.2247794155988587
10129,ENSG00000133059.17,0.22475049848946768
10130,ENSG00000107362.14,0.22474341545835916
10131,ENSG00000262179.3,0.22471965833543145
10132,ENSG00000115840.14,0.22468315660692553
10133,ENSG00000130177.16,0.2246708775295116
10134,ENSG00000108861.9,0.22465757126342392
10135,ENSG00000156253.7,0.22465294656790388
10136,ENSG00000168781.22,0.2246325072280819
10137,ENSG00000108100.18,0.22461340445965286
10138,ENSG00000122390.19,0.22458953176191015
10139,ENSG00000100156.10,0.22447454403548628
10140,ENSG00000065526.12,0.22445498314645623
10141,ENSG00000109133.13,0.22445006208369958
10142,ENSG00000185532.20,0.22442928362717707
10143,ENSG00000158615.9,0.2243775540319994
10144,ENSG00000256525.8,0.22434070453831886
10145,ENSG00000169599.13,0.22434047371135782
10146,ENSG00000136783.10,0.2243347967396894
10147,ENSG00000170876.8,0.22425995534011592
10148,ENSG00000171150.9,0.2242488928125141
10149,ENSG00000169045.17,0.2242447431168628
10150,ENSG00000106144.20,0.2242284005271281
10151,ENSG00000143612.21,0.22413680925615936
10152,ENSG00000182612.10,0.22412561651270368
10153,ENSG00000006740.17,0.2240919984390518
10154,ENSG00000004961.15,0.22408824756804493
10155,ENSG00000162735.19,0.22404226866682492
10156,ENSG00000196655.12,0.22402039961926606
10157,ENSG00000114686.9,0.22400317874396267
10158,ENSG00000262152.7,0.2239797942080504
10159,ENSG00000188282.12,0.2239653066716151
10160,ENSG00000146592.17,0.2239624941692854
10161,ENSG00000173674.11,0.2239381311782348
10162,ENSG00000100528.12,0.2239157436910327
10163,ENSG00000100485.12,0.22390724240605941
10164,ENSG00000095139.14,0.22382095423354656
10165,ENSG00000184903.10,0.22378608141778447
10166,ENSG00000081721.12,0.22377771157068338
10167,ENSG00000149792.9,0.22376535088685887
10168,ENSG00000181638.20,0.2237606448078463
10169,ENSG00000188039.16,0.22368193343439313
10170,ENSG00000115020.17,0.22367743826890837
10171,ENSG00000070610.14,0.2236455052240673
10172,ENSG00000143376.14,0.22358523325696905
10173,ENSG00000100938.18,0.2235852130250174
10174,ENSG00000102858.13,0.22357533633729604
10175,ENSG00000155755.19,0.22354562584474308
10176,ENSG00000083750.13,0.22352784204399567
10177,ENSG00000008324.12,0.22352127345342193
10178,ENSG00000128714.6,0.223488394167254
10179,ENSG00000131351.15,0.2234479571707931
10180,ENSG00000102178.13,0.2234438522572568
10181,ENSG00000160993.4,0.22342732611108082
10182,ENSG00000077254.14,0.2234086674950218
10183,ENSG00000139651.11,0.223375151925618
10184,ENSG00000140829.12,0.2233739835184568
10185,ENSG00000121989.15,0.22329791523208262
10186,ENSG00000075891.22,0.22329627084453257
10187,ENSG00000118308.15,0.22329296603119936
10188,ENSG00000162814.11,0.22327085600908464
10189,ENSG00000090447.12,0.22324912996019203
10190,ENSG00000162892.16,0.22322126811558948
10191,ENSG00000108064.11,0.22320536025848706
10192,ENSG00000164244.21,0.22320428117595525
10193,ENSG00000116786.13,0.22320103269341987
10194,ENSG00000175137.11,0.22320009710686567
10195,ENSG00000214114.9,0.22312796863825599
10196,ENSG00000115525.18,0.2231194795664558
10197,ENSG00000121766.16,0.22311114192726084
10198,ENSG00000181026.15,0.2230928279653851
10199,ENSG00000149480.7,0.22304888172358
10200,ENSG00000142494.13,0.22304170851262228
10201,ENSG00000165637.13,0.22296828188504775
10202,ENSG00000086015.22,0.22290036636968216
10203,ENSG00000250565.7,0.22289100538496134
10204,ENSG00000134897.14,0.22285416028732666
10205,ENSG00000153046.18,0.2228452357969113
10206,ENSG00000106299.8,0.2228394383560473
10207,ENSG00000121879.6,0.22281357307366184
10208,ENSG00000011451.21,0.2227519001238858
10209,ENSG00000143294.15,0.22274771155284268
10210,ENSG00000138092.11,0.2226580000094302
10211,ENSG00000100124.15,0.2226489396737124
10212,ENSG00000123575.9,0.22264650511832354
10213,ENSG00000188811.14,0.2226416710954378
10214,ENSG00000164953.16,0.2225965715723656
10215,ENSG00000149089.13,0.2225610422724123
10216,ENSG00000124783.14,0.2225307743172564
10217,ENSG00000157625.15,0.22251528754314331
10218,ENSG00000119397.17,0.22249961028837098
10219,ENSG00000101115.13,0.2224607690889226
10220,ENSG00000136100.14,0.22244825522705552
10221,ENSG00000166136.16,0.2224347642159617
10222,ENSG00000023318.8,0.22243423897138728
10223,ENSG00000213551.7,0.22234382181380186
10224,ENSG00000269313.5,0.2222565192313789
10225,ENSG00000181035.14,0.22224293969886774
10226,ENSG00000074621.14,0.22220922140653665
10227,ENSG00000180626.10,0.22220763843698776
10228,ENSG00000164168.8,0.2221771360476638
10229,ENSG00000070366.14,0.22217513138445905
10230,ENSG00000103351.13,0.22214886129451594
10231,ENSG00000197603.15,0.2221399781932193
10232,ENSG00000131374.14,0.222117836434377
10233,ENSG00000181523.13,0.22210888477121066
10234,ENSG00000171403.10,0.2220476003831693
10235,ENSG00000149926.13,0.2220407937401787
10236,ENSG00000150756.14,0.2220263662058751
10237,ENSG00000183258.12,0.2220092391195513
10238,ENSG00000134058.12,0.22198045266601274
10239,ENSG00000165494.11,0.2219769069637762
10240,ENSG00000176182.6,0.22194450698573695
10241,ENSG00000134014.17,0.2219322692616524
10242,ENSG00000100575.14,0.2218756648860892
10243,ENSG00000213079.10,0.22182377777114554
10244,ENSG00000107372.13,0.2217900551524987
10245,ENSG00000108953.17,0.22178709978520597
10246,ENSG00000184221.13,0.22173597532542058
10247,ENSG00000058262.10,0.22167522501512676
10248,ENSG00000198056.15,0.22166310414941806
10249,ENSG00000175161.14,0.22153322999558664
10250,ENSG00000157350.13,0.22146178705390487
10251,ENSG00000101126.18,0.2214401710685524
10252,ENSG00000148843.15,0.22139443373776405
10253,ENSG00000158545.16,0.22131332002909948
10254,ENSG00000152223.15,0.22131080727854383
10255,ENSG00000104918.8,0.22129716358654092
10256,ENSG00000084073.10,0.2212617071299618
10257,ENSG00000146834.14,0.22124524907080204
10258,ENSG00000110075.15,0.2212439658941877
10259,ENSG00000141030.13,0.22121595258690258
10260,ENSG00000204116.11,0.22111403165155238
10261,ENSG00000102241.12,0.22108461200009577
10262,ENSG00000128789.21,0.22105095936829608
10263,ENSG00000166246.14,0.2210347183694323
10264,ENSG00000197479.7,0.22095029192434817
10265,ENSG00000166130.15,0.22090375889857813
10266,ENSG00000152944.9,0.22089783298968374
10267,ENSG00000149289.11,0.220862148131061
10268,ENSG00000154258.17,0.22084770302329704
10269,ENSG00000167566.17,0.22083801637877468
10270,ENSG00000114744.9,0.22069370210055908
10271,ENSG00000165898.14,0.22067731413147598
10272,ENSG00000253910.2,0.22067324717017803
10273,ENSG00000085231.14,0.22066346552029664
10274,ENSG00000142188.17,0.22055001953102463
10275,ENSG00000138802.11,0.22054929901890272
10276,ENSG00000077684.16,0.2205425606439993
10277,ENSG00000103353.16,0.22048351868425817
10278,ENSG00000140941.14,0.22047942637724113
10279,ENSG00000068745.15,0.22044389220028188
10280,ENSG00000101079.21,0.22042902540667716
10281,ENSG00000089041.17,0.2204063497540704
10282,ENSG00000142279.13,0.22027655451635697
10283,ENSG00000165312.6,0.2202681027205013
10284,ENSG00000177352.10,0.22019809477942548
10285,ENSG00000059145.19,0.22018548564178722
10286,ENSG00000009307.16,0.22015217293443007
10287,ENSG00000049860.14,0.22008479105502568
10288,ENSG00000153485.6,0.22000798602679755
10289,ENSG00000139433.11,0.2200069685367177
10290,ENSG00000136110.13,0.21994713089547385
10291,ENSG00000278588.2,0.21991678884363278
10292,ENSG00000089225.20,0.21991057573977432
10293,ENSG00000234444.10,0.2198766817546855
10294,ENSG00000037474.15,0.2198692646048245
10295,ENSG00000180855.16,0.2198646988762329
10296,ENSG00000129696.13,0.21985003206242637
10297,ENSG00000075945.13,0.21984660616298624
10298,ENSG00000139842.15,0.21982578679290857
10299,ENSG00000152484.14,0.2197981697567103
10300,ENSG00000188725.8,0.2197736005064214
10301,ENSG00000069696.7,0.2197065138089704
10302,ENSG00000113583.8,0.21970528756574856
10303,ENSG00000143630.10,0.21965312472462956
10304,ENSG00000160746.13,0.2196238057894073
10305,ENSG00000121892.15,0.21958784779139526
10306,ENSG00000175354.20,0.21957873492778437
10307,ENSG00000163516.14,0.21957350306976003
10308,ENSG00000225921.7,0.2195530034858531
10309,ENSG00000197312.12,0.2195386809592267
10310,ENSG00000100227.18,0.21952622062897456
10311,ENSG00000145348.17,0.2195220701755744
10312,ENSG00000116127.19,0.2194325366217393
10313,ENSG00000198855.7,0.21942365003193648
10314,ENSG00000085433.16,0.21935403689820798
10315,ENSG00000163602.11,0.21929563057627505
10316,ENSG00000160392.13,0.21927071623222996
10317,ENSG00000204371.11,0.21924882583686978
10318,ENSG00000180917.18,0.21923784286008088
10319,ENSG00000148158.17,0.21923272075748404
10320,ENSG00000009335.18,0.2192273674451216
10321,ENSG00000168495.13,0.21922732261097488
10322,ENSG00000169131.13,0.2192193266752777
10323,ENSG00000157800.18,0.21921151974699518
10324,ENSG00000170291.15,0.21920688950494044
10325,ENSG00000171109.19,0.21920057525026007
10326,ENSG00000139641.13,0.21919110022601707
10327,ENSG00000091140.14,0.21918064099638498
10328,ENSG00000087502.18,0.21908977370896532
10329,ENSG00000064012.22,0.21903786384500215
10330,ENSG00000253352.10,0.21898159002981932
10331,ENSG00000104853.16,0.218963865152965
10332,ENSG00000134138.20,0.21893378001151942
10333,ENSG00000156110.15,0.2189113262890495
10334,ENSG00000140323.6,0.21886638638538553
10335,ENSG00000110330.8,0.21885025371001934
10336,ENSG00000118507.17,0.21874071775869885
10337,ENSG00000171462.15,0.21872285792521176
10338,ENSG00000041988.15,0.21870228706031666
10339,ENSG00000021776.11,0.2186845805544178
10340,ENSG00000181789.14,0.21867508968627047
10341,ENSG00000173540.14,0.21866751504713952
10342,ENSG00000100614.18,0.2186631732110221
10343,ENSG00000114902.14,0.21859622867589618
10344,ENSG00000167434.10,0.21858827867793879
10345,ENSG00000196943.14,0.21854691048877548
10346,ENSG00000114988.12,0.21853158967889214
10347,ENSG00000138621.12,0.21852454539217273
10348,ENSG00000174529.7,0.21849755544847516
10349,ENSG00000163634.12,0.21846728707317728
10350,ENSG00000164163.11,0.21845591591407348
10351,ENSG00000167130.18,0.21844094455260668
10352,ENSG00000181666.18,0.21840792078572666
10353,ENSG00000115504.15,0.218391255769268
10354,ENSG00000080031.10,0.21834546332957663
10355,ENSG00000119328.12,0.21831415924677108
10356,ENSG00000168807.16,0.21826557871634314
10357,ENSG00000111832.13,0.2182316622671838
10358,ENSG00000026652.15,0.21819786111174538
10359,ENSG00000168116.14,0.2181834959682391
10360,ENSG00000122008.15,0.21816381938109553
10361,ENSG00000102710.20,0.21813436321954258
10362,ENSG00000003402.20,0.21810582561648725
10363,ENSG00000144589.22,0.21810439042102372
10364,ENSG00000148572.16,0.21810195098974286
10365,ENSG00000181938.14,0.21809146421832618
10366,ENSG00000142784.16,0.21807990006846745
10367,ENSG00000019991.18,0.2180673209289076
10368,ENSG00000015520.15,0.21801847195427776
10369,ENSG00000235106.10,0.21796272066002326
10370,ENSG00000125355.16,0.2179528486859241
10371,ENSG00000148090.12,0.2179490912733674
10372,ENSG00000181450.18,0.21793346937916552
10373,ENSG00000198836.11,0.2178943823580103
10374,ENSG00000149308.17,0.2178737939147778
10375,ENSG00000197323.12,0.21786425666315384
10376,ENSG00000143549.21,0.21785759955758713
10377,ENSG00000183196.10,0.2178420435059034
10378,ENSG00000062598.18,0.2178343980204177
10379,ENSG00000113384.14,0.21776293200114072
10380,ENSG00000170175.11,0.21770043167218486
10381,ENSG00000139618.16,0.2176868842351106
10382,ENSG00000171295.13,0.21764969659835393
10383,ENSG00000170860.4,0.21753715030853327
10384,ENSG00000129566.13,0.2174790205276073
10385,ENSG00000100417.12,0.21741221173102251
10386,ENSG00000135249.8,0.2173400616584597
10387,ENSG00000140470.15,0.2173333473699748
10388,ENSG00000186318.16,0.21730477053196298
10389,ENSG00000171433.12,0.21730249218694106
10390,ENSG00000137135.18,0.21725929217219397
10391,ENSG00000139697.14,0.21707894011652382
10392,ENSG00000221988.13,0.21702682295112252
10393,ENSG00000082269.17,0.21701218266624706
10394,ENSG00000108001.15,0.21701101225324235
10395,ENSG00000282988.2,0.21699668256596472
10396,ENSG00000165688.12,0.21696359154515016
10397,ENSG00000128594.8,0.21693855979001236
10398,ENSG00000266028.7,0.21689117365206315
10399,ENSG00000115677.17,0.21687377411804304
10400,ENSG00000165807.8,0.2168661585052297
10401,ENSG00000157168.20,0.21679947148539908
10402,ENSG00000105662.16,0.21678628207778516
10403,ENSG00000170855.4,0.21678475533210356
10404,ENSG00000105641.4,0.21676845310166884
10405,ENSG00000135116.9,0.21675609572384108
10406,ENSG00000147434.9,0.21673038597631095
10407,ENSG00000140948.13,0.21672249115413036
10408,ENSG00000188818.12,0.21668849236437926
10409,ENSG00000152580.8,0.21668390619751302
10410,ENSG00000115694.15,0.21668176184180987
10411,ENSG00000034693.15,0.21668053693549497
10412,ENSG00000196419.13,0.21667075915414605
10413,ENSG00000025293.17,0.21665413550038476
10414,ENSG00000124641.16,0.2166328569022864
10415,ENSG00000092445.12,0.2166304506438952
10416,ENSG00000166266.14,0.2166274069194827
10417,ENSG00000172264.17,0.21662029377047834
10418,ENSG00000128581.17,0.21656861729620194
10419,ENSG00000158092.7,0.21656294183808492
10420,ENSG00000107371.14,0.2165558603201604
10421,ENSG00000162148.11,0.21651143940647335
10422,ENSG00000013561.18,0.21650202146421685
10423,ENSG00000033050.9,0.21648254519892804
10424,ENSG00000156928.5,0.2164743005084708
10425,ENSG00000187391.22,0.21641433871582655
10426,ENSG00000060069.17,0.21641288774093428
10427,ENSG00000197124.12,0.21633255030269502
10428,ENSG00000002919.15,0.2163149889441296
10429,ENSG00000122678.17,0.21629955163358572
10430,ENSG00000112308.13,0.21629045907325692
10431,ENSG00000116337.19,0.21628099596403697
10432,ENSG00000119812.19,0.2162763756542035
10433,ENSG00000169857.9,0.21626896464868645
10434,ENSG00000066379.15,0.21625894211535512
10435,ENSG00000131323.16,0.2162448384829423
10436,ENSG00000163539.17,0.21622931020090186
10437,ENSG00000010318.21,0.2161271744304856
10438,ENSG00000176390.12,0.21612363531806036
10439,ENSG00000096080.12,0.21609312506090023
10440,ENSG00000114867.22,0.21609227915996665
10441,ENSG00000136895.19,0.21599299783349607
10442,ENSG00000116044.16,0.2158716161564204
10443,ENSG00000151553.15,0.2158375186042985
10444,ENSG00000019995.6,0.2158302787588316
10445,ENSG00000165288.11,0.21582889916589057
10446,ENSG00000197162.10,0.21582424939941802
10447,ENSG00000111554.14,0.21581336205748294
10448,ENSG00000139131.13,0.21580421825930915
10449,ENSG00000265763.4,0.21579971514801916
10450,ENSG00000188566.14,0.21569329388923447
10451,ENSG00000178403.4,0.21558561097632958
10452,ENSG00000186684.14,0.21554720031965702
10453,ENSG00000186352.9,0.21544358387111143
10454,ENSG00000112078.14,0.21544226977629452
10455,ENSG00000110367.13,0.21542865342905346
10456,ENSG00000112276.14,0.21541972359671133
10457,ENSG00000126895.15,0.2153916829886176
10458,ENSG00000186716.21,0.21536111363611352
10459,ENSG00000164597.15,0.2153597274313276
10460,ENSG00000109519.13,0.21533852213537644
10461,ENSG00000168876.9,0.21533813422045467
10462,ENSG00000156515.24,0.2152828764360117
10463,ENSG00000146267.12,0.2152725771685604
10464,ENSG00000105983.22,0.21527126197996005
10465,ENSG00000197928.10,0.2152166434541375
10466,ENSG00000119537.18,0.2152131477821979
10467,ENSG00000168491.10,0.21520886338037892
10468,ENSG00000125409.13,0.21517119291512943
10469,ENSG00000130844.19,0.2151572430135137
10470,ENSG00000123607.15,0.21512965387431618
10471,ENSG00000106290.15,0.2151079534217937
10472,ENSG00000162923.17,0.21509377969606874
10473,ENSG00000154165.5,0.2150734874106693
10474,ENSG00000180549.8,0.21507140381482756
10475,ENSG00000105146.13,0.21505101078606537
10476,ENSG00000148300.12,0.21503300946585943
10477,ENSG00000081087.15,0.2150305107059391
10478,ENSG00000156860.16,0.21497683291468214
10479,ENSG00000198860.13,0.2149680866286768
10480,ENSG00000120159.13,0.21493469023712364
10481,ENSG00000180901.11,0.21482330369659688
10482,ENSG00000124535.16,0.2148117748726642
10483,ENSG00000113318.11,0.21480571076484586
10484,ENSG00000166326.7,0.21478034940154225
10485,ENSG00000143155.13,0.21473517345029766
10486,ENSG00000130560.9,0.214713737043025
10487,ENSG00000198668.13,0.2146441613493353
10488,ENSG00000100897.18,0.21460556192339977
10489,ENSG00000186297.12,0.2146025401760136
10490,ENSG00000176396.11,0.21460110834761478
10491,ENSG00000197969.14,0.21458291560371337
10492,ENSG00000165678.21,0.21456395755032018
10493,ENSG00000112983.18,0.2145600745156025
10494,ENSG00000121933.19,0.21455891938219357
10495,ENSG00000115233.12,0.21454784068467087
10496,ENSG00000120370.13,0.21453145260805767
10497,ENSG00000008869.12,0.21452905489009788
10498,ENSG00000165185.15,0.21451010686973493
10499,ENSG00000123415.15,0.21450027510025896
10500,ENSG00000047662.5,0.21445643332612002
10501,ENSG00000116141.17,0.2144542686717683
10502,ENSG00000144191.12,0.21444400659486157
10503,ENSG00000014641.21,0.21443848024502088
10504,ENSG00000113240.13,0.21440678284331524
10505,ENSG00000114120.14,0.21436449608700367
10506,ENSG00000163374.19,0.21433017499607168
10507,ENSG00000182585.10,0.21432399998283339
10508,ENSG00000139187.10,0.21431803621725584
10509,ENSG00000179409.11,0.21430905846122134
10510,ENSG00000132763.15,0.2142770164046619
10511,ENSG00000100664.11,0.2142629822313994
10512,ENSG00000160097.20,0.21425050599861767
10513,ENSG00000105887.11,0.21424729908855
10514,ENSG00000137672.13,0.2141931920523106
10515,ENSG00000112130.17,0.2141672345786619
10516,ENSG00000181284.3,0.21416515101841305
10517,ENSG00000198033.12,0.21412479103790874
10518,ENSG00000198900.6,0.2140746797824314
10519,ENSG00000105287.13,0.2140733665134227
10520,ENSG00000182903.16,0.2140616285821566
10521,ENSG00000157212.19,0.2140544900432864
10522,ENSG00000198464.14,0.21405315643891462
10523,ENSG00000115073.8,0.21400256961243505
10524,ENSG00000170348.9,0.2139932702146304
10525,ENSG00000083807.10,0.21396769746660207
10526,ENSG00000184185.10,0.21396561779835613
10527,ENSG00000004766.17,0.21395287110530858
10528,ENSG00000146205.14,0.21394991570736704
10529,ENSG00000066557.6,0.21394682078514718
10530,ENSG00000100271.17,0.21388079558853518
10531,ENSG00000186766.8,0.2138781787658158
10532,ENSG00000205903.7,0.21381871544092573
10533,ENSG00000105568.18,0.21381004060657088
10534,ENSG00000137561.5,0.21374137412320193
10535,ENSG00000111445.14,0.21366254742100363
10536,ENSG00000100380.14,0.21361716492140656
10537,ENSG00000100883.13,0.21361344663722126
10538,ENSG00000160310.18,0.21358376284840483
10539,ENSG00000157916.20,0.2135759767859602
10540,ENSG00000112782.19,0.21354250764431507
10541,ENSG00000186104.11,0.21352438177442326
10542,ENSG00000155959.12,0.21351018400681698
10543,ENSG00000153558.16,0.21349378322667445
10544,ENSG00000185010.15,0.213490400007556
10545,ENSG00000006704.11,0.2134701985827018
10546,ENSG00000197776.8,0.21345273802460085
10547,ENSG00000185267.10,0.2133968356487
10548,ENSG00000137076.21,0.21338366514619536
10549,ENSG00000160323.19,0.2133691981516263
10550,ENSG00000166685.12,0.21336723860187254
10551,ENSG00000134686.18,0.2133618178023956
10552,ENSG00000010438.17,0.2133584739283186
10553,ENSG00000126522.17,0.21328996193067798
10554,ENSG00000163870.16,0.21322938756771065
10555,ENSG00000115649.16,0.21322454624702675
10556,ENSG00000120693.14,0.21321484403958071
10557,ENSG00000103148.17,0.21319215109648698
10558,ENSG00000089902.10,0.21318102406641384
10559,ENSG00000183155.5,0.21315400628653497
10560,ENSG00000107959.17,0.2131483027160078
10561,ENSG00000119048.8,0.21312245400399416
10562,ENSG00000157259.8,0.2131221525786623
10563,ENSG00000114573.10,0.2130507395075797
10564,ENSG00000083312.17,0.21301698148465104
10565,ENSG00000175826.12,0.21294513029574527
10566,ENSG00000188672.19,0.2128857918187575
10567,ENSG00000165799.5,0.21288214428954574
10568,ENSG00000213760.11,0.21287017732736094
10569,ENSG00000213171.3,0.21286874867692224
10570,ENSG00000188176.12,0.212860918599086
10571,ENSG00000112584.14,0.2128208253808532
10572,ENSG00000196689.12,0.21281392133876545
10573,ENSG00000072803.17,0.21280090865097198
10574,ENSG00000044115.21,0.21278591696660482
10575,ENSG00000101746.15,0.21277572368254774
10576,ENSG00000136802.12,0.21276971945410075
10577,ENSG00000188807.13,0.21269112414335367
10578,ENSG00000171490.13,0.21268174673337525
10579,ENSG00000198876.13,0.21267745132934693
10580,ENSG00000204070.10,0.2126527841244765
10581,ENSG00000102796.11,0.2126510649682163
10582,ENSG00000168795.5,0.21265085312789392
10583,ENSG00000167914.12,0.21264128553705122
10584,ENSG00000072864.16,0.21263474122875647
10585,ENSG00000168229.4,0.21259598648070321
10586,ENSG00000179455.10,0.21259510765846945
10587,ENSG00000147894.17,0.2125253025536537
10588,ENSG00000105875.14,0.21252390919221514
10589,ENSG00000153815.16,0.21251561763608454
10590,ENSG00000122986.14,0.212511787833609
10591,ENSG00000083454.22,0.21250600928641097
10592,ENSG00000196415.10,0.2124892774257207
10593,ENSG00000177971.8,0.21242560609471725
10594,ENSG00000131730.16,0.2124249829478957
10595,ENSG00000185480.12,0.21235716740960164
10596,ENSG00000100281.14,0.2123464648085762
10597,ENSG00000163961.4,0.21233588693037295
10598,ENSG00000014824.14,0.21231839067639366
10599,ENSG00000166479.10,0.21231298728853779
10600,ENSG00000006606.9,0.21230553986517567
10601,ENSG00000109270.13,0.2121893261056528
10602,ENSG00000182141.10,0.21207816205489743
10603,ENSG00000132676.16,0.21193266144484582
10604,ENSG00000100068.13,0.21191129344596865
10605,ENSG00000134697.13,0.21189663128174346
10606,ENSG00000197134.13,0.21187285614318319
10607,ENSG00000110871.15,0.21185674262045362
10608,ENSG00000073331.18,0.21183949025516113
10609,ENSG00000119547.6,0.21182335181527645
10610,ENSG00000083844.10,0.21173569400142622
10611,ENSG00000131467.11,0.21171270273019233
10612,ENSG00000075388.4,0.2116943856715151
10613,ENSG00000119203.14,0.2116850799631163
10614,ENSG00000204574.14,0.21167228252178238
10615,ENSG00000099341.11,0.21162750294190757
10616,ENSG00000184014.8,0.21155579045509465
10617,ENSG00000165113.13,0.21154103127512108
10618,ENSG00000152582.14,0.21153640181464295
10619,ENSG00000007047.15,0.2114802123397122
10620,ENSG00000066739.12,0.21147548236853128
10621,ENSG00000118137.10,0.21143776925321991
10622,ENSG00000120696.9,0.21139190676581054
10623,ENSG00000169291.10,0.21138766445513524
10624,ENSG00000068971.14,0.2113741897684656
10625,ENSG00000139971.15,0.2113577987593849
10626,ENSG00000262576.3,0.21130391483282177
10627,ENSG00000173120.15,0.21128344883404693
10628,ENSG00000149179.14,0.2112663025401405
10629,ENSG00000163348.4,0.21125330145098659
10630,ENSG00000221838.10,0.2112243662017154
10631,ENSG00000151881.15,0.21122273346420767
10632,ENSG00000187492.9,0.21121444367074943
10633,ENSG00000151327.13,0.21119902231081522
10634,ENSG00000125878.6,0.2111945200276185
10635,ENSG00000127125.9,0.2111905883362362
10636,ENSG00000064999.15,0.21113648004328525
10637,ENSG00000180329.14,0.21113264609905305
10638,ENSG00000078403.17,0.21109775169203646
10639,ENSG00000184743.13,0.21108406220477136
10640,ENSG00000137218.10,0.21106784102235815
10641,ENSG00000181982.19,0.2110562523731777
10642,ENSG00000146535.14,0.21104931095726667
10643,ENSG00000068394.11,0.21104169340252563
10644,ENSG00000119042.17,0.21100793434376633
10645,ENSG00000283199.3,0.21092487950557426
10646,ENSG00000136828.19,0.21090749508181106
10647,ENSG00000159140.21,0.2108698890152187
10648,ENSG00000148943.12,0.2108563730621079
10649,ENSG00000111144.10,0.21084641804138418
10650,ENSG00000161010.15,0.21081480218084747
10651,ENSG00000178700.9,0.21076261709020314
10652,ENSG00000185163.10,0.21075693020107572
10653,ENSG00000148655.15,0.21071811271496008
10654,ENSG00000078061.13,0.21068582088324891
10655,ENSG00000131375.10,0.21068355010544096
10656,ENSG00000163848.20,0.21066070280953453
10657,ENSG00000089597.18,0.2106352169887979
10658,ENSG00000138463.9,0.21060810048995526
10659,ENSG00000248333.9,0.21056306744300074
10660,ENSG00000100221.10,0.21047122259842196
10661,ENSG00000112877.8,0.21044187067611247
10662,ENSG00000171467.16,0.21042463934774142
10663,ENSG00000254221.2,0.2104231488654599
10664,ENSG00000136098.17,0.21042070998944218
10665,ENSG00000134371.14,0.21041699492744118
10666,ENSG00000168490.14,0.2103974243820236
10667,ENSG00000107282.8,0.2103285521790335
10668,ENSG00000137522.18,0.21029276902293095
10669,ENSG00000181036.14,0.21028500906553244
10670,ENSG00000168038.11,0.21028067596087063
10671,ENSG00000114850.7,0.21023614556682568
10672,ENSG00000176919.13,0.21018590762333528
10673,ENSG00000221886.4,0.21018425601700366
10674,ENSG00000066926.12,0.21015804950597677
10675,ENSG00000083642.19,0.21010993305486156
10676,ENSG00000187556.7,0.21007697306201326
10677,ENSG00000087448.11,0.21006850667776383
10678,ENSG00000133895.17,0.21002190995658532
10679,ENSG00000147905.18,0.2100118081773234
10680,ENSG00000127980.16,0.2099277556264676
10681,ENSG00000138246.17,0.20988646248357998
10682,ENSG00000165527.7,0.20986972943570723
10683,ENSG00000055483.19,0.2098635214212419
10684,ENSG00000004487.17,0.2098435161288283
10685,ENSG00000117222.14,0.20981419130035117
10686,ENSG00000197381.16,0.2098137608585194
10687,ENSG00000113282.14,0.20980727386601206
10688,ENSG00000038274.17,0.20976755994725602
10689,ENSG00000136141.15,0.20974134247605009
10690,ENSG00000198131.14,0.20969347243883746
10691,ENSG00000151474.23,0.20964188989586208
10692,ENSG00000088854.12,0.20961079770694052
10693,ENSG00000197694.18,0.20958321638507713
10694,ENSG00000196378.13,0.20956324563415452
10695,ENSG00000170634.13,0.20953632409231876
10696,ENSG00000072518.21,0.20953314423947908
10697,ENSG00000140307.11,0.20946304948496394
10698,ENSG00000109920.13,0.20942869095276953
10699,ENSG00000116455.14,0.2094281181706912
10700,ENSG00000166452.12,0.20932866854244245
10701,ENSG00000048991.16,0.20930077777554196
10702,ENSG00000169169.15,0.20929144279661094
10703,ENSG00000106245.11,0.2092157986422629
10704,ENSG00000155256.17,0.20920781706936956
10705,ENSG00000137073.23,0.20918095115816918
10706,ENSG00000080819.9,0.20917637331332017
10707,ENSG00000012983.11,0.2091756321758717
10708,ENSG00000168297.16,0.20913299179970088
10709,ENSG00000077080.10,0.20910853579166014
10710,ENSG00000085872.15,0.20907288156923332
10711,ENSG00000120253.14,0.2090610262811717
10712,ENSG00000197013.10,0.20905997425424963
10713,ENSG00000118855.21,0.20903971613073732
10714,ENSG00000173040.13,0.20891825588846977
10715,ENSG00000131018.24,0.2088218634086819
10716,ENSG00000223658.8,0.20879606718846114
10717,ENSG00000166169.17,0.20876307408084147
10718,ENSG00000084093.19,0.20872530545862375
10719,ENSG00000168769.14,0.20871121315469024
10720,ENSG00000167118.11,0.20870197149990394
10721,ENSG00000102081.15,0.20869925954583546
10722,ENSG00000116731.22,0.20869826069857977
10723,ENSG00000197769.6,0.2086688016519599
10724,ENSG00000056050.7,0.2086330729187924
10725,ENSG00000115361.8,0.20861191218462788
10726,ENSG00000140199.13,0.20855618341450452
10727,ENSG00000100823.12,0.20853818167034816
10728,ENSG00000171735.19,0.2085378566700768
10729,ENSG00000155876.6,0.20844231638096322
10730,ENSG00000215251.4,0.2084395578008721
10731,ENSG00000134444.15,0.20840875056219374
10732,ENSG00000185668.8,0.2084050945643475
10733,ENSG00000167216.17,0.20834463911452625
10734,ENSG00000186446.12,0.20829858660061842
10735,ENSG00000167981.7,0.20822257717852483
10736,ENSG00000008086.13,0.20817084449994944
10737,ENSG00000196150.14,0.20814932813429138
10738,ENSG00000164778.4,0.20814642262590777
10739,ENSG00000127527.14,0.20814125884640958
10740,ENSG00000112246.10,0.20811476863006476
10741,ENSG00000110321.19,0.20810362462655577
10742,ENSG00000179588.9,0.2080912766722767
10743,ENSG00000107036.12,0.2080716839616678
10744,ENSG00000198924.8,0.2080687004853979
10745,ENSG00000033178.13,0.20802032799748812
10746,ENSG00000110958.16,0.20800351854497656
10747,ENSG00000051382.9,0.20799814014277915
10748,ENSG00000131236.18,0.20799803873998407
10749,ENSG00000155016.18,0.20799682527191574
10750,ENSG00000141564.15,0.20788549447513355
10751,ENSG00000134255.14,0.2078842355665639
10752,ENSG00000188493.15,0.20787395232473344
10753,ENSG00000135597.19,0.20782569927360478
10754,ENSG00000115368.10,0.20782476591782154
10755,ENSG00000103194.16,0.20780295775403573
10756,ENSG00000143033.18,0.20779192201232088
10757,ENSG00000107263.18,0.20776963553402142
10758,ENSG00000168538.16,0.20775760387723238
10759,ENSG00000175220.12,0.2077556055864272
10760,ENSG00000184378.3,0.20775468306474662
10761,ENSG00000198700.10,0.20772870594196594
10762,ENSG00000234284.7,0.20772793184465385
10763,ENSG00000141219.15,0.20770089292423788
10764,ENSG00000169239.13,0.20769065228028705
10765,ENSG00000234127.9,0.20768268283480043
10766,ENSG00000176438.12,0.20768021572299256
10767,ENSG00000081853.15,0.20760438980181695
10768,ENSG00000254470.3,0.2075082531395401
10769,ENSG00000081177.18,0.2074970030220732
10770,ENSG00000087470.18,0.20749477081623355
10771,ENSG00000272333.7,0.2074736771594703
10772,ENSG00000136933.17,0.20744668005672837
10773,ENSG00000135931.18,0.20741849235118437
10774,ENSG00000155495.9,0.2074089988821037
10775,ENSG00000239789.6,0.20738829027894468
10776,ENSG00000130638.17,0.20733014947545989
10777,ENSG00000124134.9,0.20732098808656577
10778,ENSG00000170037.14,0.20724863623097028
10779,ENSG00000183864.5,0.20719586941299156
10780,ENSG00000204815.10,0.20719438661186748
10781,ENSG00000186184.19,0.20716160306997772
10782,ENSG00000099940.12,0.20700999680513563
10783,ENSG00000090932.11,0.20698227824457768
10784,ENSG00000080822.17,0.2069435825194186
10785,ENSG00000105497.8,0.206894315775867
10786,ENSG00000152128.13,0.2067725012569294
10787,ENSG00000151893.15,0.2067561830137172
10788,ENSG00000196961.13,0.20669521756842127
10789,ENSG00000115808.12,0.20668611422547592
10790,ENSG00000110048.12,0.2066812811666566
10791,ENSG00000184677.18,0.20667047201235328
10792,ENSG00000090674.16,0.20659969756796864
10793,ENSG00000136811.16,0.20653538565325133
10794,ENSG00000138311.18,0.2065004583927118
10795,ENSG00000127511.10,0.20649303017246567
10796,ENSG00000159596.7,0.2064743297684932
10797,ENSG00000159256.13,0.20647280888673658
10798,ENSG00000165572.8,0.2064598812628421
10799,ENSG00000139675.12,0.20645908467455312
10800,ENSG00000189376.12,0.2064446701494545
10801,ENSG00000158796.17,0.20644183872958283
10802,ENSG00000163029.16,0.2064223521125021
10803,ENSG00000149403.13,0.20641840515588275
10804,ENSG00000135486.19,0.2063917775887799
10805,ENSG00000118900.15,0.2063831127167042
10806,ENSG00000073417.15,0.20632426728208555
10807,ENSG00000139173.10,0.2062928483393757
10808,ENSG00000032219.19,0.20629142496357294
10809,ENSG00000182220.15,0.2062880071574397
10810,ENSG00000136643.12,0.20625239920589902
10811,ENSG00000274523.5,0.20618874622385597
10812,ENSG00000276368.2,0.206177658703024
10813,ENSG00000074755.15,0.20617465442410834
10814,ENSG00000198346.11,0.20617256505505074
10815,ENSG00000087087.20,0.20616399425082368
10816,ENSG00000105708.9,0.20613721074364297
10817,ENSG00000058272.19,0.20605317853674465
10818,ENSG00000198551.10,0.20596898044760337
10819,ENSG00000148335.15,0.20595436712747026
10820,ENSG00000102312.23,0.20594185884356642
10821,ENSG00000135341.18,0.20589982488290767
10822,ENSG00000056097.16,0.20587300408774986
10823,ENSG00000130150.12,0.20581982365500764
10824,ENSG00000115310.18,0.2058118539487193
10825,ENSG00000050327.15,0.20579639941739614
10826,ENSG00000156876.10,0.20578892868461887
10827,ENSG00000125755.19,0.20578332552072748
10828,ENSG00000129187.14,0.2057676740056661
10829,ENSG00000159761.15,0.20576701838867592
10830,ENSG00000163938.17,0.20575887195201256
10831,ENSG00000076067.13,0.20566770260438758
10832,ENSG00000047932.14,0.20562343201362226
10833,ENSG00000116771.6,0.2056216512753513
10834,ENSG00000204104.12,0.20560615301387214
10835,ENSG00000119844.15,0.2055910605798585
10836,ENSG00000132286.12,0.20557893656635803
10837,ENSG00000102158.20,0.20557015080102556
10838,ENSG00000171497.5,0.20556854687114623
10839,ENSG00000057757.10,0.20553758887382856
10840,ENSG00000114209.15,0.20551264838048572
10841,ENSG00000116329.11,0.20548534514723005
10842,ENSG00000181195.11,0.20547113388974128
10843,ENSG00000135334.9,0.20546797445920528
10844,ENSG00000005302.19,0.20546128406708064
10845,ENSG00000076984.18,0.20540616140049
10846,ENSG00000158458.21,0.20539207302643064
10847,ENSG00000052749.14,0.20535294236074209
10848,ENSG00000223501.9,0.20535152809824261
10849,ENSG00000101346.14,0.2053331256534735
10850,ENSG00000196387.9,0.20532713013902615
10851,ENSG00000224420.3,0.2053194468136582
10852,ENSG00000186130.5,0.20528149432924755
10853,ENSG00000108759.4,0.20526963060081468
10854,ENSG00000166619.15,0.20524742483054578
10855,ENSG00000081377.17,0.20520561091626177
10856,ENSG00000116580.18,0.20520557661955832
10857,ENSG00000099840.14,0.2051844147216189
10858,ENSG00000151612.18,0.20518379573217274
10859,ENSG00000183067.5,0.20509887273005678
10860,ENSG00000153827.14,0.20505094636944277
10861,ENSG00000137106.18,0.20502174940485524
10862,ENSG00000136807.14,0.2049556135958855
10863,ENSG00000162757.4,0.20493696852494556
10864,ENSG00000076662.10,0.20491915512720177
10865,ENSG00000254999.4,0.20485468506383683
10866,ENSG00000256060.3,0.20482276069370012
10867,ENSG00000244005.13,0.20482250510787617
10868,ENSG00000120008.16,0.20481888899459333
10869,ENSG00000123636.18,0.2047919410089341
10870,ENSG00000101782.15,0.20479123274012534
10871,ENSG00000132570.15,0.20477606018336575
10872,ENSG00000074603.19,0.20476497924712395
10873,ENSG00000102595.20,0.20475961669623657
10874,ENSG00000105397.14,0.2047464786926371
10875,ENSG00000120733.14,0.20465650191989526
10876,ENSG00000187742.15,0.2046204732935308
10877,ENSG00000142230.13,0.20461591382461441
10878,ENSG00000120451.11,0.20461058319460607
10879,ENSG00000141376.23,0.20460998982277925
10880,ENSG00000157741.15,0.20460983243667993
10881,ENSG00000164031.17,0.20460906269931975
10882,ENSG00000132952.12,0.2045908281209332
10883,ENSG00000146109.5,0.20455233342886364
10884,ENSG00000213516.10,0.20451927444330467
10885,ENSG00000105613.10,0.2044412388898433
10886,ENSG00000034971.17,0.20437820141921237
10887,ENSG00000171503.12,0.20436635906028633
10888,ENSG00000214226.9,0.20435850858569848
10889,ENSG00000009954.11,0.20434314859834263
10890,ENSG00000134698.11,0.20433823283305166
10891,ENSG00000061987.16,0.2043363018363399
10892,ENSG00000103423.14,0.20428560895084436
10893,ENSG00000072415.10,0.20428176910946527
10894,ENSG00000172888.12,0.2042651710459676
10895,ENSG00000100325.15,0.20422957965505223
10896,ENSG00000178093.14,0.20421148339147566
10897,ENSG00000143553.11,0.20418594949770982
10898,ENSG00000138594.14,0.20418167058371103
10899,ENSG00000243910.8,0.20417643158508084
10900,ENSG00000177917.11,0.20415716009136978
10901,ENSG00000119946.11,0.2041148639701746
10902,ENSG00000116353.16,0.20410967159519108
10903,ENSG00000119185.13,0.20409869453266843
10904,ENSG00000167110.18,0.20407245372927077
10905,ENSG00000174780.17,0.20406847439927547
10906,ENSG00000141013.17,0.20400042645249256
10907,ENSG00000008277.14,0.20397901357721795
10908,ENSG00000089060.11,0.20393409409092847
10909,ENSG00000044459.15,0.20386154521719807
10910,ENSG00000104059.4,0.20384905447946514
10911,ENSG00000145868.17,0.2038402492111892
10912,ENSG00000108469.15,0.2038273288536387
10913,ENSG00000164209.17,0.20379689106983992
10914,ENSG00000164221.13,0.20379142002568518
10915,ENSG00000169813.16,0.2037705952351065
10916,ENSG00000135801.10,0.20370235535353703
10917,ENSG00000109919.10,0.20369620856577508
10918,ENSG00000186132.15,0.20365770233372252
10919,ENSG00000185245.8,0.20360409938773671
10920,ENSG00000157911.11,0.20356697500689655
10921,ENSG00000106052.13,0.20354958495357192
10922,ENSG00000198728.11,0.20354030683393315
10923,ENSG00000111481.10,0.20352982656608537
10924,ENSG00000123106.10,0.20351217770252011
10925,ENSG00000244165.2,0.20349774617385422
10926,ENSG00000149930.18,0.20347887794813227
10927,ENSG00000063244.13,0.20347196836248718
10928,ENSG00000103274.11,0.2034561556011573
10929,ENSG00000140830.9,0.2034249269991264
10930,ENSG00000136521.13,0.2033966898667526
10931,ENSG00000107779.14,0.20335734039876255
10932,ENSG00000117118.10,0.20334111242314987
10933,ENSG00000126870.16,0.20331153900314175
10934,ENSG00000164975.15,0.2033077587060244
10935,ENSG00000088035.18,0.20330680022232583
10936,ENSG00000135090.14,0.2032280102950396
10937,ENSG00000152404.15,0.20320583090993208
10938,ENSG00000157045.9,0.20315401285071488
10939,ENSG00000247315.4,0.2031512598398739
10940,ENSG00000100949.14,0.20312033232932009
10941,ENSG00000105726.17,0.20311437901305834
10942,ENSG00000131470.15,0.20309002581410743
10943,ENSG00000109787.13,0.20308880899614934
10944,ENSG00000163577.8,0.20308841462015542
10945,ENSG00000168137.18,0.20304156377431146
10946,ENSG00000075089.9,0.20292634914729946
10947,ENSG00000013392.8,0.2028649789655317
10948,ENSG00000173166.18,0.20285375862807595
10949,ENSG00000204439.4,0.20284182478809556
10950,ENSG00000214655.11,0.20281553076102543
10951,ENSG00000198646.14,0.20279794729259856
10952,ENSG00000062650.19,0.2027872048266005
10953,ENSG00000088247.17,0.20275805628008814
10954,ENSG00000180957.18,0.20275576463834644
10955,ENSG00000214753.4,0.20270512935404816
10956,ENSG00000082213.18,0.20269531400756907
10957,ENSG00000143437.21,0.20268613177370606
10958,ENSG00000100347.15,0.20265721685178062
10959,ENSG00000154134.15,0.20263477474946684
10960,ENSG00000167881.15,0.20260885318299246
10961,ENSG00000178921.14,0.2025665484404893
10962,ENSG00000116918.15,0.20255904501748914
10963,ENSG00000118156.12,0.20250931333293787
10964,ENSG00000180347.13,0.20249465335077055
10965,ENSG00000137185.13,0.2024938210911185
10966,ENSG00000225973.4,0.2024911244220314
10967,ENSG00000256087.7,0.20248891880197648
10968,ENSG00000048405.10,0.2024453076787593
10969,ENSG00000048828.17,0.20242472451736127
10970,ENSG00000126950.8,0.20235430302565666
10971,ENSG00000180828.3,0.20232195692787505
10972,ENSG00000198586.14,0.20228589449061743
10973,ENSG00000204178.11,0.20227592085148133
10974,ENSG00000265241.7,0.20222834825973357
10975,ENSG00000172732.12,0.20221024455984896
10976,ENSG00000188859.7,0.20218369078410647
10977,ENSG00000254685.6,0.20217123528947517
10978,ENSG00000123154.12,0.20216549096681657
10979,ENSG00000105993.15,0.20211334834145045
10980,ENSG00000105339.11,0.20210928892842697
10981,ENSG00000162517.13,0.2021027574251132
10982,ENSG00000065029.15,0.20207125123721376
10983,ENSG00000197114.12,0.20201397111731736
10984,ENSG00000108587.16,0.20194940604670775
10985,ENSG00000126226.22,0.20194049412330345
10986,ENSG00000144224.17,0.2019234375485866
10987,ENSG00000151304.6,0.2018990266669584
10988,ENSG00000162600.12,0.2018803879366702
10989,ENSG00000180398.13,0.20187263538977487
10990,ENSG00000082996.20,0.20185820551165273
10991,ENSG00000139372.15,0.20184016602852528
10992,ENSG00000064218.5,0.20177836491428944
10993,ENSG00000185238.13,0.20170976527406798
10994,ENSG00000122376.12,0.20167245950589938
10995,ENSG00000116117.18,0.2016600364781797
10996,ENSG00000133030.22,0.201620643404458
10997,ENSG00000068400.13,0.20157501976306214
10998,ENSG00000173171.14,0.2015219639375407
10999,ENSG00000160953.16,0.20147058392528877
11000,ENSG00000117533.15,0.2014328283394523
11001,ENSG00000183347.15,0.201390656843597
11002,ENSG00000139579.13,0.20136214743872147
11003,ENSG00000198945.8,0.20134769565716562
11004,ENSG00000188312.14,0.2013376251282753
11005,ENSG00000160219.12,0.20132674448760546
11006,ENSG00000169174.11,0.2013163608795911
11007,ENSG00000104147.9,0.20127910871095342
11008,ENSG00000163093.12,0.20126768182255533
11009,ENSG00000186141.9,0.20125564810715474
11010,ENSG00000172831.14,0.20119919241672096
11011,ENSG00000124749.17,0.20117800498849742
11012,ENSG00000254122.3,0.20116765133059988
11013,ENSG00000048471.14,0.201082427057971
11014,ENSG00000073803.14,0.20106974387168636
11015,ENSG00000196367.14,0.20101053668474914
11016,ENSG00000140382.15,0.201002623966183
11017,ENSG00000105298.14,0.20097229444061127
11018,ENSG00000113163.18,0.20096273174349125
11019,ENSG00000159658.14,0.20095837966835886
11020,ENSG00000119523.10,0.20094831459957505
11021,ENSG00000101413.12,0.2009467819345119
11022,ENSG00000128346.11,0.2009155342621611
11023,ENSG00000186908.14,0.20081572165658704
11024,ENSG00000051009.11,0.200785173547459
11025,ENSG00000116903.7,0.20077899824608567
11026,ENSG00000197429.11,0.20076780691343746
11027,ENSG00000141551.14,0.2007561722117148
11028,ENSG00000068903.20,0.20068059761593013
11029,ENSG00000100554.12,0.20068045419496452
11030,ENSG00000172795.17,0.2006691989844306
11031,ENSG00000133138.20,0.20065772338153948
11032,ENSG00000182218.9,0.20060703267024727
11033,ENSG00000169871.13,0.2005948935723216
11034,ENSG00000116754.13,0.20058628706583642
11035,ENSG00000187650.4,0.2005782385229191
11036,ENSG00000101367.9,0.2005639470198428
11037,ENSG00000100372.15,0.20056059396603287
11038,ENSG00000180176.15,0.20053193916788137
11039,ENSG00000167483.19,0.20048206513985406
11040,ENSG00000135469.14,0.20045884693199312
11041,ENSG00000147854.17,0.2004308473049265
11042,ENSG00000078140.14,0.20041735332463986
11043,ENSG00000162885.14,0.20039583199278307
11044,ENSG00000113272.14,0.2003085611150179
11045,ENSG00000125149.12,0.20029611402708616
11046,ENSG00000198040.11,0.20028583969420433
11047,ENSG00000198837.10,0.20020774125572863
11048,ENSG00000171148.13,0.20019867118610613
11049,ENSG00000129315.11,0.20019460939245917
11050,ENSG00000102781.14,0.20015106523899073
11051,ENSG00000005238.20,0.20014714569225825
11052,ENSG00000135823.14,0.20010749682964032
11053,ENSG00000109756.9,0.1999526156862985
11054,ENSG00000131849.12,0.1999325236655649
11055,ENSG00000100711.14,0.19988671740342798
11056,ENSG00000146857.4,0.1998261925249088
11057,ENSG00000198885.10,0.19978579479087952
11058,ENSG00000136152.15,0.1997608169122734
11059,ENSG00000143322.21,0.19965641514233648
11060,ENSG00000187824.9,0.1995957604989743
11061,ENSG00000120333.4,0.19957499005164508
11062,ENSG00000131100.13,0.19955818604248082
11063,ENSG00000165819.12,0.1994612820442731
11064,ENSG00000143727.16,0.19941483451837555
11065,ENSG00000172375.14,0.19941325264871895
11066,ENSG00000140522.12,0.19937024908479864
11067,ENSG00000110514.19,0.19932782657052045
11068,ENSG00000137674.4,0.19930553287063837
11069,ENSG00000166454.10,0.19929285326120774
11070,ENSG00000150045.12,0.19922456003280506
11071,ENSG00000116906.13,0.19920734671257045
11072,ENSG00000162928.9,0.1991945800090867
11073,ENSG00000018189.13,0.19918978785756447
11074,ENSG00000164576.12,0.1991195324919118
11075,ENSG00000153790.12,0.1990910213090302
11076,ENSG00000172053.18,0.19908798469428649
11077,ENSG00000011132.12,0.19900616581495448
11078,ENSG00000198746.13,0.19899665253275273
11079,ENSG00000132823.11,0.1989491487095042
11080,ENSG00000173320.12,0.19892938422319928
11081,ENSG00000114126.18,0.19891857736045723
11082,ENSG00000164024.12,0.19891008625004084
11083,ENSG00000244067.3,0.19888849898178124
11084,ENSG00000070886.12,0.19884569659404652
11085,ENSG00000104142.11,0.19884097320414143
11086,ENSG00000198182.13,0.19882985146489782
11087,ENSG00000203666.12,0.19882523211463787
11088,ENSG00000115604.11,0.1987633658826073
11089,ENSG00000111450.14,0.19871506508542422
11090,ENSG00000178951.9,0.1986947555383575
11091,ENSG00000100324.14,0.19866758496529505
11092,ENSG00000159267.15,0.19865870144845257
11093,ENSG00000103043.15,0.1986473798681609
11094,ENSG00000175115.13,0.19863652130565476
11095,ENSG00000174106.3,0.19862490550654896
11096,ENSG00000100714.17,0.1986171425051852
11097,ENSG00000169118.18,0.1985698688795439
11098,ENSG00000177889.10,0.19856045355873606
11099,ENSG00000047579.20,0.1985578947436404
11100,ENSG00000132953.16,0.1985436475603563
11101,ENSG00000131013.4,0.19853871755730373
11102,ENSG00000100991.12,0.19847382493398633
11103,ENSG00000103275.21,0.1984456316530416
11104,ENSG00000071994.11,0.1983998699670183
11105,ENSG00000156959.9,0.1983944503167351
11106,ENSG00000119906.13,0.19837078479879727
11107,ENSG00000160460.16,0.19836425682841743
11108,ENSG00000164615.6,0.19828342281145014
11109,ENSG00000106086.20,0.19821024674704477
11110,ENSG00000172409.6,0.19819332196536257
11111,ENSG00000099139.14,0.1981899566313254
11112,ENSG00000186625.14,0.19818994349448174
11113,ENSG00000115685.15,0.1981437665853893
11114,ENSG00000108010.12,0.19813547714979388
11115,ENSG00000013523.11,0.19812526440494102
11116,ENSG00000132478.10,0.19809919139638785
11117,ENSG00000004975.12,0.1980909325591351
11118,ENSG00000172247.4,0.1980562649627477
11119,ENSG00000142677.4,0.19805042975713016
11120,ENSG00000131263.13,0.19800184863310882
11121,ENSG00000128609.16,0.19798679015839374
11122,ENSG00000146007.11,0.1979303320632517
11123,ENSG00000166295.9,0.1979242159518475
11124,ENSG00000083457.12,0.19785518718857803
11125,ENSG00000106636.9,0.1978497868889983
11126,ENSG00000105609.17,0.19784856313081145
11127,ENSG00000181827.15,0.19784426086489415
11128,ENSG00000172954.14,0.19773590294728488
11129,ENSG00000075131.10,0.19771562213821497
11130,ENSG00000178172.7,0.19767619008690465
11131,ENSG00000120860.11,0.19766370530416813
11132,ENSG00000113312.11,0.1976543351714534
11133,ENSG00000115520.8,0.1976367611442158
11134,ENSG00000166037.11,0.19761726794360024
11135,ENSG00000172322.14,0.1976048259559401
11136,ENSG00000277462.2,0.19760104398447084
11137,ENSG00000183808.11,0.1975945211708916
11138,ENSG00000142606.16,0.19755785910888746
11139,ENSG00000007545.16,0.19755410405073381
11140,ENSG00000108797.12,0.1975419735570846
11141,ENSG00000159527.3,0.1975292346721139
11142,ENSG00000109917.11,0.1975124492850299
11143,ENSG00000204351.12,0.1974500011447173
11144,ENSG00000137094.15,0.19744334635665733
11145,ENSG00000126106.14,0.19730717547921914
11146,ENSG00000079134.12,0.19730232403627054
11147,ENSG00000055147.19,0.1973011356733061
11148,ENSG00000152056.17,0.19728684825779777
11149,ENSG00000182919.15,0.1972687625289788
11150,ENSG00000153936.17,0.1972641195502284
11151,ENSG00000071677.1,0.19724680074976345
11152,ENSG00000147124.12,0.19724359629315544
11153,ENSG00000105953.15,0.19722314742979824
11154,ENSG00000172315.6,0.1972008348532692
11155,ENSG00000171759.10,0.19719756064205246
11156,ENSG00000164715.6,0.19718063989358256
11157,ENSG00000150510.17,0.1971703764773757
11158,ENSG00000144029.12,0.1971656685193353
11159,ENSG00000105849.6,0.19715801087518592
11160,ENSG00000198252.12,0.19713367818086325
11161,ENSG00000164305.19,0.19709283028447241
11162,ENSG00000033011.13,0.19707539072881664
11163,ENSG00000108559.12,0.1970479903659847
11164,ENSG00000132485.14,0.1970420925674353
11165,ENSG00000127507.18,0.19703504915651593
11166,ENSG00000159788.19,0.19702660834574706
11167,ENSG00000125124.13,0.19698655453316272
11168,ENSG00000196453.8,0.19698466821559918
11169,ENSG00000115289.14,0.1969450204491156
11170,ENSG00000160051.12,0.19693589758751381
11171,ENSG00000212899.3,0.19693439580954447
11172,ENSG00000134597.16,0.19692521566986934
11173,ENSG00000088756.13,0.19690087750209392
11174,ENSG00000136758.19,0.1968794047231839
11175,ENSG00000109189.13,0.19681923740380583
11176,ENSG00000198939.8,0.1968137240051383
11177,ENSG00000196935.9,0.19677308482874575
11178,ENSG00000031698.13,0.1967570642930268
11179,ENSG00000159579.14,0.19674915013560818
11180,ENSG00000096654.15,0.19668641185996566
11181,ENSG00000126215.14,0.19667176157793637
11182,ENSG00000169967.16,0.19664753483038286
11183,ENSG00000108405.4,0.1966366989531693
11184,ENSG00000196151.11,0.1966018263437736
11185,ENSG00000116017.11,0.19658029981819164
11186,ENSG00000118655.7,0.19657895582776738
11187,ENSG00000130717.13,0.19656418450726226
11188,ENSG00000106591.4,0.19655473995571174
11189,ENSG00000148356.14,0.19654113738045223
11190,ENSG00000176399.4,0.1964897723880889
11191,ENSG00000177613.9,0.19647712354866795
11192,ENSG00000174007.9,0.19647176139988584
11193,ENSG00000140297.13,0.19644931080495792
11194,ENSG00000197724.11,0.19640022923842457
11195,ENSG00000126243.9,0.19639664634698636
11196,ENSG00000198301.12,0.196384086425878
11197,ENSG00000196998.19,0.19633737163021345
11198,ENSG00000126953.8,0.1963175473816329
11199,ENSG00000148702.15,0.19621178040186674
11200,ENSG00000111786.9,0.19619686831747388
11201,ENSG00000117425.14,0.19618779188671676
11202,ENSG00000074582.15,0.19614996377437324
11203,ENSG00000196363.9,0.1961463664908016
11204,ENSG00000168291.13,0.1961262066383673
11205,ENSG00000119638.14,0.19612425133440772
11206,ENSG00000100083.19,0.19609724152117303
11207,ENSG00000153767.10,0.19607875354914162
11208,ENSG00000144642.22,0.1960217684642368
11209,ENSG00000171016.13,0.19601578720276047
11210,ENSG00000135108.15,0.19600278593538178
11211,ENSG00000104901.7,0.19595060421557986
11212,ENSG00000134882.16,0.1959394323519328
11213,ENSG00000205356.10,0.19591993953995362
11214,ENSG00000135722.9,0.19591242218043425
11215,ENSG00000049769.14,0.1958754065393444
11216,ENSG00000144306.15,0.19584322984479632
11217,ENSG00000080189.15,0.1958404953487661
11218,ENSG00000101843.19,0.19583122486453955
11219,ENSG00000167037.19,0.1957913156053921
11220,ENSG00000148730.7,0.195780737393827
11221,ENSG00000075407.18,0.1957697977759437
11222,ENSG00000133773.12,0.19575758029709142
11223,ENSG00000166268.11,0.1957015577851351
11224,ENSG00000100296.14,0.1956496986190512
11225,ENSG00000140259.7,0.19562989956667393
11226,ENSG00000180257.14,0.19562707972084795
11227,ENSG00000248329.6,0.19559467106009223
11228,ENSG00000123685.9,0.19554203321545094
11229,ENSG00000182093.16,0.19553634167391276
11230,ENSG00000185651.15,0.19553265506048362
11231,ENSG00000108039.18,0.19548344691141087
11232,ENSG00000243710.8,0.19546789727584768
11233,ENSG00000140945.17,0.19544560487066787
11234,ENSG00000131944.10,0.1954293948630031
11235,ENSG00000196083.10,0.19539960688934171
11236,ENSG00000256223.6,0.19538863065296777
11237,ENSG00000048544.6,0.1953843562046561
11238,ENSG00000174695.10,0.1953662425078525
11239,ENSG00000151746.15,0.1953509723429444
11240,ENSG00000146676.10,0.19534633077328575
11241,ENSG00000104755.15,0.1953451576996138
11242,ENSG00000170734.12,0.19530678460474532
11243,ENSG00000005187.12,0.19529153248830508
11244,ENSG00000133103.17,0.19525296098311615
11245,ENSG00000137875.4,0.19524607152161924
11246,ENSG00000124228.14,0.1952039319081592
11247,ENSG00000162694.14,0.195191314880116
11248,ENSG00000182601.7,0.19518135289809255
11249,ENSG00000136878.14,0.1951436380657467
11250,ENSG00000122483.17,0.19510290849631812
11251,ENSG00000124217.5,0.19508729350850867
11252,ENSG00000157450.16,0.1950280747327186
11253,ENSG00000110046.13,0.19502756009094988
11254,ENSG00000217930.8,0.19502567250171432
11255,ENSG00000004897.12,0.1949756694044907
11256,ENSG00000036257.13,0.1949595650792487
11257,ENSG00000051825.15,0.19490784594914345
11258,ENSG00000153914.16,0.19490211530473855
11259,ENSG00000101966.13,0.19489627250155453
11260,ENSG00000163626.17,0.19486964818392918
11261,ENSG00000104299.15,0.1948559769210285
11262,ENSG00000050426.16,0.19481056264649074
11263,ENSG00000133246.12,0.1947845370872864
11264,ENSG00000174485.16,0.1947845265545302
11265,ENSG00000214046.9,0.19473795426095847
11266,ENSG00000168067.12,0.1947160786030927
11267,ENSG00000122970.16,0.19471249315048295
11268,ENSG00000164828.18,0.1947123445223528
11269,ENSG00000105143.12,0.19467983263952263
11270,ENSG00000103742.12,0.19465814241811522
11271,ENSG00000109956.13,0.19465356670235304
11272,ENSG00000088451.11,0.19464237711143137
11273,ENSG00000145882.11,0.19454365053785694
11274,ENSG00000138185.20,0.19452947864306092
11275,ENSG00000101109.12,0.19452736670374005
11276,ENSG00000198783.6,0.19450676534925482
11277,ENSG00000151849.15,0.19446391985092012
11278,ENSG00000115687.14,0.19446156929025143
11279,ENSG00000213967.11,0.19445983332435293
11280,ENSG00000114021.12,0.19445396565723402
11281,ENSG00000204469.13,0.19444902807398176
11282,ENSG00000112763.17,0.1944236998670872
11283,ENSG00000011114.15,0.19439806003643592
11284,ENSG00000134461.16,0.19438707702712577
11285,ENSG00000167264.18,0.19437101354443445
11286,ENSG00000124193.16,0.1943615080297981
11287,ENSG00000166164.16,0.19434450954391655
11288,ENSG00000198774.5,0.1943284478638396
11289,ENSG00000159479.17,0.19430280202268138
11290,ENSG00000066455.13,0.19416447500055892
11291,ENSG00000177951.17,0.19415503892700134
11292,ENSG00000164946.20,0.19414215903737395
11293,ENSG00000132376.20,0.19407925789011277
11294,ENSG00000162695.12,0.19402927462915753
11295,ENSG00000164591.14,0.1939878625171061
11296,ENSG00000112305.15,0.19394305059449166
11297,ENSG00000182504.11,0.19393929217445735
11298,ENSG00000130876.11,0.1938903221762377
11299,ENSG00000197226.13,0.1938671483181577
11300,ENSG00000088808.18,0.1938664888739179
11301,ENSG00000139405.16,0.19382454093319199
11302,ENSG00000175390.15,0.19382333928089607
11303,ENSG00000173960.14,0.1937836994646455
11304,ENSG00000023228.14,0.1937407080645705
11305,ENSG00000183955.13,0.19372829084908197
11306,ENSG00000148229.13,0.19371640874614995
11307,ENSG00000063601.17,0.19367913722904717
11308,ENSG00000172728.16,0.19367758047194114
11309,ENSG00000111879.20,0.1936326321151334
11310,ENSG00000136631.15,0.19359832281842487
11311,ENSG00000114650.20,0.19354277976534984
11312,ENSG00000100220.12,0.19349886854578952
11313,ENSG00000176884.16,0.19348298171089318
11314,ENSG00000116489.13,0.19346745444999866
11315,ENSG00000162623.16,0.19346740562341244
11316,ENSG00000184432.11,0.19346181241399737
11317,ENSG00000166822.13,0.19339023775319755
11318,ENSG00000130703.17,0.19336455815392226
11319,ENSG00000106554.13,0.19334534186185495
11320,ENSG00000140395.9,0.19325272107884414
11321,ENSG00000110063.10,0.1932365756989218
11322,ENSG00000146282.18,0.19321053725788598
11323,ENSG00000162241.12,0.19319432924465563
11324,ENSG00000074319.13,0.1931875792545957
11325,ENSG00000148248.14,0.1931695919201458
11326,ENSG00000134086.8,0.19312115247883638
11327,ENSG00000197157.11,0.193055842476961
11328,ENSG00000112701.18,0.19301543140424104
11329,ENSG00000023330.15,0.1929951086253092
11330,ENSG00000066651.20,0.19299426440045228
11331,ENSG00000086232.13,0.19299362964395989
11332,ENSG00000188690.15,0.19295687409778467
11333,ENSG00000129028.9,0.19293771967002707
11334,ENSG00000144935.15,0.19291409228699988
11335,ENSG00000181555.21,0.19290796952974065
11336,ENSG00000129515.20,0.19287648270239927
11337,ENSG00000129245.12,0.19287296288691338
11338,ENSG00000167077.13,0.19284089786930333
11339,ENSG00000153902.14,0.19283789647849664
11340,ENSG00000157445.15,0.1928264229321738
11341,ENSG00000081791.9,0.19276661886199864
11342,ENSG00000185246.18,0.19274983799628947
11343,ENSG00000025800.14,0.19272315857606911
11344,ENSG00000125872.8,0.1926721311840646
11345,ENSG00000006576.16,0.19266724167079563
11346,ENSG00000111837.12,0.1926429172573123
11347,ENSG00000163170.12,0.19261719366987928
11348,ENSG00000172661.19,0.1925552590165847
11349,ENSG00000196814.15,0.19251420066374886
11350,ENSG00000158604.15,0.19249651143854668
11351,ENSG00000106993.12,0.19248926974893588
11352,ENSG00000179859.9,0.19243773846885676
11353,ENSG00000089154.11,0.19242804692893195
11354,ENSG00000170959.14,0.1924024866921537
11355,ENSG00000121406.9,0.1923249484230717
11356,ENSG00000230124.8,0.1922702135065948
11357,ENSG00000154174.8,0.19222753717304025
11358,ENSG00000161040.16,0.19214965523347194
11359,ENSG00000138668.19,0.1920411542342126
11360,ENSG00000182473.22,0.1920175084489504
11361,ENSG00000111707.12,0.1920038491235016
11362,ENSG00000144320.14,0.19200271994006246
11363,ENSG00000130158.14,0.19195787008763426
11364,ENSG00000177084.18,0.19192234445211812
11365,ENSG00000206190.12,0.19187306319298641
11366,ENSG00000285938.1,0.19187238563253523
11367,ENSG00000066923.17,0.19186597289606816
11368,ENSG00000163754.18,0.19178257933413975
11369,ENSG00000144028.15,0.19177494019987792
11370,ENSG00000043093.15,0.1917410808384486
11371,ENSG00000156709.15,0.19173229982888046
11372,ENSG00000172775.17,0.19171102815675903
11373,ENSG00000110756.18,0.19170977123440908
11374,ENSG00000101558.14,0.19169974110000831
11375,ENSG00000164068.16,0.1916742347258808
11376,ENSG00000173436.15,0.19163311427777013
11377,ENSG00000067533.6,0.19162049262323594
11378,ENSG00000159086.15,0.19161056146080188
11379,ENSG00000183307.4,0.19158793888517006
11380,ENSG00000145332.14,0.1915656794852879
11381,ENSG00000183807.8,0.1915544322773494
11382,ENSG00000196268.12,0.19150484811676424
11383,ENSG00000172007.7,0.19150443601917683
11384,ENSG00000205269.6,0.1915002897568927
11385,ENSG00000251369.9,0.19145168498647752
11386,ENSG00000122121.11,0.19144642561481046
11387,ENSG00000140992.19,0.1914344418897916
11388,ENSG00000140320.12,0.1914187659539759
11389,ENSG00000127903.14,0.19138788551002944
11390,ENSG00000005421.9,0.19138096419364276
11391,ENSG00000120784.16,0.191373506287549
11392,ENSG00000186814.14,0.19136108218453332
11393,ENSG00000198520.12,0.1913437345665261
11394,ENSG00000163281.12,0.19130686827541438
11395,ENSG00000240344.9,0.19125936885198255
11396,ENSG00000077458.13,0.1912394613812049
11397,ENSG00000138835.22,0.1912365633161078
11398,ENSG00000165417.12,0.1912273055921927
11399,ENSG00000160471.13,0.1912174758462435
11400,ENSG00000156017.13,0.1912127793805099
11401,ENSG00000175414.7,0.19117370623220137
11402,ENSG00000168661.15,0.1911735372516531
11403,ENSG00000135018.14,0.19114871674450837
11404,ENSG00000243147.8,0.19111454808856168
11405,ENSG00000175395.16,0.19107050976673906
11406,ENSG00000225526.5,0.19105158459307642
11407,ENSG00000179331.3,0.19104501431618803
11408,ENSG00000104313.20,0.19098588466021324
11409,ENSG00000149658.18,0.19093028499592932
11410,ENSG00000119777.20,0.19092249173519749
11411,ENSG00000137960.6,0.19083705545351287
11412,ENSG00000241852.10,0.19071481969209964
11413,ENSG00000024048.11,0.19069738173705433
11414,ENSG00000166046.11,0.19069313695780493
11415,ENSG00000145725.20,0.19068902959214526
11416,ENSG00000171819.5,0.19060020096100472
11417,ENSG00000179528.16,0.1905992392260476
11418,ENSG00000035928.16,0.1905958952431877
11419,ENSG00000276234.5,0.19057456961863561
11420,ENSG00000087302.9,0.19056255911567738
11421,ENSG00000169914.6,0.19056028455646618
11422,ENSG00000175105.8,0.1905013593060786
11423,ENSG00000068383.19,0.1904886274241086
11424,ENSG00000143207.21,0.1904789573222309
11425,ENSG00000115216.14,0.190422166962554
11426,ENSG00000109193.12,0.1904216844657933
11427,ENSG00000117748.10,0.19041388317238128
11428,ENSG00000088727.13,0.1904080256206167
11429,ENSG00000281406.2,0.19039095556359992
11430,ENSG00000180787.6,0.19033563618872576
11431,ENSG00000171365.17,0.19033428472999328
11432,ENSG00000155463.14,0.19032830714073934
11433,ENSG00000091164.13,0.19030184456680974
11434,ENSG00000175213.3,0.19028542241304375
11435,ENSG00000092871.17,0.19025389026204048
11436,ENSG00000152382.6,0.1902361888545197
11437,ENSG00000125734.15,0.19021979460521554
11438,ENSG00000151338.18,0.19021238231975335
11439,ENSG00000132600.17,0.1901834721781502
11440,ENSG00000105376.5,0.1901474098235536
11441,ENSG00000052841.15,0.19011439122475696
11442,ENSG00000213676.13,0.19010175561381962
11443,ENSG00000196867.8,0.19008258994778343
11444,ENSG00000165689.17,0.19004436487309803
11445,ENSG00000116138.13,0.18998669346830052
11446,ENSG00000103111.15,0.18998177055941645
11447,ENSG00000215148.11,0.1899791470053261
11448,ENSG00000115053.17,0.1899462782267361
11449,ENSG00000093000.19,0.18994249360495943
11450,ENSG00000072121.17,0.18985308517586336
11451,ENSG00000184110.15,0.18983329638665655
11452,ENSG00000020426.11,0.18982555787440872
11453,ENSG00000134265.13,0.18979225625376164
11454,ENSG00000156140.10,0.18978524002855082
11455,ENSG00000181264.9,0.18977979480366652
11456,ENSG00000131373.15,0.18974469752070974
11457,ENSG00000101052.13,0.1897225908824817
11458,ENSG00000164332.8,0.1897162406706954
11459,ENSG00000102010.15,0.1896898137916958
11460,ENSG00000096401.8,0.1896249925100293
11461,ENSG00000177873.14,0.1895873680623448
11462,ENSG00000115761.16,0.18957598236117387
11463,ENSG00000170537.13,0.18957375591260603
11464,ENSG00000157470.12,0.18952285802568283
11465,ENSG00000075826.17,0.18940027432836476
11466,ENSG00000138674.17,0.18939415131042883
11467,ENSG00000136718.10,0.1893888621120263
11468,ENSG00000076321.11,0.18934589189081247
11469,ENSG00000118197.14,0.189344183813654
11470,ENSG00000156026.14,0.18929627872831387
11471,ENSG00000183283.16,0.18927601268921762
11472,ENSG00000136003.16,0.18927070141126248
11473,ENSG00000115540.15,0.1892646195766428
11474,ENSG00000143569.19,0.1892595464858455
11475,ENSG00000196972.9,0.18924170788430886
11476,ENSG00000143156.14,0.18923615614662667
11477,ENSG00000134343.14,0.18922226355721478
11478,ENSG00000139291.14,0.18917489736037496
11479,ENSG00000111725.11,0.18916499336879056
11480,ENSG00000159692.16,0.1891102003083411
11481,ENSG00000106638.17,0.18909563584062813
11482,ENSG00000137692.12,0.18908358186089988
11483,ENSG00000170322.14,0.1890537113522584
11484,ENSG00000008405.12,0.18898726615637618
11485,ENSG00000168488.18,0.18890715770531386
11486,ENSG00000141646.14,0.18889604050953138
11487,ENSG00000124688.14,0.18889549630040856
11488,ENSG00000100084.14,0.18888265098746093
11489,ENSG00000143393.16,0.18887876475624524
11490,ENSG00000257103.8,0.18887689137410324
11491,ENSG00000132383.12,0.18885009516932852
11492,ENSG00000105737.9,0.18883353245061332
11493,ENSG00000092140.16,0.1888326884913782
11494,ENSG00000197563.11,0.18877522806871064
11495,ENSG00000187980.7,0.18875886923337304
11496,ENSG00000130584.12,0.18875336363485407
11497,ENSG00000177733.7,0.1887445550893525
11498,ENSG00000114354.15,0.18873974217901726
11499,ENSG00000141576.16,0.18865334569929354
11500,ENSG00000155506.18,0.18861706484926388
11501,ENSG00000011198.10,0.1885855935313159
11502,ENSG00000151743.11,0.1885558616309474
11503,ENSG00000120656.12,0.18848847748957598
11504,ENSG00000106178.7,0.18847522860733018
11505,ENSG00000105939.13,0.1884197057729792
11506,ENSG00000117877.11,0.1884133890123322
11507,ENSG00000130119.17,0.18838441908803408
11508,ENSG00000125447.18,0.18834171662298105
11509,ENSG00000146463.12,0.1882922427846046
11510,ENSG00000184634.16,0.1882703780488491
11511,ENSG00000140350.15,0.18824579293555319
11512,ENSG00000182484.15,0.1882426712001994
11513,ENSG00000196458.11,0.18824170222326075
11514,ENSG00000103197.18,0.18819944449786108
11515,ENSG00000151233.11,0.1881630980595054
11516,ENSG00000161547.17,0.18816069569940091
11517,ENSG00000155329.12,0.18813929965223541
11518,ENSG00000077147.16,0.18813279559117546
11519,ENSG00000198408.14,0.18813223681607633
11520,ENSG00000128699.14,0.18810106379719813
11521,ENSG00000169251.13,0.18804211806544766
11522,ENSG00000123570.4,0.18804060324299482
11523,ENSG00000055211.14,0.1880337135187829
11524,ENSG00000137760.15,0.18803242504521317
11525,ENSG00000137824.16,0.1880305198703252
11526,ENSG00000065491.8,0.188019547119189
11527,ENSG00000182986.14,0.18801898776044262
11528,ENSG00000112365.5,0.1880104796712081
11529,ENSG00000140740.11,0.18799375733321508
11530,ENSG00000099910.17,0.18799361888417127
11531,ENSG00000197579.8,0.18798163980564364
11532,ENSG00000139154.16,0.18794359146407538
11533,ENSG00000198270.13,0.18793256180732268
11534,ENSG00000183691.6,0.18792690273871546
11535,ENSG00000136146.15,0.18786567848960814
11536,ENSG00000119231.11,0.18779486534323026
11537,ENSG00000105997.22,0.18768802958811642
11538,ENSG00000105717.14,0.1876499488155977
11539,ENSG00000128000.17,0.18764394191666284
11540,ENSG00000136936.11,0.18758784929061845
11541,ENSG00000198954.9,0.18757846427127733
11542,ENSG00000150967.18,0.1875568614815481
11543,ENSG00000185798.8,0.18750841925903108
11544,ENSG00000187533.14,0.18749196879592955
11545,ENSG00000052723.12,0.18747729729433676
11546,ENSG00000105948.13,0.18745123988518617
11547,ENSG00000176261.15,0.18744800937126074
11548,ENSG00000122224.18,0.1874063487887665
11549,ENSG00000126524.10,0.18740389735270035
11550,ENSG00000156042.18,0.18739535840244156
11551,ENSG00000014138.9,0.1873949880906378
11552,ENSG00000110076.19,0.18739283988638109
11553,ENSG00000137806.10,0.18736918535909777
11554,ENSG00000182583.12,0.1873674638888715
11555,ENSG00000135870.12,0.18735961177968705
11556,ENSG00000020922.13,0.1872859190072279
11557,ENSG00000103404.14,0.18726006193543626
11558,ENSG00000118058.23,0.18724177106199813
11559,ENSG00000204569.10,0.18718399600425623
11560,ENSG00000198160.15,0.18718209299716182
11561,ENSG00000174206.13,0.18717935105401382
11562,ENSG00000153560.12,0.1871232672160489
11563,ENSG00000113269.14,0.18711989533752232
11564,ENSG00000179071.5,0.18710675883912792
11565,ENSG00000104154.7,0.18709896307613744
11566,ENSG00000119318.13,0.1870948381067083
11567,ENSG00000198815.9,0.18706578060976295
11568,ENSG00000168763.16,0.18701953346849054
11569,ENSG00000164818.16,0.18697322269512534
11570,ENSG00000182902.14,0.18692400568530304
11571,ENSG00000136279.21,0.1868822802580239
11572,ENSG00000152457.18,0.18683113493044629
11573,ENSG00000130559.19,0.18680994821147168
11574,ENSG00000165219.22,0.18680813439888933
11575,ENSG00000117174.11,0.18679770771790818
11576,ENSG00000205403.13,0.18678241456836384
11577,ENSG00000119402.17,0.18677685462502905
11578,ENSG00000154080.14,0.18676200009993466
11579,ENSG00000188177.14,0.1867572876080706
11580,ENSG00000160013.9,0.18674687054690808
11581,ENSG00000168286.3,0.18665269803133544
11582,ENSG00000144583.5,0.18663511174317296
11583,ENSG00000178789.9,0.18663468303524827
11584,ENSG00000215041.10,0.1866121223439538
11585,ENSG00000181409.14,0.18659889896540074
11586,ENSG00000198130.16,0.18652209263451705
11587,ENSG00000077549.19,0.1864644910983397
11588,ENSG00000108651.10,0.18643649412071056
11589,ENSG00000169379.16,0.18640704336753572
11590,ENSG00000002016.18,0.18640147496063728
11591,ENSG00000198399.15,0.18638895106442616
11592,ENSG00000186765.12,0.18628129607320584
11593,ENSG00000142224.17,0.18626021662598646
11594,ENSG00000160445.11,0.1862525227046708
11595,ENSG00000057935.14,0.1862464415963068
11596,ENSG00000119912.18,0.18617020249397556
11597,ENSG00000090905.19,0.18616040088675118
11598,ENSG00000115548.17,0.18615962637882127
11599,ENSG00000163689.20,0.18613585079728312
11600,ENSG00000186866.17,0.18610391716435035
11601,ENSG00000112739.17,0.18608004234721345
11602,ENSG00000111203.13,0.1860658646787557
11603,ENSG00000178074.6,0.186062151214574
11604,ENSG00000204310.13,0.18606010543699716
11605,ENSG00000213889.10,0.18603020944683563
11606,ENSG00000156345.18,0.18602179506606165
11607,ENSG00000146802.13,0.18597310141568818
11608,ENSG00000167112.10,0.18595252585278338
11609,ENSG00000125633.11,0.1859502946167472
11610,ENSG00000158161.16,0.18591625913878637
11611,ENSG00000136870.10,0.18588940430492287
11612,ENSG00000102466.16,0.1858763948678728
11613,ENSG00000172244.9,0.18586832089588448
11614,ENSG00000154124.5,0.18586421738219788
11615,ENSG00000188786.10,0.18584290992282904
11616,ENSG00000205765.9,0.18580496124653328
11617,ENSG00000103174.13,0.18576017054537708
11618,ENSG00000155508.14,0.18573747876583815
11619,ENSG00000112146.17,0.1857127005908149
11620,ENSG00000178234.13,0.18569873728870978
11621,ENSG00000135622.13,0.18568898616254778
11622,ENSG00000138459.9,0.1856837497357779
11623,ENSG00000070367.16,0.1856758391981011
11624,ENSG00000068912.14,0.18567260512205186
11625,ENSG00000099290.17,0.1856620402636999
11626,ENSG00000137221.14,0.18566119417393248
11627,ENSG00000284691.1,0.185602171414301
11628,ENSG00000153292.16,0.18558849332512864
11629,ENSG00000123119.12,0.18554660681120805
11630,ENSG00000163466.16,0.1854919751994512
11631,ENSG00000135914.6,0.18545005303132736
11632,ENSG00000148110.16,0.1853749187552054
11633,ENSG00000175536.7,0.18537483731966944
11634,ENSG00000107929.15,0.1852777525836984
11635,ENSG00000167395.10,0.18526741802439198
11636,ENSG00000203705.11,0.1852219213335615
11637,ENSG00000165023.7,0.18519810111653093
11638,ENSG00000079313.15,0.18518835385912427
11639,ENSG00000080845.18,0.18515797464601205
11640,ENSG00000120458.13,0.18513269049345255
11641,ENSG00000164011.18,0.18512692378207984
11642,ENSG00000005100.13,0.1851123482035874
11643,ENSG00000108684.15,0.18510748437008218
11644,ENSG00000100744.15,0.1851036751589622
11645,ENSG00000136875.13,0.18504191037542458
11646,ENSG00000166189.8,0.18502738861718793
11647,ENSG00000147119.4,0.1849467074711143
11648,ENSG00000103966.11,0.18490527338908572
11649,ENSG00000164096.13,0.18488317931296566
11650,ENSG00000150048.10,0.1848410513207022
11651,ENSG00000241484.10,0.1848390550699323
11652,ENSG00000101842.14,0.18469805771817463
11653,ENSG00000188917.15,0.1846924635658235
11654,ENSG00000186660.15,0.18465237320389644
11655,ENSG00000004455.17,0.1846260008999008
11656,ENSG00000158234.12,0.1846217338865304
11657,ENSG00000176678.6,0.18461384231081784
11658,ENSG00000130528.12,0.18460442322270673
11659,ENSG00000176473.13,0.18455630645162843
11660,ENSG00000099991.18,0.1845458105751143
11661,ENSG00000099956.20,0.18453141144989835
11662,ENSG00000196159.14,0.18451427642138007
11663,ENSG00000142444.7,0.18448059756076868
11664,ENSG00000040633.13,0.18448051957269304
11665,ENSG00000146576.13,0.18446932954003625
11666,ENSG00000043514.17,0.18445817295392009
11667,ENSG00000141446.11,0.1844401331917992
11668,ENSG00000101473.17,0.1844326658994292
11669,ENSG00000198920.11,0.18442476142762376
11670,ENSG00000071626.17,0.18442130899466483
11671,ENSG00000183520.12,0.18441746898437655
11672,ENSG00000117133.11,0.18441036915040632
11673,ENSG00000135040.16,0.18439955286045032
11674,ENSG00000139990.18,0.18439524171292881
11675,ENSG00000113575.10,0.18438620957603422
11676,ENSG00000174501.14,0.1843673640015532
11677,ENSG00000163788.14,0.18436203048841973
11678,ENSG00000124608.5,0.18434099958143257
11679,ENSG00000099942.13,0.1843252709209356
11680,ENSG00000179364.14,0.18425234967607093
11681,ENSG00000172239.14,0.1842302827133155
11682,ENSG00000165349.12,0.18419212315648767
11683,ENSG00000161956.13,0.184186543560377
11684,ENSG00000164776.10,0.18418150651027257
11685,ENSG00000125122.15,0.18417515908080678
11686,ENSG00000197360.9,0.1841593765380722
11687,ENSG00000078967.13,0.18415409654615322
11688,ENSG00000089006.17,0.18415397434461453
11689,ENSG00000131931.8,0.18413372403224554
11690,ENSG00000174944.9,0.18412429331290833
11691,ENSG00000119392.15,0.18406929439865372
11692,ENSG00000145041.15,0.18405145708143403
11693,ENSG00000151470.13,0.18404226851546304
11694,ENSG00000093183.14,0.18402934839680662
11695,ENSG00000167491.17,0.1840215111241248
11696,ENSG00000109171.15,0.18401552505687052
11697,ENSG00000164935.6,0.18398104043368496
11698,ENSG00000112182.15,0.18390828070797136
11699,ENSG00000140527.15,0.1838658112019175
11700,ENSG00000178295.15,0.18385067535972274
11701,ENSG00000176055.10,0.18384910857736997
11702,ENSG00000113734.18,0.1838485790420145
11703,ENSG00000180481.11,0.18384257709811438
11704,ENSG00000162378.13,0.18381270844163267
11705,ENSG00000134851.13,0.18378193998952863
11706,ENSG00000006715.16,0.1837346993263531
11707,ENSG00000205667.3,0.183710961581106
11708,ENSG00000204947.9,0.18370938512515259
11709,ENSG00000112541.17,0.18370642051020647
11710,ENSG00000171984.15,0.18368757080071188
11711,ENSG00000185024.17,0.18366300449823525
11712,ENSG00000109083.14,0.18366054970809756
11713,ENSG00000174227.16,0.18364913569402155
11714,ENSG00000138073.14,0.18363208441082274
11715,ENSG00000007923.16,0.18359988917015005
11716,ENSG00000111880.16,0.18356930568342986
11717,ENSG00000156869.14,0.1835632685038793
11718,ENSG00000143740.14,0.183517299458704
11719,ENSG00000097007.19,0.18349646132732303
11720,ENSG00000102738.8,0.1834947188659865
11721,ENSG00000137601.17,0.18348499378209565
11722,ENSG00000177150.13,0.18343640439714146
11723,ENSG00000137876.11,0.1834039228432168
11724,ENSG00000070950.10,0.1833900589752905
11725,ENSG00000153066.13,0.1833838722782744
11726,ENSG00000160439.16,0.18338151232748082
11727,ENSG00000197136.4,0.18331700910816132
11728,ENSG00000188321.13,0.18322936176852578
11729,ENSG00000116120.11,0.18322855764053853
11730,ENSG00000167986.14,0.1832209333423091
11731,ENSG00000160216.21,0.1832031746117422
11732,ENSG00000162650.16,0.18315979735292348
11733,ENSG00000116266.11,0.18313816474410397
11734,ENSG00000160194.18,0.18308818185215348
11735,ENSG00000243156.9,0.1830830386372752
11736,ENSG00000136238.18,0.18304924804817946
11737,ENSG00000090372.15,0.1830474888355972
11738,ENSG00000157014.11,0.18302849842053728
11739,ENSG00000144635.9,0.183002877908902
11740,ENSG00000143995.20,0.18300229467119783
11741,ENSG00000170631.15,0.18298835063690788
11742,ENSG00000196209.13,0.18296992821047794
11743,ENSG00000179933.6,0.1829307088318106
11744,ENSG00000105705.16,0.18290212283107998
11745,ENSG00000185085.2,0.1828814094557339
11746,ENSG00000112619.8,0.18279518094834282
11747,ENSG00000089356.18,0.18273129944958102
11748,ENSG00000136937.13,0.1827079297125096
11749,ENSG00000163832.16,0.1826918960062775
11750,ENSG00000134452.20,0.18268557221727544
11751,ENSG00000160714.10,0.18268280214083593
11752,ENSG00000166971.17,0.1826706532322894
11753,ENSG00000134046.12,0.18266862758496613
11754,ENSG00000135972.9,0.18258950937110574
11755,ENSG00000104812.15,0.1825425639454903
11756,ENSG00000130939.20,0.1825361368248065
11757,ENSG00000164241.13,0.18245518691188292
11758,ENSG00000105821.15,0.18243102960401542
11759,ENSG00000185621.11,0.1824246265238987
11760,ENSG00000171953.16,0.18236632273162184
11761,ENSG00000112320.12,0.1823214275609576
11762,ENSG00000107951.15,0.18229438776106277
11763,ENSG00000119396.11,0.18226936203065897
11764,ENSG00000073584.20,0.18223726074360852
11765,ENSG00000254901.8,0.1822339771004936
11766,ENSG00000150433.9,0.18220414251090442
11767,ENSG00000130254.12,0.18218074078547541
11768,ENSG00000137500.9,0.1821688382038927
11769,ENSG00000204304.12,0.18215354973001224
11770,ENSG00000099992.16,0.18214394565200695
11771,ENSG00000107566.14,0.18210007102450718
11772,ENSG00000164219.10,0.18207259972709966
11773,ENSG00000205076.4,0.18206680423794852
11774,ENSG00000085511.20,0.18198120271792506
11775,ENSG00000165675.16,0.18192115323302738
11776,ENSG00000078747.16,0.18190888535658478
11777,ENSG00000103175.11,0.1818831384371037
11778,ENSG00000284024.4,0.18188249068686949
11779,ENSG00000164329.13,0.1818482776138795
11780,ENSG00000068697.7,0.1818409419479976
11781,ENSG00000196715.7,0.18180804557993777
11782,ENSG00000158691.14,0.18177573533169838
11783,ENSG00000126804.13,0.18168673163812799
11784,ENSG00000108883.13,0.18165152990921327
11785,ENSG00000136271.10,0.1816457289044546
11786,ENSG00000047056.16,0.18163022438124338
11787,ENSG00000168216.13,0.18160174519537833
11788,ENSG00000184271.17,0.18157864651988115
11789,ENSG00000175548.9,0.18151966438262843
11790,ENSG00000153147.6,0.18148826158882625
11791,ENSG00000113048.17,0.1814706541730989
11792,ENSG00000241127.8,0.1813958636427728
11793,ENSG00000137996.13,0.18139574905322084
11794,ENSG00000136935.14,0.18136346279448468
11795,ENSG00000028839.10,0.18134864638745027
11796,ENSG00000013374.16,0.1813368660588932
11797,ENSG00000085449.15,0.18128824077468375
11798,ENSG00000100056.12,0.1812764353905668
11799,ENSG00000235194.9,0.18126607862577526
11800,ENSG00000124459.12,0.18126563141438612
11801,ENSG00000022277.13,0.1812485933106407
11802,ENSG00000100354.21,0.1812206970240752
11803,ENSG00000112139.16,0.18122003584230437
11804,ENSG00000130382.9,0.18120852104683868
11805,ENSG00000213020.10,0.1810896366588457
11806,ENSG00000197062.11,0.1810504898911909
11807,ENSG00000160049.12,0.18102881462812412
11808,ENSG00000112599.9,0.18101787604431596
11809,ENSG00000145283.8,0.18099054318123942
11810,ENSG00000075303.13,0.18098177265835325
11811,ENSG00000186566.13,0.18097242999679994
11812,ENSG00000187801.15,0.18093757294758114
11813,ENSG00000101928.13,0.1808928085093491
11814,ENSG00000125895.5,0.18079124991512915
11815,ENSG00000197993.9,0.1807792558069449
11816,ENSG00000267221.3,0.18073777394842871
11817,ENSG00000142856.17,0.18073758787407257
11818,ENSG00000183291.17,0.18068674707454033
11819,ENSG00000130699.18,0.18063485401416354
11820,ENSG00000106305.10,0.1805890749663432
11821,ENSG00000196455.8,0.18051561399319957
11822,ENSG00000087299.12,0.18051128050647053
11823,ENSG00000137834.15,0.1804847331341414
11824,ENSG00000144504.15,0.1804054981334626
11825,ENSG00000147118.12,0.1804015051511174
11826,ENSG00000006194.10,0.18036768110304774
11827,ENSG00000174238.15,0.18036598645031118
11828,ENSG00000128731.18,0.18035762733491228
11829,ENSG00000151413.17,0.1803114827421158
11830,ENSG00000119242.9,0.18026138099557454
11831,ENSG00000172987.13,0.180260860765223
11832,ENSG00000232859.10,0.1802572325749687
11833,ENSG00000129472.15,0.18025490023928686
11834,ENSG00000240038.6,0.18025035144545892
11835,ENSG00000215182.8,0.18022408068008527
11836,ENSG00000157191.20,0.1801799983230025
11837,ENSG00000148297.16,0.18017667615019597
11838,ENSG00000153060.8,0.1801521392308042
11839,ENSG00000148153.14,0.18011553868336097
11840,ENSG00000166783.22,0.18004238218080912
11841,ENSG00000135314.12,0.1800255059835244
11842,ENSG00000125812.16,0.18002119557775176
11843,ENSG00000185220.12,0.1800172316733942
11844,ENSG00000161904.12,0.18001162704118812
11845,ENSG00000170248.15,0.1800109685551478
11846,ENSG00000187676.8,0.17997721515973136
11847,ENSG00000162396.6,0.17995965753972523
11848,ENSG00000168703.5,0.1799173825922731
11849,ENSG00000090612.22,0.1798760467888285
11850,ENSG00000182180.14,0.1798356439933725
11851,ENSG00000268043.7,0.17983430790360647
11852,ENSG00000147614.4,0.17981457702544004
11853,ENSG00000234719.9,0.1798022275945875
11854,ENSG00000116698.21,0.1797465324817668
11855,ENSG00000169032.10,0.17973024497216358
11856,ENSG00000196199.14,0.17970445086830097
11857,ENSG00000145375.9,0.179694257082172
11858,ENSG00000103042.9,0.17962937760127382
11859,ENSG00000063322.15,0.1795890079529518
11860,ENSG00000187555.16,0.17956904047062544
11861,ENSG00000132950.19,0.1795573282655765
11862,ENSG00000100319.13,0.17948417093562094
11863,ENSG00000136861.18,0.1794707535161989
11864,ENSG00000116752.6,0.1794206521234267
11865,ENSG00000204099.12,0.17940138653501989
11866,ENSG00000088833.17,0.17933459974846963
11867,ENSG00000116459.11,0.17931816546798826
11868,ENSG00000196505.11,0.17927826163962632
11869,ENSG00000138382.15,0.17924972170865205
11870,ENSG00000185947.15,0.17917822086714377
11871,ENSG00000176029.14,0.17916726118720622
11872,ENSG00000204231.11,0.1791480948905605
11873,ENSG00000165526.9,0.17912281750055734
11874,ENSG00000176102.13,0.17911338091431284
11875,ENSG00000143498.18,0.1790929301606053
11876,ENSG00000079974.18,0.1790666367943294
11877,ENSG00000156502.14,0.17902932204978853
11878,ENSG00000182774.13,0.17901889985385758
11879,ENSG00000075568.17,0.17900106629850682
11880,ENSG00000089091.16,0.1789937021287603
11881,ENSG00000117707.16,0.17895864833211544
11882,ENSG00000204576.12,0.17892491510406622
11883,ENSG00000063176.16,0.17887091689558718
11884,ENSG00000104885.18,0.17880394321170767
11885,ENSG00000081052.13,0.17880014561451957
11886,ENSG00000092201.10,0.1787487284578413
11887,ENSG00000173480.11,0.17872613680888857
11888,ENSG00000119401.11,0.17870528239738845
11889,ENSG00000162341.18,0.17864820290491054
11890,ENSG00000138639.18,0.17861359961105328
11891,ENSG00000147144.13,0.17861345032580234
11892,ENSG00000163635.20,0.1786112738896836
11893,ENSG00000145740.19,0.17853756855591799
11894,ENSG00000143786.8,0.1784713304706215
11895,ENSG00000105697.9,0.17841443317333966
11896,ENSG00000115661.14,0.17841442133869528
11897,ENSG00000182872.16,0.17840400854982585
11898,ENSG00000278023.7,0.17840352718154368
11899,ENSG00000122696.14,0.17838257855166534
11900,ENSG00000155827.12,0.17837476262149507
11901,ENSG00000162604.12,0.17836753244168177
11902,ENSG00000233822.4,0.17822998932102863
11903,ENSG00000132388.12,0.17822760509153018
11904,ENSG00000213139.8,0.1782046470042108
11905,ENSG00000276410.4,0.17812996275367673
11906,ENSG00000111652.10,0.17810885916047375
11907,ENSG00000062485.19,0.1780971258854341
11908,ENSG00000129493.15,0.17805650467240683
11909,ENSG00000179292.5,0.17805233175591725
11910,ENSG00000273749.5,0.17802066728133215
11911,ENSG00000107021.16,0.17802044982169724
11912,ENSG00000145907.16,0.17801104053244304
11913,ENSG00000064726.10,0.17799835110121096
11914,ENSG00000198522.14,0.17791541279482592
11915,ENSG00000125676.20,0.1779060484404427
11916,ENSG00000105879.12,0.1778985190857168
11917,ENSG00000006451.8,0.1778408307835873
11918,ENSG00000095794.19,0.17782151418630995
11919,ENSG00000132670.20,0.17781485215407444
11920,ENSG00000114503.11,0.17781323465612076
11921,ENSG00000196437.12,0.17781140250259053
11922,ENSG00000108424.11,0.17775987587207367
11923,ENSG00000270882.2,0.17774084301445658
11924,ENSG00000124214.20,0.17773270507807998
11925,ENSG00000115204.15,0.17773249409535005
11926,ENSG00000196421.8,0.17770999739655124
11927,ENSG00000152359.15,0.17763476622595434
11928,ENSG00000167182.15,0.17762962200104473
11929,ENSG00000141933.9,0.17762425112065358
11930,ENSG00000162929.14,0.17761603046690327
11931,ENSG00000143319.17,0.1775931251633643
11932,ENSG00000101191.17,0.17756059667784138
11933,ENSG00000103550.14,0.17755280391036857
11934,ENSG00000176407.18,0.17753033508949886
11935,ENSG00000147231.14,0.1775025024551549
11936,ENSG00000135093.13,0.177492919029449
11937,ENSG00000112304.11,0.17747428696173262
11938,ENSG00000172771.12,0.17747378376768622
11939,ENSG00000122068.13,0.17743302245475878
11940,ENSG00000275052.5,0.17741607102440624
11941,ENSG00000125459.17,0.17739638853225795
11942,ENSG00000196344.11,0.177330389306764
11943,ENSG00000064419.13,0.17729396875225795
11944,ENSG00000163444.12,0.17723853336910828
11945,ENSG00000127081.14,0.1771915112982188
11946,ENSG00000156599.11,0.17712276669022683
11947,ENSG00000102921.8,0.1771043157037883
11948,ENSG00000171865.10,0.1771037227582751
11949,ENSG00000196459.14,0.17709786818816645
11950,ENSG00000154358.22,0.17703335727769004
11951,ENSG00000050730.16,0.17697250681262802
11952,ENSG00000099399.6,0.17696802493064923
11953,ENSG00000159079.19,0.1769544123013822
11954,ENSG00000113716.13,0.1769489480804259
11955,ENSG00000176076.7,0.17693076380039646
11956,ENSG00000082556.14,0.17688458819059613
11957,ENSG00000196865.4,0.17688101986012253
11958,ENSG00000185104.20,0.17684033001711494
11959,ENSG00000135778.12,0.17682799619129766
11960,ENSG00000180660.8,0.17682449606967868
11961,ENSG00000130985.17,0.17677053323791583
11962,ENSG00000132773.12,0.1767666903551193
11963,ENSG00000134627.12,0.1767430515666366
11964,ENSG00000221823.11,0.17672489371551187
11965,ENSG00000083099.11,0.17668711685092703
11966,ENSG00000175376.9,0.1766762973386958
11967,ENSG00000123360.12,0.17666175920659977
11968,ENSG00000138036.18,0.17664110541180045
11969,ENSG00000115946.8,0.17662278679726653
11970,ENSG00000163714.18,0.17661521319497958
11971,ENSG00000160131.13,0.1765583012966322
11972,ENSG00000196821.10,0.17653966658221548
11973,ENSG00000166170.10,0.17646142837863524
11974,ENSG00000171885.18,0.176434285472762
11975,ENSG00000187257.16,0.17635183665105814
11976,ENSG00000129484.14,0.17631866424621298
11977,ENSG00000075711.21,0.17631434373151197
11978,ENSG00000162980.17,0.17631066092983877
11979,ENSG00000136891.14,0.1763067523387117
11980,ENSG00000159082.18,0.17630196701432477
11981,ENSG00000197153.5,0.1762906670911006
11982,ENSG00000121690.11,0.17628262820640128
11983,ENSG00000104884.16,0.17624114537019375
11984,ENSG00000185252.19,0.1761786294962961
11985,ENSG00000171448.9,0.17616882982057536
11986,ENSG00000127928.13,0.1761599958120789
11987,ENSG00000114735.10,0.17614556163370518
11988,ENSG00000123178.15,0.17612824916302783
11989,ENSG00000129480.13,0.17600517766176615
11990,ENSG00000110888.17,0.175948541915385
11991,ENSG00000101138.12,0.17594610848463008
11992,ENSG00000197771.13,0.1759254484012231
11993,ENSG00000107643.16,0.1759010811276132
11994,ENSG00000128513.16,0.17581757185559485
11995,ENSG00000085760.15,0.17581559602714156
11996,ENSG00000189064.8,0.17581315352537413
11997,ENSG00000123472.12,0.1757986964216729
11998,ENSG00000181652.19,0.17579714013488723
11999,ENSG00000168256.18,0.17575551985575052
12000,ENSG00000162129.14,0.1757283389941076
12001,ENSG00000095059.16,0.17566323345006188
12002,ENSG00000142686.8,0.1756457746952169
12003,ENSG00000161914.10,0.17560766735443895
12004,ENSG00000054967.13,0.17559467185813124
12005,ENSG00000174953.14,0.17554374163474845
12006,ENSG00000185669.6,0.17553295141163502
12007,ENSG00000169884.14,0.17549036131830542
12008,ENSG00000092094.11,0.17548097818998987
12009,ENSG00000132463.14,0.17541129591506388
12010,ENSG00000170448.12,0.17535961216019252
12011,ENSG00000092931.11,0.17531625113480942
12012,ENSG00000006607.14,0.17520214924050567
12013,ENSG00000203896.10,0.1751835873213629
12014,ENSG00000132141.14,0.1751819310552834
12015,ENSG00000182393.3,0.17516847892839962
12016,ENSG00000186111.10,0.17515610218333927
12017,ENSG00000110713.17,0.17512112242296235
12018,ENSG00000174721.10,0.17511285409196448
12019,ENSG00000198835.4,0.17505115304846044
12020,ENSG00000153975.10,0.17504669184738908
12021,ENSG00000135241.17,0.17502605711227953
12022,ENSG00000137700.18,0.17500969797932914
12023,ENSG00000188368.10,0.17500821662774044
12024,ENSG00000082515.18,0.1749821334315278
12025,ENSG00000188878.19,0.17497258804414098
12026,ENSG00000082258.13,0.17494469414050742
12027,ENSG00000111300.10,0.17493405095068973
12028,ENSG00000166912.17,0.17486918408598948
12029,ENSG00000134001.15,0.1748361691264335
12030,ENSG00000167785.9,0.1748275318521516
12031,ENSG00000261609.8,0.17480309341795006
12032,ENSG00000176386.9,0.17477993792261212
12033,ENSG00000176142.13,0.17477309694501456
12034,ENSG00000196188.12,0.17476749746420936
12035,ENSG00000100335.15,0.17470048501368568
12036,ENSG00000273611.5,0.17469349333680187
12037,ENSG00000164117.14,0.17466167801560398
12038,ENSG00000168255.20,0.17465352832346448
12039,ENSG00000154957.14,0.17459788910588867
12040,ENSG00000104228.13,0.17459263311210682
12041,ENSG00000168995.13,0.17456859926710858
12042,ENSG00000103018.17,0.17452554353620212
12043,ENSG00000139636.15,0.17446594526051884
12044,ENSG00000170632.14,0.17444052511758837
12045,ENSG00000120913.23,0.17442636742953258
12046,ENSG00000150773.11,0.1744167531662526
12047,ENSG00000243056.2,0.1744141372334557
12048,ENSG00000127463.15,0.17440764404052472
12049,ENSG00000172081.14,0.17432506123331726
12050,ENSG00000187713.7,0.17430020909047703
12051,ENSG00000253485.2,0.17428606126094384
12052,ENSG00000124383.9,0.17422617369321797
12053,ENSG00000138942.16,0.17422012609403761
12054,ENSG00000126767.18,0.17421477911804237
12055,ENSG00000008130.15,0.17420637450297044
12056,ENSG00000168827.15,0.17411668950518133
12057,ENSG00000118518.16,0.1741052076652507
12058,ENSG00000085982.14,0.17410019296461193
12059,ENSG00000188610.12,0.17408986684262182
12060,ENSG00000170260.9,0.17403899259029562
12061,ENSG00000144567.11,0.1739971964577694
12062,ENSG00000054611.14,0.17399395509394944
12063,ENSG00000103199.14,0.17393148210021195
12064,ENSG00000136710.10,0.17392298161268369
12065,ENSG00000147789.15,0.17390083243722487
12066,ENSG00000121578.13,0.17390028509039107
12067,ENSG00000121749.15,0.17387254088805532
12068,ENSG00000113648.16,0.17385192980665573
12069,ENSG00000255112.3,0.17384157868824596
12070,ENSG00000171311.13,0.17383791547411448
12071,ENSG00000163320.12,0.17382089365150732
12072,ENSG00000163807.6,0.17370016922654954
12073,ENSG00000080371.6,0.17367343422756287
12074,ENSG00000116688.18,0.1736700297376296
12075,ENSG00000083520.15,0.17365905123009515
12076,ENSG00000262246.6,0.17360072142417277
12077,ENSG00000115252.18,0.17359506453808474
12078,ENSG00000162676.12,0.1735514362212636
12079,ENSG00000169905.13,0.17351146991826258
12080,ENSG00000144120.13,0.17350623287401334
12081,ENSG00000121390.19,0.17344169229395573
12082,ENSG00000154118.13,0.17343476966902563
12083,ENSG00000155438.12,0.1734118328128721
12084,ENSG00000181333.12,0.17338604045287773
12085,ENSG00000177963.14,0.17328518534078868
12086,ENSG00000181773.7,0.17320450999429948
12087,ENSG00000168092.14,0.17317930107690346
12088,ENSG00000197647.11,0.17307384665777517
12089,ENSG00000109606.13,0.17307158465138836
12090,ENSG00000119688.21,0.17306568032485908
12091,ENSG00000166913.13,0.173018166519037
12092,ENSG00000241945.8,0.17300766566349668
12093,ENSG00000174989.13,0.1729828587952045
12094,ENSG00000198951.12,0.1729228865529425
12095,ENSG00000205464.12,0.17287876978240954
12096,ENSG00000047621.12,0.17287655863865686
12097,ENSG00000138709.19,0.17284211601569302
12098,ENSG00000267385.1,0.17282826596459794
12099,ENSG00000188868.14,0.17278258198357768
12100,ENSG00000162236.13,0.17276352964003502
12101,ENSG00000165355.7,0.17276289394163966
12102,ENSG00000144134.18,0.17273729878511307
12103,ENSG00000198354.7,0.17270707785786704
12104,ENSG00000110442.12,0.17268005938354994
12105,ENSG00000069667.16,0.17260882466899927
12106,ENSG00000100865.15,0.17257385403644443
12107,ENSG00000067606.17,0.17254566322828657
12108,ENSG00000178338.11,0.17249396550176765
12109,ENSG00000164406.8,0.17249208132360244
12110,ENSG00000117600.12,0.17248122727611825
12111,ENSG00000122592.8,0.17243125845164275
12112,ENSG00000136536.15,0.17237739456203688
12113,ENSG00000124532.15,0.1723685234680434
12114,ENSG00000260325.2,0.1723540583835597
12115,ENSG00000081386.12,0.17231593495972128
12116,ENSG00000125630.16,0.1723028084177062
12117,ENSG00000180008.9,0.17229201031026356
12118,ENSG00000188785.12,0.17223733665752244
12119,ENSG00000151502.11,0.17223540683039265
12120,ENSG00000134864.10,0.17223359205942249
12121,ENSG00000177683.14,0.17223326888285573
12122,ENSG00000105928.16,0.17222051563957932
12123,ENSG00000138433.16,0.1722160227660396
12124,ENSG00000067334.14,0.17221163111932417
12125,ENSG00000099968.18,0.17220136306335257
12126,ENSG00000113360.16,0.17212170117562586
12127,ENSG00000178802.18,0.1720855170042149
12128,ENSG00000185591.10,0.17204099040012152
12129,ENSG00000134480.16,0.17199490130910286
12130,ENSG00000089818.18,0.17195573099203573
12131,ENSG00000187778.14,0.17195572639530024
12132,ENSG00000240857.2,0.17192909776104207
12133,ENSG00000152595.16,0.1719263817724848
12134,ENSG00000164236.12,0.17191380945788165
12135,ENSG00000110583.13,0.17189733653931016
12136,ENSG00000136754.18,0.17185927811228363
12137,ENSG00000150990.8,0.17185709033686786
12138,ENSG00000081014.11,0.1718222645404992
12139,ENSG00000087903.13,0.17180513854708127
12140,ENSG00000178229.8,0.17180498026829472
12141,ENSG00000070010.19,0.1718013859965189
12142,ENSG00000125735.11,0.17178976264915277
12143,ENSG00000119929.13,0.17177710585641634
12144,ENSG00000104371.5,0.1717658064731979
12145,ENSG00000133794.20,0.17174633374704087
12146,ENSG00000164548.11,0.17174539939997863
12147,ENSG00000164654.16,0.1717025328800874
12148,ENSG00000184350.11,0.17166465569739903
12149,ENSG00000197713.15,0.17162290287300594
12150,ENSG00000133704.10,0.17160505017819783
12151,ENSG00000171469.11,0.17158055257171873
12152,ENSG00000168395.16,0.17157215064632744
12153,ENSG00000178385.15,0.17151444538082236
12154,ENSG00000263956.6,0.1715073068754789
12155,ENSG00000166484.20,0.17148026051464396
12156,ENSG00000113649.11,0.1714122982581117
12157,ENSG00000124596.17,0.17140116442575384
12158,ENSG00000123815.13,0.1713686183833601
12159,ENSG00000105771.14,0.17136804358587626
12160,ENSG00000169221.14,0.17134662510002258
12161,ENSG00000176783.15,0.17134046678783876
12162,ENSG00000213638.6,0.17132649043886872
12163,ENSG00000173145.11,0.17132542734178655
12164,ENSG00000133111.4,0.17131677187333885
12165,ENSG00000187912.12,0.17128154868302664
12166,ENSG00000163467.12,0.17119361326764435
12167,ENSG00000118733.17,0.17118545088545037
12168,ENSG00000163904.13,0.17117881117066905
12169,ENSG00000278637.2,0.17117202481322583
12170,ENSG00000179943.8,0.1710958763448428
12171,ENSG00000145331.14,0.1710916952733236
12172,ENSG00000161692.18,0.17106539544076338
12173,ENSG00000162613.17,0.17105891588532263
12174,ENSG00000169951.10,0.17101872220024084
12175,ENSG00000105058.12,0.17100913912187363
12176,ENSG00000213588.6,0.17100128560024597
12177,ENSG00000177981.11,0.17096153273465242
12178,ENSG00000136813.14,0.17089615910768466
12179,ENSG00000183655.13,0.17088732115064628
12180,ENSG00000130856.17,0.17068008832215853
12181,ENSG00000243335.10,0.17066483625825507
12182,ENSG00000181004.10,0.17065873371884302
12183,ENSG00000204344.14,0.17065750637727953
12184,ENSG00000149231.15,0.17062090586846457
12185,ENSG00000120727.13,0.17060565382625223
12186,ENSG00000106701.13,0.170547893613241
12187,ENSG00000185963.14,0.17052219582088585
12188,ENSG00000205302.7,0.17049463537745027
12189,ENSG00000121207.12,0.17043636679600724
12190,ENSG00000130810.20,0.17043586638625982
12191,ENSG00000147439.13,0.1704128816254223
12192,ENSG00000148835.11,0.17039783501343747
12193,ENSG00000074047.22,0.17037969947926343
12194,ENSG00000131051.24,0.17037223729725526
12195,ENSG00000211456.13,0.17035364600019356
12196,ENSG00000169282.18,0.17033106865778744
12197,ENSG00000213672.8,0.17026708814398148
12198,ENSG00000065000.19,0.17024456176283226
12199,ENSG00000151575.14,0.1702226110435742
12200,ENSG00000197111.16,0.17019305436365567
12201,ENSG00000168564.6,0.1701354403976853
12202,ENSG00000183570.16,0.17012660115907283
12203,ENSG00000254521.7,0.1701043668805247
12204,ENSG00000172113.9,0.1700557044099592
12205,ENSG00000135999.12,0.17000037914578942
12206,ENSG00000151067.22,0.16994357843343394
12207,ENSG00000169375.16,0.1699393872618416
12208,ENSG00000054116.12,0.16991310183287392
12209,ENSG00000160229.13,0.16989056966606447
12210,ENSG00000128829.12,0.16986824415283658
12211,ENSG00000165280.17,0.16981732505763422
12212,ENSG00000075415.13,0.16981373647044462
12213,ENSG00000113194.13,0.16981343758999315
12214,ENSG00000163605.15,0.1698043478588181
12215,ENSG00000102606.18,0.1697664570544621
12216,ENSG00000075914.13,0.16971323407300368
12217,ENSG00000140497.16,0.16966907189627514
12218,ENSG00000126775.9,0.1696335025406551
12219,ENSG00000166200.15,0.16960467596626283
12220,ENSG00000173575.22,0.16960277517139447
12221,ENSG00000137098.14,0.16953043092482287
12222,ENSG00000142748.13,0.16948690905437847
12223,ENSG00000157823.17,0.16948067669281633
12224,ENSG00000185467.7,0.1694534574723407
12225,ENSG00000006638.13,0.16945152680493994
12226,ENSG00000205060.11,0.16941209504378715
12227,ENSG00000152242.11,0.1693971321047124
12228,ENSG00000119335.17,0.16938961911183706
12229,ENSG00000162384.14,0.16936988930606886
12230,ENSG00000163995.21,0.16936496786507854
12231,ENSG00000115652.15,0.16919567258074047
12232,ENSG00000152942.19,0.16918684838585749
12233,ENSG00000178105.11,0.169174555625041
12234,ENSG00000100014.20,0.1691692477346454
12235,ENSG00000101442.10,0.16915513198740312
12236,ENSG00000092036.18,0.1691520050889091
12237,ENSG00000160679.13,0.1691446034149949
12238,ENSG00000164663.14,0.16904862477088178
12239,ENSG00000164066.13,0.16902516671585377
12240,ENSG00000149483.12,0.16901158900409483
12241,ENSG00000196975.16,0.1689926043355167
12242,ENSG00000181873.13,0.16898883441121268
12243,ENSG00000175093.5,0.16898518588223987
12244,ENSG00000170468.8,0.16897280717436083
12245,ENSG00000113845.10,0.16888818122228244
12246,ENSG00000165195.16,0.16883967235798378
12247,ENSG00000130270.16,0.16876235852105756
12248,ENSG00000215717.7,0.16875664084156136
12249,ENSG00000189114.8,0.16872707613069643
12250,ENSG00000130772.14,0.16872652880542616
12251,ENSG00000213390.11,0.16869936551954792
12252,ENSG00000055130.17,0.16866551881704292
12253,ENSG00000184786.6,0.16865636416006308
12254,ENSG00000089847.12,0.1685917595983642
12255,ENSG00000183431.12,0.1685897325044377
12256,ENSG00000164306.11,0.16858519510631267
12257,ENSG00000158019.21,0.16856670088107498
12258,ENSG00000175595.15,0.16853998170819948
12259,ENSG00000117543.21,0.1685314467693389
12260,ENSG00000078549.15,0.16840287819896851
12261,ENSG00000196470.12,0.16839913386753091
12262,ENSG00000119977.21,0.16838855806141398
12263,ENSG00000186230.7,0.16835533452417423
12264,ENSG00000172845.17,0.1682679319425697
12265,ENSG00000108094.16,0.16826693603061
12266,ENSG00000170949.17,0.16821823983930415
12267,ENSG00000116030.17,0.16821423308575306
12268,ENSG00000078699.22,0.16819345859693335
12269,ENSG00000164631.19,0.16815957526174444
12270,ENSG00000116922.14,0.16809171802080056
12271,ENSG00000133193.12,0.16805239020888188
12272,ENSG00000113068.10,0.1680363534555021
12273,ENSG00000171262.11,0.16802699873637908
12274,ENSG00000178363.5,0.16800212832269726
12275,ENSG00000100226.16,0.16796558336180037
12276,ENSG00000113141.18,0.16794994616829162
12277,ENSG00000150776.18,0.16794655093895597
12278,ENSG00000091157.14,0.16785729365208968
12279,ENSG00000189195.15,0.16783352796681006
12280,ENSG00000141499.17,0.16783307680577597
12281,ENSG00000165861.14,0.16781881032885873
12282,ENSG00000154845.16,0.1678058311098005
12283,ENSG00000198742.10,0.16780161876378594
12284,ENSG00000072062.15,0.16779249057832163
12285,ENSG00000141404.17,0.16777550954499446
12286,ENSG00000058600.16,0.16777109951180597
12287,ENSG00000173914.12,0.16776790989853124
12288,ENSG00000100314.4,0.16772751771403427
12289,ENSG00000160055.20,0.16771797033763686
12290,ENSG00000101391.21,0.16769444775731335
12291,ENSG00000111540.16,0.16768157760829164
12292,ENSG00000115866.11,0.1676806252696081
12293,ENSG00000161204.11,0.1676743402862302
12294,ENSG00000105732.13,0.16767088283463127
12295,ENSG00000158805.12,0.16764681908604664
12296,ENSG00000128708.13,0.16761689839428498
12297,ENSG00000123268.9,0.1675731417941702
12298,ENSG00000135414.10,0.16756820131439848
12299,ENSG00000032389.13,0.16753836627240926
12300,ENSG00000107864.15,0.16753469318570938
12301,ENSG00000197782.14,0.16750788561340543
12302,ENSG00000177875.5,0.16747270524278363
12303,ENSG00000108788.12,0.16746859436040484
12304,ENSG00000065802.12,0.16745321134515004
12305,ENSG00000164180.14,0.16736416636864304
12306,ENSG00000196072.12,0.16733380551744165
12307,ENSG00000152193.8,0.16730429126021226
12308,ENSG00000006611.17,0.1673008435502441
12309,ENSG00000131043.12,0.16722774657486195
12310,ENSG00000221818.9,0.167177312002342
12311,ENSG00000100519.12,0.16717396759411696
12312,ENSG00000129460.16,0.16713219485276257
12313,ENSG00000119878.6,0.16712444512240432
12314,ENSG00000100109.17,0.16706185931990736
12315,ENSG00000122787.15,0.16702606609753898
12316,ENSG00000188277.10,0.16700952052841547
12317,ENSG00000119283.15,0.16698221366830449
12318,ENSG00000084072.17,0.1669816336620995
12319,ENSG00000172765.17,0.16685319767114587
12320,ENSG00000177707.11,0.16683180505329356
12321,ENSG00000118276.11,0.16682619045875513
12322,ENSG00000124574.15,0.16675756974136463
12323,ENSG00000120688.9,0.16662662319722435
12324,ENSG00000160145.15,0.16662591748051958
12325,ENSG00000151779.13,0.16659795343415026
12326,ENSG00000189182.10,0.16659057254643378
12327,ENSG00000132842.14,0.1665560827161335
12328,ENSG00000178974.10,0.1665081876115402
12329,ENSG00000155034.19,0.16649945584333778
12330,ENSG00000149474.14,0.16649535923342365
12331,ENSG00000137200.13,0.16644035141908775
12332,ENSG00000136738.15,0.16641497616921533
12333,ENSG00000080815.19,0.1663670634335693
12334,ENSG00000135932.11,0.1663554682278048
12335,ENSG00000105700.11,0.16634334325857936
12336,ENSG00000175691.9,0.16624894161983836
12337,ENSG00000134330.19,0.16623440910098627
12338,ENSG00000140299.13,0.1661857748694109
12339,ENSG00000163738.18,0.16617943511248423
12340,ENSG00000167720.13,0.1661685797563549
12341,ENSG00000125818.18,0.16615695939460345
12342,ENSG00000067048.17,0.16614881776831159
12343,ENSG00000124523.16,0.1661338788712835
12344,ENSG00000197056.11,0.1661298026150625
12345,ENSG00000135315.12,0.16612895851389703
12346,ENSG00000132664.12,0.16612885989910736
12347,ENSG00000114739.14,0.16610717787241022
12348,ENSG00000110851.12,0.16604695964021177
12349,ENSG00000146063.20,0.16603915010326784
12350,ENSG00000165055.16,0.16599401365422836
12351,ENSG00000247746.4,0.16599373769401474
12352,ENSG00000141127.15,0.16598761671841583
12353,ENSG00000278463.2,0.16591344887124682
12354,ENSG00000126107.15,0.16587397375871155
12355,ENSG00000140598.15,0.1658584848700497
12356,ENSG00000268940.5,0.16585438011493187
12357,ENSG00000196236.13,0.16583576038186132
12358,ENSG00000088205.13,0.16583334844994804
12359,ENSG00000274618.2,0.16581367198440555
12360,ENSG00000147050.16,0.16580272449539205
12361,ENSG00000139726.11,0.1657938612586665
12362,ENSG00000113621.15,0.1657879365835214
12363,ENSG00000158290.18,0.16570027132414
12364,ENSG00000198793.13,0.1656922468658879
12365,ENSG00000087263.17,0.165571837969684
12366,ENSG00000105723.13,0.16550680110876634
12367,ENSG00000138399.18,0.16545444424557573
12368,ENSG00000163810.12,0.16544477349426065
12369,ENSG00000184226.15,0.16537611708242927
12370,ENSG00000168310.11,0.16532305670033343
12371,ENSG00000139746.16,0.1653027577346041
12372,ENSG00000109794.13,0.16528780104645222
12373,ENSG00000011143.19,0.16528700877601385
12374,ENSG00000111752.11,0.16525360757647772
12375,ENSG00000158435.8,0.16524103273943622
12376,ENSG00000140650.12,0.1651734355558277
12377,ENSG00000114982.19,0.16515479660332047
12378,ENSG00000124782.20,0.16515398636102915
12379,ENSG00000197555.9,0.16513721650157281
12380,ENSG00000122203.15,0.16511422735695705
12381,ENSG00000109775.11,0.16509575073930613
12382,ENSG00000115486.12,0.16508498009670078
12383,ENSG00000111181.12,0.16508439688378274
12384,ENSG00000162642.14,0.1650650383210137
12385,ENSG00000213024.12,0.16505724634160984
12386,ENSG00000249158.7,0.16505319844620206
12387,ENSG00000122966.17,0.16502960081158868
12388,ENSG00000088970.16,0.16501733073146188
12389,ENSG00000081019.13,0.16500849753859473
12390,ENSG00000127526.15,0.16495792137759263
12391,ENSG00000204463.13,0.1649231717496701
12392,ENSG00000036054.13,0.16486358371341767
12393,ENSG00000152147.11,0.1648520908698734
12394,ENSG00000168813.17,0.1647868785406533
12395,ENSG00000196233.14,0.16478196674876575
12396,ENSG00000101901.12,0.16476547238864384
12397,ENSG00000068654.16,0.16476334813187637
12398,ENSG00000138750.15,0.1647335642795072
12399,ENSG00000133422.14,0.1647316645776737
12400,ENSG00000232040.4,0.1646826983231276
12401,ENSG00000214756.8,0.16466132338559702
12402,ENSG00000214782.7,0.16463986889289361
12403,ENSG00000172046.19,0.16462774552028897
12404,ENSG00000183475.13,0.16461174919760752
12405,ENSG00000167523.14,0.16459851052823585
12406,ENSG00000119737.6,0.16458386190036584
12407,ENSG00000232593.7,0.16457619818468971
12408,ENSG00000091010.6,0.16457129373517798
12409,ENSG00000235034.7,0.16456587898168817
12410,ENSG00000134717.18,0.16456503564982547
12411,ENSG00000183718.5,0.16453932582032138
12412,ENSG00000099917.17,0.16451097204127146
12413,ENSG00000180104.16,0.1644440179733445
12414,ENSG00000134532.19,0.16441979180966926
12415,ENSG00000196981.4,0.16440147512075157
12416,ENSG00000136816.16,0.16439213354836374
12417,ENSG00000185946.16,0.16438789553983243
12418,ENSG00000179826.7,0.16438287192421602
12419,ENSG00000183850.14,0.16436263469328913
12420,ENSG00000177646.19,0.16435850798025117
12421,ENSG00000159733.14,0.16435659024935073
12422,ENSG00000100532.12,0.1643348466843833
12423,ENSG00000101811.14,0.164327152642276
12424,ENSG00000101574.15,0.1643219527599286
12425,ENSG00000141034.10,0.164307844838941
12426,ENSG00000116273.6,0.1642718147657426
12427,ENSG00000184939.16,0.1642605893428456
12428,ENSG00000155893.13,0.1642475690811479
12429,ENSG00000153786.13,0.16421832289885166
12430,ENSG00000161202.20,0.16421672726484413
12431,ENSG00000108219.15,0.16420451240225392
12432,ENSG00000267508.6,0.1641703579447917
12433,ENSG00000126790.12,0.1641674472109439
12434,ENSG00000087269.16,0.1641466544805187
12435,ENSG00000176148.16,0.16407719884090524
12436,ENSG00000144909.8,0.16405566334114305
12437,ENSG00000128578.10,0.16399475630195778
12438,ENSG00000187147.18,0.16399124785389216
12439,ENSG00000114416.18,0.16395098156264465
12440,ENSG00000041802.11,0.16388892078200107
12441,ENSG00000156256.15,0.16380539681667536
12442,ENSG00000119414.12,0.1637928779726997
12443,ENSG00000101844.18,0.16373159396499237
12444,ENSG00000126012.12,0.1637266986035133
12445,ENSG00000103264.18,0.1636874460841648
12446,ENSG00000204624.8,0.16367250363192873
12447,ENSG00000144580.14,0.16366466597405022
12448,ENSG00000125875.14,0.16366304829036912
12449,ENSG00000127080.10,0.16366262394238212
12450,ENSG00000181315.11,0.16362480474032862
12451,ENSG00000125618.17,0.16362223002788157
12452,ENSG00000070770.10,0.1636044857231511
12453,ENSG00000196504.19,0.16360303371729626
12454,ENSG00000105750.15,0.16359495667039092
12455,ENSG00000179134.15,0.16353437901129375
12456,ENSG00000082701.17,0.16353256190859944
12457,ENSG00000151065.14,0.16352365260650034
12458,ENSG00000144445.17,0.16351065965391284
12459,ENSG00000133606.11,0.1634676129853176
12460,ENSG00000160633.13,0.1634300970464259
12461,ENSG00000117408.11,0.1633886393799381
12462,ENSG00000215301.11,0.1633530191511483
12463,ENSG00000129317.15,0.16331637962828086
12464,ENSG00000107560.12,0.1632867981908428
12465,ENSG00000105968.19,0.1632690195373475
12466,ENSG00000120709.11,0.16325278498125265
12467,ENSG00000137261.14,0.16324605010882615
12468,ENSG00000160318.6,0.16321381663860574
12469,ENSG00000076513.17,0.16320117132257594
12470,ENSG00000103091.15,0.16320072048739484
12471,ENSG00000185681.13,0.16318864619142193
12472,ENSG00000184517.12,0.16318366104453558
12473,ENSG00000154727.11,0.16314635762432783
12474,ENSG00000101680.15,0.16309963378543302
12475,ENSG00000169359.16,0.16309516696019005
12476,ENSG00000146587.18,0.16307970492399032
12477,ENSG00000116819.8,0.16304038951836908
12478,ENSG00000227345.8,0.1630392023136549
12479,ENSG00000160058.19,0.16301351143399906
12480,ENSG00000204138.13,0.16298172530842983
12481,ENSG00000100941.9,0.16290313112306398
12482,ENSG00000244219.7,0.16290286151664063
12483,ENSG00000163006.12,0.16287843833746407
12484,ENSG00000124279.12,0.16287326779882566
12485,ENSG00000177990.12,0.1628488981047584
12486,ENSG00000168944.17,0.16284851151943983
12487,ENSG00000146350.14,0.16279459469754207
12488,ENSG00000168806.8,0.16278058968960027
12489,ENSG00000168517.10,0.16277266446143454
12490,ENSG00000109184.15,0.16260755520431916
12491,ENSG00000197181.12,0.1625957277766795
12492,ENSG00000163785.13,0.16255658061450765
12493,ENSG00000066135.13,0.16255607865870533
12494,ENSG00000140265.12,0.16238261462178327
12495,ENSG00000197798.9,0.16238121567784847
12496,ENSG00000167302.11,0.16237583747455386
12497,ENSG00000090432.7,0.16231711366289536
12498,ENSG00000170222.12,0.16229057130228464
12499,ENSG00000123444.14,0.16226415367607716
12500,ENSG00000132153.15,0.16218940968485807
12501,ENSG00000110429.14,0.16213657116522542
12502,ENSG00000129197.14,0.16206400542540972
12503,ENSG00000087365.16,0.16204133152011166
12504,ENSG00000115750.17,0.16204071611429563
12505,ENSG00000145016.16,0.16202834114501802
12506,ENSG00000174740.8,0.16199204860728064
12507,ENSG00000123427.17,0.1619613952473018
12508,ENSG00000100982.12,0.16191904118821884
12509,ENSG00000105829.13,0.16190148672339613
12510,ENSG00000137656.12,0.16184723691261124
12511,ENSG00000204120.16,0.16183976090225366
12512,ENSG00000148840.11,0.16182471928479134
12513,ENSG00000128973.13,0.16179983189115674
12514,ENSG00000263874.2,0.16179725489536695
12515,ENSG00000253953.3,0.16176620462531544
12516,ENSG00000144036.16,0.16176137159068554
12517,ENSG00000074266.22,0.16175460608359213
12518,ENSG00000105576.15,0.16173532364349857
12519,ENSG00000121350.16,0.16168916385265006
12520,ENSG00000166736.11,0.16166566411443375
12521,ENSG00000142065.14,0.16166281030448892
12522,ENSG00000113119.13,0.16166129349529637
12523,ENSG00000204611.7,0.16166117213324321
12524,ENSG00000178031.17,0.16165083385930767
12525,ENSG00000115459.18,0.16164588139657607
12526,ENSG00000164438.6,0.1615759747189788
12527,ENSG00000078369.18,0.16154898253009614
12528,ENSG00000259120.3,0.16149092888610408
12529,ENSG00000198060.10,0.16148012746987472
12530,ENSG00000206384.10,0.1614473574247965
12531,ENSG00000182831.12,0.16135581761437826
12532,ENSG00000094914.14,0.16134947087487578
12533,ENSG00000265491.5,0.1612967697921427
12534,ENSG00000106635.8,0.16123710853712775
12535,ENSG00000111790.14,0.16123703763138175
12536,ENSG00000204977.10,0.16122751307248148
12537,ENSG00000114784.4,0.16122136914393806
12538,ENSG00000119778.15,0.1612197559757614
12539,ENSG00000197937.13,0.16118680638645455
12540,ENSG00000016864.18,0.16116254005969216
12541,ENSG00000262165.2,0.161138391577938
12542,ENSG00000125952.20,0.16110781534820276
12543,ENSG00000171724.3,0.16106609933636834
12544,ENSG00000147996.16,0.1610364249848414
12545,ENSG00000168612.4,0.1610363063875191
12546,ENSG00000110693.18,0.16100153156566122
12547,ENSG00000168887.11,0.16099980311752118
12548,ENSG00000155330.10,0.1609886047583618
12549,ENSG00000116668.13,0.16097941356228965
12550,ENSG00000177663.14,0.16095925547744364
12551,ENSG00000151422.13,0.16095363634740595
12552,ENSG00000149548.15,0.16092217939434827
12553,ENSG00000163930.10,0.16089566525534904
12554,ENSG00000229833.10,0.16087755385102476
12555,ENSG00000197084.5,0.16084521030234433
12556,ENSG00000176953.12,0.16082834067860383
12557,ENSG00000103248.19,0.16082806607590955
12558,ENSG00000172461.11,0.1608225189829735
12559,ENSG00000166716.10,0.16080894709811686
12560,ENSG00000180998.12,0.16078808244923015
12561,ENSG00000113552.16,0.16076638413407962
12562,ENSG00000180089.6,0.1607090512164252
12563,ENSG00000198231.13,0.16069806960276276
12564,ENSG00000142961.15,0.1606971173144017
12565,ENSG00000174891.13,0.16069703071530045
12566,ENSG00000165416.15,0.16069430058013806
12567,ENSG00000151148.14,0.16069376261965637
12568,ENSG00000214872.8,0.16066230894112096
12569,ENSG00000148606.13,0.16065840718942476
12570,ENSG00000181929.13,0.16065776061785209
12571,ENSG00000275126.2,0.160651833491512
12572,ENSG00000115524.17,0.1606438438447952
12573,ENSG00000170191.5,0.16059254196091494
12574,ENSG00000170374.6,0.16058481926451112
12575,ENSG00000104131.13,0.16052081751982883
12576,ENSG00000157881.16,0.16051683038042536
12577,ENSG00000196705.8,0.16051329996791056
12578,ENSG00000074803.20,0.16047111040318215
12579,ENSG00000180376.17,0.1604665325574086
12580,ENSG00000079387.14,0.16045633903733644
12581,ENSG00000196646.12,0.16042883076615408
12582,ENSG00000164532.11,0.1603877224967087
12583,ENSG00000174839.13,0.16036331833514403
12584,ENSG00000175697.11,0.16035841534245243
12585,ENSG00000153391.16,0.1603557675834047
12586,ENSG00000163541.12,0.16035112606524984
12587,ENSG00000023572.10,0.1603392951471705
12588,ENSG00000183833.16,0.16032830600090348
12589,ENSG00000163291.14,0.16022644557477952
12590,ENSG00000183862.5,0.16020243513073634
12591,ENSG00000128203.7,0.1601409785521918
12592,ENSG00000118473.22,0.1600806824490697
12593,ENSG00000196968.11,0.16004076483786586
12594,ENSG00000171466.10,0.16003006706138403
12595,ENSG00000204572.10,0.15999987659032522
12596,ENSG00000084733.11,0.15997375649941936
12597,ENSG00000174243.10,0.1599620479305551
12598,ENSG00000099617.4,0.15993943365915073
12599,ENSG00000054282.16,0.15989140483665004
12600,ENSG00000186376.15,0.1598851352801005
12601,ENSG00000145817.17,0.15987088613205067
12602,ENSG00000116882.15,0.15981791630793118
12603,ENSG00000157426.14,0.15980018603388904
12604,ENSG00000128915.12,0.15979923191487225
12605,ENSG00000157764.14,0.15978434123463983
12606,ENSG00000154262.13,0.1597514324399446
12607,ENSG00000100483.14,0.1597169185519481
12608,ENSG00000089682.16,0.1595780673206541
12609,ENSG00000101216.11,0.15954393182817656
12610,ENSG00000066422.5,0.15954362180953008
12611,ENSG00000139180.11,0.15953577059628857
12612,ENSG00000163803.13,0.1595074061082057
12613,ENSG00000044446.12,0.15948493499987276
12614,ENSG00000062194.16,0.1594427727801034
12615,ENSG00000165714.11,0.15942402134267492
12616,ENSG00000188735.13,0.15938455729070736
12617,ENSG00000181007.9,0.15934553871168677
12618,ENSG00000186844.6,0.15934118772788036
12619,ENSG00000145833.16,0.15932048130919305
12620,ENSG00000164253.14,0.15928019622188944
12621,ENSG00000144895.12,0.1592741403250188
12622,ENSG00000068438.15,0.15926586877438914
12623,ENSG00000140612.14,0.15921695016462475
12624,ENSG00000181350.12,0.1592117518368211
12625,ENSG00000114520.11,0.15920960210675902
12626,ENSG00000144566.11,0.15920177475233546
12627,ENSG00000129071.10,0.15920072947047506
12628,ENSG00000132128.16,0.15919243996489266
12629,ENSG00000162231.14,0.1591543066146419
12630,ENSG00000067596.12,0.15908356475173072
12631,ENSG00000138107.13,0.15904471113828644
12632,ENSG00000221909.3,0.1589696807719078
12633,ENSG00000110619.18,0.1589408397510042
12634,ENSG00000084090.13,0.1589310340226705
12635,ENSG00000139323.14,0.1589223300380369
12636,ENSG00000116833.14,0.1588949079298654
12637,ENSG00000089723.10,0.1588841716422394
12638,ENSG00000149922.11,0.15886994563331816
12639,ENSG00000115317.12,0.15885696469627675
12640,ENSG00000198203.10,0.15885350714310342
12641,ENSG00000100425.18,0.15884859119975908
12642,ENSG00000198841.4,0.158821768509887
12643,ENSG00000197302.10,0.15881388250468606
12644,ENSG00000138385.16,0.1588050495956401
12645,ENSG00000070785.17,0.15878326385496982
12646,ENSG00000105479.16,0.1586939993862897
12647,ENSG00000158163.15,0.1586590318596074
12648,ENSG00000272886.6,0.158631596593561
12649,ENSG00000164603.12,0.15861290346375306
12650,ENSG00000186867.11,0.15861230366374796
12651,ENSG00000144524.18,0.15859702362647762
12652,ENSG00000107758.16,0.1585816629644747
12653,ENSG00000095319.14,0.1585525248709107
12654,ENSG00000137274.13,0.15851300169869462
12655,ENSG00000079805.18,0.15850798189909204
12656,ENSG00000119682.17,0.158495784885348
12657,ENSG00000136897.8,0.15846692321170955
12658,ENSG00000161048.11,0.15845339735246664
12659,ENSG00000241258.7,0.15845129469222724
12660,ENSG00000143633.13,0.1584469129717007
12661,ENSG00000146414.16,0.15842377336319388
12662,ENSG00000097033.14,0.15841224992976194
12663,ENSG00000092330.18,0.15837113294094696
12664,ENSG00000079950.14,0.15835364485707484
12665,ENSG00000204851.7,0.15834919211308493
12666,ENSG00000173930.9,0.15834653733031367
12667,ENSG00000168546.11,0.15831666312396264
12668,ENSG00000167634.12,0.1582695329404617
12669,ENSG00000119596.18,0.1582551510273789
12670,ENSG00000186471.13,0.15823407989958038
12671,ENSG00000105447.13,0.15817688535052352
12672,ENSG00000117569.19,0.15817408479262904
12673,ENSG00000168883.20,0.15805088042657184
12674,ENSG00000233954.6,0.1580022386164436
12675,ENSG00000172878.14,0.1579739472922886
12676,ENSG00000169684.13,0.15789331714135377
12677,ENSG00000128534.8,0.15787555215721022
12678,ENSG00000112659.14,0.1578452802106093
12679,ENSG00000028310.18,0.15782740448883972
12680,ENSG00000225828.1,0.15782396538883187
12681,ENSG00000139977.14,0.15776111343502425
12682,ENSG00000153976.3,0.15774945969489446
12683,ENSG00000147576.17,0.15774789496654315
12684,ENSG00000183598.4,0.15773675847226679
12685,ENSG00000134186.12,0.15769374678782835
12686,ENSG00000096093.16,0.15763362696964336
12687,ENSG00000196588.20,0.15756872943238318
12688,ENSG00000111237.19,0.1575602783424645
12689,ENSG00000177202.3,0.15753370388355162
12690,ENSG00000011454.18,0.15753301671087375
12691,ENSG00000142039.4,0.15748658631120638
12692,ENSG00000068796.19,0.1574826773959108
12693,ENSG00000148384.14,0.15747215775674708
12694,ENSG00000182858.14,0.157434451361485
12695,ENSG00000074054.20,0.15732691185326111
12696,ENSG00000196466.10,0.15732225592967716
12697,ENSG00000115850.10,0.15732224230488473
12698,ENSG00000111254.8,0.15730606604161196
12699,ENSG00000131381.12,0.15728388860023576
12700,ENSG00000265681.7,0.15723242511033028
12701,ENSG00000140057.9,0.15721038955847672
12702,ENSG00000172939.9,0.15713261931605668
12703,ENSG00000134748.13,0.1571238273543713
12704,ENSG00000120798.17,0.1570684874667411
12705,ENSG00000087274.17,0.15706231005079868
12706,ENSG00000082516.9,0.15699892071853908
12707,ENSG00000182103.5,0.15699720601423772
12708,ENSG00000127955.17,0.15699466177411506
12709,ENSG00000165506.15,0.15698584236000718
12710,ENSG00000283787.2,0.15691530160843173
12711,ENSG00000167842.16,0.15689248557229438
12712,ENSG00000204619.8,0.15684432607540819
12713,ENSG00000136169.16,0.15684137090102535
12714,ENSG00000224940.9,0.15683791253252527
12715,ENSG00000196510.12,0.15683403888219544
12716,ENSG00000122882.11,0.15682314720296353
12717,ENSG00000173548.9,0.15678317804567832
12718,ENSG00000175556.17,0.15677977321640033
12719,ENSG00000177108.5,0.1567650593060687
12720,ENSG00000205531.13,0.15670381426022958
12721,ENSG00000100601.10,0.15670216594329062
12722,ENSG00000130640.13,0.15668840107396345
12723,ENSG00000075035.10,0.1566777046082346
12724,ENSG00000099308.10,0.15666904774359167
12725,ENSG00000154001.14,0.15663297831762377
12726,ENSG00000140694.17,0.15653088091522463
12727,ENSG00000060339.14,0.15652179490682536
12728,ENSG00000242259.9,0.15652134267278378
12729,ENSG00000216588.9,0.15648563282636588
12730,ENSG00000185787.15,0.15646701271320315
12731,ENSG00000149182.15,0.1564353638643468
12732,ENSG00000077721.16,0.15642009410972899
12733,ENSG00000166860.3,0.15639628037695796
12734,ENSG00000085382.12,0.15636139611969901
12735,ENSG00000124786.12,0.1563566027812798
12736,ENSG00000050030.16,0.1563437045899406
12737,ENSG00000115364.14,0.15632561076104728
12738,ENSG00000135898.10,0.15631829039350892
12739,ENSG00000183726.11,0.15627405913108894
12740,ENSG00000141622.14,0.15621667211195273
12741,ENSG00000158411.11,0.15620221820072197
12742,ENSG00000144834.14,0.15619972859889186
12743,ENSG00000168288.13,0.15619731120900768
12744,ENSG00000166986.15,0.15617677986999437
12745,ENSG00000196371.3,0.15617547365206932
12746,ENSG00000111231.9,0.15617497125179605
12747,ENSG00000167083.7,0.15617316390019909
12748,ENSG00000088038.19,0.15615295489343478
12749,ENSG00000148719.15,0.15613819196156087
12750,ENSG00000123352.18,0.15612289313221372
12751,ENSG00000204428.12,0.15612174313534083
12752,ENSG00000156564.9,0.1560942895174723
12753,ENSG00000144026.12,0.1560920762324263
12754,ENSG00000204764.14,0.15606615799642737
12755,ENSG00000173868.12,0.1560560824695946
12756,ENSG00000090487.11,0.15604281174791312
12757,ENSG00000137815.14,0.15601280303733867
12758,ENSG00000180098.9,0.15599723815739344
12759,ENSG00000136383.7,0.15597789119560268
12760,ENSG00000116350.17,0.15591988599104806
12761,ENSG00000055917.16,0.15588477157087882
12762,ENSG00000138336.9,0.15587389294898418
12763,ENSG00000159885.14,0.1558019862782246
12764,ENSG00000183621.15,0.15575417378983603
12765,ENSG00000164284.15,0.1557360650765377
12766,ENSG00000105323.17,0.15572649718589987
12767,ENSG00000111615.14,0.15572303237268295
12768,ENSG00000160563.14,0.15566177450786878
12769,ENSG00000136699.19,0.15563829535299453
12770,ENSG00000189233.12,0.15555737614313847
12771,ENSG00000177453.7,0.15554687690620575
12772,ENSG00000165934.13,0.15547725077271246
12773,ENSG00000188803.15,0.15546324305132891
12774,ENSG00000150991.15,0.15542617297871877
12775,ENSG00000164182.12,0.15541664799355773
12776,ENSG00000241058.4,0.1554107665611432
12777,ENSG00000083093.10,0.15540385892520794
12778,ENSG00000213988.11,0.15536758395462097
12779,ENSG00000204954.10,0.15533048246674283
12780,ENSG00000087237.12,0.1553040781137608
12781,ENSG00000075188.9,0.15529973081356607
12782,ENSG00000145354.12,0.15529427801446705
12783,ENSG00000157087.20,0.15517424329656215
12784,ENSG00000197362.15,0.15517124056295117
12785,ENSG00000185002.10,0.15513754327713278
12786,ENSG00000084652.16,0.15509571487617024
12787,ENSG00000085832.17,0.15507461916162907
12788,ENSG00000161021.13,0.15499484668949234
12789,ENSG00000250305.9,0.15497499874328102
12790,ENSG00000137770.14,0.15497086103760346
12791,ENSG00000066136.20,0.15491378740656844
12792,ENSG00000110696.10,0.15488707061765322
12793,ENSG00000013503.10,0.15485188653884968
12794,ENSG00000168081.9,0.15482125995360935
12795,ENSG00000237765.8,0.15481040292767123
12796,ENSG00000176988.9,0.15477584185370977
12797,ENSG00000084092.7,0.1547714412882647
12798,ENSG00000136143.16,0.15476768865275942
12799,ENSG00000120949.15,0.1547585644847835
12800,ENSG00000065970.9,0.15475117006031422
12801,ENSG00000142549.9,0.1547169966190467
12802,ENSG00000107745.19,0.15464919544232408
12803,ENSG00000148660.20,0.15464342067828993
12804,ENSG00000163463.13,0.15463499611866438
12805,ENSG00000185115.6,0.15461201658720675
12806,ENSG00000136404.16,0.15459161424078435
12807,ENSG00000198663.17,0.15454280170158124
12808,ENSG00000186458.5,0.15449338819475503
12809,ENSG00000124019.10,0.15448945624067675
12810,ENSG00000138279.16,0.15440397883872184
12811,ENSG00000111727.12,0.15436464687780793
12812,ENSG00000143889.16,0.15432284350440914
12813,ENSG00000198001.14,0.1542945247868568
12814,ENSG00000104643.10,0.154283405604311
12815,ENSG00000144736.14,0.15428141350246077
12816,ENSG00000033800.14,0.15427560343969296
12817,ENSG00000129159.9,0.15427409035884293
12818,ENSG00000011523.14,0.15426897107028034
12819,ENSG00000119707.14,0.15421074038367003
12820,ENSG00000141098.13,0.15415098081110332
12821,ENSG00000165985.10,0.15414468746984417
12822,ENSG00000272196.2,0.1541389971972967
12823,ENSG00000150722.10,0.15413603767392972
12824,ENSG00000204256.14,0.15410702490042108
12825,ENSG00000141867.18,0.15408043323013074
12826,ENSG00000236279.7,0.15406152919283742
12827,ENSG00000144043.12,0.1540517875624276
12828,ENSG00000152219.5,0.15401103462997406
12829,ENSG00000091542.9,0.15400519359872236
12830,ENSG00000166181.13,0.15399144407919654
12831,ENSG00000075336.12,0.15395640338819505
12832,ENSG00000092847.13,0.1539063141119637
12833,ENSG00000164007.11,0.1538949253608471
12834,ENSG00000187808.5,0.15387282529053106
12835,ENSG00000179148.10,0.15384899436963484
12836,ENSG00000180999.11,0.1538367380145926
12837,ENSG00000167699.13,0.15375893056968948
12838,ENSG00000055070.17,0.15369059905360768
12839,ENSG00000120071.15,0.15366072625058874
12840,ENSG00000119041.11,0.153655705187501
12841,ENSG00000146457.16,0.15364680587234278
12842,ENSG00000087338.5,0.15357063720984945
12843,ENSG00000161654.10,0.1535698119858157
12844,ENSG00000167261.14,0.15356055372642893
12845,ENSG00000168818.10,0.15355918470286134
12846,ENSG00000138592.14,0.15355546702673858
12847,ENSG00000151353.15,0.15355059586978134
12848,ENSG00000184787.19,0.15351793366413913
12849,ENSG00000107960.11,0.15350548735989442
12850,ENSG00000143919.15,0.15349611443491604
12851,ENSG00000130921.8,0.1534120381430313
12852,ENSG00000116237.16,0.15339267044830404
12853,ENSG00000166133.18,0.15336028833137005
12854,ENSG00000146263.11,0.1533533480310893
12855,ENSG00000165733.8,0.15332050163182515
12856,ENSG00000164167.12,0.1532977025434803
12857,ENSG00000163743.13,0.15326513522617574
12858,ENSG00000186432.10,0.15323405042134408
12859,ENSG00000120705.13,0.1532258167901861
12860,ENSG00000185869.15,0.153196462884924
12861,ENSG00000168175.15,0.15317250229845777
12862,ENSG00000225190.11,0.15314222169359962
12863,ENSG00000189007.16,0.1531414035770112
12864,ENSG00000167595.15,0.1531409762396444
12865,ENSG00000221947.8,0.15312643578746188
12866,ENSG00000100764.14,0.15312044829323357
12867,ENSG00000165868.16,0.1531200524693503
12868,ENSG00000117640.18,0.1530939401428818
12869,ENSG00000127311.10,0.15306335946844815
12870,ENSG00000175048.17,0.1530607371807131
12871,ENSG00000136546.16,0.15301860531896727
12872,ENSG00000177842.12,0.1529242832543454
12873,ENSG00000130764.10,0.1528445115549606
12874,ENSG00000124120.11,0.15282439195191133
12875,ENSG00000188816.3,0.15280786685027267
12876,ENSG00000175782.11,0.1527972886263797
12877,ENSG00000139826.6,0.15278203543291738
12878,ENSG00000169495.5,0.15271497612244583
12879,ENSG00000116544.12,0.1526957457985206
12880,ENSG00000115234.11,0.15268303899941854
12881,ENSG00000168917.9,0.15263988393853253
12882,ENSG00000128710.6,0.15261366413231245
12883,ENSG00000178597.7,0.15261140971355264
12884,ENSG00000100796.17,0.15260507335121182
12885,ENSG00000159915.12,0.15258024199029233
12886,ENSG00000154479.13,0.15254700398317145
12887,ENSG00000182372.10,0.15247920552973948
12888,ENSG00000140557.12,0.15247102524799253
12889,ENSG00000167461.12,0.15243504824513202
12890,ENSG00000132323.9,0.15240110584350994
12891,ENSG00000128739.23,0.15240025211489736
12892,ENSG00000111802.14,0.1523895507834458
12893,ENSG00000153531.13,0.1523591550946222
12894,ENSG00000215421.9,0.15229299538479218
12895,ENSG00000164291.17,0.15223280561225613
12896,ENSG00000198482.14,0.15222561779706464
12897,ENSG00000189308.11,0.1522135705935304
12898,ENSG00000165917.10,0.1522127502221308
12899,ENSG00000168566.13,0.15213170702516574
12900,ENSG00000111291.8,0.15212820916990963
12901,ENSG00000165792.18,0.15212447798519313
12902,ENSG00000179562.3,0.15212267632788848
12903,ENSG00000104879.5,0.1520389422097268
12904,ENSG00000153107.13,0.15202538801261825
12905,ENSG00000117614.10,0.15199029809668302
12906,ENSG00000164022.17,0.15197713448325598
12907,ENSG00000133661.17,0.15197700006807438
12908,ENSG00000128654.14,0.1519681586026543
12909,ENSG00000165271.17,0.1519576007217428
12910,ENSG00000101337.16,0.15193797990145014
12911,ENSG00000150681.10,0.15191883992738336
12912,ENSG00000185418.16,0.15190475108979362
12913,ENSG00000068784.13,0.15183904534651851
12914,ENSG00000205726.15,0.15180537281039666
12915,ENSG00000273259.3,0.1516443101341591
12916,ENSG00000060688.13,0.15151841719473133
12917,ENSG00000147724.12,0.15149038025413233
12918,ENSG00000068308.14,0.15132872440165213
12919,ENSG00000171408.14,0.1513068814669893
12920,ENSG00000122512.16,0.15126970786025495
12921,ENSG00000113838.13,0.1512348853743956
12922,ENSG00000134644.16,0.15122437111530032
12923,ENSG00000152683.14,0.15122220684462828
12924,ENSG00000170290.4,0.1512110246886881
12925,ENSG00000142920.17,0.1512066905034296
12926,ENSG00000171827.11,0.15120219185541992
12927,ENSG00000133706.19,0.15115412939675027
12928,ENSG00000197140.15,0.1511358507187053
12929,ENSG00000103037.12,0.15112077692725112
12930,ENSG00000166263.13,0.15111502513215613
12931,ENSG00000198839.10,0.15108718507314775
12932,ENSG00000162441.12,0.1510649720057057
12933,ENSG00000196428.12,0.15106359735096864
12934,ENSG00000225968.7,0.15102974550592196
12935,ENSG00000274286.2,0.15099535239569067
12936,ENSG00000107938.18,0.150993042374041
12937,ENSG00000056277.16,0.15092580308587736
12938,ENSG00000179083.6,0.15091966426605236
12939,ENSG00000173258.13,0.15089298768104825
12940,ENSG00000165782.11,0.15085282153260657
12941,ENSG00000277586.4,0.15084853972376516
12942,ENSG00000111596.14,0.15084266756057277
12943,ENSG00000103343.13,0.15080920083166283
12944,ENSG00000170075.9,0.15080732434046618
12945,ENSG00000197841.15,0.1507870507090342
12946,ENSG00000163825.4,0.15076849092168235
12947,ENSG00000184293.7,0.1507168116601571
12948,ENSG00000197894.11,0.15070453171798534
12949,ENSG00000187866.10,0.15069566965929496
12950,ENSG00000101331.17,0.15063331735687793
12951,ENSG00000180720.7,0.15054225256460652
12952,ENSG00000250120.8,0.15051010271893803
12953,ENSG00000122733.12,0.15049691255595346
12954,ENSG00000148019.14,0.15047693350419708
12955,ENSG00000158113.13,0.15045013087206593
12956,ENSG00000116793.16,0.15042333194718344
12957,ENSG00000101489.20,0.1503691761190066
12958,ENSG00000162972.10,0.15033417567843937
12959,ENSG00000047936.11,0.1503005078317918
12960,ENSG00000181544.15,0.15027788635459924
12961,ENSG00000167378.8,0.15027289836273539
12962,ENSG00000116213.16,0.15026683185272038
12963,ENSG00000116954.8,0.15020682494649806
12964,ENSG00000149050.10,0.15011113494890024
12965,ENSG00000165775.18,0.15011059044879657
12966,ENSG00000164796.18,0.1500919334541126
12967,ENSG00000084112.15,0.15007722669191004
12968,ENSG00000090060.18,0.14999631676620312
12969,ENSG00000083937.10,0.14993013139615685
12970,ENSG00000256806.6,0.1499096542388711
12971,ENSG00000164620.9,0.14989477599304463
12972,ENSG00000101266.19,0.14986011975691688
12973,ENSG00000133460.19,0.14984058731581484
12974,ENSG00000260916.7,0.14976967015091072
12975,ENSG00000166887.16,0.14974982742828907
12976,ENSG00000160695.15,0.1497187872539965
12977,ENSG00000183826.18,0.1497115629374043
12978,ENSG00000154227.13,0.14970556785351266
12979,ENSG00000204021.4,0.14967269597856547
12980,ENSG00000173262.12,0.14966276825034622
12981,ENSG00000170264.13,0.14965952300328286
12982,ENSG00000173338.13,0.1496592016066509
12983,ENSG00000133226.17,0.14957012818141074
12984,ENSG00000142867.14,0.14955290384632594
12985,ENSG00000113456.19,0.1494749272813915
12986,ENSG00000072849.11,0.14940570718361817
12987,ENSG00000128040.11,0.1493869861001514
12988,ENSG00000166896.9,0.14937910332008364
12989,ENSG00000262484.1,0.1493405035951491
12990,ENSG00000139974.16,0.14933264344269043
12991,ENSG00000177370.5,0.1493216465218111
12992,ENSG00000167311.14,0.14926424325735757
12993,ENSG00000164048.14,0.14925823978121347
12994,ENSG00000047849.21,0.14923862929989185
12995,ENSG00000198707.17,0.14917516973738076
12996,ENSG00000105549.11,0.14917253548828402
12997,ENSG00000119689.15,0.14911152890474455
12998,ENSG00000186416.17,0.14909262313831623
12999,ENSG00000137776.17,0.1490899330220942
13000,ENSG00000166233.15,0.14904062451936967
13001,ENSG00000100413.17,0.14903439022156875
13002,ENSG00000159516.9,0.14901138795732607
13003,ENSG00000141380.14,0.149001036345058
13004,ENSG00000101868.13,0.1489721377050967
13005,ENSG00000100888.15,0.14896659478294977
13006,ENSG00000143190.23,0.14891449193879158
13007,ENSG00000176095.12,0.14890556263889373
13008,ENSG00000100036.13,0.14888671839470166
13009,ENSG00000065548.18,0.14883822875382627
13010,ENSG00000136213.10,0.14877322237933427
13011,ENSG00000186687.16,0.14871408993283988
13012,ENSG00000122299.12,0.1487113343434841
13013,ENSG00000197860.10,0.14869351539467798
13014,ENSG00000107341.5,0.14869210219306417
13015,ENSG00000115806.13,0.1486886093073341
13016,ENSG00000125375.16,0.14868517263902697
13017,ENSG00000089916.18,0.14865638487798316
13018,ENSG00000249853.8,0.14862405143941573
13019,ENSG00000111785.21,0.14858284814102893
13020,ENSG00000185920.16,0.1485555688892681
13021,ENSG00000197050.11,0.14855204221625956
13022,ENSG00000107679.14,0.14853645705093269
13023,ENSG00000011485.15,0.14851372220845846
13024,ENSG00000185716.12,0.14850700717441087
13025,ENSG00000136874.11,0.1484927776348458
13026,ENSG00000138663.9,0.148482588258927
13027,ENSG00000125788.6,0.1484543539855063
13028,ENSG00000167664.8,0.14845234097425739
13029,ENSG00000062370.17,0.14831203949378197
13030,ENSG00000186448.15,0.1483097725182124
13031,ENSG00000188215.10,0.14829868383192982
13032,ENSG00000010072.16,0.14829533042671866
13033,ENSG00000154678.18,0.14829424217315093
13034,ENSG00000174446.13,0.1482902965213463
13035,ENSG00000115839.18,0.14827905174595435
13036,ENSG00000115211.16,0.1482501882985924
13037,ENSG00000179912.20,0.14824045783459597
13038,ENSG00000119771.15,0.14818138883454926
13039,ENSG00000168803.16,0.14816543228640627
13040,ENSG00000160401.15,0.14814217406559213
13041,ENSG00000185155.12,0.1481271781126007
13042,ENSG00000245680.11,0.1481068680041554
13043,ENSG00000018610.15,0.1480805399149213
13044,ENSG00000196605.7,0.1480693379884201
13045,ENSG00000183060.15,0.14806475621076193
13046,ENSG00000091732.17,0.14805648732091475
13047,ENSG00000164089.9,0.14800076025078127
13048,ENSG00000071127.17,0.14799950323992514
13049,ENSG00000141642.9,0.14793649827086758
13050,ENSG00000196526.10,0.1479116942712482
13051,ENSG00000147130.14,0.14789305939263503
13052,ENSG00000203812.2,0.14788995341021682
13053,ENSG00000021645.20,0.1478806277814715
13054,ENSG00000186777.12,0.14779940199963876
13055,ENSG00000100225.18,0.1477958564292163
13056,ENSG00000131127.14,0.14777066022403912
13057,ENSG00000188021.9,0.1477029247306454
13058,ENSG00000169155.10,0.14766610857131612
13059,ENSG00000095787.23,0.14754670667773243
13060,ENSG00000126773.13,0.14753925733679912
13061,ENSG00000134987.11,0.14749245051770976
13062,ENSG00000139908.15,0.1474919005169011
13063,ENSG00000196663.16,0.1474466309246472
13064,ENSG00000162222.14,0.14741042770741902
13065,ENSG00000136243.17,0.14739497111778607
13066,ENSG00000065135.12,0.14737841198610796
13067,ENSG00000164010.15,0.14734953803534054
13068,ENSG00000146963.18,0.14734483212584268
13069,ENSG00000148337.21,0.14731900578340082
13070,ENSG00000160271.16,0.14730649303103943
13071,ENSG00000174840.9,0.14729544677290035
13072,ENSG00000115514.12,0.14727127697769402
13073,ENSG00000114948.13,0.147262110219692
13074,ENSG00000169612.4,0.14725629087676947
13075,ENSG00000197417.9,0.14725090111155095
13076,ENSG00000188827.11,0.1472391358081898
13077,ENSG00000106100.11,0.14710559054944908
13078,ENSG00000078618.22,0.1470388406695054
13079,ENSG00000115966.17,0.14703607623569118
13080,ENSG00000142166.13,0.14700893681365915
13081,ENSG00000086200.17,0.14697568881929693
13082,ENSG00000015676.18,0.1468881967589698
13083,ENSG00000132005.9,0.14685310664913753
13084,ENSG00000198963.11,0.1468401744416331
13085,ENSG00000083817.9,0.14678802992227563
13086,ENSG00000144744.17,0.14678347631716146
13087,ENSG00000179761.12,0.14676713058457028
13088,ENSG00000155868.8,0.14674682370517478
13089,ENSG00000169981.11,0.14671912414887975
13090,ENSG00000121289.18,0.14670991809857767
13091,ENSG00000141627.14,0.14670463844441203
13092,ENSG00000127804.13,0.1466250836506753
13093,ENSG00000140455.17,0.1466215374594806
13094,ENSG00000168874.13,0.1466141642082956
13095,ENSG00000167193.8,0.14655635781803544
13096,ENSG00000181915.5,0.14654217912517933
13097,ENSG00000124116.19,0.14651934537098352
13098,ENSG00000176087.15,0.14651872530898485
13099,ENSG00000054356.14,0.1465064380675062
13100,ENSG00000168385.18,0.1465060964952945
13101,ENSG00000118596.12,0.14650139435040652
13102,ENSG00000067560.13,0.14648686496031973
13103,ENSG00000173692.14,0.14646621149058867
13104,ENSG00000059769.20,0.1464536949335561
13105,ENSG00000122958.15,0.14643014691704706
13106,ENSG00000112062.11,0.14639297746770763
13107,ENSG00000002587.10,0.14635063393926195
13108,ENSG00000156304.15,0.1463030657558723
13109,ENSG00000181856.15,0.14629899170715363
13110,ENSG00000253537.3,0.1462890490267344
13111,ENSG00000163606.11,0.14628468737658396
13112,ENSG00000133116.8,0.14628444798974516
13113,ENSG00000042088.14,0.14626870131278374
13114,ENSG00000166188.2,0.14626221633514289
13115,ENSG00000120289.12,0.14612503551433229
13116,ENSG00000136450.13,0.1461080710883192
13117,ENSG00000164091.12,0.14610726458529708
13118,ENSG00000174332.5,0.14610189119604952
13119,ENSG00000004866.22,0.14609524802382223
13120,ENSG00000184497.13,0.14605321771195456
13121,ENSG00000111271.15,0.1459575194909038
13122,ENSG00000186198.4,0.145953518707946
13123,ENSG00000113597.18,0.14594271443232876
13124,ENSG00000119616.11,0.14590651545409905
13125,ENSG00000166526.18,0.14587538651187842
13126,ENSG00000102078.16,0.14579417302837233
13127,ENSG00000076242.16,0.14577618161027137
13128,ENSG00000166135.14,0.14576538208465317
13129,ENSG00000140386.13,0.1457639824733294
13130,ENSG00000182552.15,0.1457528003705542
13131,ENSG00000184178.16,0.14574429793160404
13132,ENSG00000175538.11,0.1457365014676318
13133,ENSG00000132704.16,0.14572695524955137
13134,ENSG00000100027.17,0.1456727809322586
13135,ENSG00000188732.11,0.14564195870170832
13136,ENSG00000006744.19,0.14559595085954494
13137,ENSG00000189056.14,0.14559249863755624
13138,ENSG00000067208.14,0.14558568879332753
13139,ENSG00000275004.4,0.14557581961996055
13140,ENSG00000053770.12,0.14551759195156383
13141,ENSG00000136448.13,0.14551656486750392
13142,ENSG00000185753.13,0.14539423359589967
13143,ENSG00000130544.12,0.14537554666447977
13144,ENSG00000275835.5,0.1453737189090229
13145,ENSG00000196632.10,0.14533772170070872
13146,ENSG00000187607.16,0.14533495054729953
13147,ENSG00000156374.16,0.14521146219244913
13148,ENSG00000159322.17,0.1452020045492309
13149,ENSG00000183513.9,0.14510792855580504
13150,ENSG00000070831.17,0.14509748903698802
13151,ENSG00000182901.17,0.14509674932370015
13152,ENSG00000168303.9,0.1450227093658631
13153,ENSG00000145388.15,0.14499672323851254
13154,ENSG00000166321.14,0.1449929679353391
13155,ENSG00000147378.11,0.14498631906747908
13156,ENSG00000113966.10,0.14489754616933626
13157,ENSG00000007168.14,0.14488427238216148
13158,ENSG00000156958.15,0.14484010538193298
13159,ENSG00000009830.12,0.1447626727171476
13160,ENSG00000049245.13,0.1447433580834338
13161,ENSG00000121594.12,0.14473748157982977
13162,ENSG00000029363.17,0.14457613454468352
13163,ENSG00000152932.8,0.14457038268185854
13164,ENSG00000172840.7,0.1445699826374695
13165,ENSG00000103226.19,0.14456627497576102
13166,ENSG00000111490.15,0.14454997072017842
13167,ENSG00000023041.11,0.14452340673097117
13168,ENSG00000204390.10,0.14450796591535647
13169,ENSG00000076201.15,0.1444553795442393
13170,ENSG00000136099.13,0.14442222830457735
13171,ENSG00000224578.5,0.14440685826197502
13172,ENSG00000186298.12,0.1443861886999679
13173,ENSG00000204540.11,0.1443743937964676
13174,ENSG00000198692.10,0.14437234166203466
13175,ENSG00000206432.4,0.14436261353785934
13176,ENSG00000204889.10,0.14426055238633823
13177,ENSG00000159592.11,0.14423823860694224
13178,ENSG00000116473.14,0.14422606143215225
13179,ENSG00000261582.1,0.14419634793964914
13180,ENSG00000054803.4,0.14418151052284767
13181,ENSG00000147121.16,0.14414702588874778
13182,ENSG00000204531.20,0.14412970250199
13183,ENSG00000068024.17,0.14409386539886787
13184,ENSG00000173039.19,0.1440583687825137
13185,ENSG00000148690.12,0.14402461622208107
13186,ENSG00000153006.16,0.1440046027213397
13187,ENSG00000151033.10,0.1439616185962512
13188,ENSG00000178187.8,0.14393841205902563
13189,ENSG00000138134.12,0.1439307635739279
13190,ENSG00000100023.19,0.1439006305298296
13191,ENSG00000171853.16,0.1438628243448456
13192,ENSG00000125813.13,0.1438568312342299
13193,ENSG00000090615.15,0.14384155202431
13194,ENSG00000198898.14,0.14384053138036976
13195,ENSG00000092208.17,0.14382347723206268
13196,ENSG00000109670.16,0.14380843100839535
13197,ENSG00000287725.1,0.14380224603324268
13198,ENSG00000120837.8,0.1437955855668595
13199,ENSG00000106608.17,0.14378414723978977
13200,ENSG00000140987.20,0.14374027132325956
13201,ENSG00000197467.16,0.14371107178687562
13202,ENSG00000204655.12,0.1436959540859177
13203,ENSG00000167858.13,0.14368386012294598
13204,ENSG00000145113.22,0.14360569760461772
13205,ENSG00000156384.14,0.143582128161222
13206,ENSG00000240386.3,0.1435573083168273
13207,ENSG00000063169.11,0.14349902695864278
13208,ENSG00000213341.11,0.14345372850326318
13209,ENSG00000156973.14,0.1434317592052205
13210,ENSG00000133961.20,0.14338841184850024
13211,ENSG00000172534.14,0.14338635341141395
13212,ENSG00000127452.9,0.1433791569316351
13213,ENSG00000137992.14,0.14331514368610218
13214,ENSG00000275379.2,0.1433100763224935
13215,ENSG00000204084.13,0.1432832821470736
13216,ENSG00000090054.15,0.14323593485854033
13217,ENSG00000185863.8,0.1432108367777584
13218,ENSG00000005007.13,0.14315819592074122
13219,ENSG00000167971.16,0.14310716656814432
13220,ENSG00000170464.10,0.1430358231624421
13221,ENSG00000108312.15,0.14303549044282465
13222,ENSG00000105483.18,0.14301521140935447
13223,ENSG00000138411.13,0.1430091649118305
13224,ENSG00000146250.7,0.14300869616284015
13225,ENSG00000196169.15,0.14296157112310295
13226,ENSG00000140006.11,0.14291570929650096
13227,ENSG00000164815.11,0.14286588960444935
13228,ENSG00000187140.6,0.1428229329270514
13229,ENSG00000134548.11,0.14280325951693743
13230,ENSG00000114978.18,0.14279777307405558
13231,ENSG00000118894.15,0.1427692214985481
13232,ENSG00000160305.18,0.142758546584019
13233,ENSG00000169180.12,0.14275817362084164
13234,ENSG00000198612.11,0.14274472911801006
13235,ENSG00000172262.11,0.14274281803788857
13236,ENSG00000112592.14,0.14273493768094705
13237,ENSG00000138442.10,0.14270173642222608
13238,ENSG00000129933.21,0.14259942751366847
13239,ENSG00000117899.11,0.14258751173050713
13240,ENSG00000079246.16,0.14249310284188607
13241,ENSG00000140025.16,0.1424220721757172
13242,ENSG00000047648.23,0.14241872178153478
13243,ENSG00000163900.11,0.14239767897646752
13244,ENSG00000104064.18,0.14239520043810475
13245,ENSG00000167380.16,0.14238356345505188
13246,ENSG00000012211.13,0.14235074863235156
13247,ENSG00000236287.8,0.1422855613517231
13248,ENSG00000065615.14,0.1422182125172243
13249,ENSG00000224383.8,0.14221712938437556
13250,ENSG00000204560.10,0.14221377519801237
13251,ENSG00000107077.19,0.14220105441526235
13252,ENSG00000082898.18,0.1421755754589369
13253,ENSG00000117505.13,0.1421629314350651
13254,ENSG00000087152.15,0.1421301040641268
13255,ENSG00000185019.17,0.14212477063900986
13256,ENSG00000157837.16,0.14207309448296682
13257,ENSG00000081307.14,0.14206121676692465
13258,ENSG00000115561.16,0.14203990119188978
13259,ENSG00000125703.15,0.1420393234140089
13260,ENSG00000083838.16,0.14197257645483877
13261,ENSG00000150471.16,0.14190673853694585
13262,ENSG00000112855.17,0.14189413824050956
13263,ENSG00000272031.3,0.14186393864211064
13264,ENSG00000132467.4,0.14184480331110466
13265,ENSG00000164902.14,0.141838962578371
13266,ENSG00000174579.4,0.14183667887188392
13267,ENSG00000135632.12,0.14182069984002135
13268,ENSG00000153822.14,0.14181276785432032
13269,ENSG00000061455.11,0.14179344071684527
13270,ENSG00000095596.12,0.14178349052790434
13271,ENSG00000255529.9,0.14174806607587995
13272,ENSG00000010270.14,0.14170514887622074
13273,ENSG00000169372.13,0.14169560219968835
13274,ENSG00000083544.16,0.14164138856840303
13275,ENSG00000123737.13,0.1416297043374091
13276,ENSG00000186732.14,0.14162287389978823
13277,ENSG00000185838.14,0.1416184154949095
13278,ENSG00000162490.7,0.14156678676536646
13279,ENSG00000174370.11,0.1415043633525796
13280,ENSG00000094841.14,0.14148554065997118
13281,ENSG00000128463.13,0.14146478058531411
13282,ENSG00000132305.21,0.14143184131649786
13283,ENSG00000094880.11,0.14138374519517852
13284,ENSG00000137947.12,0.14135780843183618
13285,ENSG00000040199.18,0.14134207837019183
13286,ENSG00000119801.13,0.14133974154383025
13287,ENSG00000141452.10,0.14133568663963597
13288,ENSG00000013563.14,0.1413251862976435
13289,ENSG00000130713.16,0.14131153550030212
13290,ENSG00000171103.11,0.14130975634090687
13291,ENSG00000135070.15,0.1412460961797677
13292,ENSG00000127472.11,0.14124306874871898
13293,ENSG00000144481.17,0.1412365010578838
13294,ENSG00000183020.14,0.14122460090395025
13295,ENSG00000102786.15,0.14121601623473223
13296,ENSG00000165630.14,0.14114313138530052
13297,ENSG00000125879.5,0.14110172084951034
13298,ENSG00000048342.17,0.14109614338463639
13299,ENSG00000006059.4,0.14105659332638257
13300,ENSG00000111358.14,0.14105523224647537
13301,ENSG00000183206.17,0.14099071210535088
13302,ENSG00000147003.7,0.14098150332532383
13303,ENSG00000158169.13,0.14096314517506975
13304,ENSG00000147601.15,0.14094598594367966
13305,ENSG00000086102.19,0.14092081856405866
13306,ENSG00000151093.8,0.14091961931754948
13307,ENSG00000178226.11,0.14085585746478246
13308,ENSG00000162775.16,0.14081633268648347
13309,ENSG00000185842.15,0.140791863077861
13310,ENSG00000184305.15,0.14079115477340035
13311,ENSG00000164296.7,0.1407753733455061
13312,ENSG00000131558.15,0.14077496919455365
13313,ENSG00000122435.10,0.1407098167029559
13314,ENSG00000162144.10,0.14070011829922713
13315,ENSG00000166847.10,0.14069487757301857
13316,ENSG00000115944.15,0.14064697971918472
13317,ENSG00000125863.20,0.14059748319578927
13318,ENSG00000167384.10,0.14053435561400876
13319,ENSG00000140577.16,0.14043705311172452
13320,ENSG00000114742.14,0.14043237569785777
13321,ENSG00000157349.17,0.14042891209703487
13322,ENSG00000162227.8,0.14040557279154278
13323,ENSG00000001497.18,0.14035118476886066
13324,ENSG00000165084.16,0.14024845748887302
13325,ENSG00000152684.11,0.14024529181351536
13326,ENSG00000177302.15,0.14011940020809058
13327,ENSG00000099999.15,0.1401031222750578
13328,ENSG00000166261.11,0.1401030580025518
13329,ENSG00000162944.11,0.1400517265924216
13330,ENSG00000096746.17,0.14003455942329482
13331,ENSG00000205476.9,0.13994736120058052
13332,ENSG00000180822.12,0.13994570247480678
13333,ENSG00000154144.13,0.13985285448480603
13334,ENSG00000213799.13,0.13979446610219792
13335,ENSG00000094631.21,0.13979299266710712
13336,ENSG00000215712.11,0.1397581393383677
13337,ENSG00000072756.17,0.1396726150214059
13338,ENSG00000204130.14,0.13961382894119773
13339,ENSG00000133641.18,0.1395954568834006
13340,ENSG00000115207.13,0.13955014583707848
13341,ENSG00000114423.23,0.13951676079499858
13342,ENSG00000076053.12,0.13943715812218108
13343,ENSG00000126259.20,0.1393998657479952
13344,ENSG00000283297.2,0.1393843932752865
13345,ENSG00000205436.7,0.13938317922650498
13346,ENSG00000178397.13,0.13932521779357712
13347,ENSG00000075785.14,0.13930712162577516
13348,ENSG00000161558.11,0.13929703694972725
13349,ENSG00000157578.13,0.1392428680306602
13350,ENSG00000174799.11,0.1392188951514658
13351,ENSG00000168724.17,0.13918620023087983
13352,ENSG00000254535.4,0.13918123539448296
13353,ENSG00000168958.20,0.1391503451743665
13354,ENSG00000139800.8,0.13914964003227848
13355,ENSG00000205423.11,0.13911470877519752
13356,ENSG00000108963.19,0.13905810280368505
13357,ENSG00000110274.16,0.13903005868471197
13358,ENSG00000163607.17,0.13901870443564798
13359,ENSG00000166548.17,0.13888129284166117
13360,ENSG00000166091.21,0.13888124613172353
13361,ENSG00000105136.21,0.13882352745060664
13362,ENSG00000109101.8,0.1388154224249711
13363,ENSG00000077264.15,0.13872553036814148
13364,ENSG00000120471.15,0.1386973340694871
13365,ENSG00000172426.16,0.13868574627950944
13366,ENSG00000180884.10,0.1386504805140435
13367,ENSG00000196876.18,0.138644844938079
13368,ENSG00000119782.14,0.13861769123950002
13369,ENSG00000112651.12,0.1386104076318869
13370,ENSG00000005108.16,0.13856468765672436
13371,ENSG00000090316.16,0.13851524607291682
13372,ENSG00000161057.13,0.13848363911920447
13373,ENSG00000139209.16,0.13844912871293924
13374,ENSG00000130714.18,0.1384293847388111
13375,ENSG00000274736.5,0.13836876351017263
13376,ENSG00000156697.13,0.13835328101787978
13377,ENSG00000198015.14,0.1383521630237467
13378,ENSG00000106443.17,0.13832075938045402
13379,ENSG00000126698.11,0.13830290299372636
13380,ENSG00000253831.3,0.13830175932096445
13381,ENSG00000111364.16,0.138267641799259
13382,ENSG00000179057.14,0.13826458682633072
13383,ENSG00000184465.16,0.1382644584151469
13384,ENSG00000131966.14,0.13825739264757567
13385,ENSG00000147140.17,0.13823979412947401
13386,ENSG00000118579.13,0.13820202281558716
13387,ENSG00000163510.14,0.13809258801644234
13388,ENSG00000099365.11,0.13805908075504097
13389,ENSG00000168026.18,0.13804998705183003
13390,ENSG00000139168.9,0.13802982301328087
13391,ENSG00000031823.14,0.13802395061154743
13392,ENSG00000113643.9,0.13801719318761768
13393,ENSG00000078043.16,0.13798898342542967
13394,ENSG00000255501.3,0.13796537053802546
13395,ENSG00000157954.15,0.13796432407570777
13396,ENSG00000172062.17,0.13791395251887753
13397,ENSG00000135625.8,0.13789565864706482
13398,ENSG00000176401.6,0.13787475309536892
13399,ENSG00000114933.16,0.1378625963878666
13400,ENSG00000164061.5,0.13784171574626067
13401,ENSG00000141084.11,0.13782201415410214
13402,ENSG00000151650.8,0.13779872460107434
13403,ENSG00000152795.17,0.1377498661269586
13404,ENSG00000156265.16,0.13768251776109897
13405,ENSG00000101084.18,0.13766801581069188
13406,ENSG00000138443.17,0.1376507189306028
13407,ENSG00000186020.13,0.13761004805711874
13408,ENSG00000244274.8,0.13760340121698963
13409,ENSG00000137814.12,0.13756159029013848
13410,ENSG00000135407.10,0.13755952018737688
13411,ENSG00000135299.17,0.13755891091589742
13412,ENSG00000112367.12,0.13753338821311312
13413,ENSG00000099995.19,0.137480446703795
13414,ENSG00000137821.12,0.13746689322025513
13415,ENSG00000134077.16,0.13735337745172052
13416,ENSG00000164080.13,0.1373361624103826
13417,ENSG00000171560.16,0.13728397594012853
13418,ENSG00000103064.15,0.13723685885156955
13419,ENSG00000166869.3,0.1372245348282816
13420,ENSG00000105819.14,0.1372134915233425
13421,ENSG00000103121.9,0.1371913561715639
13422,ENSG00000157005.4,0.13714595551423217
13423,ENSG00000161217.12,0.13712549437228008
13424,ENSG00000169519.21,0.1371159520396416
13425,ENSG00000178171.11,0.13701330633142264
13426,ENSG00000189042.13,0.13698293946250162
13427,ENSG00000142396.10,0.1369824404214732
13428,ENSG00000092203.15,0.1369582497035247
13429,ENSG00000182149.21,0.136886936762009
13430,ENSG00000133302.13,0.13687928495760782
13431,ENSG00000114999.8,0.13683826827423762
13432,ENSG00000163596.16,0.136837544807291
13433,ENSG00000173875.14,0.1368367676095321
13434,ENSG00000196214.11,0.13674439874476352
13435,ENSG00000075073.15,0.13670511240690625
13436,ENSG00000261667.1,0.1366448387959821
13437,ENSG00000105341.19,0.13663859059574898
13438,ENSG00000225950.8,0.1365658794791444
13439,ENSG00000131480.9,0.13644261759254572
13440,ENSG00000071243.16,0.13635508606685393
13441,ENSG00000155592.16,0.13634699511619205
13442,ENSG00000127314.18,0.13633287628677712
13443,ENSG00000138029.14,0.13630559986399712
13444,ENSG00000137225.13,0.1362495964486763
13445,ENSG00000198000.12,0.1362338441976808
13446,ENSG00000198039.11,0.13619332944509696
13447,ENSG00000135930.14,0.1361540410231906
13448,ENSG00000109680.11,0.13613496893511143
13449,ENSG00000111737.12,0.13605181137154998
13450,ENSG00000084754.12,0.13599975844736956
13451,ENSG00000186648.15,0.13596673717473443
13452,ENSG00000145782.13,0.13596512837317998
13453,ENSG00000196345.13,0.13596425482851504
13454,ENSG00000127720.8,0.1359563584172666
13455,ENSG00000175329.13,0.13591979792270503
13456,ENSG00000167257.11,0.13591554277109283
13457,ENSG00000180785.10,0.13590340239688156
13458,ENSG00000164520.11,0.13585364021004107
13459,ENSG00000089163.4,0.13584976212359076
13460,ENSG00000144468.17,0.1358428793638044
13461,ENSG00000135900.4,0.13583273560570083
13462,ENSG00000150455.13,0.13583086740602374
13463,ENSG00000023608.5,0.1357056782169577
13464,ENSG00000069966.19,0.13568592623317938
13465,ENSG00000177103.15,0.13563498278798136
13466,ENSG00000111860.14,0.13559091630502962
13467,ENSG00000108474.17,0.1355575522732716
13468,ENSG00000151576.10,0.13540256882108417
13469,ENSG00000100276.10,0.13540254508976118
13470,ENSG00000164893.9,0.1353732261525809
13471,ENSG00000162664.17,0.13529691323619275
13472,ENSG00000072958.9,0.13528073425587628
13473,ENSG00000164609.10,0.13525228618091253
13474,ENSG00000130414.13,0.1352369421109068
13475,ENSG00000180304.14,0.13519175458952246
13476,ENSG00000120519.15,0.1351041972199199
13477,ENSG00000169860.7,0.13507220757852711
13478,ENSG00000162897.16,0.13500902937167647
13479,ENSG00000255151.2,0.13494506779892362
13480,ENSG00000167524.16,0.13488866606928768
13481,ENSG00000173578.8,0.1348565477405045
13482,ENSG00000118939.18,0.13481608629875508
13483,ENSG00000170852.11,0.13479607985983877
13484,ENSG00000185973.12,0.13477002560776594
13485,ENSG00000100629.17,0.1346936546118317
13486,ENSG00000198690.10,0.13466645632338278
13487,ENSG00000276231.5,0.1346575877060586
13488,ENSG00000148814.18,0.134559996201216
13489,ENSG00000132801.7,0.1345513649636767
13490,ENSG00000198556.14,0.1345209545301915
13491,ENSG00000099381.18,0.13451931142607906
13492,ENSG00000176894.10,0.13449633405507996
13493,ENSG00000120942.14,0.1344659593946396
13494,ENSG00000197885.11,0.13445958296667818
13495,ENSG00000074935.14,0.1344506118645697
13496,ENSG00000164366.4,0.13444291204872527
13497,ENSG00000099783.12,0.134408343513533
13498,ENSG00000179240.13,0.13440239429684367
13499,ENSG00000118004.18,0.13438189219822383
13500,ENSG00000197745.3,0.13431231708243377
13501,ENSG00000197006.14,0.13429447949055745
13502,ENSG00000175470.20,0.13427932141764193
13503,ENSG00000075213.11,0.1342606003185911
13504,ENSG00000115827.14,0.1342498644373929
13505,ENSG00000166855.9,0.13417700151230108
13506,ENSG00000138050.15,0.1341588374235657
13507,ENSG00000076650.7,0.13403514019338236
13508,ENSG00000160785.13,0.1340180841836335
13509,ENSG00000063761.16,0.13398248819733366
13510,ENSG00000099338.23,0.13397920418243076
13511,ENSG00000118960.13,0.13393340194086217
13512,ENSG00000104714.14,0.13392957195849267
13513,ENSG00000154813.10,0.13392943481481673
13514,ENSG00000240230.6,0.13391542825147382
13515,ENSG00000116039.13,0.1339125810193856
13516,ENSG00000106617.15,0.133837850306862
13517,ENSG00000171456.20,0.1338206821092417
13518,ENSG00000038532.16,0.13381283309216666
13519,ENSG00000176714.10,0.1338127288884703
13520,ENSG00000174796.12,0.13375716262420112
13521,ENSG00000163812.15,0.13375400521410077
13522,ENSG00000163162.9,0.1337066222189541
13523,ENSG00000069943.10,0.1337000905403767
13524,ENSG00000196152.10,0.13364081647470477
13525,ENSG00000168060.16,0.13363080710171418
13526,ENSG00000092531.10,0.13361909691159402
13527,ENSG00000005801.18,0.13358175385959553
13528,ENSG00000273703.2,0.13344731294010703
13529,ENSG00000155530.3,0.13332103537331172
13530,ENSG00000135829.17,0.1333150940412514
13531,ENSG00000101546.13,0.13329313307070953
13532,ENSG00000101197.13,0.13328418784879706
13533,ENSG00000148634.16,0.13326835408980203
13534,ENSG00000196550.10,0.13322268125810993
13535,ENSG00000139718.11,0.1331729814451893
13536,ENSG00000018699.13,0.13307631339444384
13537,ENSG00000149532.16,0.1329795830334393
13538,ENSG00000114491.14,0.13284258368850982
13539,ENSG00000171817.17,0.1328358545170837
13540,ENSG00000273820.2,0.13282987227947285
13541,ENSG00000079785.16,0.13282462013684743
13542,ENSG00000173825.7,0.13281952813853906
13543,ENSG00000175182.15,0.1327947217567622
13544,ENSG00000155085.15,0.13276483560977884
13545,ENSG00000145191.15,0.13266527076688106
13546,ENSG00000128918.15,0.13264251927778517
13547,ENSG00000117758.14,0.1326218692550195
13548,ENSG00000148925.11,0.1325437463899033
13549,ENSG00000109689.18,0.13253293722910547
13550,ENSG00000145241.11,0.13249234049448563
13551,ENSG00000124920.14,0.13247679091787906
13552,ENSG00000142528.16,0.13244683142090863
13553,ENSG00000122484.9,0.1323788060940945
13554,ENSG00000169410.10,0.1323349277756904
13555,ENSG00000049247.14,0.13232133415309202
13556,ENSG00000183495.14,0.13229095633119647
13557,ENSG00000263002.8,0.13222506602974105
13558,ENSG00000078142.13,0.13217016594150965
13559,ENSG00000100099.21,0.13216357793813474
13560,ENSG00000135766.9,0.13207733171724134
13561,ENSG00000162408.11,0.13204826279327173
13562,ENSG00000168594.15,0.13204018896033493
13563,ENSG00000164619.10,0.13201004110502382
13564,ENSG00000105278.12,0.13197047137855245
13565,ENSG00000167487.12,0.13196749212027045
13566,ENSG00000111644.8,0.13196616486285584
13567,ENSG00000138669.9,0.1319438725352994
13568,ENSG00000120314.18,0.13192552409021305
13569,ENSG00000175279.22,0.13191726879163942
13570,ENSG00000138686.10,0.1318804197688405
13571,ENSG00000141026.6,0.13184703094173278
13572,ENSG00000167562.13,0.1317997099778748
13573,ENSG00000187815.10,0.13179476539689428
13574,ENSG00000196353.11,0.13175462018056078
13575,ENSG00000183114.8,0.13173950387530187
13576,ENSG00000151917.18,0.1317364222348039
13577,ENSG00000160117.16,0.1317310866207878
13578,ENSG00000173588.15,0.13167208194676783
13579,ENSG00000145526.12,0.1316650129734538
13580,ENSG00000179021.10,0.13162782451152374
13581,ENSG00000183479.12,0.1316276734888169
13582,ENSG00000173614.14,0.13158242783730362
13583,ENSG00000139874.6,0.13154674095811308
13584,ENSG00000170100.14,0.13147885179925062
13585,ENSG00000147316.13,0.13143157581269763
13586,ENSG00000167525.14,0.1314082341151202
13587,ENSG00000125779.22,0.13133865797740935
13588,ENSG00000233198.4,0.1313264196404891
13589,ENSG00000117862.13,0.131324197130846
13590,ENSG00000104164.12,0.1312938150535472
13591,ENSG00000058729.11,0.131292546448915
13592,ENSG00000164118.13,0.13127644862595023
13593,ENSG00000113851.14,0.1312703282175284
13594,ENSG00000079102.16,0.13114212450722412
13595,ENSG00000100628.12,0.13111596690207808
13596,ENSG00000021574.13,0.13111217528436245
13597,ENSG00000101323.5,0.13110348232400104
13598,ENSG00000119718.11,0.13101251290149646
13599,ENSG00000114030.13,0.1310113218155764
13600,ENSG00000185070.11,0.13094828566344538
13601,ENSG00000133884.10,0.1308736183752652
13602,ENSG00000204711.9,0.1308630609609413
13603,ENSG00000153789.13,0.13086263044707266
13604,ENSG00000177125.5,0.130854245752062
13605,ENSG00000158445.10,0.1308541855014408
13606,ENSG00000257365.8,0.1307837390580105
13607,ENSG00000165632.8,0.1307664518073805
13608,ENSG00000169714.17,0.13074748072616255
13609,ENSG00000196284.17,0.13074184075751807
13610,ENSG00000169016.17,0.1307289754527616
13611,ENSG00000138069.18,0.1307229458098103
13612,ENSG00000158473.8,0.130722546813244
13613,ENSG00000168904.15,0.13066132957895857
13614,ENSG00000174456.15,0.13065423190660844
13615,ENSG00000135976.20,0.13062054265417397
13616,ENSG00000129351.17,0.13057073254013596
13617,ENSG00000001630.17,0.13049917918352838
13618,ENSG00000169087.11,0.13049763649935311
13619,ENSG00000081154.12,0.13044727525649466
13620,ENSG00000148688.14,0.13040873234215078
13621,ENSG00000102445.20,0.13036483749404887
13622,ENSG00000136231.14,0.13029926865247962
13623,ENSG00000185247.15,0.13029055461411504
13624,ENSG00000113593.12,0.13028501618349858
13625,ENSG00000164252.13,0.13026048900230497
13626,ENSG00000110200.8,0.13023329067991576
13627,ENSG00000178201.4,0.13016213475810354
13628,ENSG00000149021.7,0.130037576716228
13629,ENSG00000186051.7,0.13000919111820455
13630,ENSG00000239998.6,0.1299107868353978
13631,ENSG00000178199.14,0.12990596992931996
13632,ENSG00000172766.19,0.12980777506897923
13633,ENSG00000173681.16,0.12978391768122674
13634,ENSG00000274209.4,0.12977006486377238
13635,ENSG00000164136.17,0.12973136463841953
13636,ENSG00000018869.17,0.12971386392898465
13637,ENSG00000089737.17,0.1296789562384101
13638,ENSG00000185800.12,0.12965071496151614
13639,ENSG00000141644.17,0.12964917124600148
13640,ENSG00000147570.10,0.12959623515379268
13641,ENSG00000105053.11,0.1295553770989863
13642,ENSG00000068323.17,0.12952805809228224
13643,ENSG00000126231.15,0.12946014307491677
13644,ENSG00000174136.13,0.12929436574169562
13645,ENSG00000066827.16,0.129236924589769
13646,ENSG00000020256.20,0.12917903174092166
13647,ENSG00000174720.16,0.12912379829943985
13648,ENSG00000182944.18,0.1291031915706867
13649,ENSG00000135953.11,0.12907473968240216
13650,ENSG00000156931.16,0.12905929110333614
13651,ENSG00000138303.18,0.12904277225243496
13652,ENSG00000261934.2,0.12895054458398728
13653,ENSG00000155846.17,0.12894048724591017
13654,ENSG00000198492.16,0.12874611146760118
13655,ENSG00000022840.16,0.12872837482370417
13656,ENSG00000171873.8,0.12872249858352916
13657,ENSG00000135945.10,0.12869707594406748
13658,ENSG00000164535.15,0.12863590872136405
13659,ENSG00000204713.11,0.1286183279654437
13660,ENSG00000122257.20,0.12861548979962725
13661,ENSG00000106692.15,0.12859768995030632
13662,ENSG00000128694.12,0.12858950981424033
13663,ENSG00000111087.10,0.1285709734116879
13664,ENSG00000186787.9,0.12854667083483387
13665,ENSG00000111142.14,0.12850935161723345
13666,ENSG00000062524.16,0.12845714095922336
13667,ENSG00000185414.20,0.1284439363475516
13668,ENSG00000106686.16,0.1283997600772786
13669,ENSG00000103932.12,0.12834031316240044
13670,ENSG00000089123.16,0.1283303988697785
13671,ENSG00000104237.11,0.1283014858451281
13672,ENSG00000100395.15,0.12827458119150528
13673,ENSG00000107164.16,0.1282593522178446
13674,ENSG00000118260.15,0.12825934892760352
13675,ENSG00000154114.12,0.12817738687925248
13676,ENSG00000132906.18,0.12817395615271396
13677,ENSG00000119684.16,0.12816510807369658
13678,ENSG00000011007.12,0.1281483087427868
13679,ENSG00000204524.7,0.12812028568547112
13680,ENSG00000136819.15,0.12811835000851746
13681,ENSG00000163734.4,0.12810864706732805
13682,ENSG00000107862.6,0.12809051721440298
13683,ENSG00000138617.16,0.12806009654582506
13684,ENSG00000159905.15,0.12803652344171876
13685,ENSG00000197889.10,0.12803559316839158
13686,ENSG00000103671.10,0.12802228080034125
13687,ENSG00000229637.4,0.12790814192796318
13688,ENSG00000100813.14,0.12788111073308192
13689,ENSG00000107882.12,0.12786706579492907
13690,ENSG00000268964.3,0.12783642788572178
13691,ENSG00000180881.19,0.1277312099627385
13692,ENSG00000179965.12,0.12761062008167828
13693,ENSG00000203722.8,0.12760618245001934
13694,ENSG00000136932.14,0.12752729975909477
13695,ENSG00000067221.14,0.12752072447832885
13696,ENSG00000183760.11,0.12750278415333524
13697,ENSG00000154222.15,0.12750244528637858
13698,ENSG00000196290.16,0.12745504525494386
13699,ENSG00000151247.12,0.12745096965573652
13700,ENSG00000146909.8,0.12744791270687209
13701,ENSG00000105383.15,0.127405228436919
13702,ENSG00000165660.8,0.12737737252232553
13703,ENSG00000138398.17,0.12735200236001734
13704,ENSG00000095752.7,0.12728128639017136
13705,ENSG00000040531.16,0.12723369311773833
13706,ENSG00000122223.13,0.1271792063179932
13707,ENSG00000083635.8,0.12717150121366314
13708,ENSG00000117697.15,0.12713179786438447
13709,ENSG00000165152.9,0.12711593444903857
13710,ENSG00000105492.16,0.1270683722600627
13711,ENSG00000196220.16,0.12704372327192226
13712,ENSG00000087250.9,0.1269323674965883
13713,ENSG00000155744.9,0.1269233801890302
13714,ENSG00000011021.23,0.1268785099211496
13715,ENSG00000134962.7,0.12680423784196998
13716,ENSG00000157551.19,0.12680304765542016
13717,ENSG00000070269.14,0.1267755909951694
13718,ENSG00000169057.24,0.12676681862201072
13719,ENSG00000185158.12,0.1267322822427989
13720,ENSG00000125962.14,0.12671965986019632
13721,ENSG00000176715.17,0.12669038815643613
13722,ENSG00000118620.13,0.12664325755328043
13723,ENSG00000163959.10,0.12661936919343272
13724,ENSG00000005436.14,0.12661248987838283
13725,ENSG00000154493.19,0.1265794139709525
13726,ENSG00000124444.16,0.1265628047734657
13727,ENSG00000197838.5,0.1265561667460105
13728,ENSG00000074706.13,0.12655602295634286
13729,ENSG00000244588.5,0.1265368379475764
13730,ENSG00000101307.16,0.12647134666980692
13731,ENSG00000111877.17,0.12646899728471353
13732,ENSG00000115977.20,0.1264560696813563
13733,ENSG00000197951.10,0.126431531448104
13734,ENSG00000104218.16,0.12643015582900435
13735,ENSG00000170298.15,0.1263812358457671
13736,ENSG00000158865.12,0.12637122695601938
13737,ENSG00000106344.8,0.12626431032598562
13738,ENSG00000122692.9,0.12622007995304085
13739,ENSG00000189190.10,0.12620763055450826
13740,ENSG00000139233.7,0.12616899527433112
13741,ENSG00000168259.17,0.12609514859375967
13742,ENSG00000172020.13,0.12607683665577524
13743,ENSG00000188227.13,0.1260226144039935
13744,ENSG00000178761.15,0.12598845387936797
13745,ENSG00000197054.12,0.12589304201315976
13746,ENSG00000102001.13,0.12585598382357976
13747,ENSG00000160539.6,0.12562089638053
13748,ENSG00000079332.15,0.12560226411806016
13749,ENSG00000197959.14,0.12554482758673727
13750,ENSG00000136931.10,0.12553649526300917
13751,ENSG00000155252.13,0.12552359764726018
13752,ENSG00000022976.15,0.12551738300704526
13753,ENSG00000105877.18,0.1254284932810778
13754,ENSG00000081138.14,0.12539486668416847
13755,ENSG00000110665.12,0.12533659088935023
13756,ENSG00000197016.12,0.12533000239385111
13757,ENSG00000156232.7,0.12531874551075495
13758,ENSG00000113812.14,0.12527207241548177
13759,ENSG00000138381.10,0.12522284819066692
13760,ENSG00000197024.9,0.1251760527682781
13761,ENSG00000170935.8,0.1251435214298726
13762,ENSG00000137764.20,0.1250812040713646
13763,ENSG00000145982.13,0.12507055526149757
13764,ENSG00000102383.14,0.12481099083955421
13765,ENSG00000102904.15,0.12480879870828904
13766,ENSG00000080007.8,0.12477584005894175
13767,ENSG00000091106.19,0.12473140581855902
13768,ENSG00000138286.15,0.124728915216589
13769,ENSG00000006530.18,0.12469528846728346
13770,ENSG00000163026.12,0.12466020910586738
13771,ENSG00000139624.14,0.12459836533903909
13772,ENSG00000278570.5,0.12459773039856192
13773,ENSG00000163239.12,0.12459609690406055
13774,ENSG00000177479.20,0.12457349886496263
13775,ENSG00000204271.13,0.1245508668407802
13776,ENSG00000103047.8,0.1245496140090634
13777,ENSG00000267680.5,0.12442335520965549
13778,ENSG00000128652.11,0.12436282173065663
13779,ENSG00000144231.11,0.12433910819395418
13780,ENSG00000196468.8,0.12430326945223029
13781,ENSG00000196420.7,0.12430094609517214
13782,ENSG00000100206.10,0.12420888839523618
13783,ENSG00000170144.21,0.12418382990453261
13784,ENSG00000162006.9,0.12417410021842382
13785,ENSG00000092020.10,0.12415957889069719
13786,ENSG00000181690.8,0.12415711946661688
13787,ENSG00000105127.9,0.12412860306474346
13788,ENSG00000213614.10,0.12409388749960958
13789,ENSG00000090686.16,0.12404683635045642
13790,ENSG00000116396.15,0.12400726658297159
13791,ENSG00000077454.16,0.12397850821726414
13792,ENSG00000186889.10,0.12394188631145482
13793,ENSG00000049618.24,0.1239356413587152
13794,ENSG00000186666.6,0.12391580742766224
13795,ENSG00000108591.10,0.12379535174925563
13796,ENSG00000205659.11,0.12376300619544875
13797,ENSG00000005175.10,0.12376108645216427
13798,ENSG00000151657.12,0.12375282404083729
13799,ENSG00000152422.16,0.12371038410550805
13800,ENSG00000146776.14,0.1235954312780508
13801,ENSG00000064933.18,0.12358812708850103
13802,ENSG00000188306.6,0.1235863626822369
13803,ENSG00000119004.16,0.12356173233106284
13804,ENSG00000163214.21,0.12352604974464935
13805,ENSG00000181090.21,0.12346074285651683
13806,ENSG00000125885.13,0.12344368012606355
13807,ENSG00000169371.14,0.12344344697715703
13808,ENSG00000170653.19,0.12338943576935878
13809,ENSG00000255561.7,0.12337971284715207
13810,ENSG00000140750.17,0.1233749404119646
13811,ENSG00000178460.18,0.12333462197166278
13812,ENSG00000117682.17,0.12326090663654539
13813,ENSG00000148331.12,0.12325905719698686
13814,ENSG00000106603.19,0.12324744264703562
13815,ENSG00000156639.12,0.12320920483181494
13816,ENSG00000179869.15,0.12317798386215835
13817,ENSG00000171720.10,0.12316523546988081
13818,ENSG00000138785.15,0.12316249616139961
13819,ENSG00000221994.12,0.12316202945178323
13820,ENSG00000061936.10,0.12313220849877053
13821,ENSG00000169598.17,0.12312087280359978
13822,ENSG00000132604.11,0.12310484248408424
13823,ENSG00000110906.13,0.12307052256297238
13824,ENSG00000165699.15,0.12306916166077558
13825,ENSG00000163389.12,0.12305260426645305
13826,ENSG00000213066.13,0.12301135393919985
13827,ENSG00000203965.13,0.12300251240377791
13828,ENSG00000214107.8,0.12300110380832344
13829,ENSG00000029639.11,0.12293789734004411
13830,ENSG00000148187.18,0.12287816638706828
13831,ENSG00000164169.13,0.12279263290927502
13832,ENSG00000140326.13,0.12272430968728597
13833,ENSG00000122545.20,0.12271687677884362
13834,ENSG00000075292.19,0.12269488435437337
13835,ENSG00000163499.12,0.12264168244063366
13836,ENSG00000125843.11,0.12263593240431728
13837,ENSG00000135966.13,0.12263294728450647
13838,ENSG00000115665.9,0.12258583823028296
13839,ENSG00000133114.18,0.12257058673640205
13840,ENSG00000110768.12,0.12249074284468572
13841,ENSG00000157538.14,0.12248518039149574
13842,ENSG00000188523.9,0.12240693984158696
13843,ENSG00000227124.11,0.12237865008891628
13844,ENSG00000166579.16,0.12235192224055913
13845,ENSG00000081842.18,0.12234871039600255
13846,ENSG00000116147.17,0.12232080442447996
13847,ENSG00000112200.17,0.12231668912673038
13848,ENSG00000156983.16,0.12229183823335034
13849,ENSG00000136940.14,0.12217957854272266
13850,ENSG00000168214.20,0.12216020169728621
13851,ENSG00000163666.10,0.12214919640247071
13852,ENSG00000183914.14,0.12214036272133494
13853,ENSG00000138614.15,0.12211594415962825
13854,ENSG00000109381.20,0.12208399675866545
13855,ENSG00000197587.11,0.12202861725309201
13856,ENSG00000141665.13,0.12190931205088153
13857,ENSG00000148600.15,0.12186938292619527
13858,ENSG00000197912.16,0.12185555711123397
13859,ENSG00000166377.20,0.12179381611229471
13860,ENSG00000109667.12,0.12176266670062202
13861,ENSG00000122852.15,0.12173839870446936
13862,ENSG00000186854.11,0.12171100892447138
13863,ENSG00000182327.8,0.121675693988963
13864,ENSG00000150636.17,0.12167440010453583
13865,ENSG00000162927.14,0.12165642602115143
13866,ENSG00000167528.13,0.12161347804753835
13867,ENSG00000243896.4,0.12157656939629456
13868,ENSG00000124614.16,0.12156504471846621
13869,ENSG00000120662.16,0.12156076018732767
13870,ENSG00000184508.12,0.12149786697593598
13871,ENSG00000184863.11,0.12149404764076498
13872,ENSG00000221944.9,0.12148263999140599
13873,ENSG00000144401.14,0.12147683963919124
13874,ENSG00000173214.7,0.12145950091115917
13875,ENSG00000214413.9,0.12138260966525768
13876,ENSG00000014919.13,0.1213247471988349
13877,ENSG00000132874.15,0.1213130776802256
13878,ENSG00000229474.7,0.12130425388768794
13879,ENSG00000257218.6,0.12127723326496086
13880,ENSG00000175054.16,0.12126588042403015
13881,ENSG00000108417.4,0.1212636136631934
13882,ENSG00000120337.8,0.12122523510405982
13883,ENSG00000185437.13,0.12121260617445266
13884,ENSG00000090470.15,0.12118184447124142
13885,ENSG00000152133.16,0.12117170614590086
13886,ENSG00000144848.11,0.12114069081585208
13887,ENSG00000154342.6,0.12109259654461373
13888,ENSG00000102967.12,0.1210911316399604
13889,ENSG00000169885.10,0.12108638041815664
13890,ENSG00000064703.12,0.12102212781929175
13891,ENSG00000100603.14,0.12101015597807946
13892,ENSG00000122507.21,0.12098372319080876
13893,ENSG00000198912.11,0.12096179585135466
13894,ENSG00000185737.13,0.12093578355412811
13895,ENSG00000154309.9,0.12090857066055208
13896,ENSG00000179930.6,0.12089259970878544
13897,ENSG00000136630.13,0.12085074076020963
13898,ENSG00000176422.14,0.12078877571868024
13899,ENSG00000165006.14,0.12075541535849113
13900,ENSG00000011275.19,0.12073620438574217
13901,ENSG00000269586.7,0.12065484690097776
13902,ENSG00000240505.9,0.1206510464275314
13903,ENSG00000143473.13,0.12064272909776683
13904,ENSG00000128322.7,0.12062329664432402
13905,ENSG00000114745.13,0.12058760292690782
13906,ENSG00000272391.6,0.120538694343994
13907,ENSG00000100346.18,0.12048367213290916
13908,ENSG00000109445.11,0.12046556292794379
13909,ENSG00000100916.14,0.12031627289821013
13910,ENSG00000138769.11,0.12026582460593763
13911,ENSG00000144791.10,0.12020024649391833
13912,ENSG00000269556.8,0.12017647660507887
13913,ENSG00000117262.19,0.12011048581045922
13914,ENSG00000110680.13,0.1200489047603228
13915,ENSG00000141040.15,0.12004259874943889
13916,ENSG00000132300.19,0.12001284807354913
13917,ENSG00000049192.15,0.11995674539582604
13918,ENSG00000115282.21,0.11995463808941745
13919,ENSG00000123612.16,0.11983976039599828
13920,ENSG00000135956.9,0.11983466438257183
13921,ENSG00000113761.12,0.11981107575149028
13922,ENSG00000187398.12,0.11980632829492602
13923,ENSG00000158220.14,0.11977235675215117
13924,ENSG00000183273.7,0.11970418271680831
13925,ENSG00000197275.14,0.11968097504774332
13926,ENSG00000188428.20,0.11967848215269303
13927,ENSG00000183426.17,0.1196647978893246
13928,ENSG00000122674.12,0.11966331537721994
13929,ENSG00000134256.12,0.11963054736212442
13930,ENSG00000154240.17,0.1196196935731065
13931,ENSG00000163202.5,0.11953947905282428
13932,ENSG00000070061.16,0.11953564094555323
13933,ENSG00000157343.9,0.11946515081933626
13934,ENSG00000197705.10,0.11946137804425867
13935,ENSG00000198105.15,0.11936572359518002
13936,ENSG00000172171.11,0.11935747952495357
13937,ENSG00000100802.15,0.11933502959344622
13938,ENSG00000203791.15,0.11933108965148392
13939,ENSG00000074356.17,0.11931913997623965
13940,ENSG00000173826.15,0.11931278168342153
13941,ENSG00000165028.12,0.1192693476201931
13942,ENSG00000147912.13,0.11921251406865416
13943,ENSG00000137802.14,0.11899924429902925
13944,ENSG00000197779.15,0.11897463481367483
13945,ENSG00000173451.7,0.11893963658371123
13946,ENSG00000164338.10,0.11892725996504315
13947,ENSG00000183576.13,0.11891119462742493
13948,ENSG00000146243.14,0.11890986171984082
13949,ENSG00000103546.18,0.11886575764909024
13950,ENSG00000100104.13,0.11884203795929507
13951,ENSG00000122965.11,0.11879276213146357
13952,ENSG00000170633.16,0.1187230465797451
13953,ENSG00000185219.17,0.11863328005248437
13954,ENSG00000158156.9,0.11862398382842375
13955,ENSG00000278311.5,0.11860180299722187
13956,ENSG00000105556.11,0.11851931002063931
13957,ENSG00000126814.7,0.11847716562397548
13958,ENSG00000151062.15,0.11846414544855655
13959,ENSG00000157540.22,0.11844712918461993
13960,ENSG00000154803.13,0.11843270334262015
13961,ENSG00000162367.11,0.11838926168986455
13962,ENSG00000118246.14,0.11835551027938936
13963,ENSG00000186017.14,0.1183374623701382
13964,ENSG00000180953.11,0.11829432044746373
13965,ENSG00000177398.18,0.11828655609749845
13966,ENSG00000175104.15,0.11824812753387923
13967,ENSG00000181027.11,0.11818567024711868
13968,ENSG00000162624.14,0.11815372399047723
13969,ENSG00000163608.15,0.11814125111787493
13970,ENSG00000125386.16,0.11813586835178945
13971,ENSG00000172977.13,0.11799359718526857
13972,ENSG00000143093.15,0.11796269467176089
13973,ENSG00000082684.16,0.11795846551743469
13974,ENSG00000149634.4,0.1179411335920335
13975,ENSG00000105072.9,0.11790023121338128
13976,ENSG00000211460.12,0.11785895994861927
13977,ENSG00000123600.20,0.11780859652939757
13978,ENSG00000152495.11,0.11778726984154249
13979,ENSG00000185379.20,0.1177085703409359
13980,ENSG00000162994.16,0.11769547248028173
13981,ENSG00000095485.18,0.11765157280182349
13982,ENSG00000100445.17,0.11765024000678548
13983,ENSG00000001626.16,0.11761464884595643
13984,ENSG00000187268.12,0.11757854153950902
13985,ENSG00000168621.15,0.11748190652190753
13986,ENSG00000181722.17,0.11738063839678119
13987,ENSG00000163376.11,0.11736186451049127
13988,ENSG00000240771.8,0.11731626210027311
13989,ENSG00000180318.4,0.11731388458381597
13990,ENSG00000232119.8,0.11728015793639235
13991,ENSG00000132313.15,0.11721062076415018
13992,ENSG00000267041.6,0.11719036351164484
13993,ENSG00000161860.8,0.11717539180480278
13994,ENSG00000226479.4,0.11717047783161538
13995,ENSG00000189013.14,0.11716239126392419
13996,ENSG00000003393.15,0.11716229461621888
13997,ENSG00000172785.18,0.11715769655196207
13998,ENSG00000181991.16,0.11711621255176327
13999,ENSG00000119685.20,0.1171092642106723
14000,ENSG00000163719.20,0.11710589824045482
14001,ENSG00000179152.20,0.11702665648906391
14002,ENSG00000142751.15,0.1170087027556501
14003,ENSG00000127831.11,0.11699978281301664
14004,ENSG00000145723.17,0.11693264644166484
14005,ENSG00000225830.15,0.11691680059790896
14006,ENSG00000114859.16,0.11688861215114468
14007,ENSG00000278129.2,0.11681076842537727
14008,ENSG00000124380.11,0.1167587256542799
14009,ENSG00000151092.18,0.1166947543293997
14010,ENSG00000107736.21,0.11665767838253015
14011,ENSG00000174428.18,0.11652965246521418
14012,ENSG00000169271.3,0.11652387466109587
14013,ENSG00000189362.12,0.11642464757220919
14014,ENSG00000145198.14,0.11640184087011235
14015,ENSG00000185670.9,0.1163877190678309
14016,ENSG00000108839.12,0.11636414702684518
14017,ENSG00000179151.13,0.1163211030435106
14018,ENSG00000171574.18,0.11624801361982243
14019,ENSG00000149506.11,0.1162232184299813
14020,ENSG00000119487.17,0.11619610645068602
14021,ENSG00000131508.16,0.11619351228203822
14022,ENSG00000187715.13,0.11609523130715228
14023,ENSG00000137252.9,0.11608554836542231
14024,ENSG00000114841.17,0.11607354947812724
14025,ENSG00000189298.14,0.11606350394422482
14026,ENSG00000143450.18,0.1160168343260087
14027,ENSG00000171566.12,0.11598262297821205
14028,ENSG00000158079.16,0.11593906710274467
14029,ENSG00000063978.16,0.1159292158326461
14030,ENSG00000163749.17,0.11590796616642333
14031,ENSG00000255423.1,0.11588384142926897
14032,ENSG00000122566.22,0.11585087053557819
14033,ENSG00000004139.14,0.1158108842538714
14034,ENSG00000123552.18,0.11580521559114439
14035,ENSG00000105656.13,0.115753813956214
14036,ENSG00000182359.15,0.11574062214634433
14037,ENSG00000091009.8,0.1157220769023734
14038,ENSG00000197446.9,0.11571080636171137
14039,ENSG00000135519.8,0.11570692978429296
14040,ENSG00000196361.10,0.11566443930474846
14041,ENSG00000136273.13,0.11561401196109203
14042,ENSG00000198573.7,0.11560927058837463
14043,ENSG00000007314.12,0.11560238353661514
14044,ENSG00000196597.13,0.11559612799407211
14045,ENSG00000121940.16,0.11558281469537739
14046,ENSG00000187775.17,0.11556552655935542
14047,ENSG00000147164.12,0.1155499492343449
14048,ENSG00000137948.18,0.11554022107649059
14049,ENSG00000083812.12,0.11550831540378886
14050,ENSG00000168228.15,0.1154778244304995
14051,ENSG00000156009.10,0.11546649320850923
14052,ENSG00000087589.16,0.11542700186638513
14053,ENSG00000261678.3,0.11542337627948582
14054,ENSG00000068354.16,0.11541831148307785
14055,ENSG00000033030.15,0.11539504475311772
14056,ENSG00000017427.17,0.11534808468324916
14057,ENSG00000180209.12,0.11533078975447202
14058,ENSG00000144233.10,0.115317662742946
14059,ENSG00000103494.15,0.1152883104116085
14060,ENSG00000175224.16,0.11524774226233575
14061,ENSG00000135637.14,0.11524351626576561
14062,ENSG00000086506.3,0.11523150102552819
14063,ENSG00000115386.6,0.11522844294252063
14064,ENSG00000149557.14,0.11519940763486698
14065,ENSG00000101452.15,0.11519256363410049
14066,ENSG00000171824.14,0.11516340917499981
14067,ENSG00000188266.14,0.11514552097227083
14068,ENSG00000183549.10,0.11513357757938013
14069,ENSG00000167751.13,0.11508723209526756
14070,ENSG00000204956.5,0.11506513112577557
14071,ENSG00000283703.2,0.11501134686170238
14072,ENSG00000259956.2,0.1149827121237241
14073,ENSG00000088179.9,0.11490018649710475
14074,ENSG00000166024.14,0.11487881333696932
14075,ENSG00000157017.16,0.11485799026116232
14076,ENSG00000133878.9,0.11485230719889053
14077,ENSG00000139133.7,0.11483858795824893
14078,ENSG00000157869.16,0.11481445516865285
14079,ENSG00000121903.14,0.11472730527097945
14080,ENSG00000253159.3,0.11468641840091733
14081,ENSG00000133028.12,0.11464665553407467
14082,ENSG00000123411.15,0.11463653766744938
14083,ENSG00000140471.17,0.11456374299829891
14084,ENSG00000122335.17,0.11439594855382
14085,ENSG00000145428.15,0.11437027324935183
14086,ENSG00000154889.17,0.11436990442533075
14087,ENSG00000144741.18,0.11428525964324969
14088,ENSG00000136045.12,0.11428116860974027
14089,ENSG00000160226.16,0.11426095898217414
14090,ENSG00000090989.18,0.11425275964181304
14091,ENSG00000273706.5,0.11424690054862467
14092,ENSG00000111361.13,0.11423956198026415
14093,ENSG00000086967.10,0.11422705256286637
14094,ENSG00000171763.20,0.11419472440922243
14095,ENSG00000136715.19,0.11418216836419631
14096,ENSG00000163002.13,0.11415518814355735
14097,ENSG00000106682.15,0.1141481368682411
14098,ENSG00000282815.1,0.11413441171978234
14099,ENSG00000164972.13,0.114125897399222
14100,ENSG00000163866.9,0.11408196194402113
14101,ENSG00000165669.14,0.11405954361831533
14102,ENSG00000151445.16,0.11405600597820684
14103,ENSG00000124743.6,0.11404589091692637
14104,ENSG00000233757.6,0.11400472739081381
14105,ENSG00000159455.9,0.11396746542189888
14106,ENSG00000214491.8,0.11393914929234329
14107,ENSG00000149571.12,0.11389229755822927
14108,ENSG00000173406.16,0.11389216681562081
14109,ENSG00000134152.11,0.11388990054967031
14110,ENSG00000133997.12,0.11386385561871405
14111,ENSG00000170819.5,0.11383316148044023
14112,ENSG00000146285.14,0.11381337177711208
14113,ENSG00000172748.14,0.11373383828267042
14114,ENSG00000206113.11,0.11365787904649045
14115,ENSG00000127366.5,0.11359498944991737
14116,ENSG00000100568.11,0.11357557156541676
14117,ENSG00000182931.9,0.113512137556486
14118,ENSG00000167196.14,0.11349681763686993
14119,ENSG00000138032.21,0.11348921655294997
14120,ENSG00000105672.14,0.11347589128612547
14121,ENSG00000175387.16,0.11344154463255655
14122,ENSG00000070476.15,0.11342710936388707
14123,ENSG00000163636.11,0.11339430691630682
14124,ENSG00000132275.11,0.1133591960246927
14125,ENSG00000106006.6,0.11331201911132077
14126,ENSG00000184277.13,0.1133049955634119
14127,ENSG00000277893.2,0.11328907081133796
14128,ENSG00000115875.19,0.1132378424573035
14129,ENSG00000139370.12,0.11323107167830432
14130,ENSG00000119509.13,0.11321721202138593
14131,ENSG00000100722.20,0.11309955833770646
14132,ENSG00000107625.13,0.11307734723310937
14133,ENSG00000172530.20,0.11306035441397162
14134,ENSG00000215784.6,0.11305442731238302
14135,ENSG00000138435.16,0.11304681942906669
14136,ENSG00000136827.12,0.11292263866643176
14137,ENSG00000134183.12,0.11286283731529714
14138,ENSG00000164107.9,0.11284826579322657
14139,ENSG00000135740.17,0.11275322977249186
14140,ENSG00000167769.5,0.11273862355969858
14141,ENSG00000126070.20,0.11273861397976524
14142,ENSG00000118454.13,0.11272157557434484
14143,ENSG00000089094.19,0.11270718336503865
14144,ENSG00000257727.6,0.11266516842585406
14145,ENSG00000110931.19,0.11265239677003935
14146,ENSG00000222011.9,0.11260298393884081
14147,ENSG00000185917.14,0.11256185818750855
14148,ENSG00000198723.11,0.11255775739414249
14149,ENSG00000196911.11,0.1125519456652606
14150,ENSG00000100523.16,0.1125347557634415
14151,ENSG00000164076.17,0.11250688012385388
14152,ENSG00000082068.9,0.11243753267712364
14153,ENSG00000174837.15,0.11242579954649515
14154,ENSG00000178665.16,0.11239806548051039
14155,ENSG00000116151.14,0.11230490823325724
14156,ENSG00000176732.7,0.11229199535016787
14157,ENSG00000174885.13,0.11225556314514186
14158,ENSG00000140153.18,0.112242179198888
14159,ENSG00000198026.8,0.11217913208617426
14160,ENSG00000169330.9,0.11212341347222878
14161,ENSG00000188315.8,0.1121019744108216
14162,ENSG00000244462.8,0.11207163408326708
14163,ENSG00000184486.10,0.11201259473937061
14164,ENSG00000105467.9,0.11199712197220338
14165,ENSG00000143125.6,0.11191730946908893
14166,ENSG00000198198.17,0.11190077390102371
14167,ENSG00000269526.1,0.11185095719994742
14168,ENSG00000198205.6,0.11178520728376164
14169,ENSG00000171711.3,0.11164798729095363
14170,ENSG00000198799.12,0.11163893280619208
14171,ENSG00000177599.13,0.11154132114353779
14172,ENSG00000131269.19,0.11151208469122548
14173,ENSG00000109181.12,0.11150353320779975
14174,ENSG00000140465.14,0.11149551702110697
14175,ENSG00000112319.19,0.11141598458699212
14176,ENSG00000139304.16,0.11129261875526218
14177,ENSG00000078304.19,0.11125811772760902
14178,ENSG00000115607.9,0.11123599311161743
14179,ENSG00000151773.13,0.11120574215262247
14180,ENSG00000119965.13,0.11103864167442919
14181,ENSG00000156313.15,0.11098583382596551
14182,ENSG00000108823.16,0.11097871056105547
14183,ENSG00000140459.18,0.11095846600976594
14184,ENSG00000125482.13,0.11088866142111554
14185,ENSG00000166529.15,0.11086891026277226
14186,ENSG00000186272.13,0.11081473439861804
14187,ENSG00000102057.10,0.11079503352770526
14188,ENSG00000170370.12,0.11076716567045007
14189,ENSG00000115008.6,0.11074839091376219
14190,ENSG00000085274.16,0.11073694449946929
14191,ENSG00000155980.13,0.110706176474024
14192,ENSG00000113248.6,0.1106911460650978
14193,ENSG00000136367.14,0.11067536163973674
14194,ENSG00000204420.10,0.1105745994099266
14195,ENSG00000171169.9,0.11055441262100248
14196,ENSG00000183287.14,0.11053907745723063
14197,ENSG00000170445.16,0.11047061090743412
14198,ENSG00000154781.16,0.11044256251180742
14199,ENSG00000253649.5,0.11027680307097157
14200,ENSG00000165300.7,0.1102417057260321
14201,ENSG00000134262.13,0.11022036300110964
14202,ENSG00000188092.15,0.11021229880598607
14203,ENSG00000168872.17,0.11020930818903524
14204,ENSG00000137571.11,0.11019447815052325
14205,ENSG00000183647.10,0.11019413841162466
14206,ENSG00000170209.5,0.11013586532890497
14207,ENSG00000101292.8,0.11011115166757963
14208,ENSG00000108433.17,0.11008830567926799
14209,ENSG00000182973.19,0.11006935890386783
14210,ENSG00000163166.15,0.11004307430602907
14211,ENSG00000177058.12,0.11002400632113236
14212,ENSG00000162344.4,0.10994213677217948
14213,ENSG00000178150.10,0.10983316364099403
14214,ENSG00000182400.15,0.10981014053791029
14215,ENSG00000177807.10,0.10977198880026172
14216,ENSG00000182150.18,0.10976962704425018
14217,ENSG00000161265.15,0.10974088107137114
14218,ENSG00000169621.10,0.10973327542518431
14219,ENSG00000118514.14,0.10968409236073776
14220,ENSG00000122557.11,0.10962744326682863
14221,ENSG00000104047.15,0.10956651187148264
14222,ENSG00000147082.18,0.10953654746427405
14223,ENSG00000167178.16,0.1094223360575146
14224,ENSG00000148935.11,0.10941876346311802
14225,ENSG00000155970.12,0.10939054082979616
14226,ENSG00000059691.12,0.10935625404968645
14227,ENSG00000086589.12,0.10934263316306186
14228,ENSG00000003987.14,0.10930977084323729
14229,ENSG00000198453.13,0.10929253232106775
14230,ENSG00000197566.10,0.10927652879389871
14231,ENSG00000166343.10,0.10927412723534043
14232,ENSG00000198081.11,0.10923178921733999
14233,ENSG00000176273.15,0.10921045496290857
14234,ENSG00000108342.13,0.10919862300974618
14235,ENSG00000115239.24,0.10908676925577392
14236,ENSG00000253251.3,0.10906223843850359
14237,ENSG00000135365.16,0.10904824464131775
14238,ENSG00000275464.5,0.10896771313686221
14239,ENSG00000161082.13,0.10896532497911875
14240,ENSG00000106031.9,0.10891382642831547
14241,ENSG00000154743.18,0.1089013631912526
14242,ENSG00000119953.14,0.10887880049911113
14243,ENSG00000182950.3,0.10886878394621133
14244,ENSG00000137871.20,0.1088148319541221
14245,ENSG00000163512.14,0.1087977678301848
14246,ENSG00000101882.10,0.10874055693568402
14247,ENSG00000176371.14,0.10873145579288462
14248,ENSG00000138002.16,0.10866670193958594
14249,ENSG00000089053.13,0.10864043048646839
14250,ENSG00000229676.3,0.10856922933153923
14251,ENSG00000261594.4,0.1085595676118799
14252,ENSG00000103429.11,0.1085099758907472
14253,ENSG00000172782.12,0.1085044472529842
14254,ENSG00000116198.14,0.10848738878305877
14255,ENSG00000171055.15,0.10837832938051692
14256,ENSG00000188167.9,0.10836821025363774
14257,ENSG00000066117.15,0.10833526782820041
14258,ENSG00000196417.13,0.10830532839759985
14259,ENSG00000166897.16,0.10829111398967574
14260,ENSG00000143971.9,0.10828792683788072
14261,ENSG00000155229.21,0.10826873790474859
14262,ENSG00000114771.14,0.10824311452299688
14263,ENSG00000101180.16,0.10823238453226947
14264,ENSG00000105793.16,0.10812759054388717
14265,ENSG00000068885.15,0.10810044109998143
14266,ENSG00000140986.8,0.10808583206829189
14267,ENSG00000165495.16,0.10807391469896127
14268,ENSG00000115942.9,0.10795988778416693
14269,ENSG00000188766.12,0.10793976070369211
14270,ENSG00000175267.15,0.10793303501300434
14271,ENSG00000182752.10,0.10790367831322309
14272,ENSG00000183735.11,0.10788573730148962
14273,ENSG00000115718.18,0.10783616574157855
14274,ENSG00000099974.8,0.10772575522696044
14275,ENSG00000169507.9,0.10769818085362878
14276,ENSG00000155729.13,0.10768100240831506
14277,ENSG00000180592.17,0.10766691816102483
14278,ENSG00000137074.20,0.10763247517913953
14279,ENSG00000109332.20,0.10761277533973135
14280,ENSG00000122859.5,0.10754942781969329
14281,ENSG00000138231.13,0.10753748862311305
14282,ENSG00000011590.14,0.10753159932932574
14283,ENSG00000119820.11,0.10752428943035494
14284,ENSG00000103995.14,0.10739775022983081
14285,ENSG00000111215.12,0.10725813136903811
14286,ENSG00000072609.18,0.1072548712636597
14287,ENSG00000115970.18,0.10725053745431855
14288,ENSG00000153015.16,0.10718226757953607
14289,ENSG00000188886.3,0.10717720511144957
14290,ENSG00000170234.13,0.10712455715808972
14291,ENSG00000277117.5,0.10712448802184857
14292,ENSG00000079277.22,0.10708823432909767
14293,ENSG00000171402.15,0.10706746810265129
14294,ENSG00000128881.17,0.1070641242492597
14295,ENSG00000172867.4,0.10704701692934059
14296,ENSG00000117481.10,0.10698065968350214
14297,ENSG00000124160.12,0.10684309360784289
14298,ENSG00000146678.10,0.10677274921374767
14299,ENSG00000162869.16,0.10676455630225216
14300,ENSG00000138658.16,0.10670931832125571
14301,ENSG00000169126.16,0.10651535434897232
14302,ENSG00000102230.14,0.10637680484289094
14303,ENSG00000162300.13,0.10633799053109616
14304,ENSG00000249915.8,0.10633170210053662
14305,ENSG00000243978.8,0.10629353034313105
14306,ENSG00000164077.14,0.10609699172622657
14307,ENSG00000185955.5,0.10605188536497287
14308,ENSG00000087206.17,0.10603098220247816
14309,ENSG00000011376.12,0.10598067234154979
14310,ENSG00000127989.14,0.10596361674099006
14311,ENSG00000183208.12,0.10594324815109718
14312,ENSG00000154814.14,0.10594146551550832
14313,ENSG00000136866.14,0.10592827131848813
14314,ENSG00000114316.13,0.10591670096427996
14315,ENSG00000131142.13,0.1059123205928247
14316,ENSG00000258818.4,0.10588859456564743
14317,ENSG00000197863.9,0.10582051217050589
14318,ENSG00000164002.11,0.10571395042407496
14319,ENSG00000214367.9,0.10539571627513711
14320,ENSG00000228486.10,0.10535245368780574
14321,ENSG00000175262.14,0.10533746873006657
14322,ENSG00000182508.14,0.10526457437496217
14323,ENSG00000160321.15,0.10520697530761423
14324,ENSG00000113722.17,0.10519410322885545
14325,ENSG00000196912.12,0.10519217329436706
14326,ENSG00000113638.14,0.10515533232966855
14327,ENSG00000114656.12,0.10514240537570839
14328,ENSG00000186912.6,0.10514123982257885
14329,ENSG00000148082.10,0.10509880202203281
14330,ENSG00000148824.19,0.10509517166974312
14331,ENSG00000155666.12,0.10506381210240348
14332,ENSG00000204147.11,0.10506073834709363
14333,ENSG00000198756.12,0.10504082374890876
14334,ENSG00000105784.15,0.1050325293441084
14335,ENSG00000178343.5,0.10497719493617157
14336,ENSG00000009780.16,0.10494720505495977
14337,ENSG00000089505.18,0.10490685492848525
14338,ENSG00000146426.18,0.10490585658148331
14339,ENSG00000140600.17,0.10489209286136614
14340,ENSG00000186710.11,0.10486455781352133
14341,ENSG00000223802.8,0.10478617725138115
14342,ENSG00000155275.19,0.10472648765991585
14343,ENSG00000186073.14,0.10468871942534995
14344,ENSG00000158023.10,0.1046613294695859
14345,ENSG00000119522.16,0.10460369442170508
14346,ENSG00000159409.15,0.10460124769286715
14347,ENSG00000066032.18,0.10454695705909531
14348,ENSG00000197223.12,0.10445558092883221
14349,ENSG00000124203.6,0.10445037864830906
14350,ENSG00000152779.14,0.10436335097938303
14351,ENSG00000169006.7,0.10430697365832887
14352,ENSG00000147509.14,0.10430076142052465
14353,ENSG00000187792.5,0.10428353683383595
14354,ENSG00000156222.12,0.10427872446776204
14355,ENSG00000152592.14,0.10425213018459542
14356,ENSG00000112081.17,0.10417563703381755
14357,ENSG00000121964.14,0.104159595012685
14358,ENSG00000132518.7,0.1041001951997505
14359,ENSG00000197548.12,0.10406667117431664
14360,ENSG00000175110.12,0.10405555971654235
14361,ENSG00000273899.5,0.10403944093597936
14362,ENSG00000152207.7,0.10401385492056936
14363,ENSG00000128908.17,0.10395510254216402
14364,ENSG00000150750.8,0.10391815952808355
14365,ENSG00000065883.16,0.10384333413235285
14366,ENSG00000197808.12,0.10380831676655952
14367,ENSG00000144161.13,0.10374623426355399
14368,ENSG00000175711.8,0.10368073095731269
14369,ENSG00000122481.17,0.10361846001646265
14370,ENSG00000101624.11,0.10356465664260003
14371,ENSG00000156269.5,0.10352458403227185
14372,ENSG00000204842.18,0.10351999119664021
14373,ENSG00000269335.6,0.10350218197700989
14374,ENSG00000153930.12,0.10348140479066142
14375,ENSG00000155897.10,0.10344843723891091
14376,ENSG00000133980.5,0.10342840202594682
14377,ENSG00000168152.13,0.10341308169321095
14378,ENSG00000182108.11,0.10340111131891495
14379,ENSG00000168952.15,0.10332775754344785
14380,ENSG00000088876.13,0.10332252214500366
14381,ENSG00000117751.18,0.10326127111432556
14382,ENSG00000115421.13,0.10325759640476365
14383,ENSG00000215193.13,0.10320709914618817
14384,ENSG00000273136.7,0.10307497668178613
14385,ENSG00000152439.13,0.10304290120856671
14386,ENSG00000106609.16,0.10303726270117651
14387,ENSG00000120057.5,0.1030167690994252
14388,ENSG00000166359.11,0.10292408709436712
14389,ENSG00000196110.8,0.1028949962420441
14390,ENSG00000140876.11,0.10281751530585621
14391,ENSG00000180228.14,0.10277151565853543
14392,ENSG00000119760.16,0.10276969833498888
14393,ENSG00000154263.17,0.1027295346833986
14394,ENSG00000160207.9,0.10268867873630977
14395,ENSG00000095777.17,0.10268304655404811
14396,ENSG00000106346.11,0.102673396139013
14397,ENSG00000137275.15,0.10266458071159652
14398,ENSG00000040933.16,0.1026548096193418
14399,ENSG00000137413.16,0.10264985267011863
14400,ENSG00000198874.13,0.10264610371424063
14401,ENSG00000163798.13,0.10262513403248211
14402,ENSG00000170423.13,0.10256320019890561
14403,ENSG00000080802.19,0.10253907883587912
14404,ENSG00000116497.18,0.10252943623654623
14405,ENSG00000120616.16,0.10252601561783349
14406,ENSG00000100784.12,0.10244596440265392
14407,ENSG00000130803.15,0.10234656894450224
14408,ENSG00000144182.17,0.10234607922730064
14409,ENSG00000111605.18,0.10232829766734115
14410,ENSG00000232838.4,0.10232631286988762
14411,ENSG00000073578.17,0.10221390687349895
14412,ENSG00000189144.14,0.10221025863091747
14413,ENSG00000125485.17,0.10206078214791191
14414,ENSG00000122085.17,0.10198321851501978
14415,ENSG00000112218.9,0.10196709668755403
14416,ENSG00000249471.8,0.10191745701013527
14417,ENSG00000251247.11,0.10189483507616279
14418,ENSG00000182183.15,0.10184501194525926
14419,ENSG00000116560.11,0.10171249707150817
14420,ENSG00000198218.11,0.10162475696454755
14421,ENSG00000001460.18,0.10157485956410187
14422,ENSG00000120210.8,0.10155967947162158
14423,ENSG00000130032.17,0.10155606460528203
14424,ENSG00000186190.7,0.10154229540173325
14425,ENSG00000133488.15,0.1015157131967183
14426,ENSG00000253250.3,0.10147951660861358
14427,ENSG00000101188.5,0.10144325153454714
14428,ENSG00000146574.16,0.1014405201867355
14429,ENSG00000183908.7,0.10141762060264672
14430,ENSG00000092108.22,0.10141544847832998
14431,ENSG00000112394.17,0.10129944279254918
14432,ENSG00000157653.12,0.10123591416199448
14433,ENSG00000110497.14,0.10121588852352552
14434,ENSG00000148604.15,0.1012046588161297
14435,ENSG00000144488.15,0.1011923099587348
14436,ENSG00000131115.16,0.10117616545106778
14437,ENSG00000176566.5,0.1011259583822817
14438,ENSG00000182459.5,0.10104324188011897
14439,ENSG00000182771.19,0.10103482248062771
14440,ENSG00000157856.12,0.10102096382061161
14441,ENSG00000185261.14,0.1009767325200553
14442,ENSG00000086189.10,0.10095994923110814
14443,ENSG00000103707.10,0.10093810549647984
14444,ENSG00000104432.14,0.10091139880953902
14445,ENSG00000135974.10,0.10084121285260511
14446,ENSG00000182557.8,0.10078440999495425
14447,ENSG00000204323.5,0.10072076933130382
14448,ENSG00000171943.12,0.1007133368743973
14449,ENSG00000170417.16,0.10070736494313635
14450,ENSG00000119321.9,0.10067175089707636
14451,ENSG00000089101.19,0.10065508041555957
14452,ENSG00000130224.15,0.10062569890458585
14453,ENSG00000205758.12,0.10062322114183211
14454,ENSG00000125944.21,0.10061708916983308
14455,ENSG00000161133.16,0.10056417336547238
14456,ENSG00000160908.15,0.10049828348148841
14457,ENSG00000124440.16,0.10039577447573321
14458,ENSG00000125741.5,0.1003381512484517
14459,ENSG00000165887.12,0.10028539133263056
14460,ENSG00000148408.13,0.10025785566849088
14461,ENSG00000066427.24,0.1002308683318548
14462,ENSG00000164073.11,0.10022599071069457
14463,ENSG00000113361.13,0.10022163896281185
14464,ENSG00000164488.12,0.10020074591749342
14465,ENSG00000138380.18,0.10012469634661648
14466,ENSG00000152433.15,0.10006200016117066
14467,ENSG00000139445.18,0.10003813365235775
14468,ENSG00000176915.15,0.10002823365531427
14469,ENSG00000160961.12,0.0999361653016006
14470,ENSG00000034239.11,0.09989063562564553
14471,ENSG00000179361.18,0.09986900360325753
14472,ENSG00000206562.12,0.09984871094017989
14473,ENSG00000270765.6,0.09980008760182826
14474,ENSG00000172456.18,0.09977660046171967
14475,ENSG00000135655.16,0.09963543938688098
14476,ENSG00000246922.9,0.09949132312289957
14477,ENSG00000127774.7,0.09944589067223468
14478,ENSG00000263264.2,0.09937906550328404
14479,ENSG00000074966.11,0.09937546963454036
14480,ENSG00000234409.7,0.09935342195934216
14481,ENSG00000120328.6,0.09925288872609143
14482,ENSG00000178175.12,0.09922405145248687
14483,ENSG00000157703.16,0.09920277031498714
14484,ENSG00000070915.10,0.09910585077513298
14485,ENSG00000197870.12,0.09909588473893957
14486,ENSG00000167723.15,0.09907635206269334
14487,ENSG00000180264.11,0.09907372199163068
14488,ENSG00000103449.12,0.09904431634353456
14489,ENSG00000115947.14,0.09903338542477287
14490,ENSG00000090061.17,0.09896427832146351
14491,ENSG00000181220.17,0.0989459656850208
14492,ENSG00000167637.18,0.09883084632845543
14493,ENSG00000240563.2,0.09880167925025894
14494,ENSG00000128596.17,0.09880041517992531
14495,ENSG00000173611.18,0.0987653665308008
14496,ENSG00000149187.18,0.09871728037197659
14497,ENSG00000003509.16,0.09870121759301564
14498,ENSG00000053900.11,0.09869351405201535
14499,ENSG00000148950.11,0.09868301044283632
14500,ENSG00000102974.16,0.09866131885101981
14501,ENSG00000100197.22,0.09860256600477275
14502,ENSG00000179335.18,0.09855756853821472
14503,ENSG00000206561.13,0.09855564202782544
14504,ENSG00000187242.6,0.09854118485828038
14505,ENSG00000173275.13,0.09843130358214995
14506,ENSG00000167394.13,0.09838624481136854
14507,ENSG00000153820.13,0.09835239787749392
14508,ENSG00000131044.17,0.09822472915520468
14509,ENSG00000124356.16,0.09817884260310103
14510,ENSG00000010404.18,0.09813865262261673
14511,ENSG00000166839.17,0.09813219711521456
14512,ENSG00000120029.13,0.09810615782433178
14513,ENSG00000179476.8,0.09807689343861556
14514,ENSG00000270629.6,0.0980539333182868
14515,ENSG00000197408.10,0.09804239212303684
14516,ENSG00000164074.15,0.09803608165629331
14517,ENSG00000175203.17,0.09797484309704435
14518,ENSG00000178177.16,0.09793653247731941
14519,ENSG00000153187.20,0.0977609983295851
14520,ENSG00000175766.13,0.0977428181871932
14521,ENSG00000184949.16,0.0976834021384292
14522,ENSG00000139620.13,0.09764120697360573
14523,ENSG00000163933.10,0.09752711895979463
14524,ENSG00000101605.13,0.09749450135787964
14525,ENSG00000070444.15,0.09746721125136631
14526,ENSG00000170584.11,0.09746247494103674
14527,ENSG00000237136.8,0.09744497843367074
14528,ENSG00000100578.18,0.09739899578108369
14529,ENSG00000118113.12,0.09735817195960443
14530,ENSG00000203734.12,0.09735534395262337
14531,ENSG00000260001.6,0.09732619225234374
14532,ENSG00000204599.14,0.09725529060181287
14533,ENSG00000174137.13,0.09724552840790772
14534,ENSG00000137878.17,0.0972274441206987
14535,ENSG00000066044.15,0.09718553157699725
14536,ENSG00000146021.15,0.09717015649185405
14537,ENSG00000011304.22,0.09713403998947724
14538,ENSG00000155858.6,0.09712892464991293
14539,ENSG00000036565.15,0.09700929257992898
14540,ENSG00000187855.5,0.09691435458860219
14541,ENSG00000172482.5,0.09684667777684397
14542,ENSG00000186523.14,0.09683194153265014
14543,ENSG00000006695.12,0.09680068885814076
14544,ENSG00000139668.9,0.09679556118117494
14545,ENSG00000283599.2,0.09674420106502633
14546,ENSG00000184672.12,0.0967377113510352
14547,ENSG00000187790.11,0.09673624510851153
14548,ENSG00000157999.6,0.0965826069248411
14549,ENSG00000131050.11,0.09655824989119927
14550,ENSG00000164746.14,0.09654795227088173
14551,ENSG00000144048.10,0.09651732942384317
14552,ENSG00000238083.8,0.09649332865770437
14553,ENSG00000140807.7,0.09648784729917123
14554,ENSG00000105996.7,0.09648103287704042
14555,ENSG00000107018.8,0.0964472999131713
14556,ENSG00000198765.12,0.0964205155765124
14557,ENSG00000198626.17,0.09640942969240732
14558,ENSG00000176225.15,0.09639812453130045
14559,ENSG00000184708.18,0.09636111846904069
14560,ENSG00000104760.17,0.09632698855393783
14561,ENSG00000159261.12,0.09626184859080601
14562,ENSG00000243678.12,0.09625825689808779
14563,ENSG00000198854.5,0.09619105020441085
14564,ENSG00000122783.17,0.09619034090792217
14565,ENSG00000100461.18,0.09615469429533396
14566,ENSG00000181852.18,0.09615145540025882
14567,ENSG00000214013.9,0.0960939061807196
14568,ENSG00000267978.5,0.09608182821549399
14569,ENSG00000158987.22,0.09594306231345165
14570,ENSG00000151466.12,0.09590702736717373
14571,ENSG00000148842.18,0.09585347981979467
14572,ENSG00000144229.12,0.09582435159363567
14573,ENSG00000137727.12,0.09582102664791307
14574,ENSG00000165115.15,0.09581356003529443
14575,ENSG00000151923.17,0.09579771673354762
14576,ENSG00000113946.4,0.0957883832156203
14577,ENSG00000151322.19,0.0956837452813504
14578,ENSG00000102543.14,0.09558649239789176
14579,ENSG00000180423.4,0.09550594344672227
14580,ENSG00000117151.13,0.09549405571863608
14581,ENSG00000125998.8,0.0954886947026126
14582,ENSG00000149124.11,0.0954796722461538
14583,ENSG00000100665.12,0.09546243276067841
14584,ENSG00000205209.7,0.09526393393309622
14585,ENSG00000121904.17,0.09520876973615376
14586,ENSG00000171877.21,0.09508302529310109
14587,ENSG00000155621.15,0.09507374269214408
14588,ENSG00000196335.13,0.09507189473295448
14589,ENSG00000172273.13,0.0949919088785707
14590,ENSG00000162946.23,0.0949610860063602
14591,ENSG00000152192.8,0.09495363513108537
14592,ENSG00000179532.13,0.09494292480185659
14593,ENSG00000119723.17,0.0948672513798533
14594,ENSG00000258102.5,0.09486379019356854
14595,ENSG00000188026.13,0.09475800025867973
14596,ENSG00000075975.17,0.09475574454782115
14597,ENSG00000125650.4,0.0946917221004886
14598,ENSG00000197353.4,0.09464949259285112
14599,ENSG00000284526.1,0.09463918060534364
14600,ENSG00000139988.10,0.09461974142009924
14601,ENSG00000103599.20,0.0946088191484992
14602,ENSG00000144908.14,0.09456046111125586
14603,ENSG00000240445.6,0.09455771144118406
14604,ENSG00000089775.12,0.09447716016013943
14605,ENSG00000115286.20,0.09441715266225433
14606,ENSG00000250644.3,0.09433549992071655
14607,ENSG00000106477.20,0.09421015037356201
14608,ENSG00000130307.12,0.0941627830160859
14609,ENSG00000089234.16,0.09414405496668503
14610,ENSG00000269466.4,0.09399692610367756
14611,ENSG00000169059.12,0.09392613625609586
14612,ENSG00000149575.9,0.09389988676352135
14613,ENSG00000103184.12,0.09371766827129943
14614,ENSG00000007952.18,0.0937087927714056
14615,ENSG00000212993.5,0.09370438984994495
14616,ENSG00000175564.13,0.09366262498870594
14617,ENSG00000152380.10,0.09362500495613585
14618,ENSG00000226174.7,0.09361197410953782
14619,ENSG00000173253.15,0.09358816175082639
14620,ENSG00000159588.15,0.09358529762364483
14621,ENSG00000161911.11,0.09358318925168944
14622,ENSG00000100478.15,0.09352283742376653
14623,ENSG00000019485.13,0.09350127198217308
14624,ENSG00000175984.15,0.09349972561334861
14625,ENSG00000075673.12,0.0934944209891821
14626,ENSG00000153802.12,0.09324393773678366
14627,ENSG00000171405.12,0.09321161112104247
14628,ENSG00000186314.11,0.09319337507249546
14629,ENSG00000173208.4,0.09319133012000934
14630,ENSG00000142959.5,0.09316949769779345
14631,ENSG00000179314.14,0.09311976167457499
14632,ENSG00000131732.12,0.09311811060418
14633,ENSG00000255346.10,0.0930941665223066
14634,ENSG00000205085.12,0.09308102260495676
14635,ENSG00000188452.14,0.09305247978006873
14636,ENSG00000183092.16,0.09299901098244619
14637,ENSG00000136104.21,0.09298899884919591
14638,ENSG00000101247.18,0.09298434882413484
14639,ENSG00000165685.8,0.09292168090974004
14640,ENSG00000167625.11,0.09290336705774585
14641,ENSG00000172339.10,0.09254981204895284
14642,ENSG00000170325.15,0.0924575738866204
14643,ENSG00000196666.6,0.09236821294391177
14644,ENSG00000042317.17,0.09235739156659727
14645,ENSG00000135951.16,0.09232770815647881
14646,ENSG00000092199.18,0.0922816526486574
14647,ENSG00000114026.21,0.09227873742253966
14648,ENSG00000172508.10,0.09223685254028768
14649,ENSG00000054118.15,0.09220129482148529
14650,ENSG00000182674.6,0.09218443799025262
14651,ENSG00000196296.14,0.09215184628884775
14652,ENSG00000174586.11,0.0920561023452944
14653,ENSG00000115446.12,0.09192247839279898
14654,ENSG00000104967.8,0.09190040917545804
14655,ENSG00000062096.15,0.09184655238439449
14656,ENSG00000139160.13,0.09164143609772392
14657,ENSG00000136319.12,0.0915870657782534
14658,ENSG00000162643.13,0.09153715995225624
14659,ENSG00000115602.17,0.09153589350883126
14660,ENSG00000288675.1,0.09153254388325734
14661,ENSG00000118804.8,0.09148872566143411
14662,ENSG00000236383.8,0.09146035206436422
14663,ENSG00000243667.7,0.09143859799948655
14664,ENSG00000160838.14,0.0914301283214385
14665,ENSG00000118690.13,0.09142004497828062
14666,ENSG00000067365.15,0.09139967855639157
14667,ENSG00000064201.16,0.09128566411871715
14668,ENSG00000111245.17,0.09127759944101696
14669,ENSG00000141252.20,0.09126938031688579
14670,ENSG00000288658.1,0.09125609269468435
14671,ENSG00000234545.8,0.09120926774799479
14672,ENSG00000023171.18,0.09119313709000545
14673,ENSG00000183137.15,0.09115670437182695
14674,ENSG00000186862.20,0.09114457794843484
14675,ENSG00000255508.7,0.09108823721389082
14676,ENSG00000111405.9,0.0910755416350477
14677,ENSG00000288558.2,0.09106541593488571
14678,ENSG00000213337.9,0.09098659939355902
14679,ENSG00000102678.7,0.09069979412822383
14680,ENSG00000126214.21,0.09067549930523368
14681,ENSG00000188234.13,0.09067464700769087
14682,ENSG00000170122.5,0.09066937596813095
14683,ENSG00000269855.2,0.09064411596294325
14684,ENSG00000172006.12,0.09063805857906779
14685,ENSG00000125246.15,0.09061197029792005
14686,ENSG00000253731.3,0.09057806490259594
14687,ENSG00000180479.14,0.09056190015603229
14688,ENSG00000174928.16,0.09051953859441858
14689,ENSG00000265817.4,0.09046665633597693
14690,ENSG00000151611.16,0.09044097585354555
14691,ENSG00000172458.4,0.09039329847744977
14692,ENSG00000115137.12,0.09037449891110998
14693,ENSG00000159251.8,0.09031395144667177
14694,ENSG00000070371.16,0.09030234615381699
14695,ENSG00000125531.7,0.0903016735563121
14696,ENSG00000187180.3,0.0902758816703555
14697,ENSG00000216937.13,0.09025138497288482
14698,ENSG00000189157.14,0.09024860447005081
14699,ENSG00000186510.12,0.09019297018970952
14700,ENSG00000176136.6,0.09018603136982989
14701,ENSG00000186976.15,0.09014600706459634
14702,ENSG00000160282.14,0.09011870333085259
14703,ENSG00000171747.9,0.09008312130761727
14704,ENSG00000182318.6,0.09006534103818487
14705,ENSG00000007171.18,0.09006419157679357
14706,ENSG00000243660.11,0.09004818807042483
14707,ENSG00000178752.16,0.0900303125146671
14708,ENSG00000165923.16,0.08996454116035285
14709,ENSG00000178127.13,0.08993517122577355
14710,ENSG00000188529.15,0.0899325091633552
14711,ENSG00000142025.16,0.08989640650352845
14712,ENSG00000136695.15,0.08987023681233752
14713,ENSG00000034533.12,0.08985556687376751
14714,ENSG00000104043.15,0.08985471342755472
14715,ENSG00000196734.9,0.08978174976116535
14716,ENSG00000171695.10,0.08974456430383815
14717,ENSG00000120948.18,0.08972916806633671
14718,ENSG00000171777.16,0.08970482150062928
14719,ENSG00000147274.14,0.08966844820154836
14720,ENSG00000105865.11,0.08964808946240789
14721,ENSG00000115568.16,0.08959315171935375
14722,ENSG00000176697.20,0.08956005692503642
14723,ENSG00000114648.12,0.08954779963741173
14724,ENSG00000253305.2,0.08948576017269352
14725,ENSG00000268041.2,0.08934877383286499
14726,ENSG00000184601.11,0.08925835411094155
14727,ENSG00000139719.11,0.08920534735502925
14728,ENSG00000137822.13,0.089178793284749
14729,ENSG00000112293.15,0.08912989072295732
14730,ENSG00000012817.16,0.08912879757912849
14731,ENSG00000156509.14,0.08911175760078217
14732,ENSG00000212127.6,0.08909390791775719
14733,ENSG00000196460.14,0.08898914970238168
14734,ENSG00000147160.9,0.08894256710817466
14735,ENSG00000173597.9,0.08884987422155063
14736,ENSG00000153495.11,0.08880695270614104
14737,ENSG00000160221.18,0.08880580341601459
14738,ENSG00000189108.13,0.08876325282039853
14739,ENSG00000198028.4,0.08874605944200027
14740,ENSG00000114098.18,0.08868295317314782
14741,ENSG00000178852.16,0.08856043509987876
14742,ENSG00000171611.10,0.08852826637054483
14743,ENSG00000130173.13,0.08849794842485344
14744,ENSG00000197753.11,0.08843241593616656
14745,ENSG00000156466.10,0.08839956852396862
14746,ENSG00000180071.20,0.08830493807765553
14747,ENSG00000168826.16,0.08825375268397051
14748,ENSG00000121454.6,0.08814555802667905
14749,ENSG00000205090.9,0.08807805687176881
14750,ENSG00000119979.18,0.08805224147064371
14751,ENSG00000131061.14,0.08802711846814583
14752,ENSG00000256436.1,0.08798303610119139
14753,ENSG00000145107.16,0.08790927783155066
14754,ENSG00000007341.19,0.08787218746620294
14755,ENSG00000100811.14,0.08784919639963983
14756,ENSG00000184845.4,0.0876606677123315
14757,ENSG00000187860.10,0.08764105019289545
14758,ENSG00000188822.8,0.08760295784069431
14759,ENSG00000244687.12,0.08758953392148831
14760,ENSG00000133640.20,0.08755501240330722
14761,ENSG00000169635.10,0.08753346876722969
14762,ENSG00000159217.10,0.08748873262816761
14763,ENSG00000178772.7,0.0874405207707665
14764,ENSG00000152348.16,0.08739781750937144
14765,ENSG00000163322.14,0.08739338767205404
14766,ENSG00000151023.17,0.08733067148163928
14767,ENSG00000247595.4,0.08732601188774683
14768,ENSG00000134146.12,0.08730270486653784
14769,ENSG00000120051.15,0.08719872540001188
14770,ENSG00000186532.12,0.08709058910270229
14771,ENSG00000196511.14,0.08706499032682825
14772,ENSG00000187187.14,0.08694968668228988
14773,ENSG00000171502.15,0.08693548558736526
14774,ENSG00000162460.7,0.0869352228019518
14775,ENSG00000150628.7,0.08689203266906971
14776,ENSG00000128191.16,0.08688786279334466
14777,ENSG00000148965.10,0.08686169845127303
14778,ENSG00000169627.9,0.08679992764550426
14779,ENSG00000164411.12,0.08675372054543992
14780,ENSG00000112530.11,0.08673162054195743
14781,ENSG00000111011.18,0.08672775907849799
14782,ENSG00000167419.11,0.08664466540163974
14783,ENSG00000179988.15,0.08656054478712943
14784,ENSG00000166262.16,0.08655200637979889
14785,ENSG00000139436.21,0.08654342467190551
14786,ENSG00000204920.11,0.08648807156033879
14787,ENSG00000160062.15,0.08644609890510624
14788,ENSG00000160613.14,0.08636083687811351
14789,ENSG00000165259.14,0.08634293910855095
14790,ENSG00000134545.14,0.08634152090433471
14791,ENSG00000144559.10,0.08632021790140493
14792,ENSG00000127993.16,0.08628605502961596
14793,ENSG00000186191.8,0.08627608228788601
14794,ENSG00000089022.14,0.08624795122747414
14795,ENSG00000142698.15,0.08609110970577935
14796,ENSG00000255221.3,0.08605481177661979
14797,ENSG00000185344.15,0.08602117693828808
14798,ENSG00000131409.13,0.08601658699743898
14799,ENSG00000124610.5,0.08598099187494715
14800,ENSG00000241343.10,0.08597048598465995
14801,ENSG00000253710.4,0.08596114452787444
14802,ENSG00000267710.9,0.0859514049534377
14803,ENSG00000159173.19,0.08591404898607126
14804,ENSG00000183378.12,0.08586347722120148
14805,ENSG00000139437.18,0.08583430105049251
14806,ENSG00000111452.13,0.08577547868003907
14807,ENSG00000171657.6,0.08574805176600633
14808,ENSG00000198178.11,0.08557357760234605
14809,ENSG00000215883.10,0.085526211321382
14810,ENSG00000135960.10,0.08552500065027692
14811,ENSG00000083896.13,0.08551064582596071
14812,ENSG00000145736.14,0.08550042587069474
14813,ENSG00000179846.10,0.08547532593925271
14814,ENSG00000121542.12,0.08546818568210521
14815,ENSG00000206069.6,0.08546542538994031
14816,ENSG00000022355.18,0.08543617428468157
14817,ENSG00000179242.16,0.08532712614420651
14818,ENSG00000166450.13,0.08532440594498372
14819,ENSG00000151532.14,0.08532387990670727
14820,ENSG00000178602.8,0.08524130990132466
14821,ENSG00000248099.4,0.08513269168055491
14822,ENSG00000131697.18,0.08512459928975787
14823,ENSG00000244122.2,0.08509289747007366
14824,ENSG00000144535.20,0.08504388473982577
14825,ENSG00000168427.9,0.08499413809317118
14826,ENSG00000159433.12,0.08493143782107258
14827,ENSG00000131126.19,0.08488542674379108
14828,ENSG00000259417.3,0.08476260750410977
14829,ENSG00000212724.3,0.08471776693906038
14830,ENSG00000134283.18,0.08468038631392559
14831,ENSG00000168237.18,0.08458105459512309
14832,ENSG00000134986.14,0.08456807667229378
14833,ENSG00000170946.15,0.08452873758296163
14834,ENSG00000261949.6,0.08447191125136075
14835,ENSG00000004948.16,0.0842627980241106
14836,ENSG00000183023.18,0.08424775769008924
14837,ENSG00000163312.11,0.0841944132524218
14838,ENSG00000153237.18,0.08419106661237263
14839,ENSG00000163877.11,0.08417922933395744
14840,ENSG00000189227.6,0.08409700957326059
14841,ENSG00000084110.11,0.08409293338642462
14842,ENSG00000124215.17,0.0840889538396627
14843,ENSG00000171532.5,0.08407951788663122
14844,ENSG00000075856.12,0.08406900830008504
14845,ENSG00000101049.17,0.08402373010582742
14846,ENSG00000118600.12,0.08396206881495488
14847,ENSG00000188817.8,0.08394426584211018
14848,ENSG00000145721.12,0.08392364042088456
14849,ENSG00000223601.2,0.0837802194540057
14850,ENSG00000150201.15,0.0837264900671283
14851,ENSG00000110844.14,0.08371046124441513
14852,ENSG00000165646.14,0.08367205461048116
14853,ENSG00000197037.11,0.08365522308605086
14854,ENSG00000206052.11,0.08365256368158897
14855,ENSG00000162390.18,0.08360529968991022
14856,ENSG00000198342.10,0.08359998454026743
14857,ENSG00000157036.13,0.08355368020540524
14858,ENSG00000176896.8,0.08355221555344775
14859,ENSG00000217236.2,0.08347232692858571
14860,ENSG00000163138.19,0.08343155343317278
14861,ENSG00000157680.15,0.08340348478432698
14862,ENSG00000184056.15,0.08339741212664693
14863,ENSG00000138375.13,0.08337684470283784
14864,ENSG00000186188.11,0.08334375652496255
14865,ENSG00000095932.7,0.0833085063977863
14866,ENSG00000115705.22,0.0832868918201442
14867,ENSG00000243137.8,0.08328625837173118
14868,ENSG00000086288.12,0.08327335750353408
14869,ENSG00000158874.11,0.08323287508822966
14870,ENSG00000151665.13,0.08323282476038607
14871,ENSG00000196338.13,0.08322477639779426
14872,ENSG00000162419.13,0.08311691646490485
14873,ENSG00000021852.13,0.08304578886342844
14874,ENSG00000144410.5,0.0829625283969317
14875,ENSG00000105991.10,0.08291929368971965
14876,ENSG00000075413.19,0.08283229722369807
14877,ENSG00000251664.5,0.08281388961265733
14878,ENSG00000166352.17,0.08273578688865763
14879,ENSG00000166478.10,0.0827350355043743
14880,ENSG00000172000.7,0.08269066931759939
14881,ENSG00000212901.4,0.0826638916473257
14882,ENSG00000176381.6,0.08262987477839383
14883,ENSG00000116095.11,0.0825897873116093
14884,ENSG00000146352.13,0.08240986050235995
14885,ENSG00000134115.13,0.08239190215092616
14886,ENSG00000157184.7,0.08239120901746236
14887,ENSG00000178662.16,0.08229761812546417
14888,ENSG00000182836.10,0.08227509148930234
14889,ENSG00000184619.8,0.08226930705108988
14890,ENSG00000148541.13,0.08222562961678749
14891,ENSG00000130749.10,0.08219303201096945
14892,ENSG00000187626.9,0.0821688825573718
14893,ENSG00000186001.14,0.08216736809031733
14894,ENSG00000198914.5,0.08196472411989848
14895,ENSG00000153896.19,0.08188582811864126
14896,ENSG00000078237.7,0.0818797375153787
14897,ENSG00000101405.3,0.08182989340411738
14898,ENSG00000070601.10,0.08180668294771826
14899,ENSG00000188089.13,0.08180009628848471
14900,ENSG00000010244.19,0.08176477556723304
14901,ENSG00000185915.5,0.08173570714533131
14902,ENSG00000138136.6,0.0815887766968612
14903,ENSG00000234965.2,0.08154996719672422
14904,ENSG00000189433.7,0.08153737218328799
14905,ENSG00000144021.3,0.08152774487528833
14906,ENSG00000165060.15,0.08146601875848128
14907,ENSG00000180305.5,0.0814221582516608
14908,ENSG00000196081.10,0.08140863639889487
14909,ENSG00000131737.5,0.08139232829766412
14910,ENSG00000188373.5,0.0813278248078792
14911,ENSG00000129910.8,0.08129273937633495
14912,ENSG00000187118.14,0.08118093615100623
14913,ENSG00000181562.5,0.08106247311097764
14914,ENSG00000251287.8,0.08104298435587293
14915,ENSG00000164185.6,0.08091464858033737
14916,ENSG00000196652.12,0.08091292449909875
14917,ENSG00000214897.5,0.08086942158826867
14918,ENSG00000145216.16,0.08063426875979052
14919,ENSG00000183597.16,0.08050121877847913
14920,ENSG00000278677.2,0.08044739413060358
14921,ENSG00000178623.12,0.08041210338998564
14922,ENSG00000154975.14,0.08036664663182065
14923,ENSG00000178828.7,0.08034078438709435
14924,ENSG00000143994.14,0.08023475893595633
14925,ENSG00000163161.14,0.08013346357599366
14926,ENSG00000116748.21,0.08005368895901774
14927,ENSG00000196260.5,0.0799639456693904
14928,ENSG00000180767.10,0.07995427396651547
14929,ENSG00000177692.12,0.07994091035006727
14930,ENSG00000146054.18,0.07991857928736802
14931,ENSG00000142700.12,0.07990638545235272
14932,ENSG00000253598.3,0.07987352167968713
14933,ENSG00000112031.16,0.07982694409284793
14934,ENSG00000165899.11,0.07968371401847026
14935,ENSG00000151846.8,0.07967750596403453
14936,ENSG00000214960.11,0.07949001829369158
14937,ENSG00000100053.10,0.07933237373740344
14938,ENSG00000237412.7,0.0793277205337671
14939,ENSG00000108231.14,0.07930369691854608
14940,ENSG00000196581.11,0.07927581828648905
14941,ENSG00000150477.15,0.07908128874381616
14942,ENSG00000203740.4,0.07907936633248627
14943,ENSG00000166111.10,0.07905960153096009
14944,ENSG00000141371.13,0.07891263515001952
14945,ENSG00000204544.5,0.07885118969006738
14946,ENSG00000148482.12,0.0788307991332824
14947,ENSG00000164093.17,0.0788111739547384
14948,ENSG00000130684.14,0.07880834542767798
14949,ENSG00000179256.2,0.07878235228907872
14950,ENSG00000148680.16,0.07873607460607997
14951,ENSG00000198440.9,0.07869949981259863
14952,ENSG00000134042.14,0.0786708894205662
14953,ENSG00000203710.12,0.07863088834584753
14954,ENSG00000258405.11,0.07860335792637443
14955,ENSG00000254126.8,0.07852691480702084
14956,ENSG00000168830.8,0.07836901229561284
14957,ENSG00000237489.5,0.07834340678073375
14958,ENSG00000161298.18,0.07832439132262375
14959,ENSG00000148357.16,0.0782487565374798
14960,ENSG00000119919.11,0.07824863773160531
14961,ENSG00000203786.6,0.07822488364572858
14962,ENSG00000188396.4,0.078144997023937
14963,ENSG00000235272.2,0.07814464996260216
14964,ENSG00000106526.10,0.07812908560936459
14965,ENSG00000126883.17,0.07808140136446819
14966,ENSG00000112195.9,0.07801985022970809
14967,ENSG00000105085.11,0.07800445630370162
14968,ENSG00000196357.12,0.07782941849244193
14969,ENSG00000166762.19,0.07778424551961009
14970,ENSG00000100739.11,0.07777655736002588
14971,ENSG00000136682.15,0.07774440665519208
14972,ENSG00000186026.7,0.0774225629861946
14973,ENSG00000188133.6,0.07740949591416932
14974,ENSG00000121905.10,0.07740693352753182
14975,ENSG00000185962.1,0.07738092819055498
14976,ENSG00000196805.7,0.0772515742473441
14977,ENSG00000136527.18,0.07719296856472374
14978,ENSG00000100902.11,0.07717340515410419
14979,ENSG00000203667.10,0.07708955444437365
14980,ENSG00000205704.7,0.07701970519184118
14981,ENSG00000180574.3,0.07696347143022354
14982,ENSG00000157895.11,0.07688339709724523
14983,ENSG00000198400.12,0.07684575451831614
14984,ENSG00000182923.19,0.07681000822488641
14985,ENSG00000179698.14,0.07679880453211713
14986,ENSG00000189051.5,0.07678248847933222
14987,ENSG00000189420.8,0.0767134725827555
14988,ENSG00000134398.15,0.07670341130877914
14989,ENSG00000136449.15,0.07669345152354988
14990,ENSG00000121075.11,0.07662269031920654
14991,ENSG00000183960.9,0.07661553462428085
14992,ENSG00000119715.15,0.07655492079244561
14993,ENSG00000164303.11,0.07648743810730378
14994,ENSG00000073670.14,0.07648579755231338
14995,ENSG00000135605.13,0.07641094720402206
14996,ENSG00000197110.9,0.07633464197361864
14997,ENSG00000125823.12,0.07628135113861495
14998,ENSG00000152784.16,0.07620942779684023
14999,ENSG00000133055.9,0.07610514875060925
15000,ENSG00000127578.7,0.07605941018488878
15001,ENSG00000239306.5,0.07604510185118067
15002,ENSG00000177294.7,0.07584078401928734
15003,ENSG00000156886.12,0.07582353233611018
15004,ENSG00000219200.12,0.0757159619465472
15005,ENSG00000155966.14,0.07565599275302395
15006,ENSG00000174963.18,0.07565371245648178
15007,ENSG00000186300.12,0.075637652399314
15008,ENSG00000156395.13,0.07562266288364941
15009,ENSG00000158748.4,0.07559176681307472
15010,ENSG00000152578.13,0.07539862363397874
15011,ENSG00000111664.11,0.07535980797472856
15012,ENSG00000111339.12,0.07531258860972563
15013,ENSG00000153037.15,0.07530461187904373
15014,ENSG00000271824.2,0.07530415836821347
15015,ENSG00000113971.20,0.07525379616500957
15016,ENSG00000169246.16,0.07520414616782269
15017,ENSG00000186280.7,0.07519264694501092
15018,ENSG00000255833.2,0.07512936155114686
15019,ENSG00000182885.17,0.07492273745068395
15020,ENSG00000175106.17,0.07488147063172564
15021,ENSG00000205683.11,0.07480305533036666
15022,ENSG00000254997.4,0.07476489530646735
15023,ENSG00000162999.13,0.0747144476974257
15024,ENSG00000143603.19,0.07468862020949295
15025,ENSG00000010539.12,0.0746493472195343
15026,ENSG00000168066.20,0.07463465319348087
15027,ENSG00000242252.2,0.074587501466523
15028,ENSG00000214279.13,0.0745044899786474
15029,ENSG00000171121.16,0.07450402009634204
15030,ENSG00000224982.4,0.07447483625964156
15031,ENSG00000258839.4,0.07447111551391286
15032,ENSG00000104722.14,0.07445100632976707
15033,ENSG00000143536.7,0.07443225298141305
15034,ENSG00000016602.9,0.07441928621124501
15035,ENSG00000196834.13,0.0743585452268704
15036,ENSG00000205838.14,0.07435817282765728
15037,ENSG00000256762.1,0.07435528908973384
15038,ENSG00000049883.15,0.07434353954766988
15039,ENSG00000165066.13,0.07427767909152032
15040,ENSG00000196967.11,0.07421043595996897
15041,ENSG00000112137.18,0.0741672250628025
15042,ENSG00000212124.2,0.07401479209984228
15043,ENSG00000204311.15,0.07398795444156622
15044,ENSG00000228607.2,0.07382512132109871
15045,ENSG00000180979.10,0.07372538852389489
15046,ENSG00000184005.11,0.07369726217263373
15047,ENSG00000123307.4,0.07367479174578978
15048,ENSG00000168070.12,0.07325792020425093
15049,ENSG00000121897.15,0.07325298541284951
15050,ENSG00000141505.12,0.07323251757719347
15051,ENSG00000188051.7,0.07320424004598924
15052,ENSG00000108381.11,0.07309176429778516
15053,ENSG00000179915.24,0.07308494482137054
15054,ENSG00000126246.10,0.07297900099793814
15055,ENSG00000175646.4,0.0729549366113274
15056,ENSG00000197361.8,0.07290426981553372
15057,ENSG00000187690.4,0.07283135759887059
15058,ENSG00000267909.3,0.07281528794301736
15059,ENSG00000150637.9,0.07275927128182039
15060,ENSG00000139351.15,0.07275096070911005
15061,ENSG00000109339.24,0.07272998108816282
15062,ENSG00000220201.7,0.07260111350542851
15063,ENSG00000197410.14,0.07259971904330151
15064,ENSG00000187987.9,0.07255928491670252
15065,ENSG00000274349.4,0.07250418835863952
15066,ENSG00000187475.6,0.07249249015492859
15067,ENSG00000152785.8,0.07247940496326451
15068,ENSG00000220008.3,0.07236173665647137
15069,ENSG00000121774.18,0.07235732861520829
15070,ENSG00000182489.9,0.07234637467764565
15071,ENSG00000171916.17,0.0721783115447514
15072,ENSG00000203907.9,0.07215314477141406
15073,ENSG00000233056.3,0.07214891060500715
15074,ENSG00000213023.11,0.07211637707708242
15075,ENSG00000178694.10,0.07206743136004892
15076,ENSG00000177576.12,0.07201716715581184
15077,ENSG00000267060.7,0.0720080980316245
15078,ENSG00000093134.15,0.07198742128265717
15079,ENSG00000196391.11,0.07196498574127627
15080,ENSG00000187223.4,0.07191314226957554
15081,ENSG00000165566.12,0.07189893542859889
15082,ENSG00000183019.7,0.07188480533883712
15083,ENSG00000183773.15,0.07186632859440545
15084,ENSG00000178917.16,0.07183807028863255
15085,ENSG00000162009.8,0.07180825586898332
15086,ENSG00000243480.7,0.07169889591914236
15087,ENSG00000204195.4,0.07169708113160657
15088,ENSG00000173805.16,0.07163283449833761
15089,ENSG00000015153.15,0.07147407050437916
15090,ENSG00000213714.1,0.07139941674529598
15091,ENSG00000243543.9,0.07136991386128456
15092,ENSG00000189164.15,0.071355159389689
15093,ENSG00000153233.13,0.07120392824502085
15094,ENSG00000171872.5,0.07110843340156801
15095,ENSG00000015592.16,0.07109607403663533
15096,ENSG00000171217.5,0.07105115720842133
15097,ENSG00000107614.22,0.07104490614581023
15098,ENSG00000120669.16,0.0709568483985599
15099,ENSG00000173838.12,0.0709386621265794
15100,ENSG00000204406.14,0.07077656723463513
15101,ENSG00000188283.11,0.07076921214450366
15102,ENSG00000254585.5,0.07073523158231776
15103,ENSG00000215612.8,0.07072528543187469
15104,ENSG00000197768.10,0.07068208250378745
15105,ENSG00000006283.18,0.07065819176114493
15106,ENSG00000187105.9,0.07064919136572151
15107,ENSG00000219607.4,0.07062232905288228
15108,ENSG00000176165.12,0.07060318974808939
15109,ENSG00000144031.12,0.070599878468642
15110,ENSG00000255837.1,0.07058612514685407
15111,ENSG00000166596.15,0.0704528832858976
15112,ENSG00000135297.16,0.0703997963934618
15113,ENSG00000120645.12,0.07038749740915719
15114,ENSG00000176472.10,0.0703376662727122
15115,ENSG00000151079.7,0.07028715061872162
15116,ENSG00000070985.13,0.07024148787401584
15117,ENSG00000181418.8,0.07023992635573392
15118,ENSG00000198393.8,0.07021393313391835
15119,ENSG00000184524.6,0.07020498966770623
15120,ENSG00000180383.3,0.07018528161347772
15121,ENSG00000169609.14,0.07017627517130393
15122,ENSG00000100490.9,0.07015102844495145
15123,ENSG00000172139.15,0.0701024055768602
15124,ENSG00000256294.8,0.07008809685786907
15125,ENSG00000172995.16,0.07005825874761412
15126,ENSG00000188542.10,0.06992547251235358
15127,ENSG00000136688.11,0.06982036821728585
15128,ENSG00000135406.14,0.06974920617891867
15129,ENSG00000116205.14,0.06973452017679313
15130,ENSG00000219626.9,0.06972863478390649
15131,ENSG00000073067.14,0.06970195983825561
15132,ENSG00000166342.19,0.06967152251383625
15133,ENSG00000136872.20,0.06963802639387726
15134,ENSG00000138347.16,0.06959623528264587
15135,ENSG00000235942.3,0.06955540544205631
15136,ENSG00000144015.5,0.06937488250032804
15137,ENSG00000102984.15,0.06935770820601667
15138,ENSG00000284505.1,0.06929381525666159
15139,ENSG00000109771.15,0.0691946751995062
15140,ENSG00000015479.20,0.06898674471482842
15141,ENSG00000182132.14,0.0689322420351722
15142,ENSG00000179363.7,0.06892486650955619
15143,ENSG00000148123.15,0.06888982748117181
15144,ENSG00000092054.13,0.06886200661577897
15145,ENSG00000253873.6,0.06877052332053465
15146,ENSG00000183770.7,0.06876615950541103
15147,ENSG00000159882.13,0.0687425335544939
15148,ENSG00000205809.9,0.06872342096736471
15149,ENSG00000145949.11,0.06869733830333136
15150,ENSG00000144230.16,0.06857753148965036
15151,ENSG00000234465.11,0.06846802300501555
15152,ENSG00000130958.13,0.06845669333521906
15153,ENSG00000118420.17,0.06845565947525051
15154,ENSG00000214029.5,0.06842047971449043
15155,ENSG00000153157.13,0.06832086926896448
15156,ENSG00000185864.16,0.06830498646244897
15157,ENSG00000055813.6,0.06827561448024795
15158,ENSG00000134539.17,0.06824582239771414
15159,ENSG00000179284.5,0.06824059105928124
15160,ENSG00000163357.11,0.06810231878652882
15161,ENSG00000241370.6,0.06806992215364574
15162,ENSG00000172803.18,0.0680066088451668
15163,ENSG00000101353.15,0.06800092117171883
15164,ENSG00000172155.10,0.06794288904725836
15165,ENSG00000121871.4,0.06785160006521157
15166,ENSG00000113302.5,0.06781376968874804
15167,ENSG00000110536.14,0.0677940686107183
15168,ENSG00000184478.7,0.06771631596480078
15169,ENSG00000197992.7,0.06770272198504847
15170,ENSG00000171811.14,0.0676344507991608
15171,ENSG00000080166.16,0.0676185436294688
15172,ENSG00000100122.7,0.06756897113157607
15173,ENSG00000171596.7,0.06753109681576666
15174,ENSG00000160808.11,0.06738982391761755
15175,ENSG00000188033.10,0.06737020909887222
15176,ENSG00000104824.17,0.0672699196311913
15177,ENSG00000213424.9,0.06723298605628603
15178,ENSG00000274443.4,0.06714830111612491
15179,ENSG00000139985.7,0.06710465929162286
15180,ENSG00000186010.19,0.06709738105489815
15181,ENSG00000169618.7,0.06708289602686301
15182,ENSG00000166707.12,0.06704046422523642
15183,ENSG00000165119.21,0.0670374005339042
15184,ENSG00000130234.12,0.06688112343080986
15185,ENSG00000053328.8,0.066828035717564
15186,ENSG00000108961.14,0.06682784670607979
15187,ENSG00000041515.16,0.06674673500298794
15188,ENSG00000170396.9,0.06668061976058084
15189,ENSG00000165379.13,0.06666330527965357
15190,ENSG00000162188.6,0.06655936543699556
15191,ENSG00000125388.20,0.06646393110718209
15192,ENSG00000143171.13,0.06645590304149845
15193,ENSG00000124157.7,0.06638571700066694
15194,ENSG00000150551.11,0.06633301417225367
15195,ENSG00000103154.9,0.06626071271267732
15196,ENSG00000138738.11,0.0662412852680594
15197,ENSG00000166257.9,0.06618013151257075
15198,ENSG00000175764.14,0.06614391857437865
15199,ENSG00000186895.4,0.06610657732952556
15200,ENSG00000173213.9,0.06610430742734097
15201,ENSG00000162630.6,0.06609596401268156
15202,ENSG00000169903.7,0.0660138113348548
15203,ENSG00000133958.13,0.06599147757278716
15204,ENSG00000182472.9,0.06595644591810773
15205,ENSG00000176358.15,0.06591902288077436
15206,ENSG00000197641.12,0.0658059504494738
15207,ENSG00000183032.12,0.0658057848761441
15208,ENSG00000262209.3,0.06579635725960357
15209,ENSG00000255408.4,0.0657687203730106
15210,ENSG00000165914.15,0.0657605571229082
15211,ENSG00000161960.16,0.06574009095704471
15212,ENSG00000080224.17,0.0657373828292507
15213,ENSG00000196275.14,0.0657220245886224
15214,ENSG00000179674.4,0.06572168835864206
15215,ENSG00000166924.9,0.06567149866465513
15216,ENSG00000254656.3,0.06566898100007276
15217,ENSG00000001631.16,0.06566651783885635
15218,ENSG00000165553.4,0.06563243345389752
15219,ENSG00000101883.5,0.06558385731975185
15220,ENSG00000100926.15,0.06549448657902683
15221,ENSG00000187054.16,0.06549321132760703
15222,ENSG00000162039.17,0.06547401899084858
15223,ENSG00000120215.10,0.06542937752474304
15224,ENSG00000204923.4,0.06542181107319739
15225,ENSG00000106536.21,0.06541188004431388
15226,ENSG00000124194.17,0.06522784757548931
15227,ENSG00000108590.11,0.06518614834731153
15228,ENSG00000189099.11,0.06518226205209458
15229,ENSG00000231767.4,0.06513672009357646
15230,ENSG00000100330.16,0.06507753994885718
15231,ENSG00000143839.15,0.06506689284970271
15232,ENSG00000170049.9,0.06499133449481011
15233,ENSG00000179097.6,0.06484380093591258
15234,ENSG00000086848.15,0.06483639633843359
15235,ENSG00000171357.6,0.0648245244808393
15236,ENSG00000179921.15,0.0647709070365472
15237,ENSG00000243716.10,0.06460720639202269
15238,ENSG00000127362.2,0.06458678184901522
15239,ENSG00000164690.8,0.06457780286600691
15240,ENSG00000187546.14,0.06457358796924555
15241,ENSG00000198889.5,0.0643616507482683
15242,ENSG00000165325.14,0.06432247589516323
15243,ENSG00000250673.2,0.06430569451564154
15244,ENSG00000183153.7,0.06424501050399951
15245,ENSG00000267127.7,0.06423062873890482
15246,ENSG00000181867.3,0.06422396049951604
15247,ENSG00000108556.10,0.06407832228183251
15248,ENSG00000197978.9,0.06401570462150297
15249,ENSG00000115998.8,0.06400262472571616
15250,ENSG00000196604.13,0.06397132778176053
15251,ENSG00000269720.2,0.06396385756022938
15252,ENSG00000163703.19,0.06392471716073762
15253,ENSG00000205045.11,0.06392377825338849
15254,ENSG00000122477.13,0.0638441166099119
15255,ENSG00000180532.10,0.063809083228018
15256,ENSG00000145040.4,0.06375527253512725
15257,ENSG00000164898.13,0.06371944630089392
15258,ENSG00000197497.11,0.06362993249972383
15259,ENSG00000176723.10,0.06359056569542583
15260,ENSG00000037637.11,0.06356359748274673
15261,ENSG00000156885.6,0.0635401372008695
15262,ENSG00000175518.8,0.0635367351246017
15263,ENSG00000197165.11,0.06353464942767473
15264,ENSG00000121988.18,0.06344144858295521
15265,ENSG00000101198.15,0.06342850364477798
15266,ENSG00000135437.10,0.0633979803619275
15267,ENSG00000263513.5,0.063347770205008
15268,ENSG00000256188.3,0.06324045156529444
15269,ENSG00000148942.15,0.0631433204720639
15270,ENSG00000115592.11,0.06310110309284081
15271,ENSG00000183571.11,0.06305826442112439
15272,ENSG00000282757.4,0.0630445728678421
15273,ENSG00000103241.7,0.0630251269919106
15274,ENSG00000159708.18,0.06300470316123812
15275,ENSG00000187173.4,0.06294901897771166
15276,ENSG00000159450.12,0.06289028869111546
15277,ENSG00000177688.7,0.06288890675189408
15278,ENSG00000103150.7,0.06280761621551184
15279,ENSG00000179399.15,0.06270312678801074
15280,ENSG00000188710.3,0.06266904380912977
15281,ENSG00000283644.1,0.06262073811934246
15282,ENSG00000244752.3,0.06257553471689449
15283,ENSG00000169064.13,0.06256811235722923
15284,ENSG00000115841.21,0.06247678989714006
15285,ENSG00000005961.19,0.062420720272069026
15286,ENSG00000112706.12,0.062374000955217106
15287,ENSG00000254206.5,0.06237177264979025
15288,ENSG00000186409.18,0.06236897587411173
15289,ENSG00000120903.13,0.06236439979339107
15290,ENSG00000164483.17,0.06234386149340545
15291,ENSG00000241935.9,0.06229953948206625
15292,ENSG00000163817.16,0.06226700729204452
15293,ENSG00000151320.11,0.06226366580185541
15294,ENSG00000222046.2,0.062254596841182196
15295,ENSG00000243709.1,0.062177802796071525
15296,ENSG00000142233.14,0.062135779807431214
15297,ENSG00000182898.4,0.06212486503377349
15298,ENSG00000285082.2,0.06206482155792351
15299,ENSG00000105642.15,0.06206117306107151
15300,ENSG00000118407.15,0.06202470706426381
15301,ENSG00000174015.10,0.061946870355516284
15302,ENSG00000149972.11,0.061931863356598685
15303,ENSG00000106714.17,0.06190747796260425
15304,ENSG00000126861.5,0.061849359953514184
15305,ENSG00000159917.17,0.061757931872847206
15306,ENSG00000131848.9,0.06155199632159047
15307,ENSG00000261456.6,0.061546780344823075
15308,ENSG00000170890.14,0.061524143488490106
15309,ENSG00000095981.11,0.061436033665778746
15310,ENSG00000131355.15,0.06137485241498914
15311,ENSG00000173627.8,0.06124973611603621
15312,ENSG00000268182.6,0.06124018166469498
15313,ENSG00000117245.13,0.06118987181937818
15314,ENSG00000198796.7,0.061152798777235146
15315,ENSG00000171049.9,0.061135991466995304
15316,ENSG00000224712.12,0.06112944586112551
15317,ENSG00000165164.14,0.061111545210304215
15318,ENSG00000240403.5,0.06109498324062821
15319,ENSG00000144395.18,0.06107203270071058
15320,ENSG00000169760.17,0.06104215962084194
15321,ENSG00000183454.18,0.06104194124208154
15322,ENSG00000008118.10,0.06100831361435683
15323,ENSG00000169894.18,0.06098853332132941
15324,ENSG00000171126.8,0.06092524482298327
15325,ENSG00000266173.7,0.06091128485521061
15326,ENSG00000178297.14,0.06087276536440597
15327,ENSG00000284194.3,0.06086185638238525
15328,ENSG00000161681.16,0.060808912434683844
15329,ENSG00000126549.11,0.060745526886432276
15330,ENSG00000184451.5,0.06069437596369627
15331,ENSG00000142538.2,0.0606793458701198
15332,ENSG00000163352.5,0.060578080110696805
15333,ENSG00000186207.5,0.060525513611272556
15334,ENSG00000123349.15,0.060506033068275615
15335,ENSG00000205143.3,0.06047749757124245
15336,ENSG00000254732.2,0.06047591058475762
15337,ENSG00000221887.6,0.06036105203955947
15338,ENSG00000183134.5,0.06035084300373232
15339,ENSG00000215475.5,0.06031942730984831
15340,ENSG00000117834.13,0.0603121575175887
15341,ENSG00000117477.12,0.0602947256629587
15342,ENSG00000120500.18,0.06023453179944539
15343,ENSG00000112333.12,0.06021890239317812
15344,ENSG00000163449.11,0.06018755769227636
15345,ENSG00000188738.15,0.0601867522795541
15346,ENSG00000112238.12,0.06018558650771969
15347,ENSG00000117010.17,0.06014223513395411
15348,ENSG00000185306.13,0.060095702593971734
15349,ENSG00000226321.5,0.06005286546601591
15350,ENSG00000121853.4,0.06004707682692199
15351,ENSG00000240053.8,0.06002390599562315
15352,ENSG00000205784.4,0.05995791598581471
15353,ENSG00000147145.12,0.05993577375085869
15354,ENSG00000204913.6,0.05993433595766172
15355,ENSG00000254469.7,0.059846283605395255
15356,ENSG00000134245.18,0.05969951833711534
15357,ENSG00000175787.17,0.05969475361447773
15358,ENSG00000111850.11,0.05956848035985325
15359,ENSG00000160223.17,0.05951919162964018
15360,ENSG00000151131.11,0.05951792841492482
15361,ENSG00000163060.8,0.0594897150129733
15362,ENSG00000162461.8,0.05947299068543257
15363,ENSG00000187094.12,0.05941715081109304
15364,ENSG00000163319.11,0.059377887351770936
15365,ENSG00000134207.17,0.059332072326751244
15366,ENSG00000158764.7,0.05931174242666765
15367,ENSG00000130643.9,0.05923645529842819
15368,ENSG00000109758.9,0.059203282428164035
15369,ENSG00000198569.10,0.059202913044537925
15370,ENSG00000163380.16,0.05918667063819657
15371,ENSG00000183709.8,0.058973136129615016
15372,ENSG00000135697.10,0.058968999308971946
15373,ENSG00000147465.12,0.058953221872599285
15374,ENSG00000166546.14,0.05892329626016873
15375,ENSG00000213380.16,0.05890155170492043
15376,ENSG00000007372.24,0.05883868371479873
15377,ENSG00000163576.18,0.05869509989553288
15378,ENSG00000189127.8,0.058654216079579574
15379,ENSG00000235631.2,0.058637888940089124
15380,ENSG00000167014.11,0.058500934909951535
15381,ENSG00000175497.17,0.05838978369793636
15382,ENSG00000160199.15,0.05835123742215909
15383,ENSG00000205710.4,0.058336606277075605
15384,ENSG00000196376.11,0.058309751824037144
15385,ENSG00000092051.17,0.05829666793375733
15386,ENSG00000112539.15,0.058073794776778494
15387,ENSG00000138100.14,0.05803643222201354
15388,ENSG00000188385.12,0.05803472665598509
15389,ENSG00000147127.8,0.05799556331745297
15390,ENSG00000166192.15,0.05797339240533279
15391,ENSG00000168970.22,0.05792275189184759
15392,ENSG00000169344.15,0.05790787550141608
15393,ENSG00000275111.5,0.05787545312579052
15394,ENSG00000173401.10,0.057858586144788456
15395,ENSG00000226763.5,0.05779300023021524
15396,ENSG00000131095.13,0.05773191671707165
15397,ENSG00000221995.5,0.057660327275488726
15398,ENSG00000198883.12,0.05762847293905358
15399,ENSG00000068976.14,0.05753770044502197
15400,ENSG00000183474.16,0.057435735516145024
15401,ENSG00000105205.7,0.05739855102830022
15402,ENSG00000060709.15,0.05732024372944938
15403,ENSG00000144792.9,0.05731748941841855
15404,ENSG00000166926.8,0.05729777781746423
15405,ENSG00000163075.13,0.057270927434157314
15406,ENSG00000122180.5,0.057261589318196575
15407,ENSG00000149054.16,0.05724742238477621
15408,ENSG00000009724.17,0.05724049837129317
15409,ENSG00000181619.11,0.05718670046635142
15410,ENSG00000213906.10,0.05714585973053937
15411,ENSG00000183878.15,0.057109838736108205
15412,ENSG00000280071.4,0.05710476222862245
15413,ENSG00000101440.9,0.05707459573680433
15414,ENSG00000254995.4,0.056925929131807364
15415,ENSG00000187950.8,0.05682931674958105
15416,ENSG00000182732.18,0.056771469469274444
15417,ENSG00000283267.1,0.056603360221627416
15418,ENSG00000185518.12,0.056597533255081295
15419,ENSG00000183644.13,0.056553358310159875
15420,ENSG00000130037.5,0.056493269011623784
15421,ENSG00000213213.14,0.05648828287397262
15422,ENSG00000109063.15,0.056469292508982694
15423,ENSG00000100121.13,0.056431333634695845
15424,ENSG00000204967.12,0.05643126929012497
15425,ENSG00000268902.3,0.056398427074331944
15426,ENSG00000106410.15,0.05638599605942456
15427,ENSG00000203756.8,0.05637294929148339
15428,ENSG00000118271.12,0.05630020843368108
15429,ENSG00000169302.16,0.0562825819610558
15430,ENSG00000184148.4,0.05623300777559175
15431,ENSG00000119121.22,0.05619177539444714
15432,ENSG00000215009.5,0.056123388110558746
15433,ENSG00000160200.18,0.05603640503326982
15434,ENSG00000175535.6,0.05599793079042272
15435,ENSG00000128891.16,0.055892684344764146
15436,ENSG00000123901.9,0.055891905036673996
15437,ENSG00000137757.11,0.05587249229623909
15438,ENSG00000168000.14,0.05585944014985389
15439,ENSG00000198842.10,0.05584183864972651
15440,ENSG00000196800.6,0.05580811741265486
15441,ENSG00000167065.14,0.055802739298736276
15442,ENSG00000137860.12,0.05576532072767742
15443,ENSG00000167780.12,0.05572093036439046
15444,ENSG00000162194.12,0.05567152070113538
15445,ENSG00000116183.11,0.05565490533426315
15446,ENSG00000250803.6,0.0556187897486335
15447,ENSG00000162992.4,0.05560761796391865
15448,ENSG00000172554.12,0.05552213970463137
15449,ENSG00000040731.10,0.05548894037486629
15450,ENSG00000186451.2,0.05541215602630359
15451,ENSG00000152705.8,0.0553670085020694
15452,ENSG00000116996.9,0.05534710136063149
15453,ENSG00000146215.14,0.05526209809818269
15454,ENSG00000100890.16,0.055252549376494105
15455,ENSG00000273111.6,0.0552266555994272
15456,ENSG00000166183.16,0.05520196623518956
15457,ENSG00000129749.3,0.055023170910699
15458,ENSG00000166527.8,0.054980464285083054
15459,ENSG00000152092.16,0.054953219340577064
15460,ENSG00000136327.7,0.054905380294904875
15461,ENSG00000222038.4,0.054800154078854524
15462,ENSG00000181781.9,0.054793864799054806
15463,ENSG00000130413.15,0.054771246944419476
15464,ENSG00000168124.2,0.05461116233369452
15465,ENSG00000214787.10,0.05456927428854219
15466,ENSG00000084453.16,0.054565199058345476
15467,ENSG00000164675.11,0.05456051559733725
15468,ENSG00000185972.6,0.05456017705312592
15469,ENSG00000137090.12,0.05454354462862305
15470,ENSG00000170681.7,0.05442573667945912
15471,ENSG00000147099.21,0.05440898321588538
15472,ENSG00000143469.20,0.054286901192048764
15473,ENSG00000163126.15,0.05419454088625897
15474,ENSG00000102452.18,0.054152101841847586
15475,ENSG00000234511.10,0.05400127640137758
15476,ENSG00000143520.6,0.05389324878912626
15477,ENSG00000163611.11,0.053889444351286044
15478,ENSG00000141431.12,0.053875545012116104
15479,ENSG00000143631.11,0.05385118906022666
15480,ENSG00000166126.11,0.053777486615489305
15481,ENSG00000261787.2,0.05366166057100068
15482,ENSG00000182545.6,0.05362870410973781
15483,ENSG00000185933.7,0.05356203915081625
15484,ENSG00000106258.15,0.05354862729383509
15485,ENSG00000164162.14,0.05340978490918529
15486,ENSG00000111046.4,0.05340924855197393
15487,ENSG00000016082.15,0.05339149473878769
15488,ENSG00000105550.10,0.053322649975424616
15489,ENSG00000186326.4,0.05310789027086505
15490,ENSG00000273291.5,0.05310174623264596
15491,ENSG00000187862.12,0.05301761118088946
15492,ENSG00000284308.1,0.053015867952338966
15493,ENSG00000162267.12,0.05295664947700487
15494,ENSG00000204152.14,0.05287556183777734
15495,ENSG00000124678.20,0.052858866389619404
15496,ENSG00000099625.13,0.052788347338528024
15497,ENSG00000163157.15,0.05278458117802228
15498,ENSG00000165443.12,0.05274991372946775
15499,ENSG00000269067.2,0.05268996727164129
15500,ENSG00000198673.10,0.05265468438834569
15501,ENSG00000257057.3,0.05247237674832737
15502,ENSG00000151687.14,0.05244804947959446
15503,ENSG00000254505.11,0.0524474931839951
15504,ENSG00000162383.13,0.05239853782456593
15505,ENSG00000102468.11,0.052331445758046574
15506,ENSG00000143570.19,0.05230156927630084
15507,ENSG00000144285.22,0.05227202850915606
15508,ENSG00000146383.7,0.05226864876694098
15509,ENSG00000169989.3,0.05223183815402453
15510,ENSG00000154611.15,0.052198822915915266
15511,ENSG00000163867.17,0.05219009965132139
15512,ENSG00000205846.4,0.05214809139617869
15513,ENSG00000128242.13,0.0519823222895559
15514,ENSG00000167995.17,0.0518700327394151
15515,ENSG00000176383.9,0.051841405973487215
15516,ENSG00000198865.10,0.05180281156618547
15517,ENSG00000162621.7,0.05176849622486246
15518,ENSG00000171757.17,0.05174289074369582
15519,ENSG00000183117.19,0.05171324965844751
15520,ENSG00000182324.7,0.05170979025334817
15521,ENSG00000004809.14,0.051634602510599696
15522,ENSG00000119720.18,0.051619595500960846
15523,ENSG00000204410.16,0.05157432263156589
15524,ENSG00000185736.16,0.05152697231859952
15525,ENSG00000178125.14,0.051292843358913404
15526,ENSG00000155636.15,0.05128060040411901
15527,ENSG00000180871.8,0.05127190625540158
15528,ENSG00000104974.12,0.05125931008537356
15529,ENSG00000185966.4,0.051248127053151106
15530,ENSG00000188739.15,0.051210111225181425
15531,ENSG00000170128.5,0.05115287891869384
15532,ENSG00000187510.10,0.051150466638284854
15533,ENSG00000100031.19,0.05109611532208073
15534,ENSG00000185055.11,0.051075127680379834
15535,ENSG00000067646.12,0.05104981494661421
15536,ENSG00000155749.13,0.05104840174710182
15537,ENSG00000235453.10,0.05102062128216006
15538,ENSG00000089250.19,0.05099777463818263
15539,ENSG00000153093.20,0.050925363007564194
15540,ENSG00000126550.10,0.050812886810219206
15541,ENSG00000135482.7,0.05080981113237505
15542,ENSG00000116254.18,0.050718145434752296
15543,ENSG00000149735.7,0.05068982897145582
15544,ENSG00000134595.9,0.050686001140645844
15545,ENSG00000198574.6,0.050574589119872476
15546,ENSG00000165555.9,0.0505744661807812
15547,ENSG00000165181.16,0.05052718733792753
15548,ENSG00000162763.4,0.05051884940153341
15549,ENSG00000103061.13,0.05048476676197062
15550,ENSG00000274276.4,0.050346292077897
15551,ENSG00000164989.17,0.050195934333073414
15552,ENSG00000100253.13,0.050123249831855995
15553,ENSG00000145708.11,0.05012254206671542
15554,ENSG00000135537.17,0.050115392119011934
15555,ENSG00000118997.14,0.050092587177637635
15556,ENSG00000104835.15,0.04997344761788892
15557,ENSG00000132837.15,0.049925557556849014
15558,ENSG00000183668.18,0.049903635704323435
15559,ENSG00000119703.15,0.04985646053336335
15560,ENSG00000283486.2,0.049795981081730424
15561,ENSG00000122367.20,0.04978996269776558
15562,ENSG00000182040.9,0.04976559590579311
15563,ENSG00000122145.15,0.04975797573270848
15564,ENSG00000179397.18,0.04974000186252837
15565,ENSG00000144061.14,0.04972009527473257
15566,ENSG00000244694.7,0.0496179566291969
15567,ENSG00000164604.13,0.04959439456518356
15568,ENSG00000163440.12,0.04958848021612891
15569,ENSG00000157884.11,0.049533996729353574
15570,ENSG00000106246.18,0.049440177185468434
15571,ENSG00000164418.21,0.049388369656638245
15572,ENSG00000135577.4,0.04938521184285242
15573,ENSG00000188501.11,0.04932951924831312
15574,ENSG00000146006.8,0.04932058287630235
15575,ENSG00000065609.14,0.04931721581820504
15576,ENSG00000171435.14,0.04930659728794768
15577,ENSG00000137463.5,0.0491341649258663
15578,ENSG00000105352.10,0.04910039021006379
15579,ENSG00000188394.8,0.04904749072653106
15580,ENSG00000179046.8,0.04903800185391276
15581,ENSG00000187959.9,0.0490023632309997
15582,ENSG00000140993.11,0.04892708764278874
15583,ENSG00000144893.12,0.048906238121107275
15584,ENSG00000102387.16,0.048876155119660016
15585,ENSG00000171044.11,0.04886293815233223
15586,ENSG00000214954.8,0.048806194619787746
15587,ENSG00000145335.17,0.04874138119604618
15588,ENSG00000164398.15,0.048707047771618835
15589,ENSG00000196860.8,0.048690800637570766
15590,ENSG00000175322.12,0.04862553591850401
15591,ENSG00000127364.4,0.04859653445869018
15592,ENSG00000197272.2,0.04858975802984551
15593,ENSG00000075043.19,0.04852380677551891
15594,ENSG00000244094.2,0.04849093362100309
15595,ENSG00000102043.16,0.04845106348418804
15596,ENSG00000080618.17,0.04841172739445954
15597,ENSG00000175294.6,0.04834888474700488
15598,ENSG00000091482.8,0.048311417943542816
15599,ENSG00000115423.19,0.0481822849716152
15600,ENSG00000167332.9,0.04809785767809162
15601,ENSG00000137473.18,0.0480863959345507
15602,ENSG00000169427.8,0.0480578114518641
15603,ENSG00000174473.16,0.04805216076443078
15604,ENSG00000105982.17,0.04802557190039193
15605,ENSG00000269964.3,0.047996087324554126
15606,ENSG00000186150.5,0.047881286306197625
15607,ENSG00000078814.17,0.04785593253212077
15608,ENSG00000185666.15,0.04778753689207668
15609,ENSG00000146005.4,0.04774297637382041
15610,ENSG00000205238.9,0.047718864709311686
15611,ENSG00000099866.15,0.047706503041030204
15612,ENSG00000105409.19,0.04764936213507436
15613,ENSG00000128482.16,0.04762880240217228
15614,ENSG00000133454.16,0.047585728321295775
15615,ENSG00000129535.13,0.04758091301944459
15616,ENSG00000186442.7,0.04754883758708835
15617,ENSG00000180113.16,0.047445432143784265
15618,ENSG00000158813.18,0.047408294878198025
15619,ENSG00000158022.7,0.04739333911113494
15620,ENSG00000166337.10,0.047269569487187704
15621,ENSG00000164008.16,0.047239814507111
15622,ENSG00000166793.13,0.04716950064965977
15623,ENSG00000188487.12,0.04714716408906739
15624,ENSG00000248746.6,0.047138850945434574
15625,ENSG00000204316.13,0.04708739831602045
15626,ENSG00000188517.16,0.047002957026593954
15627,ENSG00000170667.15,0.046928951583547575
15628,ENSG00000174792.11,0.046861176468995756
15629,ENSG00000241404.7,0.046745658440696516
15630,ENSG00000242114.6,0.04672233864589723
15631,ENSG00000186075.13,0.046678064900373975
15632,ENSG00000144406.19,0.04666956264465117
15633,ENSG00000142405.22,0.04659515164971665
15634,ENSG00000147166.11,0.04656863630660394
15635,ENSG00000167992.13,0.046548297961131704
15636,ENSG00000168481.9,0.046410467646708274
15637,ENSG00000196350.9,0.04637959210597129
15638,ENSG00000198553.9,0.046360425730530376
15639,ENSG00000161944.16,0.04631865875376742
15640,ENSG00000141956.14,0.04629609700668341
15641,ENSG00000170509.12,0.04624269186451631
15642,ENSG00000186952.15,0.04620043966087459
15643,ENSG00000166676.17,0.046191537716750594
15644,ENSG00000164400.6,0.04607902937390766
15645,ENSG00000185739.13,0.04607234925456437
15646,ENSG00000162971.11,0.04606403826267221
15647,ENSG00000088053.11,0.04604291076699656
15648,ENSG00000159556.10,0.046038560224847425
15649,ENSG00000215045.8,0.04590998807353713
15650,ENSG00000185345.23,0.045897665650977824
15651,ENSG00000140279.13,0.04589276818731768
15652,ENSG00000104826.15,0.045805953892076944
15653,ENSG00000009694.13,0.04579288621078976
15654,ENSG00000198225.5,0.045769538694241545
15655,ENSG00000171017.11,0.04573477636999184
15656,ENSG00000149654.11,0.045716807461535856
15657,ENSG00000179477.11,0.04569877468830607
15658,ENSG00000285053.1,0.04564533381257483
15659,ENSG00000115474.7,0.04561926925147416
15660,ENSG00000175768.13,0.045616692612406896
15661,ENSG00000251192.7,0.045578470733673396
15662,ENSG00000187026.3,0.045570397365391306
15663,ENSG00000182405.6,0.04547362011321439
15664,ENSG00000215126.10,0.04544466119937768
15665,ENSG00000136709.12,0.04537633508326988
15666,ENSG00000167100.15,0.045359409650395775
15667,ENSG00000197057.10,0.04535055687698245
15668,ENSG00000154710.18,0.04530574304003093
15669,ENSG00000146856.14,0.045290736782599185
15670,ENSG00000188993.3,0.045271792679531964
15671,ENSG00000111218.12,0.04524986341857222
15672,ENSG00000147059.8,0.045236701800409285
15673,ENSG00000180219.2,0.0452207955945713
15674,ENSG00000101958.14,0.04521674302656137
15675,ENSG00000174611.12,0.04518606929989177
15676,ENSG00000169067.4,0.045148470947341056
15677,ENSG00000176601.13,0.045035384598216065
15678,ENSG00000177558.3,0.04497902260581247
15679,ENSG00000176177.10,0.044958568175173325
15680,ENSG00000138395.17,0.04488520900865829
15681,ENSG00000286219.1,0.044879608136037995
15682,ENSG00000145777.15,0.04483430554536221
15683,ENSG00000106459.15,0.04477939421386217
15684,ENSG00000283473.4,0.0447732981818295
15685,ENSG00000203872.7,0.044732689192763256
15686,ENSG00000162959.13,0.04466880270334714
15687,ENSG00000105889.16,0.0446254327558243
15688,ENSG00000104537.17,0.044543615361269384
15689,ENSG00000196329.11,0.044516929648164
15690,ENSG00000165583.15,0.04450903112792367
15691,ENSG00000142611.17,0.044472014886316184
15692,ENSG00000175894.18,0.044469953980113684
15693,ENSG00000140905.11,0.04445082815672242
15694,ENSG00000158525.16,0.04443157837161849
15695,ENSG00000173662.21,0.04440061278007943
15696,ENSG00000087495.17,0.044360007219794044
15697,ENSG00000196381.11,0.04432245428007219
15698,ENSG00000196859.8,0.044303251070157104
15699,ENSG00000198019.13,0.04419098805201001
15700,ENSG00000143199.18,0.04414917295273316
15701,ENSG00000138622.4,0.04412871139518122
15702,ENSG00000168939.12,0.044094946358215016
15703,ENSG00000187944.5,0.0440027312003383
15704,ENSG00000130035.9,0.043961981901474
15705,ENSG00000165935.9,0.04395120194899368
15706,ENSG00000160973.8,0.04386261906313883
15707,ENSG00000182271.13,0.043847150759825
15708,ENSG00000267855.6,0.04378380835293308
15709,ENSG00000150676.13,0.043766739960434994
15710,ENSG00000239382.10,0.04372691682314824
15711,ENSG00000154016.14,0.04371003034143062
15712,ENSG00000168530.16,0.043700321910829246
15713,ENSG00000125414.19,0.04368775388552469
15714,ENSG00000230358.4,0.0436299460961352
15715,ENSG00000101349.17,0.04362174095505596
15716,ENSG00000174226.9,0.04354489724174739
15717,ENSG00000215595.2,0.04353529951765718
15718,ENSG00000227268.5,0.043521640643926225
15719,ENSG00000128573.26,0.04349153642065025
15720,ENSG00000213892.12,0.04338958282325801
15721,ENSG00000230797.3,0.043273044755797775
15722,ENSG00000151490.15,0.04323243552319678
15723,ENSG00000123576.5,0.04321444207115231
15724,ENSG00000186860.5,0.04319817881469184
15725,ENSG00000239900.13,0.043159938470335765
15726,ENSG00000147174.11,0.04314362574246967
15727,ENSG00000189134.4,0.04313011904671867
15728,ENSG00000187048.13,0.043128356790362594
15729,ENSG00000152760.10,0.043122048409516375
15730,ENSG00000156875.14,0.043094513111095495
15731,ENSG00000255298.4,0.043080526409857496
15732,ENSG00000205777.18,0.04303605804912862
15733,ENSG00000138379.5,0.04302781001661157
15734,ENSG00000182308.7,0.04301892875858449
15735,ENSG00000136531.18,0.042968120822740645
15736,ENSG00000080644.16,0.042885445320728216
15737,ENSG00000230054.3,0.0428777790218349
15738,ENSG00000181378.14,0.04287500160726115
15739,ENSG00000163684.12,0.0427860774607313
15740,ENSG00000086159.13,0.04276983033536278
15741,ENSG00000274322.1,0.04271038164343197
15742,ENSG00000124251.11,0.04269535220525679
15743,ENSG00000117281.16,0.042669279076157446
15744,ENSG00000239474.7,0.04261980294062768
15745,ENSG00000150672.17,0.04258162447841254
15746,ENSG00000165323.15,0.042435980753030095
15747,ENSG00000180332.6,0.04229711739431025
15748,ENSG00000170615.15,0.04228231139483592
15749,ENSG00000106013.15,0.042274586604057876
15750,ENSG00000198870.8,0.04223508369075919
15751,ENSG00000027644.5,0.04222714052801296
15752,ENSG00000007350.17,0.042180635278213384
15753,ENSG00000107593.17,0.0421700265758179
15754,ENSG00000164362.21,0.04213131564206674
15755,ENSG00000160951.4,0.042115673576165046
15756,ENSG00000184210.6,0.04206518741673085
15757,ENSG00000183166.11,0.042057706786998335
15758,ENSG00000159182.5,0.04199349431924508
15759,ENSG00000157429.16,0.041972838201601616
15760,ENSG00000117601.14,0.04193194227010017
15761,ENSG00000248383.5,0.041920305769009666
15762,ENSG00000151572.18,0.041848658489452725
15763,ENSG00000049167.15,0.04182118942999807
15764,ENSG00000253767.2,0.041782917381576724
15765,ENSG00000279765.3,0.04177617238792286
15766,ENSG00000188269.10,0.041749976272639225
15767,ENSG00000179673.5,0.041736777054166424
15768,ENSG00000144227.5,0.04172581286645486
15769,ENSG00000139914.6,0.04168612062266544
15770,ENSG00000169031.20,0.0416615182613754
15771,ENSG00000203737.5,0.0416499713948355
15772,ENSG00000170426.2,0.04164059230582623
15773,ENSG00000100341.12,0.041637196593558065
15774,ENSG00000188316.15,0.04162914062203393
15775,ENSG00000184999.12,0.04156656702712822
15776,ENSG00000165584.16,0.041465056325014286
15777,ENSG00000221843.4,0.0414183923641253
15778,ENSG00000239388.9,0.04139765932689831
15779,ENSG00000283154.2,0.04131570855845719
15780,ENSG00000186479.5,0.041311712338616906
15781,ENSG00000164707.15,0.041296063317000045
15782,ENSG00000164849.10,0.04129467528570451
15783,ENSG00000125337.19,0.04122800634723068
15784,ENSG00000144035.4,0.041215729237474664
15785,ENSG00000135835.12,0.04114603532893754
15786,ENSG00000011332.19,0.04090236165327678
15787,ENSG00000180424.7,0.04082758839815741
15788,ENSG00000286135.1,0.04066085543303783
15789,ENSG00000100312.11,0.04057058515993019
15790,ENSG00000167941.3,0.04048700910267151
15791,ENSG00000266967.7,0.040459906850775634
15792,ENSG00000162620.16,0.04045134547232528
15793,ENSG00000134765.10,0.04043586044016556
15794,ENSG00000162877.13,0.04042674220163818
15795,ENSG00000215912.12,0.0403254497802247
15796,ENSG00000158428.4,0.04030574262930917
15797,ENSG00000109163.7,0.040301221707826455
15798,ENSG00000274808.5,0.04029466392385245
15799,ENSG00000146360.8,0.040173670426624356
15800,ENSG00000109684.15,0.040137996939981005
15801,ENSG00000188305.6,0.040134319372823836
15802,ENSG00000162365.12,0.04008361528243927
15803,ENSG00000180432.6,0.04007220152812267
15804,ENSG00000128655.18,0.04005140462233981
15805,ENSG00000256222.3,0.04004646029586052
15806,ENSG00000165246.14,0.04001222664365831
15807,ENSG00000125831.10,0.039956238006120616
15808,ENSG00000091128.13,0.03995116226989762
15809,ENSG00000118194.20,0.03992202667479599
15810,ENSG00000165623.10,0.039818241508557214
15811,ENSG00000221946.8,0.03977989076869047
15812,ENSG00000165643.11,0.0397246740842845
15813,ENSG00000256045.3,0.03971569870913501
15814,ENSG00000158486.13,0.03971246711560591
15815,ENSG00000005471.19,0.03964863063503968
15816,ENSG00000143028.9,0.03962703119217595
15817,ENSG00000197561.7,0.039615353597387264
15818,ENSG00000114374.13,0.03961389066027907
15819,ENSG00000121335.12,0.039610939889130774
15820,ENSG00000241595.2,0.039609839741109314
15821,ENSG00000026036.22,0.039574795969523444
15822,ENSG00000151834.16,0.039550902114472514
15823,ENSG00000109061.10,0.03954086500889426
15824,ENSG00000178395.7,0.03948302117934586
15825,ENSG00000283930.1,0.039358376337857555
15826,ENSG00000214711.10,0.03934640227640142
15827,ENSG00000138315.13,0.03929009219227449
15828,ENSG00000239704.11,0.039275103331830326
15829,ENSG00000182747.5,0.039263746041457444
15830,ENSG00000240891.8,0.03925968280687992
15831,ENSG00000143951.16,0.039158279459434564
15832,ENSG00000161270.20,0.03908612156175533
15833,ENSG00000181585.7,0.039071289226152224
15834,ENSG00000169224.13,0.03905712052585041
15835,ENSG00000142621.19,0.03904784681476573
15836,ENSG00000170917.14,0.03902637845049946
15837,ENSG00000169758.13,0.039026013013263805
15838,ENSG00000198838.14,0.03894547095783612
15839,ENSG00000182348.7,0.03893993289261164
15840,ENSG00000132702.13,0.038916088286014346
15841,ENSG00000102290.22,0.03866546076466301
15842,ENSG00000253506.3,0.038629364747286773
15843,ENSG00000130997.16,0.03860536880636951
15844,ENSG00000157330.10,0.03858279506057791
15845,ENSG00000154764.6,0.038579747588887665
15846,ENSG00000105261.7,0.03857062628016264
15847,ENSG00000273173.5,0.03854810619030059
15848,ENSG00000134072.11,0.038522431642165796
15849,ENSG00000136634.7,0.03850706118702902
15850,ENSG00000157542.11,0.03846368170043691
15851,ENSG00000107611.16,0.03841973147373539
15852,ENSG00000174844.14,0.03833704097334167
15853,ENSG00000095587.9,0.038327430408798685
15854,ENSG00000177551.5,0.03831764414911377
15855,ENSG00000188375.5,0.03830107735558357
15856,ENSG00000248405.10,0.038255230677824124
15857,ENSG00000159723.5,0.03822795342791712
15858,ENSG00000124091.9,0.03822694033428037
15859,ENSG00000162526.7,0.03822590500149019
15860,ENSG00000268533.1,0.03818782126410404
15861,ENSG00000284946.1,0.038163682827478604
15862,ENSG00000255398.3,0.03813320970073385
15863,ENSG00000168505.7,0.038100805644402554
15864,ENSG00000167578.18,0.038097911705656254
15865,ENSG00000172780.17,0.03808783283369902
15866,ENSG00000115155.19,0.03807297087620812
15867,ENSG00000280433.1,0.038021637387166275
15868,ENSG00000127074.15,0.037995010901806486
15869,ENSG00000165131.8,0.037993637968888466
15870,ENSG00000139549.4,0.037904632563232815
15871,ENSG00000164344.16,0.03790233367829891
15872,ENSG00000179813.7,0.037872212547181455
15873,ENSG00000183715.13,0.03786741768124852
15874,ENSG00000214575.9,0.03780485654957869
15875,ENSG00000147206.17,0.03777662975283377
15876,ENSG00000206172.8,0.03772066560357984
15877,ENSG00000205642.10,0.03771013333354022
15878,ENSG00000230657.8,0.03765469425158268
15879,ENSG00000230561.4,0.0376514774281063
15880,ENSG00000074317.11,0.037646872106993225
15881,ENSG00000120094.9,0.03763398065075715
15882,ENSG00000204616.11,0.0375991853578407
15883,ENSG00000166035.11,0.03759000774407998
15884,ENSG00000178386.13,0.03758427030115097
15885,ENSG00000187736.13,0.037578274712949805
15886,ENSG00000174460.4,0.03752514197496596
15887,ENSG00000181240.14,0.03752173767266423
15888,ENSG00000254245.3,0.037439573281862516
15889,ENSG00000168634.5,0.03743492766971737
15890,ENSG00000139220.17,0.03742975081269641
15891,ENSG00000130649.10,0.037387303114754925
15892,ENSG00000172318.5,0.037324067495863596
15893,ENSG00000125571.9,0.03729901133083294
15894,ENSG00000188603.22,0.037273236744051697
15895,ENSG00000185674.9,0.03726847067593949
15896,ENSG00000173212.4,0.0372550522593151
15897,ENSG00000126838.10,0.03723883076640234
15898,ENSG00000021488.13,0.037232037426759894
15899,ENSG00000167094.16,0.03717634846902322
15900,ENSG00000228727.9,0.03711792158655134
15901,ENSG00000188037.12,0.03710398670282317
15902,ENSG00000172738.12,0.03707447678613421
15903,ENSG00000146216.13,0.03706531766134768
15904,ENSG00000256061.7,0.037054253150229116
15905,ENSG00000143195.13,0.03693674810872041
15906,ENSG00000237651.6,0.036902790337804595
15907,ENSG00000132938.21,0.0368779780036449
15908,ENSG00000169752.17,0.036815538667260984
15909,ENSG00000213218.11,0.036771179140527195
15910,ENSG00000180287.17,0.03676270958300519
15911,ENSG00000179008.9,0.036673322759235884
15912,ENSG00000120256.11,0.036640283567434186
15913,ENSG00000100150.20,0.03663402415182674
15914,ENSG00000103740.10,0.036629215033102
15915,ENSG00000122543.11,0.03655405139155438
15916,ENSG00000120498.14,0.036532251510868974
15917,ENSG00000149948.14,0.036457349331984884
15918,ENSG00000131738.11,0.03642614226137281
15919,ENSG00000284773.1,0.036403989079086076
15920,ENSG00000101951.17,0.036395755941741326
15921,ENSG00000189269.12,0.03638469802593057
15922,ENSG00000177504.10,0.036346719462292135
15923,ENSG00000197584.12,0.03627305706349911
15924,ENSG00000110975.8,0.036263831390981896
15925,ENSG00000164512.18,0.03617149066795211
15926,ENSG00000174225.15,0.03613225528721734
15927,ENSG00000172969.7,0.03604541544988071
15928,ENSG00000134007.5,0.03601129877022472
15929,ENSG00000175003.15,0.03597749594277555
15930,ENSG00000111305.19,0.0359516644092286
15931,ENSG00000145248.7,0.03593003301730431
15932,ENSG00000118322.14,0.035929375620187595
15933,ENSG00000146221.10,0.035924018463532936
15934,ENSG00000155754.15,0.03571809882552009
15935,ENSG00000156500.15,0.03571061858635003
15936,ENSG00000132958.17,0.035684100236047955
15937,ENSG00000138684.9,0.03564920328553281
15938,ENSG00000066230.12,0.03560503376355451
15939,ENSG00000134571.11,0.035585274171214425
15940,ENSG00000188050.3,0.0355840874848195
15941,ENSG00000145321.13,0.03552974101775753
15942,ENSG00000196358.11,0.035497468618034246
15943,ENSG00000266265.4,0.035494984682242
15944,ENSG00000178919.9,0.035465328224134215
15945,ENSG00000112425.16,0.03543549146304692
15946,ENSG00000239389.8,0.035383471967117476
15947,ENSG00000168843.14,0.035375578366243395
15948,ENSG00000251655.6,0.035357048905737445
15949,ENSG00000008226.20,0.03533240751337189
15950,ENSG00000267796.8,0.035309524505904334
15951,ENSG00000243232.6,0.035307539465307354
15952,ENSG00000115266.12,0.03529648621690096
15953,ENSG00000249715.12,0.035259800257976676
15954,ENSG00000183423.12,0.03525058441861635
15955,ENSG00000181322.15,0.035229091838583346
15956,ENSG00000196118.12,0.03522257352178557
15957,ENSG00000178342.4,0.03521682828625192
15958,ENSG00000144847.13,0.035190432391067915
15959,ENSG00000171855.7,0.03509681379153419
15960,ENSG00000171094.18,0.035090485723207734
15961,ENSG00000092345.14,0.03507936790905708
15962,ENSG00000284730.1,0.03506811051692907
15963,ENSG00000124701.5,0.0350679145274733
15964,ENSG00000147896.3,0.035055354480499956
15965,ENSG00000156925.12,0.03495562614045102
15966,ENSG00000205609.13,0.03490815845756349
15967,ENSG00000135312.7,0.0349025909032827
15968,ENSG00000183090.5,0.03487011999951302
15969,ENSG00000099937.11,0.03480010967627484
15970,ENSG00000102931.8,0.034799026502022455
15971,ENSG00000156687.11,0.03475416155064264
15972,ENSG00000156150.9,0.03473085440766819
15973,ENSG00000186583.12,0.03472371767851064
15974,ENSG00000276409.5,0.0345331009270889
15975,ENSG00000125498.20,0.03450327190926627
15976,ENSG00000125046.15,0.034473691742782496
15977,ENSG00000269743.3,0.0344667986663195
15978,ENSG00000172209.6,0.0344260416647269
15979,ENSG00000254852.8,0.0343908105376636
15980,ENSG00000177082.13,0.03434926887209172
15981,ENSG00000188580.15,0.03434881014375053
15982,ENSG00000152954.12,0.03433400842523228
15983,ENSG00000254440.3,0.03430853038320997
15984,ENSG00000159496.14,0.03430514979485293
15985,ENSG00000108702.4,0.034288002567856905
15986,ENSG00000163283.7,0.03422936764596423
15987,ENSG00000196277.16,0.03419025433543772
15988,ENSG00000259916.1,0.034180953303383985
15989,ENSG00000121743.4,0.03417447030076904
15990,ENSG00000173261.9,0.03411729876926123
15991,ENSG00000113196.3,0.034101951535262784
15992,ENSG00000006659.13,0.034100593908386045
15993,ENSG00000271425.9,0.03406176419068078
15994,ENSG00000185860.13,0.03404813646399175
15995,ENSG00000125285.6,0.03392652363419162
15996,ENSG00000148704.13,0.03390988989042495
15997,ENSG00000167104.11,0.03386539777095538
15998,ENSG00000179168.15,0.03383741869632991
15999,ENSG00000146047.7,0.03383685243549115
16000,ENSG00000181541.6,0.03382536984748735
16001,ENSG00000168135.4,0.033808495051611924
16002,ENSG00000204583.10,0.03372808557406744
16003,ENSG00000176049.16,0.03367788738380219
16004,ENSG00000142319.18,0.03366098105213225
16005,ENSG00000135903.20,0.033651981751474956
16006,ENSG00000144550.13,0.0336243412585592
16007,ENSG00000109927.11,0.03361524902501127
16008,ENSG00000159625.15,0.03357970583769792
16009,ENSG00000147246.10,0.0335376287862117
16010,ENSG00000285589.1,0.03341004669402151
16011,ENSG00000182687.4,0.033331231385231294
16012,ENSG00000196369.11,0.033310150553663986
16013,ENSG00000117971.12,0.03329262683060928
16014,ENSG00000111049.4,0.03329251640615411
16015,ENSG00000214814.7,0.03324958043158651
16016,ENSG00000139797.8,0.03324821312138248
16017,ENSG00000244476.3,0.033177339302101025
16018,ENSG00000278599.5,0.03312501075218765
16019,ENSG00000187772.8,0.03310728014875888
16020,ENSG00000183066.14,0.03302727644286345
16021,ENSG00000065325.13,0.03301864451868407
16022,ENSG00000214216.11,0.032989495581950655
16023,ENSG00000198881.10,0.03297649115547779
16024,ENSG00000284695.1,0.03297351380464943
16025,ENSG00000080603.17,0.03294725515030375
16026,ENSG00000169306.10,0.03289885846089287
16027,ENSG00000172399.6,0.03287579725353933
16028,ENSG00000187010.21,0.03286907813388721
16029,ENSG00000124140.14,0.03285960962808154
16030,ENSG00000102805.16,0.032851776434869945
16031,ENSG00000196990.9,0.03284347164408823
16032,ENSG00000119457.8,0.032769566935761676
16033,ENSG00000145087.13,0.03275483596205019
16034,ENSG00000215644.10,0.03272657952100867
16035,ENSG00000099834.19,0.0327216754216998
16036,ENSG00000074276.10,0.03269307418018235
16037,ENSG00000198443.6,0.03261568749754834
16038,ENSG00000132259.13,0.03260609653502641
16039,ENSG00000248483.7,0.03251928441856769
16040,ENSG00000130226.17,0.03248609952172806
16041,ENSG00000185513.17,0.03237924257535597
16042,ENSG00000154162.15,0.0323767278745216
16043,ENSG00000204610.13,0.03233562821528751
16044,ENSG00000125787.11,0.03223426417872743
16045,ENSG00000109511.12,0.03223421137963784
16046,ENSG00000140543.15,0.03222881982583093
16047,ENSG00000268279.4,0.032157158660926444
16048,ENSG00000174776.11,0.03211768504645922
16049,ENSG00000261701.7,0.032076488303369836
16050,ENSG00000163806.16,0.03207608475092477
16051,ENSG00000215277.8,0.03201465348419554
16052,ENSG00000204965.9,0.032013259297536505
16053,ENSG00000228696.10,0.03196205104906093
16054,ENSG00000101306.11,0.03193479122006716
16055,ENSG00000142252.11,0.03193249477770911
16056,ENSG00000131910.5,0.031902598912853915
16057,ENSG00000101327.9,0.031832760464860624
16058,ENSG00000135824.12,0.03181167224259836
16059,ENSG00000134551.13,0.03174130936072464
16060,ENSG00000163421.9,0.0316343747966492
16061,ENSG00000277531.2,0.031588993653954685
16062,ENSG00000197580.13,0.03154823985307503
16063,ENSG00000174992.8,0.03153845853081486
16064,ENSG00000113522.14,0.031534104361816084
16065,ENSG00000142513.6,0.03145760042323174
16066,ENSG00000169314.15,0.03145063046606409
16067,ENSG00000278195.2,0.03143097524564583
16068,ENSG00000113327.17,0.03133050188487598
16069,ENSG00000175513.9,0.031260991743459546
16070,ENSG00000174521.7,0.031219459781607416
16071,ENSG00000215910.7,0.03121903913158731
16072,ENSG00000189325.7,0.0312158832397907
16073,ENSG00000158683.9,0.03114899102743416
16074,ENSG00000140839.11,0.031129912039613628
16075,ENSG00000173728.11,0.031014045141080818
16076,ENSG00000177994.16,0.030990930762746647
16077,ENSG00000139515.6,0.030980451302521268
16078,ENSG00000136867.11,0.030928176593525696
16079,ENSG00000188393.9,0.03092504300817233
16080,ENSG00000189430.13,0.030885827159954703
16081,ENSG00000142661.19,0.030817730566042235
16082,ENSG00000136352.19,0.03079409664337187
16083,ENSG00000262874.2,0.030766784070966096
16084,ENSG00000243130.8,0.030756236769329003
16085,ENSG00000163618.18,0.030755330522494215
16086,ENSG00000174453.10,0.03074143500043799
16087,ENSG00000134940.14,0.030729809001529503
16088,ENSG00000204363.5,0.030723972076128484
16089,ENSG00000170807.12,0.030644822915437447
16090,ENSG00000223609.11,0.03062897974757017
16091,ENSG00000181074.4,0.03062096334933689
16092,ENSG00000154438.8,0.030525300631669437
16093,ENSG00000242689.3,0.03052406521591478
16094,ENSG00000143257.12,0.03051934913301467
16095,ENSG00000260643.2,0.030500216531475707
16096,ENSG00000117400.18,0.03048174898483751
16097,ENSG00000166349.10,0.030441560261172423
16098,ENSG00000188991.3,0.030438988603180242
16099,ENSG00000181029.9,0.030419999277939844
16100,ENSG00000089169.15,0.03041719765817238
16101,ENSG00000135248.15,0.030309041935336952
16102,ENSG00000197980.13,0.030301910650025386
16103,ENSG00000156510.13,0.0302977487121259
16104,ENSG00000102053.12,0.030282419929090858
16105,ENSG00000080709.16,0.030266674353998577
16106,ENSG00000186105.8,0.030250552936723348
16107,ENSG00000173124.14,0.030246026374556333
16108,ENSG00000182389.20,0.030229386931777593
16109,ENSG00000185038.14,0.03022759969806368
16110,ENSG00000241635.8,0.03017648923153272
16111,ENSG00000169548.3,0.03014337171586394
16112,ENSG00000183091.19,0.030107157544862047
16113,ENSG00000130429.15,0.03009621530672374
16114,ENSG00000089116.4,0.030079379246880412
16115,ENSG00000116703.14,0.030061114054087446
16116,ENSG00000108255.8,0.030057865749225948
16117,ENSG00000185304.15,0.030027807631113936
16118,ENSG00000143167.12,0.03002608427057857
16119,ENSG00000137869.15,0.030020573994892823
16120,ENSG00000198739.11,0.029973381816607286
16121,ENSG00000214595.12,0.029940668123450143
16122,ENSG00000177414.13,0.029915327286328786
16123,ENSG00000101448.14,0.02985023699761265
16124,ENSG00000091181.20,0.029838184629412654
16125,ENSG00000215262.8,0.029827455083814996
16126,ENSG00000145864.14,0.029746610231118027
16127,ENSG00000221829.10,0.029727661736135412
16128,ENSG00000198336.9,0.029717638079197427
16129,ENSG00000186790.6,0.029716177479805813
16130,ENSG00000250423.2,0.029654868114477186
16131,ENSG00000123454.12,0.02962509265825385
16132,ENSG00000204659.5,0.02959011135235295
16133,ENSG00000129152.4,0.02958062124162742
16134,ENSG00000159337.7,0.02957587839070272
16135,ENSG00000110203.9,0.02954619016096701
16136,ENSG00000282936.2,0.029503922740991177
16137,ENSG00000255274.9,0.0294866964906375
16138,ENSG00000160472.5,0.0294829455313863
16139,ENSG00000242715.8,0.02947691448829055
16140,ENSG00000159110.20,0.029407026541301857
16141,ENSG00000177938.5,0.02933631638158756
16142,ENSG00000113249.13,0.02933253883047259
16143,ENSG00000181433.9,0.02932225305252623
16144,ENSG00000188000.5,0.029279144130820726
16145,ENSG00000133863.9,0.02925698752592065
16146,ENSG00000256463.8,0.029224803544794144
16147,ENSG00000204963.6,0.02916187740739168
16148,ENSG00000283361.2,0.02915802805189569
16149,ENSG00000257446.4,0.029148602287004062
16150,ENSG00000231887.7,0.029143225408861145
16151,ENSG00000124003.13,0.029097271991240962
16152,ENSG00000039600.11,0.02905954309449912
16153,ENSG00000151948.12,0.02903927231546846
16154,ENSG00000136698.10,0.02902708018564217
16155,ENSG00000213231.13,0.02901773037024122
16156,ENSG00000178795.9,0.02898120369921298
16157,ENSG00000170092.14,0.02892879858246629
16158,ENSG00000139915.21,0.028908472693054587
16159,ENSG00000164627.18,0.028902831986126854
16160,ENSG00000172179.12,0.02882190899427179
16161,ENSG00000008128.23,0.028796145644191508
16162,ENSG00000134640.3,0.02873019590375101
16163,ENSG00000172901.20,0.028687292406821722
16164,ENSG00000126500.3,0.028653852249528808
16165,ENSG00000239839.7,0.0286064173155972
16166,ENSG00000162761.14,0.028602080364524413
16167,ENSG00000115194.11,0.028527144805791004
16168,ENSG00000186094.17,0.028511433936868145
16169,ENSG00000091844.8,0.02850156715577113
16170,ENSG00000261857.7,0.028404315266882956
16171,ENSG00000188100.9,0.02834100971078061
16172,ENSG00000221986.7,0.028311266666230735
16173,ENSG00000148734.8,0.028279472162411664
16174,ENSG00000080572.13,0.028250578987387476
16175,ENSG00000124391.5,0.028228754656458473
16176,ENSG00000142408.6,0.02822599674126296
16177,ENSG00000101162.4,0.02819082542233104
16178,ENSG00000104888.10,0.02816981942183135
16179,ENSG00000216490.4,0.028151268220457267
16180,ENSG00000180878.3,0.028142639332339632
16181,ENSG00000260220.7,0.02813106202230057
16182,ENSG00000128610.12,0.028115643410361445
16183,ENSG00000169994.18,0.028115247352336975
16184,ENSG00000166105.16,0.02807692832989114
16185,ENSG00000111732.11,0.0280500072775849
16186,ENSG00000167220.12,0.02802595993199431
16187,ENSG00000135298.14,0.02800844650911798
16188,ENSG00000179709.8,0.027991086923908223
16189,ENSG00000134899.23,0.027978609619545354
16190,ENSG00000240747.8,0.02797338800079009
16191,ENSG00000168484.12,0.027928112908852852
16192,ENSG00000100191.6,0.027886559006879776
16193,ENSG00000196873.16,0.027883244242160612
16194,ENSG00000230601.7,0.02787460358558906
16195,ENSG00000186115.13,0.027815152742988642
16196,ENSG00000136206.4,0.027726729395778332
16197,ENSG00000173988.13,0.027690036192640346
16198,ENSG00000130812.10,0.027674374712166494
16199,ENSG00000146166.17,0.02764333502678121
16200,ENSG00000118520.15,0.02761599537080176
16201,ENSG00000168619.16,0.027604356827402296
16202,ENSG00000275489.2,0.027597839019951876
16203,ENSG00000129170.10,0.02758637757327203
16204,ENSG00000187902.11,0.02753671203493566
16205,ENSG00000173421.17,0.02749843062533907
16206,ENSG00000213416.4,0.02749743440355741
16207,ENSG00000131400.8,0.02748004076082658
16208,ENSG00000077616.11,0.02734718428401779
16209,ENSG00000111262.6,0.027288806024783
16210,ENSG00000163377.16,0.027274404545416304
16211,ENSG00000182759.4,0.027246697877930885
16212,ENSG00000152214.14,0.02724576010366817
16213,ENSG00000103313.13,0.027178307437818253
16214,ENSG00000163736.4,0.027169854604768923
16215,ENSG00000204653.10,0.027134895014167177
16216,ENSG00000169393.9,0.0271242163813463
16217,ENSG00000244411.4,0.027093184188942306
16218,ENSG00000260458.3,0.027075256639911834
16219,ENSG00000091704.10,0.027063505052763524
16220,ENSG00000099957.16,0.027059925721669004
16221,ENSG00000116785.14,0.027052523051436895
16222,ENSG00000186439.14,0.02700179100755176
16223,ENSG00000177627.11,0.026990727247130038
16224,ENSG00000120729.10,0.026978388054288687
16225,ENSG00000168828.5,0.026968859253158683
16226,ENSG00000143858.12,0.026938685137827552
16227,ENSG00000186838.13,0.026928452965707544
16228,ENSG00000158497.5,0.02692508396912978
16229,ENSG00000157315.5,0.026924718944247125
16230,ENSG00000215853.3,0.0268828171480075
16231,ENSG00000169918.10,0.026847412808840173
16232,ENSG00000133115.12,0.02684382328038164
16233,ENSG00000180083.11,0.026789031155178195
16234,ENSG00000159339.13,0.026708938561648805
16235,ENSG00000145002.12,0.026692772753822085
16236,ENSG00000102891.4,0.02667217678833739
16237,ENSG00000149609.6,0.026669180242474895
16238,ENSG00000285231.1,0.026629927588357874
16239,ENSG00000168658.19,0.026546271479080903
16240,ENSG00000169085.13,0.026535500901294345
16241,ENSG00000277758.5,0.02645219480314207
16242,ENSG00000092529.25,0.026413956020872615
16243,ENSG00000146276.12,0.026387992590348915
16244,ENSG00000214694.12,0.026375424273023824
16245,ENSG00000140795.13,0.02631594424491179
16246,ENSG00000198099.9,0.026283637691094434
16247,ENSG00000180316.12,0.026265253548358174
16248,ENSG00000164037.17,0.0262489658655634
16249,ENSG00000172421.10,0.02624494277976429
16250,ENSG00000141255.13,0.026237317146575692
16251,ENSG00000155816.20,0.026222808656183875
16252,ENSG00000156206.14,0.026207294048329104
16253,ENSG00000165556.10,0.02616736643220067
16254,ENSG00000135443.8,0.0260971654187904
16255,ENSG00000145839.2,0.026094443205334692
16256,ENSG00000203811.1,0.02598795500198867
16257,ENSG00000163530.4,0.02597068809532139
16258,ENSG00000163746.12,0.025941528011019496
16259,ENSG00000241563.4,0.025892212342688303
16260,ENSG00000135902.10,0.025794560946519975
16261,ENSG00000196406.4,0.025759735910863283
16262,ENSG00000187833.7,0.02575599141570735
16263,ENSG00000206072.13,0.0257484141386474
16264,ENSG00000104327.7,0.025733837318523228
16265,ENSG00000179111.9,0.025730790046699474
16266,ENSG00000226761.3,0.0257276943060504
16267,ENSG00000158516.12,0.025716123139331602
16268,ENSG00000187642.9,0.025680009632687906
16269,ENSG00000126583.11,0.02563751818305482
16270,ENSG00000213397.10,0.02562923765327348
16271,ENSG00000253457.3,0.025625605856446736
16272,ENSG00000217555.13,0.02560566328581066
16273,ENSG00000213996.13,0.0256004088762062
16274,ENSG00000127377.10,0.025589713119334445
16275,ENSG00000174482.10,0.025565809066591314
16276,ENSG00000283071.1,0.02554250486932009
16277,ENSG00000183379.9,0.025518193240349048
16278,ENSG00000214097.5,0.025502476382215773
16279,ENSG00000203859.10,0.02545459163429354
16280,ENSG00000203857.10,0.025441266572098734
16281,ENSG00000113492.14,0.025411780978075584
16282,ENSG00000234776.5,0.02538002327441369
16283,ENSG00000233436.7,0.025361890762662282
16284,ENSG00000183560.9,0.0253602379421686
16285,ENSG00000077498.9,0.025317848729355004
16286,ENSG00000124334.17,0.025307858868951708
16287,ENSG00000212126.3,0.025292726483191107
16288,ENSG00000196431.4,0.025277336610613405
16289,ENSG00000242110.8,0.025252998214599948
16290,ENSG00000185829.18,0.025230913867574346
16291,ENSG00000204882.4,0.025208905275568537
16292,ENSG00000163673.7,0.025203055706739908
16293,ENSG00000136014.12,0.025191072849613083
16294,ENSG00000212128.2,0.025169331050135933
16295,ENSG00000119973.6,0.025138008578210514
16296,ENSG00000126337.13,0.02507727553976479
16297,ENSG00000143355.16,0.025062897193614323
16298,ENSG00000164744.13,0.02504752312917523
16299,ENSG00000100249.4,0.025016052012198198
16300,ENSG00000171790.15,0.02496862085415188
16301,ENSG00000148204.12,0.024962451775192566
16302,ENSG00000187714.7,0.02491472528435132
16303,ENSG00000279170.3,0.024902468691062097
16304,ENSG00000206262.9,0.02488914406823501
16305,ENSG00000185523.6,0.02488034395954055
16306,ENSG00000183733.6,0.024877511018907422
16307,ENSG00000187726.9,0.024821071744048864
16308,ENSG00000170486.11,0.024784731099560676
16309,ENSG00000140043.11,0.02477275605369989
16310,ENSG00000109911.19,0.024755966582825667
16311,ENSG00000163827.13,0.02474064497444907
16312,ENSG00000102271.14,0.02471788902573013
16313,ENSG00000242950.7,0.024694761172063782
16314,ENSG00000151164.19,0.02466086039117982
16315,ENSG00000178015.5,0.024610985399159145
16316,ENSG00000197465.14,0.0245869342506166
16317,ENSG00000233087.7,0.02456566286665488
16318,ENSG00000230453.9,0.024562461696333873
16319,ENSG00000115274.15,0.024547768759220063
16320,ENSG00000204869.8,0.02450616482322238
16321,ENSG00000214700.5,0.024468668066796272
16322,ENSG00000259494.2,0.024446621460427094
16323,ENSG00000186226.9,0.024378892263885947
16324,ENSG00000214827.11,0.024335860815327032
16325,ENSG00000272899.4,0.024321812230941736
16326,ENSG00000116745.7,0.024309940140408402
16327,ENSG00000154485.5,0.02430327076293369
16328,ENSG00000182256.13,0.024266332329690735
16329,ENSG00000184344.4,0.024242316591027983
16330,ENSG00000110801.14,0.024169372762933825
16331,ENSG00000111886.11,0.024152239453482334
16332,ENSG00000180336.18,0.024151766119002695
16333,ENSG00000088766.12,0.02407558504295558
16334,ENSG00000137675.5,0.0240605788098599
16335,ENSG00000102385.12,0.024047408715710768
16336,ENSG00000153779.11,0.0240377912155304
16337,ENSG00000198785.7,0.024017668639572904
16338,ENSG00000166603.5,0.023991886691334324
16339,ENSG00000070808.16,0.023987110991772278
16340,ENSG00000214510.10,0.023883870882120573
16341,ENSG00000198758.11,0.023879466939438414
16342,ENSG00000162398.11,0.023814870121530652
16343,ENSG00000126467.11,0.023809777487864538
16344,ENSG00000241233.4,0.02378123315788006
16345,ENSG00000239620.3,0.023769308094975856
16346,ENSG00000070182.21,0.02371525984217101
16347,ENSG00000110245.12,0.023689508738351482
16348,ENSG00000197123.9,0.023685285106505166
16349,ENSG00000180475.4,0.023556501818258028
16350,ENSG00000160349.10,0.02355109263823459
16351,ENSG00000162068.2,0.023537564360470983
16352,ENSG00000205177.6,0.02352427580960099
16353,ENSG00000198156.10,0.02351541335900398
16354,ENSG00000261341.6,0.023499415337936255
16355,ENSG00000116032.5,0.023468710570039835
16356,ENSG00000166930.7,0.023442782740822114
16357,ENSG00000179774.9,0.023438041230513105
16358,ENSG00000166863.13,0.02342370663804533
16359,ENSG00000277399.5,0.023413279608407136
16360,ENSG00000135253.15,0.02332540747631632
16361,ENSG00000070669.17,0.023310258352375587
16362,ENSG00000283324.1,0.02330509239567815
16363,ENSG00000183439.9,0.023186316256605506
16364,ENSG00000155657.28,0.023168842018094177
16365,ENSG00000174527.10,0.023116544239507698
16366,ENSG00000164082.15,0.023114022119089826
16367,ENSG00000183607.10,0.02309992593396994
16368,ENSG00000073146.16,0.023095550060505846
16369,ENSG00000284638.1,0.02302138847107559
16370,ENSG00000184908.18,0.02301454061689872
16371,ENSG00000143340.6,0.023005913977054447
16372,ENSG00000120436.4,0.022992348720501276
16373,ENSG00000159398.16,0.022965030575543943
16374,ENSG00000213973.9,0.022958314254006077
16375,ENSG00000281593.1,0.02294589144696655
16376,ENSG00000189045.15,0.02292100516137966
16377,ENSG00000139269.3,0.02291442093306727
16378,ENSG00000163092.21,0.022902091502292544
16379,ENSG00000007174.18,0.02286782924553757
16380,ENSG00000166323.13,0.022862245895172932
16381,ENSG00000197893.14,0.02283659810415252
16382,ENSG00000172789.3,0.0228057579724193
16383,ENSG00000005381.8,0.022799827773588275
16384,ENSG00000091583.11,0.02277570225848794
16385,ENSG00000182793.12,0.022726338992248903
16386,ENSG00000172345.14,0.022703341059651785
16387,ENSG00000162391.12,0.02269784945910575
16388,ENSG00000278505.5,0.022689772405177416
16389,ENSG00000162687.19,0.022688341721549397
16390,ENSG00000092200.12,0.022678310978548152
16391,ENSG00000179603.18,0.022676420319624285
16392,ENSG00000130957.5,0.022630417865421425
16393,ENSG00000205669.4,0.022615663875304455
16394,ENSG00000184502.4,0.022609102132157406
16395,ENSG00000140932.10,0.022588694614615486
16396,ENSG00000111783.13,0.022575242995369123
16397,ENSG00000203772.7,0.022545092474202468
16398,ENSG00000154620.6,0.022519828444644327
16399,ENSG00000100987.15,0.022512143800722452
16400,ENSG00000270379.6,0.022502210381721538
16401,ENSG00000258947.7,0.022436845434722796
16402,ENSG00000166862.7,0.022422901768473537
16403,ENSG00000165694.10,0.02240128685708303
16404,ENSG00000136011.15,0.0223857634856248
16405,ENSG00000058866.15,0.022360094946215495
16406,ENSG00000010282.15,0.02232953859573363
16407,ENSG00000042832.12,0.022281575015991466
16408,ENSG00000166960.16,0.02223140251401131
16409,ENSG00000144821.10,0.02220038752561798
16410,ENSG00000165383.11,0.02217313946827903
16411,ENSG00000146147.15,0.022150263320367465
16412,ENSG00000173080.6,0.022092384308271127
16413,ENSG00000170927.15,0.02207981731988542
16414,ENSG00000140093.10,0.022056728610046417
16415,ENSG00000165496.5,0.022030769427441286
16416,ENSG00000152208.13,0.022017637165124483
16417,ENSG00000134193.15,0.021955610416715496
16418,ENSG00000149635.3,0.021864288634550626
16419,ENSG00000172476.4,0.021855772277042735
16420,ENSG00000254550.1,0.021841040116847194
16421,ENSG00000185610.6,0.02181890683518788
16422,ENSG00000171786.6,0.021815629032705595
16423,ENSG00000111701.7,0.021754087669308725
16424,ENSG00000036530.9,0.021739450951719023
16425,ENSG00000149201.10,0.02173412358949734
16426,ENSG00000145700.10,0.021690184905609037
16427,ENSG00000175868.14,0.02168334398547707
16428,ENSG00000274419.6,0.02168051922174815
16429,ENSG00000257046.5,0.021665498817365073
16430,ENSG00000128045.7,0.02160228992427713
16431,ENSG00000273213.3,0.021558948926069438
16432,ENSG00000167165.19,0.021539150159247056
16433,ENSG00000269699.6,0.02152554214556573
16434,ENSG00000168148.4,0.021517703510382995
16435,ENSG00000124196.6,0.0215162235471319
16436,ENSG00000124593.16,0.021499426977258502
16437,ENSG00000188596.11,0.021462052586189447
16438,ENSG00000129204.17,0.021456522912612925
16439,ENSG00000136371.11,0.02145213976804262
16440,ENSG00000131778.19,0.02143296762775035
16441,ENSG00000182255.7,0.021400432029068935
16442,ENSG00000189186.10,0.02139849837271083
16443,ENSG00000120211.4,0.021393411659703532
16444,ENSG00000146839.19,0.021372468750143495
16445,ENSG00000187821.8,0.02135066489905375
16446,ENSG00000067842.17,0.021324003430060554
16447,ENSG00000233670.7,0.021279722312367876
16448,ENSG00000154143.3,0.021278778993188804
16449,ENSG00000186231.17,0.021274633493701598
16450,ENSG00000134216.19,0.02126393768803055
16451,ENSG00000225899.8,0.021225318049086624
16452,ENSG00000173486.14,0.021181338746022366
16453,ENSG00000205693.4,0.021161885811423625
16454,ENSG00000214562.15,0.021154489174572504
16455,ENSG00000152266.7,0.021118353928142933
16456,ENSG00000005981.13,0.021099489698545002
16457,ENSG00000251258.2,0.021059219431064556
16458,ENSG00000182333.15,0.02104372290039756
16459,ENSG00000164175.15,0.02097340713972623
16460,ENSG00000214511.3,0.02095499972389957
16461,ENSG00000006837.12,0.020923343804855297
16462,ENSG00000171595.14,0.02091625962790385
16463,ENSG00000243811.11,0.02091465001730237
16464,ENSG00000258674.5,0.02091246498372104
16465,ENSG00000258429.2,0.020885544017536003
16466,ENSG00000124092.12,0.020885163251289966
16467,ENSG00000170324.21,0.020884798366685765
16468,ENSG00000188992.11,0.02085582241089459
16469,ENSG00000197416.4,0.02082839732559288
16470,ENSG00000183662.11,0.02082469813882798
16471,ENSG00000101977.21,0.02080686680671111
16472,ENSG00000141052.18,0.020804855309094653
16473,ENSG00000258315.5,0.020790842538695738
16474,ENSG00000175874.10,0.02073342813489479
16475,ENSG00000225528.3,0.020705820482117113
16476,ENSG00000165478.7,0.02067880426021294
16477,ENSG00000141965.5,0.020662336812895834
16478,ENSG00000170703.15,0.020657380950804535
16479,ENSG00000206559.8,0.020652184967320006
16480,ENSG00000204969.7,0.02063570356518882
16481,ENSG00000283288.1,0.020605802137264508
16482,ENSG00000198754.5,0.020591310245415072
16483,ENSG00000004846.16,0.020546448808687008
16484,ENSG00000284713.1,0.020535855185906268
16485,ENSG00000153266.13,0.020501275688462446
16486,ENSG00000273238.3,0.020487366670681056
16487,ENSG00000144596.13,0.02047094733461412
16488,ENSG00000270806.2,0.020462653394875175
16489,ENSG00000184361.13,0.020459685879653633
16490,ENSG00000205572.10,0.02045846721856481
16491,ENSG00000167580.8,0.020435302371061226
16492,ENSG00000102145.15,0.020416656267598803
16493,ENSG00000224109.3,0.020405451324813435
16494,ENSG00000101280.8,0.02037771036214008
16495,ENSG00000212721.4,0.020308315073876194
16496,ENSG00000156475.18,0.02029539531648711
16497,ENSG00000242550.6,0.020281762932023766
16498,ENSG00000196711.9,0.020275688078285038
16499,ENSG00000284874.1,0.020259481977243424
16500,ENSG00000164841.5,0.020257693973943287
16501,ENSG00000221882.3,0.020248334314419927
16502,ENSG00000223510.7,0.02022075243896152
16503,ENSG00000166153.16,0.020213114194988134
16504,ENSG00000159248.5,0.020202703064204436
16505,ENSG00000197921.6,0.020159976138154637
16506,ENSG00000125931.11,0.020155566704807577
16507,ENSG00000079112.10,0.02015412474801455
16508,ENSG00000167633.18,0.02014655599464328
16509,ENSG00000183625.15,0.020142484948221913
16510,ENSG00000248643.5,0.020141772149340226
16511,ENSG00000168515.3,0.020129091763729103
16512,ENSG00000187942.12,0.020118038343067645
16513,ENSG00000270672.1,0.020087074518059914
16514,ENSG00000244693.1,0.020080742053979417
16515,ENSG00000204427.12,0.02004986492668513
16516,ENSG00000188897.9,0.02002800575136709
16517,ENSG00000180988.2,0.02002352543391671
16518,ENSG00000129221.16,0.020022255174902685
16519,ENSG00000165521.15,0.02000522537048632
16520,ENSG00000274386.5,0.019963608485058338
16521,ENSG00000012504.15,0.019955017250814833
16522,ENSG00000205927.5,0.019925742491599212
16523,ENSG00000255374.3,0.019919642226763803
16524,ENSG00000184374.3,0.019858712255187164
16525,ENSG00000240764.4,0.019853759693685094
16526,ENSG00000142623.11,0.019850627330350777
16527,ENSG00000121318.2,0.0198457573559911
16528,ENSG00000186628.12,0.019825136851185383
16529,ENSG00000119614.3,0.01978567458794302
16530,ENSG00000180745.5,0.019780527626232336
16531,ENSG00000143552.9,0.019695792289714808
16532,ENSG00000163395.17,0.01968911488578204
16533,ENSG00000159648.11,0.01966930653511691
16534,ENSG00000165409.18,0.019651533786486663
16535,ENSG00000100218.12,0.019582652438461117
16536,ENSG00000176769.9,0.01957469822771839
16537,ENSG00000142609.18,0.019518271447420677
16538,ENSG00000244623.1,0.019431625771539448
16539,ENSG00000271079.1,0.019425889443348734
16540,ENSG00000167011.9,0.019380040000179424
16541,ENSG00000171360.4,0.019348279806018255
16542,ENSG00000124257.6,0.01933213506125152
16543,ENSG00000197721.17,0.01928516060176524
16544,ENSG00000254536.2,0.019270443665013015
16545,ENSG00000184459.8,0.019262445759179982
16546,ENSG00000099725.14,0.019259821506198517
16547,ENSG00000106125.14,0.01924255541409893
16548,ENSG00000188162.12,0.01919111548180742
16549,ENSG00000256797.1,0.01917991067433143
16550,ENSG00000109272.4,0.019151740425637585
16551,ENSG00000178021.11,0.01915167012628227
16552,ENSG00000100652.5,0.01914579765442916
16553,ENSG00000272305.5,0.0191044643361211
16554,ENSG00000204941.14,0.019073327153782866
16555,ENSG00000163632.14,0.019058165075448566
16556,ENSG00000188771.5,0.01905095811944671
16557,ENSG00000181778.5,0.018997984662147745
16558,ENSG00000253309.6,0.018973186590889476
16559,ENSG00000145192.13,0.018939641879344063
16560,ENSG00000008438.5,0.01892373361415932
16561,ENSG00000188219.14,0.01886741468070578
16562,ENSG00000124233.12,0.018827746178107275
16563,ENSG00000144771.8,0.01882360485195599
16564,ENSG00000111729.14,0.018773510000227093
16565,ENSG00000075290.8,0.018767685036342272
16566,ENSG00000115297.11,0.01874126936008794
16567,ENSG00000148832.16,0.01874057633543049
16568,ENSG00000131503.21,0.01873048562185573
16569,ENSG00000105605.7,0.01869587773270778
16570,ENSG00000109832.14,0.018649139514436558
16571,ENSG00000288611.1,0.018648810804332283
16572,ENSG00000127241.18,0.018601817672301256
16573,ENSG00000175449.14,0.018581943031533685
16574,ENSG00000184276.3,0.01848691546286215
16575,ENSG00000070388.11,0.01845523235074181
16576,ENSG00000188163.8,0.018454551926864012
16577,ENSG00000169181.13,0.018447682307240792
16578,ENSG00000260097.3,0.018431418936673286
16579,ENSG00000168875.3,0.018430152871997948
16580,ENSG00000225932.3,0.01842890021186095
16581,ENSG00000182111.9,0.01841907303031302
16582,ENSG00000213782.7,0.018412161344890147
16583,ENSG00000286264.2,0.01837064823166385
16584,ENSG00000042429.12,0.01835476018291772
16585,ENSG00000172752.14,0.018345859376062132
16586,ENSG00000006788.14,0.018335586397612055
16587,ENSG00000165091.18,0.01830901179166183
16588,ENSG00000151962.8,0.018302588296886132
16589,ENSG00000070019.5,0.01825845479224021
16590,ENSG00000112041.13,0.0182529222592671
16591,ENSG00000188779.12,0.018249337267380622
16592,ENSG00000179914.5,0.018228773171704446
16593,ENSG00000239605.11,0.018161099115463968
16594,ENSG00000278558.5,0.018158894590361678
16595,ENSG00000196433.13,0.01812216020796568
16596,ENSG00000139610.2,0.018115893540758453
16597,ENSG00000254466.2,0.01811338557085037
16598,ENSG00000198064.13,0.018097545650202603
16599,ENSG00000057468.7,0.018092375469144332
16600,ENSG00000069206.15,0.018070523753154964
16601,ENSG00000183324.11,0.018070276020350454
16602,ENSG00000166333.14,0.018060268797471347
16603,ENSG00000129744.3,0.01802516700862495
16604,ENSG00000103375.11,0.017984049522567307
16605,ENSG00000184530.9,0.017957293203105757
16606,ENSG00000183230.17,0.01792806020185174
16607,ENSG00000275493.2,0.017920682034887694
16608,ENSG00000214140.11,0.017911347519238206
16609,ENSG00000187672.14,0.017893510993265704
16610,ENSG00000255587.9,0.01789277547128546
16611,ENSG00000117501.14,0.01787490048624173
16612,ENSG00000270149.5,0.017796661271759676
16613,ENSG00000249437.8,0.017783796562049283
16614,ENSG00000021461.17,0.01771645530840144
16615,ENSG00000100288.20,0.017708389227395798
16616,ENSG00000183977.14,0.017663669003531245
16617,ENSG00000162641.20,0.01761440017132951
16618,ENSG00000162669.16,0.017588469163706058
16619,ENSG00000213204.8,0.017581801017350948
16620,ENSG00000275410.5,0.01757336768981296
16621,ENSG00000254598.3,0.01756812783479428
16622,ENSG00000147588.7,0.017562887429457816
16623,ENSG00000126733.21,0.017517489787990122
16624,ENSG00000196104.11,0.017510745790623897
16625,ENSG00000163394.6,0.017491246416668563
16626,ENSG00000082293.13,0.01747375358880364
16627,ENSG00000075790.12,0.017468033628664115
16628,ENSG00000243772.8,0.017457517852562065
16629,ENSG00000188107.15,0.017450431926685717
16630,ENSG00000161609.10,0.017433184454906697
16631,ENSG00000106038.13,0.017430857634194365
16632,ENSG00000158955.11,0.01741852797305405
16633,ENSG00000163737.4,0.017398809966076435
16634,ENSG00000073754.6,0.017390106304131826
16635,ENSG00000151006.7,0.01736261042831454
16636,ENSG00000183128.7,0.017342346635363062
16637,ENSG00000261884.2,0.017331178768846146
16638,ENSG00000213512.3,0.017319290572651594
16639,ENSG00000173572.11,0.017268901391112104
16640,ENSG00000230626.4,0.017247331040647428
16641,ENSG00000126091.21,0.017206445484214797
16642,ENSG00000169877.10,0.01715595088692962
16643,ENSG00000129673.10,0.017115532393006783
16644,ENSG00000166634.6,0.017085824922942028
16645,ENSG00000120907.18,0.017061599845284624
16646,ENSG00000137880.6,0.017051701001866048
16647,ENSG00000169682.18,0.01703846095641794
16648,ENSG00000178233.18,0.016984754799145216
16649,ENSG00000170925.3,0.016978790354763244
16650,ENSG00000213901.11,0.01697758231587701
16651,ENSG00000276302.1,0.016961645939831255
16652,ENSG00000197653.16,0.01695870728096544
16653,ENSG00000163792.6,0.016946575341683128
16654,ENSG00000095464.10,0.016902231962673996
16655,ENSG00000125815.9,0.016854232548005256
16656,ENSG00000184995.7,0.016816725340925
16657,ENSG00000188761.13,0.016789781087979818
16658,ENSG00000184144.12,0.01677955740543157
16659,ENSG00000226792.7,0.016772782602260797
16660,ENSG00000141096.6,0.01674422215424059
16661,ENSG00000179520.11,0.016699751755672006
16662,ENSG00000112494.10,0.016676961487805092
16663,ENSG00000213809.9,0.016674628005951424
16664,ENSG00000112212.12,0.016655974173427762
16665,ENSG00000174145.8,0.01664214883465305
16666,ENSG00000162571.14,0.01660363768498654
16667,ENSG00000162825.16,0.016554445104875328
16668,ENSG00000106128.19,0.016448337249051398
16669,ENSG00000179270.7,0.016406997809905035
16670,ENSG00000112818.10,0.016402614339648975
16671,ENSG00000239264.9,0.016359860839331938
16672,ENSG00000226784.3,0.01635818038757034
16673,ENSG00000100429.18,0.016327214047120144
16674,ENSG00000121053.6,0.01631084648317717
16675,ENSG00000164100.9,0.01627865616597337
16676,ENSG00000187783.12,0.016270069062100528
16677,ENSG00000161640.15,0.01626770936856285
16678,ENSG00000169605.7,0.016259383245775992
16679,ENSG00000124812.15,0.016245380993825165
16680,ENSG00000174038.13,0.016228335516054168
16681,ENSG00000174255.8,0.016193265304408403
16682,ENSG00000242419.5,0.01617777602846003
16683,ENSG00000112053.14,0.016166030342360825
16684,ENSG00000127530.4,0.016157841838948493
16685,ENSG00000119139.21,0.016156357771393504
16686,ENSG00000140481.15,0.016108400217822283
16687,ENSG00000166558.11,0.016058446642799616
16688,ENSG00000187581.3,0.016057852254840035
16689,ENSG00000114487.10,0.016040758669993105
16690,ENSG00000180638.19,0.01601973738737102
16691,ENSG00000171587.15,0.015965873985600846
16692,ENSG00000164112.13,0.015946132257184064
16693,ENSG00000133742.14,0.01592422708323487
16694,ENSG00000221880.4,0.01590614939244807
16695,ENSG00000186335.9,0.015903316212184437
16696,ENSG00000111700.13,0.01586278652153069
16697,ENSG00000116983.13,0.015860317428078873
16698,ENSG00000183831.7,0.015840831382898917
16699,ENSG00000203730.3,0.015826827935806195
16700,ENSG00000224659.2,0.015791365586432644
16701,ENSG00000164049.14,0.015721365695140228
16702,ENSG00000184611.12,0.015621824223853222
16703,ENSG00000134365.13,0.015618719473065671
16704,ENSG00000101446.8,0.01559845442858009
16705,ENSG00000204022.9,0.015597621540480803
16706,ENSG00000109471.5,0.01558234429598635
16707,ENSG00000185198.12,0.015545226989759126
16708,ENSG00000119725.20,0.01552228048862613
16709,ENSG00000101342.10,0.015505120038908372
16710,ENSG00000187516.7,0.015501907345262262
16711,ENSG00000261587.2,0.015471517030617454
16712,ENSG00000204930.10,0.015467798283379538
16713,ENSG00000101542.10,0.015444589783776316
16714,ENSG00000132855.5,0.015405869147387978
16715,ENSG00000205116.3,0.01539983375923471
16716,ENSG00000101204.18,0.015388175382650648
16717,ENSG00000157782.9,0.015373754253175831
16718,ENSG00000163497.3,0.01534297323177721
16719,ENSG00000128271.22,0.015342109362537635
16720,ENSG00000162374.18,0.015332050519801693
16721,ENSG00000153253.19,0.015308559591640947
16722,ENSG00000186118.9,0.015298801576106006
16723,ENSG00000184389.9,0.01529250771667345
16724,ENSG00000273274.2,0.015281944379428938
16725,ENSG00000196071.5,0.015273248163899435
16726,ENSG00000189350.13,0.015270073047324853
16727,ENSG00000128253.15,0.015255361810279042
16728,ENSG00000125798.15,0.015235002469546437
16729,ENSG00000113303.12,0.015181894354234868
16730,ENSG00000284770.2,0.015172559787139979
16731,ENSG00000148483.9,0.015171314989301554
16732,ENSG00000158427.15,0.01516739432100757
16733,ENSG00000170279.3,0.01516315610745123
16734,ENSG00000106302.10,0.015162972131382634
16735,ENSG00000150394.14,0.015145173960493998
16736,ENSG00000100359.21,0.015106838027490799
16737,ENSG00000119125.17,0.01509797698904296
16738,ENSG00000138152.10,0.015061276543230065
16739,ENSG00000184047.20,0.015045239360007916
16740,ENSG00000205560.13,0.015043980586696305
16741,ENSG00000212900.3,0.015032559749231102
16742,ENSG00000181616.9,0.015005545527771617
16743,ENSG00000187151.7,0.014971501092969087
16744,ENSG00000164822.5,0.01496162892290558
16745,ENSG00000264424.1,0.014948802298544691
16746,ENSG00000106633.17,0.014836104692644547
16747,ENSG00000197079.8,0.01481283570148647
16748,ENSG00000203783.5,0.014749853011212693
16749,ENSG00000205929.11,0.014748404770794105
16750,ENSG00000123297.20,0.014745301162302521
16751,ENSG00000186675.7,0.014720733288062057
16752,ENSG00000157890.17,0.014664871740323635
16753,ENSG00000144644.14,0.014661677212613456
16754,ENSG00000183542.5,0.014633575002341893
16755,ENSG00000227868.6,0.01462457580657548
16756,ENSG00000173567.15,0.014621436567237814
16757,ENSG00000185883.12,0.014593145009476014
16758,ENSG00000167194.7,0.014581588146391223
16759,ENSG00000204687.4,0.014568778372873991
16760,ENSG00000104938.18,0.014560513873878059
16761,ENSG00000167346.7,0.014560170528000379
16762,ENSG00000112309.11,0.014553305179676781
16763,ENSG00000173157.17,0.01454634802319233
16764,ENSG00000105251.11,0.014514925275430444
16765,ENSG00000143869.7,0.014496171312499487
16766,ENSG00000124564.17,0.014457282621862027
16767,ENSG00000171804.11,0.014424514978978545
16768,ENSG00000243725.7,0.01442064791876244
16769,ENSG00000147655.12,0.014410030932024172
16770,ENSG00000140015.20,0.01439083358087917
16771,ENSG00000129214.15,0.014339412361853253
16772,ENSG00000066405.13,0.014334538265852905
16773,ENSG00000175311.7,0.014290278447376428
16774,ENSG00000283208.2,0.014284231735501222
16775,ENSG00000182676.5,0.014277274088705027
16776,ENSG00000184735.7,0.0142224137050669
16777,ENSG00000155714.14,0.014218451607416945
16778,ENSG00000133475.17,0.014177524154095388
16779,ENSG00000242515.5,0.014170415765547437
16780,ENSG00000197437.4,0.014120567481142357
16781,ENSG00000078579.9,0.014101968956795897
16782,ENSG00000179468.5,0.014037640561052727
16783,ENSG00000147117.8,0.01402945700623088
16784,ENSG00000128645.15,0.014019302071729408
16785,ENSG00000198021.7,0.01399005359734247
16786,ENSG00000170296.10,0.013940381740986092
16787,ENSG00000197576.14,0.013883968475197867
16788,ENSG00000251692.8,0.013824669351933723
16789,ENSG00000007001.13,0.013816851090460115
16790,ENSG00000182938.7,0.01380433547091057
16791,ENSG00000165606.9,0.013787732511195024
16792,ENSG00000188611.16,0.01376893086543592
16793,ENSG00000162779.22,0.013765879309305559
16794,ENSG00000178586.5,0.0137501403393964
16795,ENSG00000284484.1,0.013739195600546508
16796,ENSG00000196866.3,0.013734446151384598
16797,ENSG00000186431.19,0.01369780778454838
16798,ENSG00000170788.14,0.013672739057391898
16799,ENSG00000170236.16,0.013649695700162
16800,ENSG00000268655.2,0.013643276597621237
16801,ENSG00000179751.7,0.013618385869465439
16802,ENSG00000154529.15,0.013595526426025368
16803,ENSG00000147647.13,0.013561518585077837
16804,ENSG00000156574.10,0.013558205631458995
16805,ENSG00000205111.8,0.013540627118290164
16806,ENSG00000170160.17,0.013538339691835948
16807,ENSG00000172733.11,0.013524577851036614
16808,ENSG00000125510.18,0.013522730787076337
16809,ENSG00000197658.9,0.013521288297338044
16810,ENSG00000173714.8,0.013518393803406744
16811,ENSG00000204149.13,0.013514295542167295
16812,ENSG00000173699.16,0.013485991275628597
16813,ENSG00000138675.16,0.013443926198816753
16814,ENSG00000180251.5,0.013441586057372008
16815,ENSG00000169247.14,0.013438581207908556
16816,ENSG00000120440.15,0.013417148469922783
16817,ENSG00000167654.18,0.013410872549352089
16818,ENSG00000180929.6,0.013405757599787791
16819,ENSG00000188649.15,0.01334338770292894
16820,ENSG00000132010.16,0.013298474188822634
16821,ENSG00000134538.3,0.013288107387694535
16822,ENSG00000105370.8,0.013277156118358896
16823,ENSG00000100024.15,0.013245740015133414
16824,ENSG00000188676.13,0.013244374433492042
16825,ENSG00000206557.6,0.01320601839716157
16826,ENSG00000147596.4,0.013189709211746857
16827,ENSG00000260230.5,0.013187285517282375
16828,ENSG00000155428.12,0.013116705437456562
16829,ENSG00000178404.10,0.013063061480235649
16830,ENSG00000179300.4,0.013050132793293603
16831,ENSG00000182634.9,0.013047946442045513
16832,ENSG00000138271.6,0.013043569828139713
16833,ENSG00000240654.6,0.013033806190109097
16834,ENSG00000188032.10,0.013016983422728043
16835,ENSG00000204001.9,0.013004994589070104
16836,ENSG00000155087.4,0.012995590661313996
16837,ENSG00000168925.12,0.012976859707520445
16838,ENSG00000092067.6,0.012971585519252548
16839,ENSG00000256394.3,0.01296248401011204
16840,ENSG00000286001.1,0.012958344779347184
16841,ENSG00000123584.7,0.012949479002138874
16842,ENSG00000163518.11,0.012945162793947317
16843,ENSG00000150656.15,0.012934017145464783
16844,ENSG00000113262.16,0.012931033454194971
16845,ENSG00000181408.4,0.012886812566231644
16846,ENSG00000170923.3,0.012880639083283168
16847,ENSG00000180245.7,0.012876403914590533
16848,ENSG00000145757.16,0.012873659590511758
16849,ENSG00000163288.14,0.012869150537306848
16850,ENSG00000125084.12,0.012866131077373388
16851,ENSG00000127325.19,0.012856208160004896
16852,ENSG00000184923.12,0.012824431788716645
16853,ENSG00000181016.9,0.012819851477032344
16854,ENSG00000198597.9,0.012812557498678665
16855,ENSG00000189410.12,0.012798294926125718
16856,ENSG00000286132.1,0.012768606244798694
16857,ENSG00000268696.3,0.012754141049031536
16858,ENSG00000169836.5,0.012736955116546086
16859,ENSG00000271092.5,0.012694766701486533
16860,ENSG00000162843.17,0.012692430733206549
16861,ENSG00000136694.9,0.01268195074861616
16862,ENSG00000166800.10,0.012674450257021606
16863,ENSG00000170289.12,0.012647735359424277
16864,ENSG00000140274.14,0.012639370184339197
16865,ENSG00000146755.11,0.012612149372578122
16866,ENSG00000204952.3,0.012609920043333571
16867,ENSG00000182196.13,0.01260569987402937
16868,ENSG00000197953.6,0.01259140923889149
16869,ENSG00000205810.9,0.012588130520432707
16870,ENSG00000179088.15,0.012575049165518626
16871,ENSG00000117598.13,0.012551994263744414
16872,ENSG00000157423.18,0.012513604736188476
16873,ENSG00000166220.12,0.012485915535515837
16874,ENSG00000157103.12,0.012465278855783794
16875,ENSG00000274933.5,0.012461753942505574
16876,ENSG00000250254.2,0.012441407766941144
16877,ENSG00000166211.8,0.012420628257587673
16878,ENSG00000213533.13,0.012415526201647927
16879,ENSG00000170956.17,0.012397991817574028
16880,ENSG00000133107.15,0.01239255903861895
16881,ENSG00000108242.13,0.012392012068310298
16882,ENSG00000142484.7,0.012389538380993874
16883,ENSG00000198090.3,0.012367391177266887
16884,ENSG00000214300.7,0.012359251066176719
16885,ENSG00000168158.4,0.012342645904220455
16886,ENSG00000134588.12,0.01234088930952299
16887,ENSG00000147223.6,0.012220026781823852
16888,ENSG00000073734.10,0.01219748751646126
16889,ENSG00000204887.4,0.01218910794838792
16890,ENSG00000153230.4,0.012185448772917584
16891,ENSG00000140623.14,0.012183323466674171
16892,ENSG00000240045.2,0.012179790111959262
16893,ENSG00000119608.14,0.012164456075457158
16894,ENSG00000168333.14,0.012136550393224855
16895,ENSG00000163630.11,0.012119929069596733
16896,ENSG00000215397.4,0.01210902636070786
16897,ENSG00000204382.11,0.012100144984226279
16898,ENSG00000104728.16,0.012098409540244763
16899,ENSG00000243696.5,0.012095501875972626
16900,ENSG00000169629.12,0.01208329144238243
16901,ENSG00000285077.2,0.012078750133881922
16902,ENSG00000158786.5,0.012043056626856065
16903,ENSG00000214402.7,0.012022967894084854
16904,ENSG00000165076.14,0.01202222255118085
16905,ENSG00000183873.18,0.012007522627037831
16906,ENSG00000248713.1,0.011894754673407983
16907,ENSG00000189068.11,0.011876463519150544
16908,ENSG00000171496.4,0.011864770869627101
16909,ENSG00000196862.10,0.011860924977347436
16910,ENSG00000136696.11,0.011807919928361757
16911,ENSG00000166118.8,0.011785573934001438
16912,ENSG00000168348.4,0.011732801994782525
16913,ENSG00000168263.9,0.011718039336302596
16914,ENSG00000275954.5,0.011693789078058951
16915,ENSG00000249709.8,0.011686042444885742
16916,ENSG00000118094.12,0.011665533776538721
16917,ENSG00000118557.16,0.011657626213382467
16918,ENSG00000185176.13,0.011590313110187447
16919,ENSG00000214842.5,0.011582870027474592
16920,ENSG00000070729.14,0.011575609863785
16921,ENSG00000228049.7,0.011574176827510382
16922,ENSG00000110786.18,0.011563884689981915
16923,ENSG00000206043.7,0.011563550509080603
16924,ENSG00000011083.9,0.01154770037786255
16925,ENSG00000205649.9,0.011535869110733897
16926,ENSG00000106336.13,0.01152164019301769
16927,ENSG00000243646.10,0.011479230060982885
16928,ENSG00000139973.16,0.011463908130490747
16929,ENSG00000215817.7,0.011457406453682437
16930,ENSG00000286106.1,0.011456799333600928
16931,ENSG00000205323.9,0.011391292975978379
16932,ENSG00000178690.3,0.011387103787120852
16933,ENSG00000182156.10,0.01136148823286699
16934,ENSG00000151967.18,0.01132871980234664
16935,ENSG00000100557.10,0.011328640929373286
16936,ENSG00000213413.2,0.01127749227014736
16937,ENSG00000215545.1,0.011219128393343008
16938,ENSG00000177462.7,0.01118601504357533
16939,ENSG00000166856.3,0.011167426169734599
16940,ENSG00000278662.5,0.011143560889390666
16941,ENSG00000132972.19,0.011125499555939536
16942,ENSG00000163958.14,0.011124174723957504
16943,ENSG00000260456.7,0.01111659526596415
16944,ENSG00000172073.4,0.011104914687793373
16945,ENSG00000135747.11,0.011104033631933687
16946,ENSG00000152936.10,0.011103859940579717
16947,ENSG00000169203.16,0.011095172628489301
16948,ENSG00000174236.4,0.011091046798048607
16949,ENSG00000130377.13,0.011065634556784583
16950,ENSG00000184434.8,0.01106217353631232
16951,ENSG00000112232.10,0.01102892888717122
16952,ENSG00000214513.4,0.011013219939298758
16953,ENSG00000164816.8,0.011009931216719025
16954,ENSG00000250506.8,0.010974675944537273
16955,ENSG00000232237.3,0.010953406544546218
16956,ENSG00000174483.20,0.01091171158609164
16957,ENSG00000205409.3,0.0108717570543816
16958,ENSG00000179058.7,0.01087164905479912
16959,ENSG00000118492.17,0.010866383254707592
16960,ENSG00000146049.2,0.010863607191663295
16961,ENSG00000175664.10,0.01085637336239499
16962,ENSG00000106113.19,0.010827052269280072
16963,ENSG00000122432.18,0.01080130917206723
16964,ENSG00000182870.13,0.010791510013542472
16965,ENSG00000141485.17,0.010734900527854693
16966,ENSG00000187682.2,0.010712168028537717
16967,ENSG00000147036.12,0.010665918456872632
16968,ENSG00000101074.5,0.010663952156522525
16969,ENSG00000285991.1,0.010653979322867501
16970,ENSG00000158816.15,0.010653293704689216
16971,ENSG00000140955.11,0.010633745606543048
16972,ENSG00000186288.5,0.010627528660337216
16973,ENSG00000226690.8,0.010597067546314004
16974,ENSG00000149970.16,0.010591791553399737
16975,ENSG00000264343.6,0.010578273064256299
16976,ENSG00000269755.1,0.010563241821781717
16977,ENSG00000258713.3,0.01054763265974075
16978,ENSG00000185888.5,0.01053667844804282
16979,ENSG00000205832.7,0.010526728208001598
16980,ENSG00000160396.9,0.010508827388957767
16981,ENSG00000205922.5,0.010505923662616545
16982,ENSG00000204176.14,0.010492644353737455
16983,ENSG00000072657.9,0.010489021564969243
16984,ENSG00000183631.5,0.010483018656841973
16985,ENSG00000256574.8,0.010475374421634298
16986,ENSG00000110243.12,0.0104504891175156
16987,ENSG00000274183.2,0.010439940473615199
16988,ENSG00000171509.16,0.010439743339262637
16989,ENSG00000133020.4,0.010434323066924198
16990,ENSG00000229894.4,0.010434216148439663
16991,ENSG00000160201.12,0.010394234208887633
16992,ENSG00000164651.17,0.010391075687082037
16993,ENSG00000120329.7,0.01038650113499752
16994,ENSG00000111536.5,0.01038173306564001
16995,ENSG00000241962.9,0.010377394426220767
16996,ENSG00000224586.7,0.010371353488835982
16997,ENSG00000236782.7,0.010339643773546089
16998,ENSG00000214967.5,0.010314124116474309
16999,ENSG00000184650.11,0.010305929105164835
17000,ENSG00000244020.3,0.01030313487229196
17001,ENSG00000113520.11,0.010290325842775064
17002,ENSG00000184492.6,0.010285919480470829
17003,ENSG00000275152.5,0.010280302936555933
17004,ENSG00000185662.10,0.010279789302024167
17005,ENSG00000206105.2,0.010255156000125666
17006,ENSG00000153303.17,0.010218150954182811
17007,ENSG00000224902.5,0.01020057733190243
17008,ENSG00000105610.6,0.010187615193981403
17009,ENSG00000204805.9,0.010157822176447812
17010,ENSG00000185974.7,0.01009600368396991
17011,ENSG00000143801.18,0.010071104022483667
17012,ENSG00000234224.3,0.01003492840566148
17013,ENSG00000241128.2,0.010015938573419205
17014,ENSG00000186047.10,0.010015850824214563
17015,ENSG00000171489.10,0.010015055326707326
17016,ENSG00000186329.9,0.010004409360437951
17017,ENSG00000261794.1,0.010002864472879274
17018,ENSG00000158578.21,0.009994038455253141
17019,ENSG00000090512.12,0.009987891069842277
17020,ENSG00000182329.14,0.009986214330738371
17021,ENSG00000109625.19,0.00996905413444927
17022,ENSG00000145692.15,0.009962979823065165
17023,ENSG00000136834.3,0.0099478101398017
17024,ENSG00000160683.5,0.009926788248983727
17025,ENSG00000110025.13,0.009925137618080919
17026,ENSG00000259305.6,0.009908568116958678
17027,ENSG00000155719.18,0.00982579532123431
17028,ENSG00000139780.7,0.009814150139544882
17029,ENSG00000186930.4,0.00980439091540367
17030,ENSG00000283755.2,0.009778318218790938
17031,ENSG00000002745.13,0.009776600264863195
17032,ENSG00000159239.13,0.009776350992387321
17033,ENSG00000241186.10,0.009753039808031124
17034,ENSG00000184261.5,0.00975150589575525
17035,ENSG00000183303.2,0.009728007753274693
17036,ENSG00000236761.6,0.009715078936691254
17037,ENSG00000175206.10,0.009713255567167125
17038,ENSG00000163645.15,0.009706639902143486
17039,ENSG00000163646.12,0.009675503243463236
17040,ENSG00000203757.2,0.009671712995284116
17041,ENSG00000198216.12,0.009666706737383504
17042,ENSG00000198633.10,0.009663095811926817
17043,ENSG00000102195.10,0.00966148638417039
17044,ENSG00000172955.17,0.009653314465014266
17045,ENSG00000187416.12,0.009644044582019942
17046,ENSG00000242866.10,0.009641519843889768
17047,ENSG00000170262.13,0.009639335880971354
17048,ENSG00000062582.14,0.009627348934044709
17049,ENSG00000105808.18,0.009624574267743267
17050,ENSG00000168356.13,0.00962226259752795
17051,ENSG00000139648.7,0.009620045396215068
17052,ENSG00000151838.12,0.009610057358448778
17053,ENSG00000132522.16,0.009597840433174631
17054,ENSG00000138823.13,0.00958545449982046
17055,ENSG00000168676.11,0.009578809788997389
17056,ENSG00000197816.16,0.009577285296626822
17057,ENSG00000230062.5,0.009569412474635637
17058,ENSG00000187758.8,0.009525100030956874
17059,ENSG00000156486.8,0.009506250395079926
17060,ENSG00000205038.12,0.00950546036418125
17061,ENSG00000188730.5,0.009501293889565303
17062,ENSG00000122012.14,0.00949953362438426
17063,ENSG00000143006.7,0.009492762237716489
17064,ENSG00000160868.15,0.009479822697198253
17065,ENSG00000141837.21,0.00946921361470759
17066,ENSG00000157322.17,0.009449839924630892
17067,ENSG00000243789.11,0.009448536188827862
17068,ENSG00000196289.7,0.00941370300808553
17069,ENSG00000232196.4,0.009363457790738746
17070,ENSG00000185988.15,0.00933864653915703
17071,ENSG00000288593.1,0.00933467842710795
17072,ENSG00000188687.17,0.00933303457651692
17073,ENSG00000249139.2,0.009329429483697794
17074,ENSG00000205639.12,0.009299406947582542
17075,ENSG00000110675.13,0.00929914277516446
17076,ENSG00000169397.3,0.009289035347586037
17077,ENSG00000206579.9,0.009279774524957285
17078,ENSG00000168748.14,0.009256050302226175
17079,ENSG00000180509.12,0.00925290115297311
17080,ENSG00000197273.4,0.009236246248823313
17081,ENSG00000204897.7,0.009205583425857162
17082,ENSG00000198092.6,0.009191528687158342
17083,ENSG00000127412.7,0.009148549117644383
17084,ENSG00000177483.11,0.009141569862718413
17085,ENSG00000091536.19,0.009122105799393251
17086,ENSG00000268320.4,0.009102831564533629
17087,ENSG00000224960.5,0.009097351695728626
17088,ENSG00000158815.11,0.00907536942194559
17089,ENSG00000136535.15,0.009061260850943916
17090,ENSG00000241489.8,0.009059691425398484
17091,ENSG00000124103.10,0.009058409130130205
17092,ENSG00000089558.9,0.009057294307471335
17093,ENSG00000135436.8,0.009022243079531717
17094,ENSG00000259030.7,0.009019178743323301
17095,ENSG00000182968.5,0.009013747725822599
17096,ENSG00000171970.13,0.00898572882387134
17097,ENSG00000205864.1,0.008958085116762403
17098,ENSG00000106588.12,0.008955853717968984
17099,ENSG00000171931.13,0.008955258727077461
17100,ENSG00000258366.9,0.008949698477091171
17101,ENSG00000136197.13,0.00893447873613865
17102,ENSG00000163885.12,0.008933080453768852
17103,ENSG00000102794.10,0.00892425721247518
17104,ENSG00000261408.7,0.008919200386808433
17105,ENSG00000283740.1,0.008879480809556438
17106,ENSG00000269533.5,0.008854972459996717
17107,ENSG00000145879.11,0.008835932855240583
17108,ENSG00000215274.5,0.008818138431284607
17109,ENSG00000144852.19,0.008791866248646932
17110,ENSG00000123569.8,0.008782715716529346
17111,ENSG00000230667.6,0.00875919138915121
17112,ENSG00000179133.15,0.008756644424745559
17113,ENSG00000188981.11,0.008752933242391077
17114,ENSG00000135100.18,0.008752924237015472
17115,ENSG00000126952.17,0.008717067052370665
17116,ENSG00000128713.14,0.008711181925409917
17117,ENSG00000163982.6,0.008678909105936529
17118,ENSG00000159224.4,0.00866774184434116
17119,ENSG00000197241.3,0.008641313424211365
17120,ENSG00000258311.5,0.008625495085311527
17121,ENSG00000124568.12,0.008612048025479125
17122,ENSG00000130943.7,0.008597755223387297
17123,ENSG00000198488.10,0.008586036198861407
17124,ENSG00000120563.10,0.008579173893338288
17125,ENSG00000186009.5,0.008559928059665923
17126,ENSG00000187747.2,0.008546211193271251
17127,ENSG00000164123.7,0.008509768797884537
17128,ENSG00000171136.7,0.008507370990786597
17129,ENSG00000275895.7,0.00849601555801492
17130,ENSG00000112077.17,0.008494460281633576
17131,ENSG00000177301.16,0.008485593663505571
17132,ENSG00000284188.2,0.008473583044934814
17133,ENSG00000157093.9,0.00846212054616058
17134,ENSG00000188076.3,0.008457252996857402
17135,ENSG00000285480.1,0.008447427866357294
17136,ENSG00000189409.14,0.008427600284958146
17137,ENSG00000137766.17,0.008417899384709247
17138,ENSG00000258881.6,0.008414683083275273
17139,ENSG00000249884.8,0.008401166504201037
17140,ENSG00000285791.1,0.008387726157706112
17141,ENSG00000132911.5,0.008387071076782332
17142,ENSG00000189023.10,0.008381018882556584
17143,ENSG00000203910.9,0.008376030162026154
17144,ENSG00000137133.11,0.008369710351791624
17145,ENSG00000281106.4,0.008352638428792743
17146,ENSG00000234828.9,0.00832424848323962
17147,ENSG00000139155.9,0.0083020543549994
17148,ENSG00000162728.5,0.008299622205631142
17149,ENSG00000260007.3,0.008296337622863335
17150,ENSG00000084674.15,0.008295747770894077
17151,ENSG00000176204.13,0.008264195338395704
17152,ENSG00000135409.11,0.008261709150458915
17153,ENSG00000107147.14,0.008245937041724336
17154,ENSG00000179564.4,0.00823593100241755
17155,ENSG00000206106.2,0.008217683178681578
17156,ENSG00000257591.6,0.008188290990437077
17157,ENSG00000283268.1,0.008184650502107777
17158,ENSG00000112486.17,0.008178245952882083
17159,ENSG00000259224.2,0.008164881863778301
17160,ENSG00000237388.2,0.008163949379495872
17161,ENSG00000241149.3,0.008160375026118643
17162,ENSG00000161652.12,0.008141660520953548
17163,ENSG00000172404.5,0.00813629819853579
17164,ENSG00000205863.11,0.00812961009106752
17165,ENSG00000128886.12,0.008129022350628658
17166,ENSG00000204347.4,0.008121841714087152
17167,ENSG00000188011.5,0.00811909719046025
17168,ENSG00000172640.3,0.008108299120384669
17169,ENSG00000278889.4,0.008083298604878905
17170,ENSG00000151704.16,0.008079772337911493
17171,ENSG00000168802.14,0.008055537556995765
17172,ENSG00000180815.14,0.00803781953206809
17173,ENSG00000152670.19,0.00802305659438379
17174,ENSG00000139725.8,0.008005317202143591
17175,ENSG00000205359.10,0.007998993779585982
17176,ENSG00000226430.7,0.00799521792540751
17177,ENSG00000159961.2,0.007981651866637466
17178,ENSG00000261210.8,0.007952716242985275
17179,ENSG00000172410.4,0.007950118947840886
17180,ENSG00000171643.14,0.007937463060586982
17181,ENSG00000144130.11,0.007930835560459431
17182,ENSG00000180016.2,0.007929320307452577
17183,ENSG00000102104.9,0.007913065904229369
17184,ENSG00000168930.13,0.007901936782759954
17185,ENSG00000136487.18,0.007895306641461724
17186,ENSG00000183628.14,0.0078949129420152
17187,ENSG00000239282.8,0.007881921484839443
17188,ENSG00000213658.12,0.007876468952046915
17189,ENSG00000164458.10,0.007871476268669823
17190,ENSG00000188152.13,0.007866483399249464
17191,ENSG00000116981.3,0.007810178746874877
17192,ENSG00000205755.12,0.00779717915753141
17193,ENSG00000239857.7,0.00778471179601586
17194,ENSG00000104804.8,0.007781987475650857
17195,ENSG00000284969.1,0.007753796843062023
17196,ENSG00000176681.14,0.007744611577406821
17197,ENSG00000255819.7,0.007740006218537884
17198,ENSG00000205277.9,0.007738129846715542
17199,ENSG00000257341.5,0.00771863522303155
17200,ENSG00000204571.6,0.007714208204084089
17201,ENSG00000149488.13,0.007707433602238938
17202,ENSG00000205022.9,0.007699211084850158
17203,ENSG00000188848.16,0.007689223329113331
17204,ENSG00000257008.6,0.007688941393305353
17205,ENSG00000163501.7,0.007683751647451054
17206,ENSG00000180090.5,0.0076809813914656515
17207,ENSG00000180053.7,0.007670302479381609
17208,ENSG00000185294.7,0.00766660848627451
17209,ENSG00000269058.6,0.007665618656111652
17210,ENSG00000130711.5,0.007647827345227944
17211,ENSG00000257138.1,0.00762607531679411
17212,ENSG00000174016.11,0.007626045709158972
17213,ENSG00000241322.11,0.0076210172320420756
17214,ENSG00000256591.5,0.00761569846052287
17215,ENSG00000165588.18,0.007609683036888831
17216,ENSG00000164161.10,0.0076075821370016625
17217,ENSG00000169432.18,0.00759301405649368
17218,ENSG00000002822.15,0.007549674588324503
17219,ENSG00000188778.6,0.007531845379704509
17220,ENSG00000182533.7,0.007529240626723439
17221,ENSG00000077009.13,0.007525403934428599
17222,ENSG00000132781.19,0.007519380325652552
17223,ENSG00000185942.13,0.007509322752836148
17224,ENSG00000171501.10,0.0074638384401576096
17225,ENSG00000167210.17,0.0074619836475535465
17226,ENSG00000145020.16,0.007424613953439322
17227,ENSG00000168065.16,0.007404495871335142
17228,ENSG00000275793.1,0.007387453097970597
17229,ENSG00000215704.10,0.007379575132481629
17230,ENSG00000111325.16,0.007377611713433999
17231,ENSG00000146809.13,0.007349954293776553
17232,ENSG00000275591.5,0.007345392617206789
17233,ENSG00000139656.7,0.007339336572172669
17234,ENSG00000180116.15,0.007335400646187718
17235,ENSG00000116218.13,0.007332635243646248
17236,ENSG00000185985.11,0.007327225610228952
17237,ENSG00000179636.15,0.007320111698220302
17238,ENSG00000249222.1,0.007319906441874709
17239,ENSG00000152969.20,0.007318459395963257
17240,ENSG00000188729.6,0.007312351916440576
17241,ENSG00000254996.5,0.007298757359806216
17242,ENSG00000072182.13,0.007297353342536924
17243,ENSG00000138641.18,0.007286429040859049
17244,ENSG00000149646.12,0.007285167260306734
17245,ENSG00000198452.8,0.007284635096365136
17246,ENSG00000109991.9,0.00727536456949595
17247,ENSG00000140107.12,0.007273679436828425
17248,ENSG00000205186.4,0.007262361886067565
17249,ENSG00000139767.10,0.007242490522865376
17250,ENSG00000140009.18,0.007239830541646613
17251,ENSG00000132330.18,0.007229679863929386
17252,ENSG00000283992.2,0.007228420755328559
17253,ENSG00000185758.9,0.007224133169055393
17254,ENSG00000055957.11,0.007218456965008715
17255,ENSG00000181072.11,0.007213698829594837
17256,ENSG00000118245.2,0.0072003789236642956
17257,ENSG00000256713.8,0.007157627475006228
17258,ENSG00000039987.7,0.007126003400434083
17259,ENSG00000146469.13,0.0071260024788092876
17260,ENSG00000138892.11,0.007110187657850849
17261,ENSG00000268799.4,0.007088320634646181
17262,ENSG00000231989.5,0.007080205654271727
17263,ENSG00000177689.10,0.007068023001219882
17264,ENSG00000206549.13,0.007047597941303575
17265,ENSG00000282419.3,0.00703928876692235
17266,ENSG00000176160.11,0.007029311832874325
17267,ENSG00000176302.13,0.007005224081667913
17268,ENSG00000172023.8,0.0070022900112593515
17269,ENSG00000002746.15,0.007001459054577357
17270,ENSG00000137634.10,0.006996074278790624
17271,ENSG00000125900.13,0.006964532799721781
17272,ENSG00000221852.5,0.006962831612153652
17273,ENSG00000184702.20,0.006961800758710941
17274,ENSG00000231274.5,0.0069580057533949625
17275,ENSG00000132915.11,0.006954640391501554
17276,ENSG00000092098.17,0.006926120925331353
17277,ENSG00000182264.9,0.006925573171194475
17278,ENSG00000096395.11,0.006915942694155248
17279,ENSG00000102055.7,0.0068793168580812926
17280,ENSG00000183396.4,0.0068508303815849264
17281,ENSG00000182816.9,0.006825566346407216
17282,ENSG00000196600.12,0.006798959395128614
17283,ENSG00000234469.4,0.0067944915793230936
17284,ENSG00000244414.7,0.006774636605282914
17285,ENSG00000167612.13,0.006761832599499776
17286,ENSG00000134389.10,0.00675989291231554
17287,ENSG00000178732.5,0.006746655342751021
17288,ENSG00000147488.11,0.006739363051821959
17289,ENSG00000179796.12,0.006735798258587242
17290,ENSG00000204361.10,0.006731758811253653
17291,ENSG00000198083.9,0.006728273796833886
17292,ENSG00000255223.4,0.006713571181828893
17293,ENSG00000123977.10,0.006713305241000458
17294,ENSG00000174576.10,0.00670922899764552
17295,ENSG00000185958.10,0.00669752470854131
17296,ENSG00000172058.16,0.006666247472133625
17297,ENSG00000107859.10,0.006654762549325036
17298,ENSG00000283563.1,0.006636762563160038
17299,ENSG00000155875.15,0.006592099262692134
17300,ENSG00000183251.4,0.00657823499031966
17301,ENSG00000171989.6,0.006566013203264926
17302,ENSG00000184659.5,0.006549947339591627
17303,ENSG00000259066.5,0.0065436143118708925
17304,ENSG00000142615.8,0.006512160956239843
17305,ENSG00000102539.5,0.00649644025571077
17306,ENSG00000182053.12,0.006496319784324318
17307,ENSG00000242028.8,0.006486825666497593
17308,ENSG00000109047.8,0.006480167670627569
17309,ENSG00000183747.12,0.006472837000998649
17310,ENSG00000232653.8,0.006431841082780812
17311,ENSG00000188581.9,0.006427441102773838
17312,ENSG00000180210.15,0.006423594385593904
17313,ENSG00000285976.2,0.006400579760236743
17314,ENSG00000185774.16,0.006387446003838075
17315,ENSG00000114204.15,0.006379396562725291
17316,ENSG00000104889.7,0.006373267133750318
17317,ENSG00000174898.16,0.00636819958163501
17318,ENSG00000215454.6,0.006355371175677903
17319,ENSG00000128617.2,0.006334757282937952
17320,ENSG00000135355.4,0.006327818840334796
17321,ENSG00000101203.16,0.006327551580199683
17322,ENSG00000164900.4,0.006325819566433134
17323,ENSG00000154025.16,0.006324355057040668
17324,ENSG00000183463.6,0.006324172021237304
17325,ENSG00000138741.11,0.006321179273324838
17326,ENSG00000100012.12,0.00631672742248716
17327,ENSG00000214943.5,0.0063160010010121954
17328,ENSG00000259571.2,0.006312137579072508
17329,ENSG00000168928.13,0.0062990507273450605
17330,ENSG00000204086.4,0.006295616936094622
17331,ENSG00000181499.2,0.006284544831824566
17332,ENSG00000186652.10,0.006275951859154608
17333,ENSG00000205857.2,0.006270989020143442
17334,ENSG00000152292.17,0.00625929227800159
17335,ENSG00000254806.5,0.0062527779549620965
17336,ENSG00000162494.6,0.00624880222289254
17337,ENSG00000184388.6,0.00622861589319152
17338,ENSG00000081148.12,0.006197638857109726
17339,ENSG00000244057.4,0.00619444234558505
17340,ENSG00000213886.4,0.006190166039882436
17341,ENSG00000204020.6,0.006166428092981358
17342,ENSG00000187144.11,0.006152117247073626
17343,ENSG00000170950.6,0.006149615822777973
17344,ENSG00000198062.15,0.006126202254692892
17345,ENSG00000139053.3,0.0061259430348412185
17346,ENSG00000153498.12,0.006119517081672503
17347,ENSG00000204279.7,0.006090876398005742
17348,ENSG00000173452.14,0.0060871464904560255
17349,ENSG00000241241.1,0.00607608262246095
17350,ENSG00000164509.15,0.0060739924172477
17351,ENSG00000204539.4,0.006061655910923048
17352,ENSG00000131951.11,0.006056850449461902
17353,ENSG00000188199.10,0.00604760205877996
17354,ENSG00000237353.7,0.006037610565059614
17355,ENSG00000140090.18,0.006034790573119751
17356,ENSG00000183559.12,0.0060301385323702295
17357,ENSG00000183269.5,0.006024196280162456
17358,ENSG00000198570.6,0.006023536180648469
17359,ENSG00000174982.4,0.006018069110805725
17360,ENSG00000196772.4,0.006014062374369187
17361,ENSG00000162032.16,0.006000656744940878
17362,ENSG00000255152.8,0.005982150542313693
17363,ENSG00000186453.13,0.005979734410334908
17364,ENSG00000163050.18,0.005958844236773606
17365,ENSG00000185105.5,0.0059536133061763126
17366,ENSG00000115657.14,0.005915406920546479
17367,ENSG00000196184.10,0.005892940561995839
17368,ENSG00000267281.2,0.005888864441719853
17369,ENSG00000258659.7,0.005884585757580001
17370,ENSG00000204174.8,0.005875339303015803
17371,ENSG00000204978.3,0.0058718276986334155
17372,ENSG00000165202.3,0.005862847824110728
17373,ENSG00000130783.14,0.005861880838020081
17374,ENSG00000257315.3,0.005860101718653552
17375,ENSG00000285437.1,0.005846480190590981
17376,ENSG00000100593.18,0.005845025927307779
17377,ENSG00000186723.4,0.005842589019977637
17378,ENSG00000161180.11,0.005837749155011229
17379,ENSG00000169856.9,0.005828618312877096
17380,ENSG00000165509.13,0.005827730457457445
17381,ENSG00000214324.5,0.005811968508348438
17382,ENSG00000136881.12,0.00580016686621281
17383,ENSG00000177669.4,0.005793866472991065
17384,ENSG00000276430.3,0.00578743634326375
17385,ENSG00000270339.3,0.005773392112758374
17386,ENSG00000196844.9,0.005770317191765959
17387,ENSG00000272325.2,0.0057542198225359375
17388,ENSG00000205883.2,0.005725632904742999
17389,ENSG00000285943.1,0.005715240334738621
17390,ENSG00000213977.8,0.0057142751634687485
17391,ENSG00000183304.10,0.00570991839722492
17392,ENSG00000169575.5,0.00570592431707139
17393,ENSG00000169704.5,0.005705291527158543
17394,ENSG00000214102.7,0.005704791840165379
17395,ENSG00000235711.4,0.005700749551016253
17396,ENSG00000170074.19,0.005672514625008731
17397,ENSG00000180772.7,0.00560630265437557
17398,ENSG00000249693.3,0.005584449738074768
17399,ENSG00000183921.7,0.005580400973794969
17400,ENSG00000187323.12,0.005568542572987669
17401,ENSG00000215547.1,0.005560414945492041
17402,ENSG00000122375.12,0.00555186077102235
17403,ENSG00000229674.2,0.0055493802459484435
17404,ENSG00000185013.16,0.005544296125709101
17405,ENSG00000176774.6,0.0055384591838343955
17406,ENSG00000283205.1,0.005507369000813758
17407,ENSG00000266826.2,0.00548559104279963
17408,ENSG00000204909.8,0.0054795432910261215
17409,ENSG00000138075.14,0.005462754805616792
17410,ENSG00000187135.7,0.005456600589142314
17411,ENSG00000204961.7,0.0054513667391932925
17412,ENSG00000213221.5,0.00544828721994198
17413,ENSG00000090554.13,0.005442753990513542
17414,ENSG00000183783.7,0.005438576411919021
17415,ENSG00000179580.10,0.005422089824241803
17416,ENSG00000111641.12,0.005421643659271641
17417,ENSG00000189167.12,0.005416475692055182
17418,ENSG00000053524.12,0.005406488798285316
17419,ENSG00000152254.11,0.005361244473218543
17420,ENSG00000170178.7,0.005354754748011883
17421,ENSG00000155249.5,0.005353765554651821
17422,ENSG00000265203.2,0.005347560741268347
17423,ENSG00000134200.4,0.0053404144505736035
17424,ENSG00000212658.1,0.005336409644802441
17425,ENSG00000143921.9,0.005336169836946344
17426,ENSG00000147873.5,0.005330372430099686
17427,ENSG00000248098.12,0.00532646297152195
17428,ENSG00000150783.10,0.00532501273293879
17429,ENSG00000236543.3,0.005322180527698975
17430,ENSG00000080293.10,0.00532025010572752
17431,ENSG00000203989.5,0.005294550784952069
17432,ENSG00000203546.7,0.005287767029848613
17433,ENSG00000171097.14,0.0052702789203922925
17434,ENSG00000265590.10,0.005253416105409258
17435,ENSG00000162438.12,0.005240181669904444
17436,ENSG00000125363.14,0.005221481829460509
17437,ENSG00000203933.3,0.005218580921411586
17438,ENSG00000131379.10,0.005213002803549099
17439,ENSG00000185271.9,0.005197697520257296
17440,ENSG00000166049.11,0.005190983942514072
17441,ENSG00000189299.7,0.005190241851098396
17442,ENSG00000141316.13,0.005186413228165149
17443,ENSG00000215529.12,0.005177471673545856
17444,ENSG00000260851.7,0.005175185567132445
17445,ENSG00000264006.8,0.00517018064100789
17446,ENSG00000163492.15,0.005165861059872449
17447,ENSG00000206140.11,0.005160607453515849
17448,ENSG00000235268.2,0.00514372353821115
17449,ENSG00000180440.4,0.00513844460884502
17450,ENSG00000164933.12,0.00512811599077747
17451,ENSG00000105679.9,0.005122946094062531
17452,ENSG00000197915.7,0.005121594284387508
17453,ENSG00000063515.3,0.005095295767981168
17454,ENSG00000214686.7,0.0050900511750958805
17455,ENSG00000113525.10,0.00507871665708097
17456,ENSG00000004939.15,0.0050785842090392075
17457,ENSG00000143627.19,0.005053005943051644
17458,ENSG00000139540.12,0.005050701898735556
17459,ENSG00000197826.12,0.005048684489543218
17460,ENSG00000147571.5,0.005031602107040692
17461,ENSG00000151379.4,0.005026872219465856
17462,ENSG00000159650.9,0.005013526538356053
17463,ENSG00000174429.4,0.005012665717926661
17464,ENSG00000008197.5,0.005009969430599944
17465,ENSG00000204345.1,0.005008715448989371
17466,ENSG00000154646.9,0.004989452772127343
17467,ENSG00000186487.20,0.00498695693325617
17468,ENSG00000172938.3,0.004962878996254696
17469,ENSG00000162456.10,0.004957850218723381
17470,ENSG00000010379.16,0.004957143524547171
17471,ENSG00000203877.8,0.004957090839037588
17472,ENSG00000172350.10,0.004930824221129594
17473,ENSG00000164122.9,0.004919134073347167
17474,ENSG00000112245.12,0.004902112662007061
17475,ENSG00000175485.2,0.0049009483823395485
17476,ENSG00000144460.12,0.004900176672099548
17477,ENSG00000143107.10,0.004899421132909569
17478,ENSG00000174448.8,0.004885243775097612
17479,ENSG00000120054.12,0.004884814539149357
17480,ENSG00000143032.8,0.004846365314127035
17481,ENSG00000230778.1,0.00483850984887256
17482,ENSG00000177468.7,0.0048338941050750355
17483,ENSG00000172967.7,0.004821938276869238
17484,ENSG00000179873.14,0.004821357965069265
17485,ENSG00000188958.9,0.0048143215830058666
17486,ENSG00000091664.9,0.004809615270355455
17487,ENSG00000164821.5,0.004806536535186787
17488,ENSG00000139151.16,0.004791387172457431
17489,ENSG00000183185.9,0.004787099856498683
17490,ENSG00000276289.4,0.0047769132641158315
17491,ENSG00000228570.7,0.004773222949857425
17492,ENSG00000261732.1,0.004766036153825235
17493,ENSG00000257950.3,0.004765308009609232
17494,ENSG00000171772.17,0.004759732141651714
17495,ENSG00000186049.8,0.00474589503864906
17496,ENSG00000204657.4,0.0047348246490421225
17497,ENSG00000206181.6,0.00467837092955806
17498,ENSG00000096264.14,0.004671005733930172
17499,ENSG00000126759.14,0.004660088444943297
17500,ENSG00000185899.1,0.004653029058067123
17501,ENSG00000249156.2,0.004636486812613361
17502,ENSG00000165182.12,0.004632519263303066
17503,ENSG00000135973.3,0.004626795532455018
17504,ENSG00000177257.3,0.00461844733082027
17505,ENSG00000204071.10,0.00460545503883286
17506,ENSG00000176927.15,0.004604344269696535
17507,ENSG00000262543.2,0.004600973513811065
17508,ENSG00000196660.11,0.004592222921973288
17509,ENSG00000175189.4,0.0045814961192529625
17510,ENSG00000183785.15,0.004574747611036263
17511,ENSG00000205899.4,0.004570443242031751
17512,ENSG00000284686.1,0.004565377251914817
17513,ENSG00000197919.6,0.004563192470353968
17514,ENSG00000130561.17,0.004557671956244396
17515,ENSG00000084734.9,0.00454315660335704
17516,ENSG00000178440.7,0.004532581068169848
17517,ENSG00000073598.6,0.004523292084992069
17518,ENSG00000150244.12,0.00451941895214349
17519,ENSG00000204290.10,0.004498791586154656
17520,ENSG00000175097.8,0.004489527830136078
17521,ENSG00000239590.1,0.00448471905976573
17522,ENSG00000179817.5,0.004417700779689941
17523,ENSG00000164794.9,0.00440546458616796
17524,ENSG00000173431.2,0.004404108637720901
17525,ENSG00000179165.11,0.004399178705683593
17526,ENSG00000166866.13,0.004394852863754143
17527,ENSG00000177710.6,0.00438794431631642
17528,ENSG00000236027.3,0.004384980227517782
17529,ENSG00000270011.7,0.004383684126910401
17530,ENSG00000254636.1,0.004381960307152207
17531,ENSG00000187753.13,0.004373573984138052
17532,ENSG00000168412.6,0.004372071688146134
17533,ENSG00000183638.6,0.004351345952874732
17534,ENSG00000177984.7,0.004348948361532036
17535,ENSG00000187922.14,0.004343410778341751
17536,ENSG00000269226.7,0.004320415898952793
17537,ENSG00000255181.3,0.004316319891133413
17538,ENSG00000181609.5,0.004314571482955268
17539,ENSG00000185689.16,0.004308476121802083
17540,ENSG00000234289.6,0.004302002962904857
17541,ENSG00000204010.3,0.00430172013812695
17542,ENSG00000137707.13,0.004292076840472927
17543,ENSG00000152910.19,0.004273986089452096
17544,ENSG00000198812.5,0.0042464707285607
17545,ENSG00000263464.2,0.004236330064876838
17546,ENSG00000152591.15,0.0042349194147059165
17547,ENSG00000139364.10,0.004233137628184321
17548,ENSG00000167360.6,0.004223368937273223
17549,ENSG00000286224.1,0.004221531997562113
17550,ENSG00000100433.16,0.004220880394377699
17551,ENSG00000237693.4,0.00421332967008354
17552,ENSG00000187905.10,0.004201814059482448
17553,ENSG00000198610.11,0.004200270724453782
17554,ENSG00000121764.11,0.004197450241686547
17555,ENSG00000260234.5,0.004196734139210776
17556,ENSG00000180658.4,0.004190098136705238
17557,ENSG00000118017.4,0.004187486611104991
17558,ENSG00000168282.6,0.004185588042295964
17559,ENSG00000180834.8,0.0041433393088425256
17560,ENSG00000198901.14,0.004137757369597659
17561,ENSG00000130167.14,0.004131357137239871
17562,ENSG00000204962.6,0.004126134419464672
17563,ENSG00000170162.14,0.004122198911207738
17564,ENSG00000183281.14,0.004121992152837164
17565,ENSG00000221888.4,0.004110615226025485
17566,ENSG00000167377.18,0.004108913636953815
17567,ENSG00000283247.2,0.004104286560826689
17568,ENSG00000169551.13,0.004098624082407698
17569,ENSG00000240303.8,0.004080194936535304
17570,ENSG00000184351.8,0.004059428832981717
17571,ENSG00000170967.5,0.004053090357079403
17572,ENSG00000078795.17,0.004052151605624858
17573,ENSG00000186452.11,0.0040516814857389305
17574,ENSG00000160994.4,0.004039341296509704
17575,ENSG00000177182.11,0.004036304357529134
17576,ENSG00000152430.18,0.004028563345242906
17577,ENSG00000128313.2,0.004019853254074846
17578,ENSG00000266302.6,0.004015354565027756
17579,ENSG00000203852.3,0.003986244788885519
17580,ENSG00000030304.14,0.0039735787442712
17581,ENSG00000188770.10,0.003959069934774247
17582,ENSG00000149651.4,0.003958293310722966
17583,ENSG00000180697.9,0.0039397403570151125
17584,ENSG00000205456.11,0.00393781899131836
17585,ENSG00000279263.1,0.003934325092885656
17586,ENSG00000161594.7,0.003925873574329071
17587,ENSG00000101076.17,0.003913166673156264
17588,ENSG00000223443.2,0.003909710669301034
17589,ENSG00000187616.5,0.003906735915999117
17590,ENSG00000255582.1,0.0039023577990231276
17591,ENSG00000183476.12,0.0038999193737080115
17592,ENSG00000175229.7,0.003898305774675795
17593,ENSG00000167774.2,0.0038976881002615515
17594,ENSG00000060566.14,0.0038859902570371726
17595,ENSG00000134438.10,0.0038811797456934495
17596,ENSG00000163515.6,0.0038768253053147236
17597,ENSG00000239920.2,0.003863937092628087
17598,ENSG00000080910.13,0.00386314721914311
17599,ENSG00000186399.10,0.0038603609575925263
17600,ENSG00000196900.5,0.0038517636983939805
17601,ENSG00000106069.23,0.00384082153886477
17602,ENSG00000188056.12,0.003840541289573122
17603,ENSG00000155269.12,0.0038304681691897894
17604,ENSG00000178997.11,0.003813661272094024
17605,ENSG00000196767.9,0.0038020988912267997
17606,ENSG00000169214.4,0.003796402511733953
17607,ENSG00000187166.1,0.0037960750951515887
17608,ENSG00000167791.14,0.003795394974694877
17609,ENSG00000187997.11,0.0037897018762712916
17610,ENSG00000171540.8,0.0037865156583485548
17611,ENSG00000214534.5,0.003778013872829408
17612,ENSG00000168131.4,0.003774647035750797
17613,ENSG00000213999.17,0.0037741595983110127
17614,ENSG00000189252.4,0.003773569889784158
17615,ENSG00000275572.1,0.0037722451567272744
17616,ENSG00000161992.6,0.003769243474297881
17617,ENSG00000255872.3,0.003767604407780267
17618,ENSG00000188626.6,0.003767312968176501
17619,ENSG00000286095.1,0.0037633950843254005
17620,ENSG00000149435.12,0.003758030226116532
17621,ENSG00000214237.11,0.0037524656068275934
17622,ENSG00000101638.14,0.00375241628703352
17623,ENSG00000164588.8,0.0037462113045006887
17624,ENSG00000285868.1,0.0037455583439863086
17625,ENSG00000205884.2,0.00374036505859918
17626,ENSG00000114455.13,0.0037390188063590075
17627,ENSG00000242852.7,0.0037382827421919575
17628,ENSG00000206102.2,0.0037350075047903604
17629,ENSG00000174417.3,0.0037315519373373766
17630,ENSG00000257987.6,0.0037314459281612066
17631,ENSG00000188800.6,0.0037026952810509583
17632,ENSG00000121410.12,0.0036936343124633906
17633,ENSG00000163586.10,0.0036882634547722812
17634,ENSG00000033122.21,0.003687671275534943
17635,ENSG00000128310.3,0.003685662707596646
17636,ENSG00000186714.12,0.0036851346552354636
17637,ENSG00000145975.15,0.00367688493340066
17638,ENSG00000182584.6,0.0036755423985143994
17639,ENSG00000134376.16,0.003668381175978536
17640,ENSG00000145642.12,0.0036650466215573455
17641,ENSG00000243708.10,0.003635509602771032
17642,ENSG00000241360.2,0.0036336852162015183
17643,ENSG00000163206.6,0.0036184320823666348
17644,ENSG00000160408.15,0.003612663181981131
17645,ENSG00000176009.3,0.0036059146644410746
17646,ENSG00000225180.8,0.0035925742109551174
17647,ENSG00000143278.5,0.003573350901350912
17648,ENSG00000176040.13,0.00357241928544493
17649,ENSG00000165462.5,0.0035723420402018484
17650,ENSG00000164645.3,0.0035665313133775136
17651,ENSG00000163833.8,0.0035570385110481073
17652,ENSG00000263353.3,0.003556804659098223
17653,ENSG00000283227.1,0.003541200794309728
17654,ENSG00000283463.2,0.0035254135339851836
17655,ENSG00000240021.10,0.003517746902853203
17656,ENSG00000215131.11,0.0035173131969153813
17657,ENSG00000182177.14,0.0035167523936573265
17658,ENSG00000173250.2,0.0035013239044777494
17659,ENSG00000258539.1,0.00349490630817718
17660,ENSG00000258643.6,0.0034905905254113355
17661,ENSG00000184984.10,0.0034895447550455606
17662,ENSG00000181215.15,0.0034737917725973268
17663,ENSG00000171446.7,0.0034733517269321533
17664,ENSG00000285509.1,0.0034710164237732677
17665,ENSG00000242019.1,0.003465628401791284
17666,ENSG00000138483.3,0.0034475440319834817
17667,ENSG00000138109.11,0.0034462403916495593
17668,ENSG00000171116.7,0.0034438542564206556
17669,ENSG00000161973.11,0.0034426852714935625
17670,ENSG00000273513.1,0.0034361675932265776
17671,ENSG00000225781.1,0.00343266111901634
17672,ENSG00000145242.13,0.0034282056738775156
17673,ENSG00000182261.4,0.003415623157801579
17674,ENSG00000163424.9,0.0034134140297208187
17675,ENSG00000100678.19,0.003406962733980144
17676,ENSG00000140067.6,0.0034065768777344864
17677,ENSG00000163116.10,0.003401926440144088
17678,ENSG00000164304.16,0.0034010270958950194
17679,ENSG00000179600.4,0.003382045800101506
17680,ENSG00000266964.6,0.0033773212772567687
17681,ENSG00000100565.15,0.0033731657947363588
17682,ENSG00000122304.11,0.0033728633697276155
17683,ENSG00000175077.6,0.0033705637673391874
17684,ENSG00000187186.15,0.0033663247378254314
17685,ENSG00000164393.8,0.003352439181176646
17686,ENSG00000173239.14,0.003347212908274358
17687,ENSG00000249141.1,0.0033456622907759247
17688,ENSG00000198704.9,0.003343687888867121
17689,ENSG00000175202.6,0.0033387991143437124
17690,ENSG00000036473.8,0.0033379340129549937
17691,ENSG00000186136.1,0.0033352784963126864
17692,ENSG00000183889.12,0.003334849845223229
17693,ENSG00000204296.11,0.0033164449718146053
17694,ENSG00000147869.5,0.0033158660333263692
17695,ENSG00000185177.13,0.0033046091275067287
17696,ENSG00000238210.4,0.0033027902564018675
17697,ENSG00000268163.1,0.0032956293157849707
17698,ENSG00000270276.2,0.003278865300120908
17699,ENSG00000286038.1,0.0032786959160661477
17700,ENSG00000166947.15,0.003275565420117955
17701,ENSG00000168509.20,0.003273444723693845
17702,ENSG00000176746.6,0.0032707057755071295
17703,ENSG00000151005.5,0.0032647615216295617
17704,ENSG00000204613.11,0.0032316425155833107
17705,ENSG00000115263.15,0.0032302875855277063
17706,ENSG00000185897.7,0.0032225495139708168
17707,ENSG00000173610.12,0.003217452487392737
17708,ENSG00000162598.13,0.0032092551367009594
17709,ENSG00000138039.15,0.00318772582582903
17710,ENSG00000158553.4,0.0031861038081855003
17711,ENSG00000188716.5,0.003178104205330852
17712,ENSG00000267206.6,0.0031652043243682983
17713,ENSG00000263429.3,0.003129925201458634
17714,ENSG00000222028.5,0.0031245485883469545
17715,ENSG00000284723.1,0.00312388916757286
17716,ENSG00000184647.11,0.0031132837871661943
17717,ENSG00000278224.7,0.003112535488074109
17718,ENSG00000132693.12,0.003110694537256783
17719,ENSG00000183695.3,0.003105609658039658
17720,ENSG00000232258.6,0.003088668907221301
17721,ENSG00000212807.2,0.0030840189646048253
17722,ENSG00000288660.1,0.0030817764350549023
17723,ENSG00000136939.1,0.0030667265384128426
17724,ENSG00000132703.4,0.0030577506297558544
17725,ENSG00000166090.8,0.0030564748605393594
17726,ENSG00000113889.14,0.0030457950158037676
17727,ENSG00000157119.12,0.0030347722761018972
17728,ENSG00000135423.13,0.0030292390845045565
17729,ENSG00000138079.14,0.003025862975528508
17730,ENSG00000166368.2,0.003015411252761403
17731,ENSG00000272573.6,0.0030054680259921545
17732,ENSG00000127780.3,0.0030005160207889937
17733,ENSG00000232070.9,0.0029975728444545224
17734,ENSG00000221826.10,0.0029958482282559347
17735,ENSG00000244474.6,0.0029948365173346893
17736,ENSG00000150275.19,0.002993224752346001
17737,ENSG00000179055.7,0.0029916301823241288
17738,ENSG00000162594.16,0.0029824081705446272
17739,ENSG00000242616.4,0.0029812001844805613
17740,ENSG00000176635.18,0.0029770262802189425
17741,ENSG00000055955.17,0.002973973884501888
17742,ENSG00000184108.8,0.002973870332566997
17743,ENSG00000163914.5,0.0029672358139107486
17744,ENSG00000259823.6,0.0029642491781642108
17745,ENSG00000144010.10,0.0029476655564097684
17746,ENSG00000236398.2,0.0029437698279779455
17747,ENSG00000187170.5,0.002936682037869932
17748,ENSG00000198471.1,0.002931382799620343
17749,ENSG00000072315.3,0.00292378273363665
17750,ENSG00000102128.8,0.002892206667255818
17751,ENSG00000171815.6,0.00288836052480992
17752,ENSG00000186925.6,0.0028758283024643066
17753,ENSG00000196119.8,0.0028663688487899127
17754,ENSG00000283761.1,0.0028648166974264357
17755,ENSG00000153165.19,0.0028631630875553724
17756,ENSG00000163705.13,0.002862599897351477
17757,ENSG00000175325.2,0.002858748002719537
17758,ENSG00000165837.12,0.002858066487141463
17759,ENSG00000169194.9,0.00284501699602555
17760,ENSG00000213780.11,0.0028385668891754206
17761,ENSG00000163286.9,0.002835001956282613
17762,ENSG00000144962.7,0.002834491842697871
17763,ENSG00000120937.9,0.0028333163036558797
17764,ENSG00000231861.2,0.0028245657968290275
17765,ENSG00000158077.5,0.0028220147710527515
17766,ENSG00000203908.4,0.0028193596279303327
17767,ENSG00000162510.6,0.002815216063097729
17768,ENSG00000204849.10,0.0028036118859898103
17769,ENSG00000185792.10,0.002795826249531069
17770,ENSG00000240224.1,0.0027949103513870643
17771,ENSG00000173585.16,0.0027938199139161276
17772,ENSG00000121634.6,0.0027857542056609623
17773,ENSG00000172016.16,0.00278130741239671
17774,ENSG00000164113.11,0.0027511241896199115
17775,ENSG00000284922.2,0.002748446762106371
17776,ENSG00000136929.13,0.002739700284188433
17777,ENSG00000206150.4,0.0027239401975528124
17778,ENSG00000221937.4,0.0027194510084738335
17779,ENSG00000221855.1,0.0027136695016954293
17780,ENSG00000159495.8,0.002712482234056739
17781,ENSG00000275674.1,0.002699781179723328
17782,ENSG00000109132.7,0.0026982919140704185
17783,ENSG00000174562.13,0.002697995355992663
17784,ENSG00000158901.12,0.0026788405058484933
17785,ENSG00000105675.9,0.0026734650740119653
17786,ENSG00000181903.5,0.0026665491999203267
17787,ENSG00000165702.14,0.002659076175780121
17788,ENSG00000080511.5,0.0026520979262111377
17789,ENSG00000171773.3,0.0026512410040034056
17790,ENSG00000095110.8,0.0026504333565914163
17791,ENSG00000182631.7,0.0026485105550385817
17792,ENSG00000160505.16,0.0026441851201193913
17793,ENSG00000204449.3,0.0026349441034171513
17794,ENSG00000258083.2,0.0026287592514612898
17795,ENSG00000256162.2,0.002626329787836664
17796,ENSG00000172717.16,0.0026199862436585343
17797,ENSG00000284373.1,0.002617767670980952
17798,ENSG00000102239.5,0.002613716075737124
17799,ENSG00000145888.11,0.002609222137468536
17800,ENSG00000152822.14,0.0026056822762360117
17801,ENSG00000141748.13,0.0026033892668377214
17802,ENSG00000261308.3,0.0025940542117574095
17803,ENSG00000250361.9,0.002592934145430332
17804,ENSG00000213265.9,0.002591212257380625
17805,ENSG00000106341.11,0.0025847608570107343
17806,ENSG00000285329.1,0.002583990041768307
17807,ENSG00000166329.3,0.002581012116228784
17808,ENSG00000228836.8,0.0025796038760105555
17809,ENSG00000203926.5,0.002572708272592149
17810,ENSG00000236444.5,0.0025722093907920617
17811,ENSG00000134160.14,0.002566188333423307
17812,ENSG00000161958.11,0.002559434176987511
17813,ENSG00000274588.2,0.0025575197454701082
17814,ENSG00000259316.12,0.002554973401653119
17815,ENSG00000178217.14,0.0025541176353802535
17816,ENSG00000182334.3,0.0025474889338466446
17817,ENSG00000280094.2,0.0025450370268112724
17818,ENSG00000164334.15,0.002542061939298772
17819,ENSG00000167355.8,0.002537473929225674
17820,ENSG00000126266.3,0.0025365781950611815
17821,ENSG00000151418.12,0.002535891559334671
17822,ENSG00000162951.11,0.0025335000997758145
17823,ENSG00000042781.14,0.0025258451370414503
17824,ENSG00000167281.19,0.0025250815034490834
17825,ENSG00000167910.4,0.002517093377384668
17826,ENSG00000214360.5,0.002511148910087375
17827,ENSG00000189052.7,0.0025099140361157083
17828,ENSG00000249860.4,0.0025023037011252533
17829,ENSG00000121211.8,0.0024997121888805577
17830,ENSG00000221970.2,0.0024911070079289307
17831,ENSG00000105501.12,0.0024739475744761374
17832,ENSG00000140675.13,0.0024732681526850485
17833,ENSG00000185069.2,0.0024387200395754997
17834,ENSG00000206177.7,0.0024375480615717125
17835,ENSG00000130368.7,0.0024297442003003936
17836,ENSG00000175520.9,0.002427023052224786
17837,ENSG00000101981.12,0.0024231920293410927
17838,ENSG00000173908.9,0.0024066221142431997
17839,ENSG00000124232.11,0.002406517825379803
17840,ENSG00000184945.14,0.002388923077425703
17841,ENSG00000148795.7,0.0023875430230080163
17842,ENSG00000172199.1,0.0023804707522063493
17843,ENSG00000283980.1,0.0023802932334759546
17844,ENSG00000151812.15,0.002378451603807616
17845,ENSG00000284512.1,0.00237402327323729
17846,ENSG00000273540.4,0.0023739284165165877
17847,ENSG00000125492.10,0.0023718929645805313
17848,ENSG00000137411.19,0.00236571156606642
17849,ENSG00000214860.5,0.002358664644516582
17850,ENSG00000064835.11,0.0023551349032604756
17851,ENSG00000255524.7,0.002345399390832256
17852,ENSG00000269096.7,0.0023447783821636233
17853,ENSG00000166507.19,0.0023407209510643264
17854,ENSG00000187258.14,0.0023396901633841736
17855,ENSG00000157060.16,0.0023290241906409365
17856,ENSG00000116726.5,0.002328123679700579
17857,ENSG00000196497.17,0.00232276754040718
17858,ENSG00000075429.9,0.002320807856089812
17859,ENSG00000163554.15,0.0023206682020434294
17860,ENSG00000144671.10,0.0023073564156807177
17861,ENSG00000204880.8,0.0023063317995619535
17862,ENSG00000275718.2,0.0023003656017697807
17863,ENSG00000236334.3,0.0022924171179807763
17864,ENSG00000152034.11,0.002283998751063845
17865,ENSG00000284292.1,0.0022784117857157712
17866,ENSG00000273777.5,0.002278240135953465
17867,ENSG00000221989.2,0.0022766781683166127
17868,ENSG00000260729.1,0.002261974830796317
17869,ENSG00000288534.1,0.0022525725576249
17870,ENSG00000165972.13,0.0022495094424180508
17871,ENSG00000219073.8,0.0022439463344698946
17872,ENSG00000124721.18,0.0022437333780371276
17873,ENSG00000264187.1,0.002243559831894741
17874,ENSG00000169933.16,0.0022424999854500833
17875,ENSG00000148377.6,0.0022347892906954543
17876,ENSG00000184313.20,0.002231919126709183
17877,ENSG00000070748.19,0.0022315651261375935
17878,ENSG00000185040.13,0.00222330185775615
17879,ENSG00000171053.10,0.0022189677246566056
17880,ENSG00000178804.7,0.002217894953663733
17881,ENSG00000101251.13,0.002217608640178495
17882,ENSG00000112499.13,0.002215514824586903
17883,ENSG00000165828.15,0.0022150699026671767
17884,ENSG00000137204.15,0.0022090796861637665
17885,ENSG00000248993.1,0.002207084117584178
17886,ENSG00000182591.6,0.0022068540246957965
17887,ENSG00000205882.8,0.0021807424059497485
17888,ENSG00000168454.12,0.0021793547855224003
17889,ENSG00000167359.8,0.0021744980794953625
17890,ENSG00000185053.14,0.0021730276335809543
17891,ENSG00000136267.14,0.002168845021362002
17892,ENSG00000226372.4,0.0021602667632920976
17893,ENSG00000186367.7,0.0021595772260930126
17894,ENSG00000141434.12,0.002156635997848586
17895,ENSG00000275663.2,0.0021459328925521643
17896,ENSG00000106648.14,0.0021335775246678667
17897,ENSG00000162727.3,0.0021272666238183703
17898,ENSG00000285130.2,0.002111405208492944
17899,ENSG00000081248.11,0.002109906021696578
17900,ENSG00000283428.1,0.0021038229658682252
17901,ENSG00000276747.1,0.002103756657522705
17902,ENSG00000104941.8,0.0020978877170753953
17903,ENSG00000255192.6,0.0020970084271262493
17904,ENSG00000270299.1,0.0020963178960056706
17905,ENSG00000183034.13,0.0020886291236719263
17906,ENSG00000277481.1,0.002087827306797933
17907,ENSG00000137804.14,0.0020875597012644303
17908,ENSG00000268480.3,0.0020850270403074676
17909,ENSG00000156097.12,0.0020821874778415897
17910,ENSG00000134812.8,0.0020810974784431888
17911,ENSG00000171133.3,0.0020810646611328287
17912,ENSG00000273079.6,0.0020800564591280045
17913,ENSG00000172188.6,0.0020774075171555734
17914,ENSG00000181963.5,0.0020751710462736375
17915,ENSG00000113905.5,0.002074821582454721
17916,ENSG00000197891.12,0.0020734937502945587
17917,ENSG00000184033.13,0.0020718856585818387
17918,ENSG00000255639.3,0.002071046415590775
17919,ENSG00000231824.4,0.0020707227353107577
17920,ENSG00000285458.1,0.002069623371081359
17921,ENSG00000256029.6,0.0020650584312800176
17922,ENSG00000120341.18,0.0020622874513738965
17923,ENSG00000121570.12,0.0020610331959112194
17924,ENSG00000184507.16,0.0020438845430573544
17925,ENSG00000285777.1,0.002040915023141581
17926,ENSG00000233701.3,0.002040451872138844
17927,ENSG00000136697.13,0.002038805856976994
17928,ENSG00000280537.2,0.0020328364019398673
17929,ENSG00000229937.9,0.0020318541710106384
17930,ENSG00000238205.3,0.0020164430960171046
17931,ENSG00000244234.3,0.0020118741340720086
17932,ENSG00000144339.12,0.0020083847792782624
17933,ENSG00000277150.2,0.001989558030002461
17934,ENSG00000175018.13,0.001989277428843801
17935,ENSG00000183024.3,0.0019852441169509586
17936,ENSG00000278615.5,0.0019818594491522105
17937,ENSG00000177947.14,0.0019762985937426393
17938,ENSG00000189030.10,0.0019757525803131173
17939,ENSG00000166573.6,0.0019746956944567406
17940,ENSG00000260734.6,0.0019711772269394466
17941,ENSG00000169688.11,0.0019710471572898167
17942,ENSG00000131721.6,0.0019709336887353485
17943,ENSG00000186645.10,0.0019629618260913724
17944,ENSG00000173678.14,0.001953612572973259
17945,ENSG00000284299.1,0.001950429633797378
17946,ENSG00000197409.8,0.0019498429206602033
17947,ENSG00000268738.3,0.0019479226681818247
17948,ENSG00000196993.8,0.001947058652401113
17949,ENSG00000141437.10,0.0019424802490113522
17950,ENSG00000188828.12,0.0019274880939487745
17951,ENSG00000286070.2,0.0019185231010945738
17952,ENSG00000171459.4,0.00191847577744479
17953,ENSG00000155052.14,0.0019152220605085327
17954,ENSG00000171481.4,0.0019090345795240596
17955,ENSG00000206531.10,0.0019047486462503704
17956,ENSG00000186788.13,0.0019005341947906241
17957,ENSG00000188984.12,0.0018985284356412377
17958,ENSG00000124089.4,0.001896789789231664
17959,ENSG00000168903.9,0.0018762470760203028
17960,ENSG00000215113.6,0.001869148584689827
17961,ENSG00000123171.7,0.0018682020917089985
17962,ENSG00000268606.5,0.0018678495142623152
17963,ENSG00000177354.12,0.001846052485739704
17964,ENSG00000016490.16,0.0018353780253392677
17965,ENSG00000187005.5,0.001810701116721734
17966,ENSG00000166589.13,0.0018105408771764493
17967,ENSG00000285762.1,0.001809042292000301
17968,ENSG00000181626.12,0.0018060208919031713
17969,ENSG00000204379.11,0.0018046659456418057
17970,ENSG00000165682.14,0.0017973113621288794
17971,ENSG00000108849.8,0.0017887378624196332
17972,ENSG00000107831.13,0.001769424756923951
17973,ENSG00000145626.12,0.0017616141366372264
17974,ENSG00000170276.6,0.0017571548473574769
17975,ENSG00000131183.11,0.0017539820798234836
17976,ENSG00000147613.8,0.0017530643493673403
17977,ENSG00000134489.7,0.0017496689466000672
17978,ENSG00000172940.13,0.0017439852030562294
17979,ENSG00000171794.4,0.0017412857517462958
17980,ENSG00000154415.8,0.0017400370169815252
17981,ENSG00000221837.6,0.0017345501803534612
17982,ENSG00000169777.6,0.0017312891627855364
17983,ENSG00000186919.13,0.0017156771800279373
17984,ENSG00000265118.5,0.0017098495274028274
17985,ENSG00000284862.3,0.0017043873839428514
17986,ENSG00000184302.7,0.0017036234561803123
17987,ENSG00000148215.4,0.0017031121111682201
17988,ENSG00000203733.5,0.0017031105450532654
17989,ENSG00000181009.5,0.001698064943873529
17990,ENSG00000165192.14,0.0016937371935391225
17991,ENSG00000257065.1,0.0016874396558316563
17992,ENSG00000160870.15,0.0016846927982673843
17993,ENSG00000137080.4,0.0016841951383594924
17994,ENSG00000163633.12,0.0016823950081619862
17995,ENSG00000130656.6,0.0016817416431810664
17996,ENSG00000234906.11,0.0016787648247469182
17997,ENSG00000236320.4,0.0016772246237683386
17998,ENSG00000159197.4,0.001675400328609227
17999,ENSG00000255359.3,0.001670777133328997
18000,ENSG00000214518.3,0.001667518787278769
18001,ENSG00000182050.13,0.0016641472228517292
18002,ENSG00000257524.6,0.0016531025687649844
18003,ENSG00000101438.4,0.0016457864285597062
18004,ENSG00000169340.10,0.0016409416397990294
18005,ENSG00000215174.2,0.0016407352707382612
18006,ENSG00000180613.11,0.0016292683834677217
18007,ENSG00000147432.7,0.0016285683153818636
18008,ENSG00000169676.6,0.001627870876816452
18009,ENSG00000141161.12,0.0016258602104596688
18010,ENSG00000172367.16,0.001624398866276301
18011,ENSG00000170683.6,0.0016211884480704347
18012,ENSG00000181017.6,0.0016207258260816718
18013,ENSG00000176299.5,0.0016071420974327695
18014,ENSG00000248592.7,0.0016053388692315305
18015,ENSG00000249773.3,0.0016042373138617757
18016,ENSG00000227059.7,0.001601900672643948
18017,ENSG00000243284.1,0.0015970320791779452
18018,ENSG00000254647.7,0.0015955528401953324
18019,ENSG00000204779.2,0.0015923604116417735
18020,ENSG00000173626.10,0.001590212075005811
18021,ENSG00000187823.3,0.0015872860032972666
18022,ENSG00000256950.2,0.0015780736590463506
18023,ENSG00000256660.6,0.0015749908672921136
18024,ENSG00000189401.3,0.0015730257746863665
18025,ENSG00000212657.1,0.0015725831499028586
18026,ENSG00000254413.8,0.001569833172964807
18027,ENSG00000124469.12,0.001569245682279018
18028,ENSG00000147481.17,0.0015687505097219734
18029,ENSG00000109851.7,0.0015640004231532118
18030,ENSG00000206199.11,0.001562026185181321
18031,ENSG00000272442.2,0.0015531479445776565
18032,ENSG00000113073.15,0.001550424348483217
18033,ENSG00000257949.7,0.0015495061744254877
18034,ENSG00000140506.17,0.0015470216947181304
18035,ENSG00000162592.10,0.0015404583280537313
18036,ENSG00000197591.3,0.0015337512874245905
18037,ENSG00000137731.14,0.001531286066874645
18038,ENSG00000285269.2,0.0015235864263066458
18039,ENSG00000184788.14,0.0015227443639596596
18040,ENSG00000149300.10,0.0015097740915336988
18041,ENSG00000101812.14,0.001507005550021849
18042,ENSG00000183775.11,0.001502110606446327
18043,ENSG00000270188.1,0.0015005287101412517
18044,ENSG00000249961.10,0.001499785697255886
18045,ENSG00000180919.3,0.001498071643261112
18046,ENSG00000205097.7,0.0014814782803566871
18047,ENSG00000112273.7,0.001480878638285748
18048,ENSG00000125207.7,0.0014727949860923574
18049,ENSG00000196811.13,0.001467892226480675
18050,ENSG00000271383.7,0.0014668856940186425
18051,ENSG00000203909.4,0.0014636829679742405
18052,ENSG00000243989.9,0.0014633020507007705
18053,ENSG00000170484.10,0.0014524705051548602
18054,ENSG00000204025.8,0.001437525763891785
18055,ENSG00000270394.4,0.0014336033363931213
18056,ENSG00000170790.5,0.0014313625642099793
18057,ENSG00000204033.10,0.001428083272298647
18058,ENSG00000131482.10,0.0014261715598782047
18059,ENSG00000120160.11,0.00142600707647607
18060,ENSG00000233024.7,0.0014254438727415255
18061,ENSG00000162399.9,0.0014248566206914342
18062,ENSG00000182896.13,0.001424476284256356
18063,ENSG00000227877.7,0.0014242359222845023
18064,ENSG00000177673.4,0.0014216696879831776
18065,ENSG00000064489.23,0.001412660960529802
18066,ENSG00000242366.3,0.0014046574417405588
18067,ENSG00000198283.2,0.0014033918372614795
18068,ENSG00000171956.7,0.0013997117579547717
18069,ENSG00000257594.4,0.0013883331064808498
18070,ENSG00000198010.13,0.0013876373594402772
18071,ENSG00000103023.12,0.001386570325967384
18072,ENSG00000196337.12,0.0013844178073163145
18073,ENSG00000286268.1,0.001380763309039659
18074,ENSG00000124449.7,0.0013802943726267396
18075,ENSG00000139637.14,0.0013776231132125382
18076,ENSG00000285932.1,0.001377475480096405
18077,ENSG00000256892.2,0.0013754687583607014
18078,ENSG00000205108.6,0.001375295117566216
18079,ENSG00000283683.1,0.0013705821465709775
18080,ENSG00000260286.4,0.0013692555782558987
18081,ENSG00000114124.2,0.0013688863911893302
18082,ENSG00000078328.22,0.0013678783335904722
18083,ENSG00000186038.9,0.0013636833701711922
18084,ENSG00000251537.4,0.0013567037689227771
18085,ENSG00000204595.1,0.0013527703022559983
18086,ENSG00000255663.1,0.0013488565966267997
18087,ENSG00000185056.10,0.0013466470723823686
18088,ENSG00000184560.8,0.0013462612012347108
18089,ENSG00000102021.11,0.0013348208450258269
18090,ENSG00000196570.3,0.001319999893363888
18091,ENSG00000177752.14,0.001319221866879902
18092,ENSG00000283567.1,0.0013126779218260267
18093,ENSG00000223638.3,0.0013126183614687358
18094,ENSG00000161610.1,0.0013099273004759072
18095,ENSG00000223614.5,0.0013072856462552373
18096,ENSG00000124827.7,0.001306537603576686
18097,ENSG00000286920.2,0.001304168771682888
18098,ENSG00000267552.6,0.0013002621299942811
18099,ENSG00000172497.9,0.001287528752988595
18100,ENSG00000255154.8,0.001286239021909586
18101,ENSG00000197616.13,0.001282386125571804
18102,ENSG00000143595.13,0.0012810817457436661
18103,ENSG00000237452.3,0.001275322945154338
18104,ENSG00000165204.3,0.0012750298109512114
18105,ENSG00000240972.2,0.0012745181677366274
18106,ENSG00000151360.10,0.001266969964710067
18107,ENSG00000187918.5,0.0012602953886194578
18108,ENSG00000198049.7,0.0012600844516378604
18109,ENSG00000178358.4,0.0012582968467121378
18110,ENSG00000213920.9,0.0012562745330837414
18111,ENSG00000166664.14,0.0012517851155685288
18112,ENSG00000187080.10,0.0012502044954482163
18113,ENSG00000122728.6,0.0012468035416341042
18114,ENSG00000285978.1,0.0012400945240812107
18115,ENSG00000178809.11,0.0012374274572983328
18116,ENSG00000042813.8,0.0012352805107330644
18117,ENSG00000161849.3,0.0012346632376349592
18118,ENSG00000107187.17,0.0012330294102294922
18119,ENSG00000249581.2,0.0012327688285968304
18120,ENSG00000112116.10,0.001231049835130492
18121,ENSG00000205279.8,0.001221364583934126
18122,ENSG00000214866.9,0.0012201035602541486
18123,ENSG00000149305.7,0.001219974748765663
18124,ENSG00000131864.10,0.0012191537548144756
18125,ENSG00000164451.13,0.001213486411461651
18126,ENSG00000104848.1,0.0012085298668965336
18127,ENSG00000204928.2,0.0012028957968550685
18128,ENSG00000138308.6,0.0011903711408565091
18129,ENSG00000182223.7,0.0011875834596677783
18130,ENSG00000157335.21,0.0011837328835528644
18131,ENSG00000171505.5,0.0011789590690491384
18132,ENSG00000178084.2,0.0011726618401410492
18133,ENSG00000264717.5,0.001172125353530383
18134,ENSG00000283378.1,0.0011708834794401715
18135,ENSG00000259529.2,0.0011674760881572738
18136,ENSG00000258388.7,0.001167157383938161
18137,ENSG00000148584.15,0.0011571061150540257
18138,ENSG00000129007.14,0.0011563818926526171
18139,ENSG00000172650.14,0.0011560812511335556
18140,ENSG00000285816.1,0.0011508513857129766
18141,ENSG00000125888.15,0.001149275480008708
18142,ENSG00000197651.4,0.0011449839320158458
18143,ENSG00000188086.15,0.0011442512029590664
18144,ENSG00000255307.1,0.0011438870664600095
18145,ENSG00000221996.6,0.0011435261982850106
18146,ENSG00000168314.17,0.0011429272045652141
18147,ENSG00000285000.1,0.0011407770602511692
18148,ENSG00000213246.7,0.001139224380062443
18149,ENSG00000125816.5,0.0011388627156673193
18150,ENSG00000205856.4,0.0011366010904236426
18151,ENSG00000198398.2,0.001135729916246819
18152,ENSG00000285946.1,0.0011330285098120258
18153,ENSG00000231213.6,0.001125149854073911
18154,ENSG00000267673.6,0.0011243602837208138
18155,ENSG00000187658.7,0.0011240818859810208
18156,ENSG00000114349.10,0.0011232155596180538
18157,ENSG00000256980.5,0.001116548478080076
18158,ENSG00000267179.1,0.0011153478879319574
18159,ENSG00000259288.7,0.0011149049801051963
18160,ENSG00000218819.6,0.0011118882648222764
18161,ENSG00000106328.10,0.0011112484218378069
18162,ENSG00000276087.2,0.0011105043602900498
18163,ENSG00000188937.6,0.0011087779492376314
18164,ENSG00000125551.19,0.0011014603954422855
18165,ENSG00000183318.11,0.001098923971405274
18166,ENSG00000146926.11,0.0010896187991939596
18167,ENSG00000160224.17,0.0010872343244875224
18168,ENSG00000163046.15,0.0010869954288554012
18169,ENSG00000171495.17,0.0010850177381138508
18170,ENSG00000156575.2,0.0010820757481036219
18171,ENSG00000187243.16,0.001082057090351069
18172,ENSG00000279012.2,0.001077571919503645
18173,ENSG00000240720.9,0.0010742492334831462
18174,ENSG00000107447.8,0.0010707555155538841
18175,ENSG00000177047.6,0.001061898761510293
18176,ENSG00000188124.3,0.0010593499492327428
18177,ENSG00000241476.8,0.0010584671417962258
18178,ENSG00000186306.1,0.0010563902048844667
18179,ENSG00000234438.5,0.001050047102592332
18180,ENSG00000188691.5,0.0010466984367498598
18181,ENSG00000221938.5,0.0010462081076437963
18182,ENSG00000284981.1,0.0010460962679148453
18183,ENSG00000164299.7,0.0010454621353915266
18184,ENSG00000149742.10,0.0010414133025731871
18185,ENSG00000184571.13,0.0010407241319350653
18186,ENSG00000268350.7,0.0010394422730143668
18187,ENSG00000269791.5,0.0010359184363800203
18188,ENSG00000181023.8,0.001035874030642621
18189,ENSG00000182854.8,0.001033110998369529
18190,ENSG00000166363.5,0.001031982633240257
18191,ENSG00000174990.8,0.0010308381956231193
18192,ENSG00000139287.13,0.0010293677175761498
18193,ENSG00000157131.11,0.0010191388838700186
18194,ENSG00000189375.12,0.0010166345387837689
18195,ENSG00000151615.3,0.001010076820871368
18196,ENSG00000232030.3,0.0010088546731185327
18197,ENSG00000269403.1,0.0010065595177199795
18198,ENSG00000198917.13,0.0010055858848963043
18199,ENSG00000198798.5,0.0010017438886362818
18200,ENSG00000177291.4,0.0009949996381468436
18201,ENSG00000105428.6,0.0009910211293793075
18202,ENSG00000163295.5,0.0009907904063981778
18203,ENSG00000139223.4,0.00099050375183887
18204,ENSG00000197213.10,0.0009863615839063554
18205,ENSG00000248109.3,0.000986266402813851
18206,ENSG00000197233.7,0.0009844412007193352
18207,ENSG00000260802.1,0.0009838895422705064
18208,ENSG00000175065.12,0.0009797341063073918
18209,ENSG00000176571.12,0.0009785596309510088
18210,ENSG00000268400.5,0.0009757969506363277
18211,ENSG00000120235.4,0.0009726141370976688
18212,ENSG00000241598.5,0.0009719838168294628
18213,ENSG00000143105.7,0.0009717865172322328
18214,ENSG00000186977.3,0.0009714926486431552
18215,ENSG00000197177.15,0.0009670906249822352
18216,ENSG00000268651.3,0.0009661677029060712
18217,ENSG00000122687.19,0.0009591120410884117
18218,ENSG00000063438.19,0.0009585328266874073
18219,ENSG00000135702.14,0.0009572930278581742
18220,ENSG00000214819.2,0.0009559728584877491
18221,ENSG00000188782.9,0.0009559243577223394
18222,ENSG00000236980.10,0.0009548315670500493
18223,ENSG00000079557.5,0.0009515617662417277
18224,ENSG00000176239.7,0.0009470507712821539
18225,ENSG00000176979.14,0.0009399865314238578
18226,ENSG00000214688.6,0.0009381495946832784
18227,ENSG00000171014.2,0.0009331900028923074
18228,ENSG00000243749.1,0.0009326304283693211
18229,ENSG00000184698.5,0.0009287579680035186
18230,ENSG00000184032.3,0.00092598640948721
18231,ENSG00000198547.10,0.0009259601303675643
18232,ENSG00000198822.10,0.000920286459435932
18233,ENSG00000274252.1,0.000917012659403377
18234,ENSG00000277932.2,0.0009150726118126069
18235,ENSG00000130950.14,0.0009113216586471671
18236,ENSG00000285897.1,0.0009098484214641834
18237,ENSG00000282872.2,0.0009076281412591172
18238,ENSG00000203942.5,0.0009067010685167507
18239,ENSG00000082126.18,0.0009039976951747063
18240,ENSG00000181001.3,0.0009000886480818979
18241,ENSG00000186803.3,0.0008994961008374193
18242,ENSG00000250821.3,0.000897979386530889
18243,ENSG00000166152.4,0.0008978666538633339
18244,ENSG00000100038.20,0.0008865160876323532
18245,ENSG00000243414.6,0.0008857201605960023
18246,ENSG00000100884.9,0.0008856228925509382
18247,ENSG00000235118.8,0.0008812425245622619
18248,ENSG00000129226.14,0.0008768694815262778
18249,ENSG00000269242.1,0.0008705642851897105
18250,ENSG00000269891.2,0.0008682331804461438
18251,ENSG00000177275.4,0.0008603979997999841
18252,ENSG00000184471.8,0.0008600956591170873
18253,ENSG00000171478.7,0.0008578552687007859
18254,ENSG00000130385.6,0.0008568264902697648
18255,ENSG00000259075.6,0.0008561276616513269
18256,ENSG00000168631.13,0.0008542367857971309
18257,ENSG00000156194.18,0.0008533183962907654
18258,ENSG00000182447.4,0.0008502476948948246
18259,ENSG00000205126.2,0.000844077866326912
18260,ENSG00000184206.12,0.0008434784703794358
18261,ENSG00000177138.17,0.0008382971736323993
18262,ENSG00000163793.13,0.0008367585278287207
18263,ENSG00000213921.8,0.0008331968229547223
18264,ENSG00000166455.14,0.0008315693249708729
18265,ENSG00000165471.7,0.0008286082654146732
18266,ENSG00000182035.12,0.00082707877435357
18267,ENSG00000149516.14,0.0008254173750224224
18268,ENSG00000180043.11,0.0008235573452754494
18269,ENSG00000205445.3,0.0008233130250263743
18270,ENSG00000145384.4,0.0008223335459201144
18271,ENSG00000145194.19,0.0008217963634395632
18272,ENSG00000203795.3,0.0008189292144614267
18273,ENSG00000138161.14,0.0008142320268366488
18274,ENSG00000176256.10,0.000811078165111782
18275,ENSG00000271810.5,0.000809277094957002
18276,ENSG00000166351.10,0.0008080758128389055
18277,ENSG00000172689.2,0.0008040575384210849
18278,ENSG00000106384.12,0.0008035275701969299
18279,ENSG00000254979.5,0.0008021598071087155
18280,ENSG00000204006.10,0.0007962291505808299
18281,ENSG00000168959.14,0.0007926976296852047
18282,ENSG00000183313.4,0.0007908958286179198
18283,ENSG00000230301.6,0.0007879523150397133
18284,ENSG00000185960.14,0.0007794993140851565
18285,ENSG00000172014.12,0.0007766867857954945
18286,ENSG00000181323.8,0.0007726770997944885
18287,ENSG00000124900.12,0.0007722777769995663
18288,ENSG00000185448.10,0.0007719634199373334
18289,ENSG00000213030.5,0.0007701826750484681
18290,ENSG00000179172.10,0.0007691193010637858
18291,ENSG00000124467.19,0.0007691064733212128
18292,ENSG00000163254.5,0.0007682169189360878
18293,ENSG00000236981.1,0.0007676112579661137
18294,ENSG00000196944.4,0.0007675769098156803
18295,ENSG00000183246.7,0.0007667544701603194
18296,ENSG00000258466.5,0.0007619246328101489
18297,ENSG00000178115.11,0.000758606513076165
18298,ENSG00000174667.4,0.0007580056714832835
18299,ENSG00000279051.4,0.0007579478542749079
18300,ENSG00000101200.5,0.0007574820028388818
18301,ENSG00000187838.17,0.0007562009724437917
18302,ENSG00000197487.9,0.00075396607727536
18303,ENSG00000187627.17,0.00075152959153568
18304,ENSG00000121381.4,0.0007451719348770868
18305,ENSG00000276950.5,0.0007430224374722621
18306,ENSG00000069018.19,0.000742803602257749
18307,ENSG00000130383.7,0.0007382536657356276
18308,ENSG00000233816.3,0.0007361869418219396
18309,ENSG00000256374.2,0.0007355673961055932
18310,ENSG00000198173.5,0.0007279516697271235
18311,ENSG00000121314.3,0.0007269072628274956
18312,ENSG00000058673.17,0.0007261268020549803
18313,ENSG00000232268.6,0.0007247375664321929
18314,ENSG00000188425.4,0.0007240208166227201
18315,ENSG00000184911.14,0.0007220211251961502
18316,ENSG00000244607.7,0.0007182674495266853
18317,ENSG00000106436.7,0.0007164954832637926
18318,ENSG00000187537.13,0.0007151017303642734
18319,ENSG00000184814.5,0.000714120244651316
18320,ENSG00000188379.7,0.000713267340816227
18321,ENSG00000273294.1,0.0007086293112970975
18322,ENSG00000250374.4,0.0007075859318721438
18323,ENSG00000223611.6,0.0007059421408868806
18324,ENSG00000284491.2,0.000702754953435122
18325,ENSG00000173389.16,0.0007022500365444484
18326,ENSG00000174948.6,0.0006998312552657667
18327,ENSG00000130182.8,0.0006980000186770766
18328,ENSG00000274611.3,0.000697256195299075
18329,ENSG00000180483.7,0.0006969326782974453
18330,ENSG00000187569.3,0.000695347584344099
18331,ENSG00000105647.19,0.0006946775000030183
18332,ENSG00000170748.7,0.0006929170165711411
18333,ENSG00000163581.14,0.0006923361417828112
18334,ENSG00000283515.1,0.0006863592047259776
18335,ENSG00000261873.2,0.0006860861299917417
18336,ENSG00000223731.3,0.0006858063987958211
18337,ENSG00000128276.10,0.0006851558819816738
18338,ENSG00000233232.7,0.000684332125289417
18339,ENSG00000187871.2,0.0006831581261421842
18340,ENSG00000173302.5,0.000672920820987607
18341,ENSG00000248919.7,0.000671114806962636
18342,ENSG00000122194.19,0.0006700077120473051
18343,ENSG00000177143.5,0.0006695610523178137
18344,ENSG00000242220.9,0.0006679395393463841
18345,ENSG00000215455.4,0.0006665242075442239
18346,ENSG00000165120.5,0.0006623375780862731
18347,ENSG00000185742.7,0.0006587957105155891
18348,ENSG00000249931.4,0.0006572442985539369
18349,ENSG00000214338.10,0.0006553768992029465
18350,ENSG00000188467.11,0.0006547481211775924
18351,ENSG00000203663.4,0.0006545153523515981
18352,ENSG00000184933.5,0.000653748953290241
18353,ENSG00000166569.8,0.0006535310644743278
18354,ENSG00000185231.5,0.0006472686914915554
18355,ENSG00000215568.9,0.000644421268673022
18356,ENSG00000188582.10,0.0006411330648513146
18357,ENSG00000187553.10,0.0006387944564060977
18358,ENSG00000169327.5,0.0006373365232860232
18359,ENSG00000188674.11,0.0006372998894755422
18360,ENSG00000196778.3,0.0006337414119860259
18361,ENSG00000123165.8,0.0006334157717178117
18362,ENSG00000273155.1,0.0006331685828729084
18363,ENSG00000112115.7,0.0006324337016307449
18364,ENSG00000118491.10,0.0006300295282857844
18365,ENSG00000186509.4,0.000623344405575047
18366,ENSG00000271321.1,0.0006213174128138386
18367,ENSG00000274529.5,0.0006193963117655137
18368,ENSG00000272514.6,0.0006193767560719711
18369,ENSG00000132464.13,0.0006192252725679634
18370,ENSG00000198128.4,0.0006186343941326294
18371,ENSG00000148136.5,0.0006177044502096268
18372,ENSG00000204510.5,0.0006149258211091452
18373,ENSG00000175344.19,0.0006141529398270592
18374,ENSG00000248767.2,0.0006139546680749519
18375,ENSG00000258223.6,0.0006136363762666276
18376,ENSG00000212933.1,0.000613490255538048
18377,ENSG00000146039.11,0.0006080979482163966
18378,ENSG00000182170.3,0.0006070716493251768
18379,ENSG00000187066.8,0.0006030142326157979
18380,ENSG00000204532.7,0.0006014444294665327
18381,ENSG00000196565.15,0.0006000286653572242
18382,ENSG00000168267.7,0.0005982893569219871
18383,ENSG00000072080.11,0.0005944891695391755
18384,ENSG00000214946.14,0.0005933788552144702
18385,ENSG00000258644.6,0.0005898075132484571
18386,ENSG00000164500.7,0.0005892236311729041
18387,ENSG00000135220.11,0.0005863685277183865
18388,ENSG00000182224.12,0.0005863233852391274
18389,ENSG00000268870.1,0.0005845198242032496
18390,ENSG00000205439.10,0.0005826789863664414
18391,ENSG00000205307.12,0.0005764269165351802
18392,ENSG00000258472.9,0.0005760244426105713
18393,ENSG00000261649.6,0.0005753656519999532
18394,ENSG00000242120.4,0.00057437562756834
18395,ENSG00000183389.5,0.0005742638320463673
18396,ENSG00000205442.13,0.0005742561987231267
18397,ENSG00000284797.1,0.0005723121302112805
18398,ENSG00000285629.1,0.0005695182003074872
18399,ENSG00000188629.13,0.0005690110074527128
18400,ENSG00000235376.5,0.0005688006855122989
18401,ENSG00000175514.2,0.0005687657949526408
18402,ENSG00000258984.5,0.0005653255215749253
18403,ENSG00000212938.3,0.0005647651553585588
18404,ENSG00000274749.1,0.0005547712841648056
18405,ENSG00000120088.15,0.0005516466223945343
18406,ENSG00000188585.9,0.0005515890878238843
18407,ENSG00000267360.6,0.0005482259655842639
18408,ENSG00000286905.1,0.0005468552116217566
18409,ENSG00000198670.12,0.0005453750660897774
18410,ENSG00000170782.3,0.0005435735956669601
18411,ENSG00000154545.16,0.0005429239780124953
18412,ENSG00000142182.9,0.0005408383272740518
18413,ENSG00000261052.6,0.0005406230708876931
18414,ENSG00000230522.5,0.0005333634477123554
18415,ENSG00000274559.3,0.0005319346169204464
18416,ENSG00000204165.6,0.0005313694108152811
18417,ENSG00000163114.6,0.0005289480246397957
18418,ENSG00000168955.4,0.0005279771782888205
18419,ENSG00000113600.11,0.0005273101722888518
18420,ENSG00000114786.16,0.0005255624919907569
18421,ENSG00000197454.2,0.0005227844687503109
18422,ENSG00000281883.1,0.0005224493165790087
18423,ENSG00000284791.2,0.0005197097341905168
18424,ENSG00000141194.6,0.0005160012557105112
18425,ENSG00000120055.7,0.0005148801870820159
18426,ENSG00000283516.1,0.0005130283925316566
18427,ENSG00000285602.1,0.0005108378977784507
18428,ENSG00000283536.2,0.0005082692238107163
18429,ENSG00000187754.9,0.0005082451768168877
18430,ENSG00000187024.15,0.0005077739983824889
18431,ENSG00000251154.2,0.0005058544339268844
18432,ENSG00000187033.9,0.0005053776674550079
18433,ENSG00000244025.5,0.0005049587421365144
18434,ENSG00000174876.16,0.00050422528093124
18435,ENSG00000285476.1,0.0005004021659653719
18436,ENSG00000221858.3,0.0004988866695883422
18437,ENSG00000279000.3,0.0004983599671573749
18438,ENSG00000121351.8,0.0004970741035530532
18439,ENSG00000105398.4,0.0004952031085245505
18440,ENSG00000181273.2,0.0004950992923879886
18441,ENSG00000284906.2,0.0004930375569887542
18442,ENSG00000173673.8,0.0004918634424948759
18443,ENSG00000174279.4,0.0004916095926409408
18444,ENSG00000172538.7,0.0004912478071931372
18445,ENSG00000278961.2,0.0004909368608227577
18446,ENSG00000260238.6,0.0004892391783243708
18447,ENSG00000171060.11,0.0004878155308807929
18448,ENSG00000187559.6,0.0004867024016955945
18449,ENSG00000187791.13,0.0004864895049599924
18450,ENSG00000146399.2,0.000485424872606801
18451,ENSG00000148156.8,0.00048196430053780486
18452,ENSG00000125975.14,0.0004793247838828355
18453,ENSG00000196341.3,0.00047863209873278784
18454,ENSG00000215203.3,0.0004776570680229899
18455,ENSG00000167117.10,0.0004774931004826962
18456,ENSG00000077800.13,0.00047142893687891963
18457,ENSG00000174358.16,0.000469890343854166
18458,ENSG00000044012.4,0.0004654984744368152
18459,ENSG00000182083.7,0.00046520591605493325
18460,ENSG00000270106.6,0.0004627724758368097
18461,ENSG00000166984.12,0.00045971482852311883
18462,ENSG00000083067.23,0.0004596546319618759
18463,ENSG00000251503.8,0.00045913540208936246
18464,ENSG00000243135.6,0.00045679337938277605
18465,ENSG00000173769.4,0.0004554429406792766
18466,ENSG00000140488.16,0.00045447552881929177
18467,ENSG00000271303.2,0.0004538660589470673
18468,ENSG00000203870.5,0.00045197491967417883
18469,ENSG00000172150.4,0.0004511770584987353
18470,ENSG00000212710.5,0.00044813385430283033
18471,ENSG00000226490.2,0.0004480901155248945
18472,ENSG00000226650.6,0.00044737685624584135
18473,ENSG00000282301.3,0.0004472595810077331
18474,ENSG00000212935.2,0.0004469638291806589
18475,ENSG00000196946.10,0.0004469006822688063
18476,ENSG00000177535.8,0.00044686757582249287
18477,ENSG00000277556.1,0.0004466215114936994
18478,ENSG00000268223.6,0.0004442590036575418
18479,ENSG00000203963.11,0.0004427336756569152
18480,ENSG00000013293.6,0.0004411032490650363
18481,ENSG00000173976.16,0.0004399650932704019
18482,ENSG00000186881.3,0.00043468739269452204
18483,ENSG00000182645.6,0.00043162278736607316
18484,ENSG00000220948.5,0.00043066708664639283
18485,ENSG00000250782.1,0.00042653328500482333
18486,ENSG00000104499.7,0.0004231284955826514
18487,ENSG00000274944.4,0.00042295535124806257
18488,ENSG00000186146.1,0.00042293228340964693
18489,ENSG00000180042.5,0.0004218072276008161
18490,ENSG00000250719.2,0.0004198892435637457
18491,ENSG00000278685.4,0.0004189502569101196
18492,ENSG00000189139.6,0.00041736944090634746
18493,ENSG00000277957.1,0.00041693038225876504
18494,ENSG00000185823.5,0.0004164632986011223
18495,ENSG00000162753.13,0.0004162871988247492
18496,ENSG00000261247.1,0.00041572824770888864
18497,ENSG00000104818.15,0.00041456934782898626
18498,ENSG00000170777.10,0.00041346976299959587
18499,ENSG00000254737.2,0.000411525663095883
18500,ENSG00000140505.7,0.00041033612949874964
18501,ENSG00000221878.13,0.0004098547952563547
18502,ENSG00000186980.7,0.00040664815194762133
18503,ENSG00000104827.12,0.00040643201073219294
18504,ENSG00000066813.14,0.0004026599269289963
18505,ENSG00000172362.3,0.0004013388762731702
18506,ENSG00000180974.4,0.0004007774387156152
18507,ENSG00000127318.11,0.0003990144726312655
18508,ENSG00000148386.9,0.0003988097628094922
18509,ENSG00000170929.6,0.00039799407087322237
18510,ENSG00000279493.1,0.0003949483697752164
18511,ENSG00000284934.2,0.0003920745970949972
18512,ENSG00000165970.12,0.0003913909594137363
18513,ENSG00000116783.15,0.0003912413519622002
18514,ENSG00000204424.10,0.00039112525974538176
18515,ENSG00000228198.3,0.00039052386125486207
18516,ENSG00000168418.7,0.00039015168159507393
18517,ENSG00000267561.2,0.0003847763951011833
18518,ENSG00000006116.4,0.00038387954580777875
18519,ENSG00000268790.5,0.0003836720985077162
18520,ENSG00000186971.3,0.00038321355917733424
18521,ENSG00000253148.1,0.00038291286712107417
18522,ENSG00000177992.10,0.00038033217099627464
18523,ENSG00000272414.6,0.00037942450814557255
18524,ENSG00000171180.3,0.0003792237188994161
18525,ENSG00000260287.4,0.00037780300796154995
18526,ENSG00000230268.3,0.00037756707591516547
18527,ENSG00000147183.10,0.00037738979495988855
18528,ENSG00000283528.2,0.0003761059259399727
18529,ENSG00000288616.1,0.00037570773348127845
18530,ENSG00000280709.2,0.00037486626965318754
18531,ENSG00000231738.11,0.0003746148611076487
18532,ENSG00000179304.17,0.0003734928326589103
18533,ENSG00000101890.5,0.00037197051064798647
18534,ENSG00000223953.6,0.00037150324490091603
18535,ENSG00000155026.16,0.00036972557975366776
18536,ENSG00000128250.5,0.00036928400339699834
18537,ENSG00000283654.3,0.0003691959327004028
18538,ENSG00000284987.1,0.00036869286328165455
18539,ENSG00000284701.1,0.00036265791206805374
18540,ENSG00000061492.12,0.0003617070119487912
18541,ENSG00000137251.16,0.00035973736607098543
18542,ENSG00000185775.10,0.00035961454348557167
18543,ENSG00000125903.4,0.0003594954916050696
18544,ENSG00000284631.1,0.000359097732638649
18545,ENSG00000288602.1,0.00035724446739320346
18546,ENSG00000183305.13,0.00035687335878097917
18547,ENSG00000221864.4,0.000356011431046588
18548,ENSG00000176198.3,0.00035491525617429773
18549,ENSG00000180205.4,0.0003547588405795101
18550,ENSG00000241697.5,0.0003540972412963574
18551,ENSG00000279486.5,0.0003530186033196718
18552,ENSG00000229924.3,0.0003523687452549898
18553,ENSG00000198326.10,0.0003506211849117225
18554,ENSG00000187175.5,0.0003494732281640868
18555,ENSG00000185873.8,0.00034841265806072395
18556,ENSG00000204300.7,0.0003468862507448041
18557,ENSG00000172457.7,0.0003466724677083064
18558,ENSG00000189090.7,0.0003466061962331243
18559,ENSG00000205835.9,0.00034653616046454
18560,ENSG00000154997.9,0.0003464927182592269
18561,ENSG00000074771.4,0.00034645428317755026
18562,ENSG00000188038.8,0.0003450639380579212
18563,ENSG00000204669.11,0.0003404452617513418
18564,ENSG00000284725.1,0.0003399977144337387
18565,ENSG00000126251.6,0.00033912969094426163
18566,ENSG00000163285.8,0.00033879834197673953
18567,ENSG00000166884.2,0.0003387575759941159
18568,ENSG00000203970.4,0.00033839828155865335
18569,ENSG00000178279.4,0.0003375476153201939
18570,ENSG00000172772.3,0.00033754078924988696
18571,ENSG00000142789.20,0.0003369055269756962
18572,ENSG00000241123.1,0.0003337119339013445
18573,ENSG00000173679.2,0.0003333250638939568
18574,ENSG00000221933.3,0.00033256120721432723
18575,ENSG00000170180.22,0.0003315254635771038
18576,ENSG00000254788.7,0.0003314735350852546
18577,ENSG00000260596.5,0.0003310964456540819
18578,ENSG00000126856.15,0.0003309594349967383
18579,ENSG00000275774.3,0.0003295792706960338
18580,ENSG00000239732.3,0.00032387836819293235
18581,ENSG00000115488.3,0.0003232585930606672
18582,ENSG00000204822.7,0.00032307343588960653
18583,ENSG00000131233.10,0.000320003736153539
18584,ENSG00000280314.3,0.00031947845413322163
18585,ENSG00000260691.6,0.00031881909592388876
18586,ENSG00000161807.3,0.00031823216131028024
18587,ENSG00000109158.11,0.0003166083423303174
18588,ENSG00000169154.7,0.0003159441175947962
18589,ENSG00000273514.1,0.00031539523805027285
18590,ENSG00000111704.11,0.00031507216321724425
18591,ENSG00000181803.3,0.0003147842200415848
18592,ENSG00000189152.11,0.00031306054310243606
18593,ENSG00000283697.2,0.0003130541350045844
18594,ENSG00000118434.9,0.00031301439722017073
18595,ENSG00000239642.6,0.00031229214692334365
18596,ENSG00000187021.15,0.00031186783766160925
18597,ENSG00000257062.6,0.0003095424280271089
18598,ENSG00000215186.6,0.0003092868051634088
18599,ENSG00000196131.6,0.0003091721540191693
18600,ENSG00000279782.2,0.0003087069905179573
18601,ENSG00000285253.1,0.0003083215285551221
18602,ENSG00000255552.7,0.0003071633254969513
18603,ENSG00000175699.15,0.0003062514542987001
18604,ENSG00000133105.8,0.0003061551748945764
18605,ENSG00000146910.12,0.00030427618262642876
18606,ENSG00000170920.2,0.0003040519610266779
18607,ENSG00000164853.9,0.00030337389974373504
18608,ENSG00000071203.9,0.00030020635116258514
18609,ENSG00000048545.16,0.00029969551422681027
18610,ENSG00000135175.5,0.00029760499938641215
18611,ENSG00000181718.6,0.0002975088150091231
18612,ENSG00000284952.1,0.00029744055705242827
18613,ENSG00000197938.5,0.0002954351630402864
18614,ENSG00000214643.6,0.0002951193983472021
18615,ENSG00000165370.3,0.0002939400213472384
18616,ENSG00000172238.6,0.00029334925972196885
18617,ENSG00000224107.5,0.0002930520072009981
18618,ENSG00000288674.1,0.00029246554500386474
18619,ENSG00000120242.4,0.0002921402770589462
18620,ENSG00000173093.13,0.0002918930674272154
18621,ENSG00000283329.1,0.00029168923175078965
18622,ENSG00000231924.10,0.0002912998677261578
18623,ENSG00000121446.20,0.00028981035046891245
18624,ENSG00000167098.12,0.00028975651969625034
18625,ENSG00000283434.2,0.0002893058528424904
18626,ENSG00000222036.8,0.00028813667619319967
18627,ENSG00000183310.3,0.0002878579503345979
18628,ENSG00000204193.11,0.00028340088017519505
18629,ENSG00000249481.7,0.00028285657010784115
18630,ENSG00000213471.10,0.0002815097102176294
18631,ENSG00000054796.13,0.0002813410241640611
18632,ENSG00000178394.5,0.0002807790424983696
18633,ENSG00000197403.4,0.0002803073311841031
18634,ENSG00000141979.4,0.0002758497963356126
18635,ENSG00000164871.17,0.0002741874944510716
18636,ENSG00000167807.15,0.00027140759390874395
18637,ENSG00000257390.5,0.0002695196693547002
18638,ENSG00000275113.1,0.0002692084397583992
18639,ENSG00000132671.6,0.00026840269184658647
18640,ENSG00000183640.6,0.00026839320204025553
18641,ENSG00000280165.1,0.0002660059163537019
18642,ENSG00000177212.4,0.0002659646258470771
18643,ENSG00000284873.1,0.00026497746481950364
18644,ENSG00000196224.7,0.0002649581049233814
18645,ENSG00000231256.8,0.0002616321733181774
18646,ENSG00000204640.1,0.0002616266791469423
18647,ENSG00000213215.5,0.0002578413050147989
18648,ENSG00000258790.1,0.00025757354426788465
18649,ENSG00000206127.11,0.0002568527073214119
18650,ENSG00000121377.2,0.0002532306997244004
18651,ENSG00000138472.11,0.00025138502015103234
18652,ENSG00000288460.1,0.00025036840426950307
18653,ENSG00000184544.12,0.000250081691067811
18654,ENSG00000271567.1,0.00024925061316248467
18655,ENSG00000164729.7,0.00024906795435084906
18656,ENSG00000141946.1,0.0002490356369609121
18657,ENSG00000180138.7,0.0002484916597960498
18658,ENSG00000279116.2,0.0002482318490993008
18659,ENSG00000261272.1,0.00024795343416758267
18660,ENSG00000151577.13,0.00024778248280578466
18661,ENSG00000164325.8,0.00024752041174733196
18662,ENSG00000151475.6,0.0002459210075129715
18663,ENSG00000244355.7,0.000245621834630382
18664,ENSG00000116721.9,0.00024543428861666724
18665,ENSG00000189037.8,0.0002450038167182518
18666,ENSG00000125255.7,0.00024456065863548383
18667,ENSG00000258873.3,0.00024371786199147083
18668,ENSG00000225396.5,0.00024188966913160937
18669,ENSG00000258653.3,0.00023854635183737067
18670,ENSG00000205867.3,0.00023494301811137619
18671,ENSG00000131808.11,0.00023281917692901486
18672,ENSG00000197901.12,0.00022927728779480452
18673,ENSG00000178257.4,0.00022910397304867612
18674,ENSG00000187003.7,0.00022886535323294745
18675,ENSG00000228083.3,0.00022657183015386428
18676,ENSG00000276119.1,0.00022626226873220687
18677,ENSG00000136297.15,0.00022577238339300997
18678,ENSG00000185982.7,0.00022439810999709322
18679,ENSG00000249240.2,0.0002239634335421093
18680,ENSG00000068781.21,0.00022369951786735547
18681,ENSG00000259384.7,0.0002226724886423571
18682,ENSG00000274391.5,0.00022235553915448861
18683,ENSG00000182698.12,0.00022189885709110232
18684,ENSG00000240871.5,0.00022083539926767297
18685,ENSG00000258555.6,0.0002196860928237506
18686,ENSG00000123561.15,0.00021950688178464545
18687,ENSG00000088926.14,0.00021866202335749915
18688,ENSG00000261740.6,0.00021819408148942258
18689,ENSG00000136488.15,0.0002180020522727419
18690,ENSG00000186103.5,0.00021706707741194427
18691,ENSG00000172568.5,0.00021703729865179557
18692,ENSG00000188784.4,0.00021698786637040017
18693,ENSG00000149798.5,0.00021665426829553647
18694,ENSG00000218823.2,0.00021634500746120608
18695,ENSG00000204671.2,0.00021622679956620177
18696,ENSG00000185313.8,0.00021598322401651185
18697,ENSG00000113100.10,0.00021566973667392427
18698,ENSG00000248385.8,0.0002151582795399119
18699,ENSG00000266202.1,0.00021417932205605156
18700,ENSG00000235608.2,0.0002139550002831839
18701,ENSG00000204703.5,0.00021299123846517742
18702,ENSG00000170948.3,0.00021266114251841347
18703,ENSG00000272822.2,0.00021193983970642895
18704,ENSG00000136839.1,0.000209839707305078
18705,ENSG00000256407.2,0.0002084613199778563
18706,ENSG00000283439.4,0.00020751903424041617
18707,ENSG00000258461.5,0.0002072704465529328
18708,ENSG00000261739.2,0.00020635947421312822
18709,ENSG00000215115.6,0.00020556386822128336
18710,ENSG00000165059.8,0.00020539010739647234
18711,ENSG00000232113.3,0.0002045333805495932
18712,ENSG00000090402.8,0.00020402652944271442
18713,ENSG00000175820.4,0.00020234074696105816
18714,ENSG00000242221.9,0.00020208288948710696
18715,ENSG00000198678.5,0.00020179118825474013
18716,ENSG00000131068.4,0.00020099402145491436
18717,ENSG00000129862.7,0.0002009324122680173
18718,ENSG00000230549.3,0.00019991680941486477
18719,ENSG00000169402.15,0.00019973649520544867
18720,ENSG00000262304.2,0.00019970737393767765
18721,ENSG00000105583.11,0.0001994263379573868
18722,ENSG00000221836.3,0.00019921243380017253
18723,ENSG00000215474.8,0.00019915405640608718
18724,ENSG00000283765.1,0.00019870907412455153
18725,ENSG00000242441.8,0.00019815161757413688
18726,ENSG00000170848.16,0.0001974817225781284
18727,ENSG00000161850.3,0.00019687170447992163
18728,ENSG00000277058.2,0.00019637368705496133
18729,ENSG00000164399.5,0.00019521804407770875
18730,ENSG00000204701.2,0.00019508374725066982
18731,ENSG00000283758.2,0.0001947141060441597
18732,ENSG00000081800.9,0.0001937686400603599
18733,ENSG00000156282.5,0.00019351261178139961
18734,ENSG00000204414.13,0.0001932159394616053
18735,ENSG00000227729.5,0.00019170816560629055
18736,ENSG00000164270.18,0.00019110090215735233
18737,ENSG00000138068.10,0.00019077525901400042
18738,ENSG00000148602.6,0.0001890675840339838
18739,ENSG00000263201.1,0.0001887563927706142
18740,ENSG00000178522.14,0.0001886857868856923
18741,ENSG00000268173.3,0.00018749822708061242
18742,ENSG00000203923.5,0.0001874014927243693
18743,ENSG00000154007.7,0.00018678543714662242
18744,ENSG00000229292.2,0.00018644360779683714
18745,ENSG00000255804.2,0.00018611666322603654
18746,ENSG00000177144.7,0.00018601459835336243
18747,ENSG00000163217.2,0.00018585909846506997
18748,ENSG00000273331.1,0.0001857754956426248
18749,ENSG00000285085.1,0.00018571286707178624
18750,ENSG00000285749.2,0.0001849482928454315
18751,ENSG00000226288.2,0.00018475714344197539
18752,ENSG00000267952.1,0.00018404096476300606
18753,ENSG00000283877.1,0.00018127629825614625
18754,ENSG00000253548.1,0.0001809111982077179
18755,ENSG00000170820.12,0.0001806763279539675
18756,ENSG00000125861.16,0.0001799079217374903
18757,ENSG00000204688.9,0.00017973369127008553
18758,ENSG00000120952.4,0.0001797011236076362
18759,ENSG00000157219.5,0.00017899932472885256
18760,ENSG00000182187.4,0.0001776447672741637
18761,ENSG00000178591.7,0.0001760127000302745
18762,ENSG00000188909.5,0.0001759978358447643
18763,ENSG00000118231.5,0.00017557012735464568
18764,ENSG00000164363.10,0.00017510247198713758
18765,ENSG00000180934.7,0.00017288980380990784
18766,ENSG00000236446.3,0.00017266312910353587
18767,ENSG00000212722.7,0.00017023738954590723
18768,ENSG00000159289.6,0.00016893956909664413
18769,ENSG00000231068.1,0.00016850249961603816
18770,ENSG00000287585.1,0.00016820373293662238
18771,ENSG00000172487.4,0.0001665516763402818
18772,ENSG00000277865.4,0.00016602078052341203
18773,ENSG00000151952.16,0.00016586517860897308
18774,ENSG00000163012.4,0.00016433996613270013
18775,ENSG00000167139.9,0.00016294528919140718
18776,ENSG00000206536.1,0.00016231448193639977
18777,ENSG00000219435.6,0.00016133045910994673
18778,ENSG00000274600.1,0.00016124200417224908
18779,ENSG00000288631.1,0.0001608606056900734
18780,ENSG00000131264.3,0.00016032704815373614
18781,ENSG00000205858.10,0.00016004627377726665
18782,ENSG00000118526.7,0.0001584157363967505
18783,ENSG00000197674.7,0.00015834819845349506
18784,ENSG00000258465.8,0.00015801057794252496
18785,ENSG00000148826.9,0.00015763019342708868
18786,ENSG00000197364.7,0.00015741423675449305
18787,ENSG00000145826.9,0.0001572684527271087
18788,ENSG00000042304.12,0.000156910510162485
18789,ENSG00000092377.15,0.00015582398284447166
18790,ENSG00000142511.4,0.00015552474739641563
18791,ENSG00000182521.5,0.00015544308369749976
18792,ENSG00000262628.1,0.00015508238048657144
18793,ENSG00000258453.3,0.00015463668692371608
18794,ENSG00000187806.9,0.00015435757423755024
18795,ENSG00000175809.6,0.0001541343442964341
18796,ENSG00000198445.4,0.00015381494081832613
18797,ENSG00000177243.3,0.00015172418311200963
18798,ENSG00000267426.5,0.0001511435207772271
18799,ENSG00000124818.15,0.0001496455470334033
18800,ENSG00000259112.2,0.00014882527794445505
18801,ENSG00000189326.4,0.00014790497085852598
18802,ENSG00000270946.6,0.0001476666721135313
18803,ENSG00000260861.6,0.00014755581711413675
18804,ENSG00000171054.8,0.0001468419289796363
18805,ENSG00000181625.17,0.00014677618353705761
18806,ENSG00000250298.6,0.00014660274893137313
18807,ENSG00000176219.3,0.0001462177845578
18808,ENSG00000283594.1,0.000146062869240277
18809,ENSG00000288607.1,0.00014439775638388008
18810,ENSG00000110887.8,0.0001435655742436067
18811,ENSG00000196242.10,0.00014041337328969173
18812,ENSG00000240542.4,0.00014009792534454038
18813,ENSG00000143954.13,0.00014003061543805528
18814,ENSG00000185940.10,0.00013873519255165362
18815,ENSG00000135517.9,0.00013837113893570298
18816,ENSG00000165841.11,0.0001381759785330171
18817,ENSG00000224916.9,0.00013765900406716085
18818,ENSG00000182330.10,0.00013744537314496988
18819,ENSG00000234560.4,0.00013616092925251258
18820,ENSG00000172365.3,0.0001359471426037753
18821,ENSG00000156920.11,0.00013543681585474545
18822,ENSG00000186965.5,0.0001351089707628374
18823,ENSG00000181786.5,0.00013484780240118614
18824,ENSG00000184345.5,0.00013472638834117925
18825,ENSG00000234186.4,0.00013437050442534405
18826,ENSG00000174914.3,0.00013324899259950073
18827,ENSG00000111241.2,0.00013279443006390695
18828,ENSG00000171396.12,0.0001320889284835872
18829,ENSG00000274274.1,0.0001314440889019835
18830,ENSG00000182315.9,0.00013134342516351037
18831,ENSG00000258417.3,0.00013125735379741573
18832,ENSG00000136750.13,0.0001310831316915283
18833,ENSG00000119913.6,0.00013103491791242218
18834,ENSG00000105507.3,0.00013097844706243055
18835,ENSG00000244362.3,0.00012851280285751078
18836,ENSG00000269502.5,0.00012847044547220645
18837,ENSG00000286053.2,0.00012800680505415174
18838,ENSG00000284779.2,0.00012748586847696487
18839,ENSG00000184954.4,0.000127108091291774
18840,ENSG00000204612.1,0.00012697578537692846
18841,ENSG00000105198.11,0.00012641191343646622
18842,ENSG00000172459.4,0.0001262420345420163
18843,ENSG00000196099.4,0.0001257406546338384
18844,ENSG00000286112.1,0.0001253610769604893
18845,ENSG00000204478.10,0.00012530249685505058
18846,ENSG00000131059.12,0.00012527332975807568
18847,ENSG00000233932.6,0.0001252128007196485
18848,ENSG00000280236.3,0.00012495097640700356
18849,ENSG00000204278.12,0.00012455137903191993
18850,ENSG00000281991.2,0.00012368715319019592
18851,ENSG00000184166.2,0.00012347298097901995
18852,ENSG00000203784.3,0.00012161742530600067
18853,ENSG00000198601.3,0.00012092931820245818
18854,ENSG00000251201.8,0.00011980901854147751
18855,ENSG00000275722.5,0.0001197228494985983
18856,ENSG00000285218.1,0.00011939093591888477
18857,ENSG00000204614.9,0.00011918868544704697
18858,ENSG00000112337.10,0.0001190563241158605
18859,ENSG00000285471.1,0.00011893027664350402
18860,ENSG00000188334.3,0.0001185566303150644
18861,ENSG00000284643.1,0.00011718291480679542
18862,ENSG00000204979.8,0.00011613474809890712
18863,ENSG00000186943.1,0.0001159459882938888
18864,ENSG00000106304.15,0.00011574712186978164
18865,ENSG00000101892.12,0.00011538701447734516
18866,ENSG00000282881.2,0.00011394484535476078
18867,ENSG00000206422.2,0.00011323470375468758
18868,ENSG00000205301.12,0.0001120781899914092
18869,ENSG00000221813.4,0.00011186048337502356
18870,ENSG00000179002.5,0.00011097140327198612
18871,ENSG00000196248.5,0.00011075293526576648
18872,ENSG00000174957.1,0.00011064985657332284
18873,ENSG00000184895.8,0.0001105936277218079
18874,ENSG00000170953.3,0.00011035841600778915
18875,ENSG00000186334.10,0.00010990250229201314
18876,ENSG00000250799.11,0.00010961725959975927
18877,ENSG00000285827.1,0.00010894236144903527
18878,ENSG00000279956.1,0.00010864942290803063
18879,ENSG00000165805.10,0.00010835983083264372
18880,ENSG00000179213.13,0.00010812009356517486
18881,ENSG00000105392.16,0.00010753226505354458
18882,ENSG00000197849.6,0.00010664473062870873
18883,ENSG00000273976.2,0.00010604283881436264
18884,ENSG00000172519.9,0.0001058393878431543
18885,ENSG00000196539.3,0.00010426468560758304
18886,ENSG00000287908.1,0.00010388807875542952
18887,ENSG00000285566.1,0.00010301152560137713
18888,ENSG00000186090.11,0.00010193574857865001
18889,ENSG00000188386.8,0.00010169170288927298
18890,ENSG00000173612.10,0.00010126929441928003
18891,ENSG00000264324.1,0.0001012061596918536
18892,ENSG00000285880.1,0.00010041464688645775
18893,ENSG00000267467.4,0.00010039766414195638
18894,ENSG00000164256.11,0.000100082840814039
18895,ENSG00000274791.1,9.956293878300842e-05
18896,ENSG00000285547.1,9.949306213671598e-05
18897,ENSG00000262481.5,9.946605434544999e-05
18898,ENSG00000213417.3,9.89674976680365e-05
18899,ENSG00000152093.8,9.882256338862915e-05
18900,ENSG00000166069.13,9.84443354401545e-05
18901,ENSG00000141200.8,9.838437539298864e-05
18902,ENSG00000249662.6,9.811712304219321e-05
18903,ENSG00000177174.1,9.791823025936673e-05
18904,ENSG00000270136.6,9.68854614188288e-05
18905,ENSG00000155890.4,9.67805624186194e-05
18906,ENSG00000237521.3,9.672753524268707e-05
18907,ENSG00000268629.8,9.615219635802482e-05
18908,ENSG00000284629.1,9.591969327800753e-05
18909,ENSG00000204479.4,9.551010981088052e-05
18910,ENSG00000288656.1,9.422532937241365e-05
18911,ENSG00000188155.11,9.407606988420344e-05
18912,ENSG00000244624.3,9.394219098397533e-05
18913,ENSG00000176281.4,9.346509156351564e-05
18914,ENSG00000249861.4,9.261939495005668e-05
18915,ENSG00000176787.2,9.190385115006067e-05
18916,ENSG00000206474.8,9.15137373058228e-05
18917,ENSG00000285382.1,9.143996063430107e-05
18918,ENSG00000258817.1,9.10292875164601e-05
18919,ENSG00000184724.5,9.100251266627469e-05
18920,ENSG00000118972.3,9.099425945080332e-05
18921,ENSG00000273398.6,9.028995147009255e-05
18922,ENSG00000189367.15,8.957854656479675e-05
18923,ENSG00000221910.2,8.91951123779673e-05
18924,ENSG00000185372.3,8.877850572871732e-05
18925,ENSG00000285010.1,8.744902839299806e-05
18926,ENSG00000198908.12,8.68901679011103e-05
18927,ENSG00000255713.2,8.66713045966611e-05
18928,ENSG00000214978.7,8.558390942171108e-05
18929,ENSG00000236637.4,8.502404496229051e-05
18930,ENSG00000176294.6,8.436724906578941e-05
18931,ENSG00000196578.4,8.420112516455242e-05
18932,ENSG00000185264.12,8.321403192719614e-05
18933,ENSG00000171942.4,8.317270575565999e-05
18934,ENSG00000176269.3,8.250575516116736e-05
18935,ENSG00000173867.10,8.168975834684834e-05
18936,ENSG00000243489.4,8.06436532379995e-05
18937,ENSG00000241119.2,8.034435321887067e-05
18938,ENSG00000204518.2,8.022415773552066e-05
18939,ENSG00000171561.4,7.981457817836261e-05
18940,ENSG00000168582.5,7.836662804348842e-05
18941,ENSG00000197706.3,7.81253990628962e-05
18942,ENSG00000284438.1,7.747728118512673e-05
18943,ENSG00000130948.10,7.744383194897301e-05
18944,ENSG00000237763.9,7.699267673624664e-05
18945,ENSG00000196171.3,7.689442300465702e-05
18946,ENSG00000174450.12,7.673381676921235e-05
18947,ENSG00000284431.1,7.648472065496547e-05
18948,ENSG00000172208.6,7.627940764638672e-05
18949,ENSG00000099715.14,7.62409961444595e-05
18950,ENSG00000261130.5,7.557547833963141e-05
18951,ENSG00000284667.1,7.521807060765348e-05
18952,ENSG00000172377.3,7.507124825377276e-05
18953,ENSG00000235718.9,7.469975589350423e-05
18954,ENSG00000221954.2,7.462422788185917e-05
18955,ENSG00000196589.7,7.351449926051278e-05
18956,ENSG00000169717.7,7.309296240067545e-05
18957,ENSG00000175398.2,7.283134914318708e-05
18958,ENSG00000177476.3,7.275565499478353e-05
18959,ENSG00000206026.7,7.261390395844174e-05
18960,ENSG00000272804.3,7.217431909690755e-05
18961,ENSG00000145309.6,7.210206331098159e-05
18962,ENSG00000138813.10,7.205310335776334e-05
18963,ENSG00000164508.5,7.18814203524741e-05
18964,ENSG00000264813.6,7.113520101729025e-05
18965,ENSG00000181518.4,6.97194043441889e-05
18966,ENSG00000274226.5,6.95380431902408e-05
18967,ENSG00000176555.1,6.855155181501991e-05
18968,ENSG00000254834.4,6.854336789991138e-05
18969,ENSG00000166948.10,6.80794266514624e-05
18970,ENSG00000187969.6,6.799470031065314e-05
18971,ENSG00000175718.10,6.797321841762015e-05
18972,ENSG00000221931.2,6.792014481711235e-05
18973,ENSG00000288637.1,6.744213563585134e-05
18974,ENSG00000237378.3,6.688145323088892e-05
18975,ENSG00000176200.1,6.65945455982835e-05
18976,ENSG00000206104.2,6.62957977737196e-05
18977,ENSG00000273154.3,6.606764442648183e-05
18978,ENSG00000146618.3,6.592940264053201e-05
18979,ENSG00000178645.13,6.587393431255094e-05
18980,ENSG00000132207.18,6.481626946181426e-05
18981,ENSG00000102076.10,6.45301940473825e-05
18982,ENSG00000214285.3,6.41528313491806e-05
18983,ENSG00000284820.1,6.393721533973306e-05
18984,ENSG00000123594.5,6.359532080807778e-05
18985,ENSG00000261832.6,6.269174597361792e-05
18986,ENSG00000258864.1,6.168180728087837e-05
18987,ENSG00000172680.1,6.151046275179535e-05
18988,ENSG00000284306.1,6.0952336681011604e-05
18989,ENSG00000250151.9,6.092042404563317e-05
18990,ENSG00000284844.1,6.085790054673595e-05
18991,ENSG00000214042.1,6.0813112664056214e-05
18992,ENSG00000232125.5,5.9723393736316626e-05
18993,ENSG00000176900.2,5.957784228278625e-05
18994,ENSG00000284704.1,5.939094632591587e-05
18995,ENSG00000185821.3,5.938321591626966e-05
18996,ENSG00000212122.4,5.900473837532099e-05
18997,ENSG00000212659.1,5.888621659293135e-05
18998,ENSG00000177489.1,5.885156478127907e-05
18999,ENSG00000221859.2,5.861074735452938e-05
19000,ENSG00000273269.3,5.8127286394744896e-05
19001,ENSG00000147262.4,5.7771839044604384e-05
19002,ENSG00000255393.2,5.764237860236974e-05
19003,ENSG00000099977.14,5.763378915437761e-05
19004,ENSG00000182450.13,5.7622216376416376e-05
19005,ENSG00000285447.1,5.7293671485385756e-05
19006,ENSG00000280969.2,5.676210713583856e-05
19007,ENSG00000287856.1,5.664927043666615e-05
19008,ENSG00000149452.16,5.664690232180101e-05
19009,ENSG00000198390.5,5.6594598402685334e-05
19010,ENSG00000285733.1,5.654007751943462e-05
19011,ENSG00000215906.8,5.586538312969773e-05
19012,ENSG00000284018.1,5.566695636287199e-05
19013,ENSG00000234829.4,5.4547679755251495e-05
19014,ENSG00000214435.8,5.4377458143503486e-05
19015,ENSG00000189169.7,5.408529623978291e-05
19016,ENSG00000160882.13,5.402538442782585e-05
19017,ENSG00000180433.5,5.395820305065655e-05
19018,ENSG00000250641.1,5.39422180419508e-05
19019,ENSG00000225110.3,5.309985802856185e-05
19020,ENSG00000284635.1,5.294513824026557e-05
19021,ENSG00000177201.2,5.292603218605693e-05
19022,ENSG00000177186.3,5.287542945198318e-05
19023,ENSG00000278522.5,5.268299039653837e-05
19024,ENSG00000180386.7,5.161632657339318e-05
19025,ENSG00000248751.6,5.1302046892778795e-05
19026,ENSG00000284546.1,5.073122703503944e-05
19027,ENSG00000177684.4,5.03778358637599e-05
19028,ENSG00000125533.6,5.0372716223579303e-05
19029,ENSG00000276076.4,5.030540187643522e-05
19030,ENSG00000153684.15,4.974288721904274e-05
19031,ENSG00000277535.2,4.9573101275272146e-05
19032,ENSG00000286175.1,4.897384269747882e-05
19033,ENSG00000198104.3,4.886233403851507e-05
19034,ENSG00000284461.2,4.879453852185583e-05
19035,ENSG00000197790.1,4.83915603312596e-05
19036,ENSG00000181733.4,4.8343652179862986e-05
19037,ENSG00000275163.1,4.7962761775800676e-05
19038,ENSG00000204246.3,4.7843228439688e-05
19039,ENSG00000197683.5,4.783235918475304e-05
19040,ENSG00000178928.8,4.775772515025313e-05
19041,ENSG00000204700.5,4.771991755581402e-05
19042,ENSG00000284718.1,4.669382034044532e-05
19043,ENSG00000146385.1,4.651642239281947e-05
19044,ENSG00000205670.12,4.62641474522908e-05
19045,ENSG00000132631.6,4.622856229454029e-05
19046,ENSG00000204007.7,4.6228346981230374e-05
19047,ENSG00000088782.5,4.588509312164422e-05
19048,ENSG00000132297.12,4.547624984461686e-05
19049,ENSG00000177511.6,4.536622872118612e-05
19050,ENSG00000094661.3,4.52182154749619e-05
19051,ENSG00000182613.3,4.514944732993074e-05
19052,ENSG00000179695.3,4.5015995506347856e-05
19053,ENSG00000188408.5,4.402641804486152e-05
19054,ENSG00000197428.3,4.3968021435955655e-05
19055,ENSG00000176231.2,4.3049069663727566e-05
19056,ENSG00000188694.6,4.293183620426181e-05
19057,ENSG00000196098.2,4.290469782336743e-05
19058,ENSG00000186924.3,4.256451433644363e-05
19059,ENSG00000206260.4,4.217801015449297e-05
19060,ENSG00000284626.1,4.1913574092556964e-05
19061,ENSG00000185385.4,4.166238278237839e-05
19062,ENSG00000172289.3,4.15185281292261e-05
19063,ENSG00000187238.5,4.140251178688068e-05
19064,ENSG00000215343.7,4.123255939605396e-05
19065,ENSG00000134249.7,4.120738168235478e-05
19066,ENSG00000169208.3,4.1131247427331746e-05
19067,ENSG00000127529.7,4.111328468950519e-05
19068,ENSG00000179938.12,4.1052033298936856e-05
19069,ENSG00000268447.6,4.102044475417163e-05
19070,ENSG00000204704.2,4.0964669206305906e-05
19071,ENSG00000188655.10,4.085488905123968e-05
19072,ENSG00000274810.4,4.0717692281240325e-05
19073,ENSG00000285188.1,4.066683023907493e-05
19074,ENSG00000181958.5,4.0582344089869904e-05
19075,ENSG00000280090.2,4.055469426764128e-05
19076,ENSG00000285982.1,4.0467502289733526e-05
19077,ENSG00000279270.2,4.0231742224103665e-05
19078,ENSG00000181965.6,3.97169868851188e-05
19079,ENSG00000204481.8,3.9698425913938414e-05
19080,ENSG00000183629.13,3.9686443526018544e-05
19081,ENSG00000205327.3,3.963714853861527e-05
19082,ENSG00000111713.3,3.930699765482449e-05
19083,ENSG00000175619.3,3.927917041551041e-05
19084,ENSG00000105954.2,3.924748482733557e-05
19085,ENSG00000124227.5,3.921237398162427e-05
19086,ENSG00000197430.11,3.9049530938765384e-05
19087,ENSG00000187766.1,3.897774110534201e-05
19088,ENSG00000256646.8,3.880126838281226e-05
19089,ENSG00000204548.4,3.861664053543355e-05
19090,ENSG00000286102.1,3.8374613491388864e-05
19091,ENSG00000180872.7,3.83246558535e-05
19092,ENSG00000184022.4,3.819156814369474e-05
19093,ENSG00000214929.4,3.817118232782907e-05
19094,ENSG00000135569.4,3.777528341108566e-05
19095,ENSG00000176567.1,3.767214051563477e-05
19096,ENSG00000257115.1,3.763677254503581e-05
19097,ENSG00000213822.6,3.7326798652824946e-05
19098,ENSG00000255012.2,3.7267199363859894e-05
19099,ENSG00000212725.3,3.6874757296295226e-05
19100,ENSG00000169840.5,3.680699945508911e-05
19101,ENSG00000276240.2,3.677413056299633e-05
19102,ENSG00000221900.6,3.6519919335022437e-05
19103,ENSG00000186393.5,3.62482388266687e-05
19104,ENSG00000110244.7,3.612147889528829e-05
19105,ENSG00000160202.7,3.5903573699399725e-05
19106,ENSG00000272921.1,3.5637149800999436e-05
19107,ENSG00000179919.3,3.549473437534808e-05
19108,ENSG00000278299.5,3.54598834931114e-05
19109,ENSG00000243729.4,3.536215695416141e-05
19110,ENSG00000186795.1,3.535290969941638e-05
19111,ENSG00000189253.7,3.528467822977534e-05
19112,ENSG00000204694.11,3.527189365110379e-05
19113,ENSG00000106331.17,3.511980939755492e-05
19114,ENSG00000285585.1,3.475946713496482e-05
19115,ENSG00000218305.4,3.4639581073470195e-05
19116,ENSG00000036828.17,3.4634323012667816e-05
19117,ENSG00000155833.15,3.419157007853624e-05
19118,ENSG00000176742.3,3.412804627511857e-05
19119,ENSG00000186143.11,3.411325970781291e-05
19120,ENSG00000255009.4,3.383133034380379e-05
19121,ENSG00000177324.14,3.377419469393169e-05
19122,ENSG00000284680.1,3.367988674975115e-05
19123,ENSG00000197786.3,3.360086124552591e-05
19124,ENSG00000176246.1,3.3565940035215435e-05
19125,ENSG00000229859.10,3.349162601350783e-05
19126,ENSG00000236396.8,3.340035445729348e-05
19127,ENSG00000170605.6,3.322492669558769e-05
19128,ENSG00000279301.4,3.2775241993917815e-05
19129,ENSG00000221977.2,3.241775744861923e-05
19130,ENSG00000125522.3,3.23249515431577e-05
19131,ENSG00000279169.3,3.225148291905318e-05
19132,ENSG00000273003.1,3.2191750299126645e-05
19133,ENSG00000147081.15,3.2174713387780524e-05
19134,ENSG00000239810.3,3.20360740257706e-05
19135,ENSG00000214414.9,3.1807823904877844e-05
19136,ENSG00000261611.6,3.139344124486058e-05
19137,ENSG00000213022.6,3.134771918914593e-05
19138,ENSG00000285713.1,3.131755860722524e-05
19139,ENSG00000263620.1,3.130845264379571e-05
19140,ENSG00000215372.6,3.098910692225912e-05
19141,ENSG00000182652.4,3.089748395701577e-05
19142,ENSG00000228075.5,3.051388651518022e-05
19143,ENSG00000267645.5,3.04671064959867e-05
19144,ENSG00000172154.10,3.046622234877628e-05
19145,ENSG00000254553.1,3.034828300811798e-05
19146,ENSG00000188558.6,3.021836608942932e-05
19147,ENSG00000243073.4,3.0006456947882e-05
19148,ENSG00000182230.12,2.976485548556681e-05
19149,ENSG00000277745.1,2.956184364738411e-05
19150,ENSG00000285901.2,2.9312312918653777e-05
19151,ENSG00000174339.2,2.9146846824008047e-05
19152,ENSG00000205495.1,2.885760017306167e-05
19153,ENSG00000268988.1,2.8779458765100168e-05
19154,ENSG00000181752.3,2.87662571655099e-05
19155,ENSG00000204480.8,2.868050579688569e-05
19156,ENSG00000128519.3,2.8615084429584593e-05
19157,ENSG00000198674.3,2.8413348187452317e-05
19158,ENSG00000167131.17,2.814129928025907e-05
19159,ENSG00000157211.11,2.8110735736138324e-05
19160,ENSG00000205678.8,2.807470018923888e-05
19161,ENSG00000175143.5,2.7923359406460973e-05
19162,ENSG00000189132.6,2.739450014755648e-05
19163,ENSG00000196156.5,2.7389690560646526e-05
19164,ENSG00000105650.22,2.71524255165723e-05
19165,ENSG00000179142.2,2.6994542927895742e-05
19166,ENSG00000273590.4,2.6851395861078297e-05
19167,ENSG00000179407.3,2.67061630898341e-05
19168,ENSG00000171936.3,2.6702696240263826e-05
19169,ENSG00000167195.7,2.6594862581387228e-05
19170,ENSG00000254959.6,2.6268258441963363e-05
19171,ENSG00000255855.2,2.6188160022734827e-05
19172,ENSG00000176922.4,2.5666993122103253e-05
19173,ENSG00000112462.8,2.5574714653234515e-05
19174,ENSG00000181961.4,2.5354258074084657e-05
19175,ENSG00000259060.7,2.5298995520068905e-05
19176,ENSG00000232382.2,2.524874775894813e-05
19177,ENSG00000197309.3,2.5025170551851703e-05
19178,ENSG00000268009.6,2.4991574366609458e-05
19179,ENSG00000213931.7,2.477448249130347e-05
19180,ENSG00000206107.2,2.4642436835072657e-05
19181,ENSG00000184155.8,2.4459187135542353e-05
19182,ENSG00000186092.6,2.431052365496761e-05
19183,ENSG00000285162.1,2.4278408870095245e-05
19184,ENSG00000286019.1,2.4177937958431565e-05
19185,ENSG00000205330.4,2.4134136723057365e-05
19186,ENSG00000178287.18,2.4075052073711045e-05
19187,ENSG00000281613.2,2.3765224594784262e-05
19188,ENSG00000280148.1,2.373322558903922e-05
19189,ENSG00000267303.1,2.339284799685944e-05
19190,ENSG00000188324.4,2.335639110645222e-05
19191,ENSG00000169876.14,2.323875031687986e-05
19192,ENSG00000279514.2,2.30968004783558e-05
19193,ENSG00000186967.7,2.2934349651622273e-05
19194,ENSG00000179615.3,2.2760976283285543e-05
19195,ENSG00000237524.10,2.2677806417685205e-05
19196,ENSG00000241224.8,2.2645734258011686e-05
19197,ENSG00000205329.2,2.2635923208808157e-05
19198,ENSG00000187612.1,2.2494851049455472e-05
19199,ENSG00000186562.7,2.2441465252633722e-05
19200,ENSG00000196475.6,2.2060287424503457e-05
19201,ENSG00000176540.3,2.2049011239695364e-05
19202,ENSG00000197125.3,2.1899842358684102e-05
19203,ENSG00000165762.3,2.1654699090554953e-05
19204,ENSG00000278870.2,2.1648283881798823e-05
19205,ENSG00000147885.4,2.1631060791073618e-05
19206,ENSG00000176893.5,2.1530442678435086e-05
19207,ENSG00000283900.1,2.139060756517183e-05
19208,ENSG00000188340.2,2.130504896335446e-05
19209,ENSG00000273167.1,2.1251295130880052e-05
19210,ENSG00000172464.3,2.124547752669752e-05
19211,ENSG00000174970.5,2.113876670994648e-05
19212,ENSG00000279111.2,2.092645140168013e-05
19213,ENSG00000186113.1,2.0888643319975776e-05
19214,ENSG00000233412.5,2.0702027246320867e-05
19215,ENSG00000197532.2,2.0667300511351552e-05
19216,ENSG00000198271.5,2.0523598437440752e-05
19217,ENSG00000283580.3,2.036945262536956e-05
19218,ENSG00000182070.6,2.0061350863629254e-05
19219,ENSG00000283776.1,2.0033587240037962e-05
19220,ENSG00000283039.1,2.0030699024679323e-05
19221,ENSG00000186970.4,1.999734061642137e-05
19222,ENSG00000173285.4,1.9932867281104133e-05
19223,ENSG00000214891.9,1.992596044771371e-05
19224,ENSG00000179412.11,1.936171125673845e-05
19225,ENSG00000197887.4,1.9360781755442913e-05
19226,ENSG00000145863.11,1.9289974835363007e-05
19227,ENSG00000243627.5,1.9020849418052386e-05
19228,ENSG00000127515.3,1.879284180690951e-05
19229,ENSG00000258992.7,1.8585147055632973e-05
19230,ENSG00000182346.20,1.8483238302582192e-05
19231,ENSG00000187082.2,1.848295117921428e-05
19232,ENSG00000280204.3,1.8350995355750352e-05
19233,ENSG00000205029.1,1.8038899693723167e-05
19234,ENSG00000276040.4,1.801199476636153e-05
19235,ENSG00000280987.4,1.798251332085681e-05
19236,ENSG00000275969.2,1.7858841246758422e-05
19237,ENSG00000284609.1,1.753093537323818e-05
19238,ENSG00000244115.1,1.7436099736112693e-05
19239,ENSG00000176547.10,1.7372225262093364e-05
19240,ENSG00000266076.1,1.7355079471774057e-05
19241,ENSG00000186119.8,1.7275418247134256e-05
19242,ENSG00000182974.3,1.665195787768841e-05
19243,ENSG00000172769.4,1.6636463921632404e-05
19244,ENSG00000184140.6,1.6572744305209585e-05
19245,ENSG00000285635.1,1.6537376148285914e-05
19246,ENSG00000149507.7,1.6427463938548254e-05
19247,ENSG00000164600.7,1.609532814842757e-05
19248,ENSG00000267314.1,1.595403668840202e-05
19249,ENSG00000176495.3,1.5875600531294797e-05
19250,ENSG00000286088.1,1.5805480979449023e-05
19251,ENSG00000176925.8,1.5767941313327954e-05
19252,ENSG00000167825.3,1.5650081794866478e-05
19253,ENSG00000180708.6,1.5629709766687693e-05
19254,ENSG00000186886.8,1.5538896772289388e-05
19255,ENSG00000172320.3,1.5403066486871636e-05
19256,ENSG00000288669.1,1.5333457208902052e-05
19257,ENSG00000204695.4,1.532475301799247e-05
19258,ENSG00000186579.3,1.515537963443619e-05
19259,ENSG00000196832.4,1.5134410530558009e-05
19260,ENSG00000150261.4,1.5076663242866025e-05
19261,ENSG00000286237.1,1.4983559170975328e-05
19262,ENSG00000170255.7,1.497954840043168e-05
19263,ENSG00000176020.9,1.488476873789667e-05
19264,ENSG00000125780.12,1.4687853081893395e-05
19265,ENSG00000275520.2,1.4578253009735036e-05
19266,ENSG00000285854.1,1.439830982992031e-05
19267,ENSG00000263761.3,1.4288657668442229e-05
19268,ENSG00000240432.3,1.4264452477063295e-05
19269,ENSG00000185926.1,1.423335725267462e-05
19270,ENSG00000169484.4,1.3994869086473693e-05
19271,ENSG00000215356.4,1.3904718201884941e-05
19272,ENSG00000186440.2,1.3852483968809973e-05
19273,ENSG00000198967.4,1.3800578458723001e-05
19274,ENSG00000277858.2,1.3749482613787121e-05
19275,ENSG00000172489.7,1.3706987955831111e-05
19276,ENSG00000287363.2,1.36631687839379e-05
19277,ENSG00000205328.2,1.3617561454514962e-05
19278,ENSG00000232423.6,1.3336342800689403e-05
19279,ENSG00000221840.4,1.3171037665445844e-05
19280,ENSG00000276203.5,1.3144696293591225e-05
19281,ENSG00000176797.4,1.3133741054140294e-05
19282,ENSG00000228567.3,1.3117222242755081e-05
19283,ENSG00000282218.1,1.3071769489977607e-05
19284,ENSG00000168757.12,1.3069223280849703e-05
19285,ENSG00000261147.1,1.3006530051536253e-05
19286,ENSG00000263715.7,1.2698274969518676e-05
19287,ENSG00000248235.6,1.2695910390941418e-05
19288,ENSG00000236125.3,1.252539519358431e-05
19289,ENSG00000283886.3,1.2454364031761559e-05
19290,ENSG00000269547.1,1.2267541905581492e-05
19291,ENSG00000206047.2,1.2065249735481452e-05
19292,ENSG00000231396.3,1.2026339586953851e-05
19293,ENSG00000244537.3,1.1955701588345205e-05
19294,ENSG00000275688.4,1.193292623811543e-05
19295,ENSG00000183632.14,1.1901378951711978e-05
19296,ENSG00000271723.5,1.1897372766760403e-05
19297,ENSG00000172742.6,1.1869019659007067e-05
19298,ENSG00000149133.1,1.1684116854146578e-05
19299,ENSG00000232263.1,1.1612022357320629e-05
19300,ENSG00000183054.11,1.1605230810295264e-05
19301,ENSG00000285641.1,1.1593164992517994e-05
19302,ENSG00000213648.11,1.1489612291483516e-05
19303,ENSG00000268994.3,1.1454594361125308e-05
19304,ENSG00000254772.10,1.1350162897453904e-05
19305,ENSG00000279804.2,1.1265962746979345e-05
19306,ENSG00000181939.3,1.1142677400820473e-05
19307,ENSG00000176895.9,1.109689808378849e-05
19308,ENSG00000231192.2,1.1008926161035243e-05
19309,ENSG00000015568.13,1.0849492641419645e-05
19310,ENSG00000285837.1,1.0706371358347131e-05
19311,ENSG00000174937.5,1.0627887086177013e-05
19312,ENSG00000146378.6,1.0527202538537177e-05
19313,ENSG00000242389.8,1.0504267504194742e-05
19314,ENSG00000167822.3,1.0498029980413983e-05
19315,ENSG00000270601.4,1.0344750316468771e-05
19316,ENSG00000181767.3,1.0289498016368783e-05
19317,ENSG00000204702.5,1.0252853862938769e-05
19318,ENSG00000284733.1,1.0177372984396492e-05
19319,ENSG00000181785.3,1.0143423450810352e-05
19320,ENSG00000237110.2,9.954779761275973e-06
19321,ENSG00000181698.4,9.947516811307057e-06
19322,ENSG00000170613.4,9.816716676640126e-06
19323,ENSG00000225327.3,9.79148657362741e-06
19324,ENSG00000187701.4,9.755043664708228e-06
19325,ENSG00000183035.13,9.74034953159969e-06
19326,ENSG00000176230.7,9.68804824498732e-06
19327,ENSG00000184394.2,9.683483270975603e-06
19328,ENSG00000237247.6,9.646305474789102e-06
19329,ENSG00000257520.2,9.429800709481396e-06
19330,ENSG00000172324.5,9.30405542530337e-06
19331,ENSG00000285950.1,9.145219810377134e-06
19332,ENSG00000169488.6,9.144449744369522e-06
19333,ENSG00000236032.3,9.142592127654527e-06
19334,ENSG00000243501.5,9.073049075720485e-06
19335,ENSG00000267001.1,8.882973160720316e-06
19336,ENSG00000172146.3,8.65874078690951e-06
19337,ENSG00000275740.1,8.574867671895993e-06
19338,ENSG00000176253.4,8.35578879493818e-06
19339,ENSG00000269405.7,8.29260232519991e-06
19340,ENSG00000277277.3,8.14317386280421e-06
19341,ENSG00000286022.1,8.136351398731385e-06
19342,ENSG00000238074.5,8.000497119834902e-06
19343,ENSG00000239886.5,7.889059743377372e-06
19344,ENSG00000258830.1,7.793527722268473e-06
19345,ENSG00000280021.1,7.792594063796347e-06
19346,ENSG00000176679.9,7.759937546881564e-06
19347,ENSG00000205030.1,7.735803014071866e-06
19348,ENSG00000230178.1,7.669283902076863e-06
19349,ENSG00000140478.15,7.570717508837402e-06
19350,ENSG00000204970.10,7.5272909552731345e-06
19351,ENSG00000112038.18,7.519703955226072e-06
19352,ENSG00000187545.5,7.502784172499339e-06
19353,ENSG00000183148.7,7.286159841927171e-06
19354,ENSG00000205236.6,7.27345902794941e-06
19355,ENSG00000179626.4,7.149207494383008e-06
19356,ENSG00000181693.8,7.083712555646581e-06
19357,ENSG00000278289.5,7.049118521238727e-06
19358,ENSG00000286137.1,7.0476793165938245e-06
19359,ENSG00000243207.6,7.0007206830732695e-06
19360,ENSG00000204505.4,6.972088969468632e-06
19361,ENSG00000182783.5,6.9004116177762635e-06
19362,ENSG00000169800.14,6.821544075628983e-06
19363,ENSG00000196408.12,6.767789710438653e-06
19364,ENSG00000287694.1,6.762565860911686e-06
19365,ENSG00000141086.18,6.710551187858249e-06
19366,ENSG00000162771.8,6.6590675315301736e-06
19367,ENSG00000171944.2,6.618380078893827e-06
19368,ENSG00000130538.6,6.416277891402864e-06
19369,ENSG00000250264.1,6.341103754871045e-06
19370,ENSG00000267740.5,6.269537256986996e-06
19371,ENSG00000277322.1,6.266672906894309e-06
19372,ENSG00000235699.3,6.1490080189523005e-06
19373,ENSG00000182566.14,6.10956888363571e-06
19374,ENSG00000204873.5,6.095346807490215e-06
19375,ENSG00000204501.7,6.065809196944363e-06
19376,ENSG00000196240.4,6.055923161838522e-06
19377,ENSG00000222018.2,5.968937838042086e-06
19378,ENSG00000253117.5,5.8473838402354785e-06
19379,ENSG00000279395.3,5.749558212566913e-06
19380,ENSG00000230031.10,5.740345805525417e-06
19381,ENSG00000213934.9,5.697478348087446e-06
19382,ENSG00000187857.4,5.6409015319834055e-06
19383,ENSG00000275553.4,5.178799300408761e-06
19384,ENSG00000176798.3,5.164457154654101e-06
19385,ENSG00000177693.4,5.126685611576308e-06
19386,ENSG00000181371.4,5.062617415187617e-06
19387,ENSG00000249209.2,5.00204626576257e-06
19388,ENSG00000284732.1,4.941168655364793e-06
19389,ENSG00000279761.2,4.937872766032749e-06
19390,ENSG00000186513.3,4.8272183553328195e-06
19391,ENSG00000187733.6,4.762017534151978e-06
19392,ENSG00000267618.5,4.678522750264185e-06
19393,ENSG00000262461.6,4.660172511947623e-06
19394,ENSG00000186599.8,4.4233465809285925e-06
19395,ENSG00000260170.1,4.263345824300864e-06
19396,ENSG00000187272.7,4.260379219875395e-06
19397,ENSG00000256977.12,4.159987518645944e-06
19398,ENSG00000176695.8,4.156315247053361e-06
19399,ENSG00000181761.5,4.147687416982438e-06
19400,ENSG00000285772.1,4.0576263393868135e-06
19401,ENSG00000271271.6,3.992131949469557e-06
19402,ENSG00000181927.4,3.968140851651642e-06
19403,ENSG00000205497.4,3.962846147679972e-06
19404,ENSG00000284772.1,3.883913073570704e-06
19405,ENSG00000236424.7,3.827339481466239e-06
19406,ENSG00000182415.10,3.611024904205371e-06
19407,ENSG00000283873.1,3.571715313238892e-06
19408,ENSG00000237038.5,3.489734609530427e-06
19409,ENSG00000274764.6,3.4506391367885416e-06
19410,ENSG00000267706.3,3.43316051956309e-06
19411,ENSG00000257207.5,3.3100273138360227e-06
19412,ENSG00000234278.3,3.262305488351775e-06
19413,ENSG00000255251.1,3.084883716846697e-06
19414,ENSG00000186572.2,3.0538214746886446e-06
19415,ENSG00000255730.5,3.0037224259919743e-06
19416,ENSG00000274102.2,2.9966213826481234e-06
19417,ENSG00000279961.2,2.9948422359598862e-06
19418,ENSG00000248710.1,2.9627989295234978e-06
19419,ENSG00000237700.2,2.9247012868101107e-06
19420,ENSG00000223591.5,2.9051546279263025e-06
19421,ENSG00000173464.14,2.633390008450189e-06
19422,ENSG00000177151.5,2.544362273322001e-06
19423,ENSG00000271741.1,2.540729708043799e-06
19424,ENSG00000161939.19,2.492278278498812e-06
19425,ENSG00000283952.1,2.391255626720811e-06
19426,ENSG00000278057.4,2.3691511727036252e-06
19427,ENSG00000203661.4,2.297596750660047e-06
19428,ENSG00000265690.7,2.275547658966711e-06
19429,ENSG00000278803.2,2.2698793618364006e-06
19430,ENSG00000286228.1,2.1029076707442276e-06
19431,ENSG00000169807.10,2.090585992539028e-06
19432,ENSG00000268643.2,1.9327931305849997e-06
19433,ENSG00000288622.1,1.905562681008494e-06
19434,ENSG00000233136.3,1.8499317959788058e-06
19435,ENSG00000172468.14,1.8221695370328558e-06
19436,ENSG00000205496.1,1.8097627119803936e-06
19437,ENSG00000237671.3,1.7214217524830981e-06
19438,ENSG00000268221.6,1.7026848582938126e-06
19439,ENSG00000255641.1,1.699736208081217e-06
19440,ENSG00000183395.5,1.677683827351491e-06
19441,ENSG00000256671.6,1.66437179173836e-06
19442,ENSG00000229972.8,1.6560519438599065e-06
19443,ENSG00000205718.9,1.6344961405743245e-06
19444,ENSG00000284662.1,1.5358674301995328e-06
19445,ENSG00000288564.1,1.5304672601627839e-06
19446,ENSG00000260272.1,1.5291155076244305e-06
19447,ENSG00000108825.18,1.5191119290681537e-06
19448,ENSG00000233917.9,1.4736687442950943e-06
19449,ENSG00000280267.4,1.4736386172514233e-06
19450,ENSG00000267631.5,1.373984944582123e-06
19451,ENSG00000145029.14,1.369917271399573e-06
19452,ENSG00000260092.1,1.3688491045222654e-06
19453,ENSG00000197991.11,1.362851104875923e-06
19454,ENSG00000284741.1,1.3261793576193504e-06
19455,ENSG00000266086.3,1.2691002227687834e-06
19456,ENSG00000286192.1,1.1744587785811446e-06
19457,ENSG00000284824.1,1.1733785590715915e-06
19458,ENSG00000285472.1,1.1616826414303885e-06
19459,ENSG00000268235.7,1.1431955999971936e-06
19460,ENSG00000267368.1,1.140818048973161e-06
19461,ENSG00000249104.3,1.135285503749059e-06
19462,ENSG00000187664.9,1.091961192391928e-06
19463,ENSG00000223569.8,1.0530426277702188e-06
19464,ENSG00000169953.12,9.103626632886784e-07
19465,ENSG00000284337.1,8.202792217911362e-07
19466,ENSG00000183753.10,8.163059051191798e-07
19467,ENSG00000214940.8,8.129257214803792e-07
19468,ENSG00000099721.14,7.742225060473812e-07
19469,ENSG00000285937.1,6.969156019126612e-07
19470,ENSG00000229183.8,6.556578281816231e-07
19471,ENSG00000271698.1,6.409846503181735e-07
19472,ENSG00000268500.5,6.133057251525995e-07
19473,ENSG00000283663.1,6.118750605421044e-07
19474,ENSG00000185894.8,6.059208153978591e-07
19475,ENSG00000255378.1,5.631110560320946e-07
19476,ENSG00000281938.2,5.578381463367825e-07
19477,ENSG00000215029.11,5.483893810008426e-07
19478,ENSG00000223417.8,4.802811686104097e-07
19479,ENSG00000285687.1,4.7340513637132525e-07
19480,ENSG00000229571.7,4.5224982065699446e-07
19481,ENSG00000269437.7,4.1553624995629726e-07
19482,ENSG00000285765.1,3.9878454822008347e-07
19483,ENSG00000272916.5,3.9633109797452216e-07
19484,ENSG00000286140.1,3.875414187813675e-07
19485,ENSG00000204450.8,3.5705014757767937e-07
19486,ENSG00000233802.8,3.1759919275475614e-07
19487,ENSG00000251380.3,2.8270861304028734e-07
19488,ENSG00000283189.2,2.631615995110653e-07
19489,ENSG00000276581.3,2.595600109997527e-07
19490,ENSG00000227140.3,1.8759784116989283e-07
19491,ENSG00000189357.8,1.7178000169452813e-07
19492,ENSG00000263020.6,1.4161858934344934e-07
19493,ENSG00000278848.2,1.416185893434489e-07
19494,ENSG00000130283.9,1.3319218150188207e-07
19495,ENSG00000254445.1,1.2907528242777512e-07
19496,ENSG00000273520.5,1.0945460312799116e-07
19497,ENSG00000188120.14,1.0365070939197896e-07
19498,ENSG00000280571.2,8.853826334470608e-08
19499,ENSG00000270181.3,5.8017996338239846e-08
19500,ENSG00000205457.11,5.7486863389361395e-08
19501,ENSG00000205944.11,5.2152673710455974e-08
19502,ENSG00000284800.1,1.0565128301068863e-08
19503,ENSG00000288671.1,0.0
19504,ENSG00000183336.8,0.0
19505,ENSG00000288639.1,0.0
19506,ENSG00000284776.1,0.0
19507,ENSG00000284042.1,0.0
19508,ENSG00000244255.5,0.0
19509,ENSG00000241690.3,0.0
19510,ENSG00000215183.5,0.0
19511,ENSG00000233803.9,0.0
19512,ENSG00000215269.5,0.0
19513,ENSG00000284057.1,0.0
19514,ENSG00000284356.1,0.0
19515,ENSG00000284234.1,0.0
19516,ENSG00000284465.1,0.0
19517,ENSG00000284554.2,0.0
19518,ENSG00000145337.5,0.0
19519,ENSG00000232948.1,0.0
19520,ENSG00000213578.6,0.0
19521,ENSG00000206203.5,0.0
19522,ENSG00000213402.3,0.0
19523,ENSG00000183260.7,0.0
19524,ENSG00000284479.1,0.0
19525,ENSG00000166160.9,0.0
19526,ENSG00000288640.1,0.0
19527,ENSG00000144785.8,0.0
19528,ENSG00000284439.1,0.0
19529,ENSG00000243509.6,0.0
19530,ENSG00000288649.1,0.0
19531,ENSG00000288654.1,0.0
19532,ENSG00000284393.1,0.0
19533,ENSG00000213297.8,0.0
19534,ENSG00000284341.1,0.0
19535,ENSG00000288646.1,0.0
19536,ENSG00000213689.14,0.0
19537,ENSG00000242875.6,0.0
19538,ENSG00000288645.1,0.0
19539,ENSG00000284762.1,0.0
19540,ENSG00000002586.20_PAR_Y,0.0
19541,ENSG00000288661.1,0.0
19542,ENSG00000214736.8,0.0
19543,ENSG00000214732.3,0.0
19544,ENSG00000214717.12_PAR_Y,0.0
19545,ENSG00000288642.1,0.0
19546,ENSG00000214681.4,0.0
19547,ENSG00000214642.1,0.0
19548,ENSG00000214447.4,0.0
19549,ENSG00000288643.1,0.0
19550,ENSG00000288644.1,0.0
19551,ENSG00000284684.1,0.0
19552,ENSG00000214265.11,0.0
19553,ENSG00000233050.1,0.0
19554,ENSG00000284283.1,0.0
19555,ENSG00000213927.4,0.0
19556,ENSG00000242362.2,0.0
19557,ENSG00000287542.1,0.0
19558,ENSG00000288636.1,0.0
19559,ENSG00000236362.8,0.0
19560,ENSG00000285975.1,0.0
19561,ENSG00000285953.1,0.0
19562,ENSG00000288520.1,0.0
19563,ENSG00000285947.1,0.0
19564,ENSG00000229549.9,0.0
19565,ENSG00000288529.1,0.0
19566,ENSG00000234414.7,0.0
19567,ENSG00000285942.1,0.0
19568,ENSG00000288550.1,0.0
19569,ENSG00000182484.15_PAR_Y,0.0
19570,ENSG00000285920.2,0.0
19571,ENSG00000285913.1,0.0
19572,ENSG00000285891.1,0.0
19573,ENSG00000236737.1,0.0
19574,ENSG00000228927.10,0.0
19575,ENSG00000232264.5,0.0
19576,ENSG00000285839.1,0.0
19577,ENSG00000228856.3,0.0
19578,ENSG00000285815.1,0.0
19579,ENSG00000285814.1,0.0
19580,ENSG00000288570.1,0.0
19581,ENSG00000285779.1,0.0
19582,ENSG00000288591.1,0.0
19583,ENSG00000232399.4,0.0
19584,ENSG00000285723.1,0.0
19585,ENSG00000285720.1,0.0
19586,ENSG00000228517.3,0.0
19587,ENSG00000236371.5,0.0
19588,ENSG00000286007.1,0.0
19589,ENSG00000288608.1,0.0
19590,ENSG00000286014.1,0.0
19591,ENSG00000231051.3,0.0
19592,ENSG00000230594.3,0.0
19593,ENSG00000230430.5,0.0
19594,ENSG00000230347.5,0.0
19595,ENSG00000286239.1,0.0
19596,ENSG00000286235.1,0.0
19597,ENSG00000286231.1,0.0
19598,ENSG00000286221.1,0.0
19599,ENSG00000286185.1,0.0
19600,ENSG00000286165.1,0.0
19601,ENSG00000286143.1,0.0
19602,ENSG00000235780.3,0.0
19603,ENSG00000234857.2,0.0
19604,ENSG00000231637.3,0.0
19605,ENSG00000286131.1,0.0
19606,ENSG00000286105.1,0.0
19607,ENSG00000288000.1,0.0
19608,ENSG00000286098.1,0.0
19609,ENSG00000182378.14_PAR_Y,0.0
19610,ENSG00000288053.1,0.0
19611,ENSG00000286079.1,0.0
19612,ENSG00000286075.2,0.0
19613,ENSG00000288208.1,0.0
19614,ENSG00000288258.1,0.0
19615,ENSG00000236126.3,0.0
19616,ENSG00000229665.8,0.0
19617,ENSG00000229579.5,0.0
19618,ENSG00000285708.1,0.0
19619,ENSG00000285657.1,0.0
19620,ENSG00000288635.1,0.0
19621,ENSG00000285283.1,0.0
19622,ENSG00000226023.6,0.0
19623,ENSG00000285245.1,0.0
19624,ENSG00000288625.1,0.0
19625,ENSG00000288626.1,0.0
19626,ENSG00000285238.2,0.0
19627,ENSG00000239395.2,0.0
19628,ENSG00000224440.1,0.0
19629,ENSG00000285171.1,0.0
19630,ENSG00000224089.3,0.0
19631,ENSG00000285133.1,0.0
19632,ENSG00000182712.16,0.0
19633,ENSG00000288629.1,0.0
19634,ENSG00000285064.2,0.0
19635,ENSG00000285025.1,0.0
19636,ENSG00000284989.1,0.0
19637,ENSG00000221932.6,0.0
19638,ENSG00000240247.7,0.0
19639,ENSG00000150269.1,0.0
19640,ENSG00000284956.1,0.0
19641,ENSG00000221874.4,0.0
19642,ENSG00000288634.1,0.0
19643,ENSG00000284931.1,0.0
19644,ENSG00000216649.3,0.0
19645,ENSG00000284917.1,0.0
19646,ENSG00000215695.1,0.0
19647,ENSG00000284895.1,0.0
19648,ENSG00000215472.10,0.0
19649,ENSG00000226600.3,0.0
19650,ENSG00000285292.1,0.0
19651,ENSG00000285655.1,0.0
19652,ENSG00000285304.1,0.0
19653,ENSG00000285645.1,0.0
19654,ENSG00000283988.1,0.0
19655,ENSG00000288614.1,0.0
19656,ENSG00000148671.14,0.0
19657,ENSG00000285625.1,0.0
19658,ENSG00000285620.1,0.0
19659,ENSG00000285607.1,0.0
19660,ENSG00000228144.2,0.0
19661,ENSG00000227551.1,0.0
19662,ENSG00000227488.2,0.0
19663,ENSG00000227151.4,0.0
19664,ENSG00000285558.1,0.0
19665,ENSG00000285542.1,0.0
19666,ENSG00000285528.1,0.0
19667,ENSG00000285526.1,0.0
19668,ENSG00000285508.1,0.0
19669,ENSG00000285505.1,0.0
19670,ENSG00000226941.8,0.0
19671,ENSG00000288623.1,0.0
19672,ENSG00000226929.3,0.0
19673,ENSG00000237957.6,0.0
19674,ENSG00000285446.1,0.0
19675,ENSG00000285444.1,0.0
19676,ENSG00000164708.6,0.0
19677,ENSG00000285404.1,0.0
19678,ENSG00000235007.3,0.0
19679,ENSG00000226685.4,0.0
19680,ENSG00000285330.1,0.0
19681,ENSG00000251349.3,0.0
19682,ENSG00000205923.3,0.0
19683,ENSG00000262633.2,0.0
19684,ENSG00000173366.11,0.0
19685,ENSG00000274049.4,0.0
19686,ENSG00000173349.6,0.0
19687,ENSG00000262730.1,0.0
19688,ENSG00000262664.3,0.0
19689,ENSG00000262660.1,0.0
19690,ENSG00000262560.1,0.0
19691,ENSG00000273734.1,0.0
19692,ENSG00000262526.2,0.0
19693,ENSG00000262302.1,0.0
19694,ENSG00000189181.5,0.0
19695,ENSG00000261915.6,0.0
19696,ENSG00000261796.1,0.0
19697,ENSG00000261793.1,0.0
19698,ENSG00000105371.10,0.0
19699,ENSG00000273696.4,0.0
19700,ENSG00000258728.1,0.0
19701,ENSG00000265818.1,0.0
19702,ENSG00000267022.1,0.0
19703,ENSG00000266997.2,0.0
19704,ENSG00000266953.6,0.0
19705,ENSG00000273171.1,0.0
19706,ENSG00000266728.5,0.0
19707,ENSG00000273217.1,0.0
19708,ENSG00000265303.1,0.0
19709,ENSG00000263809.1,0.0
19710,ENSG00000264668.2,0.0
19711,ENSG00000264545.2,0.0
19712,ENSG00000264058.2,0.0
19713,ENSG00000129864.6,0.0
19714,ENSG00000129873.7,0.0
19715,ENSG00000129965.15,0.0
19716,ENSG00000261717.5,0.0
19717,ENSG00000261509.6,0.0
19718,ENSG00000261459.1,0.0
19719,ENSG00000172288.7,0.0
19720,ENSG00000259522.3,0.0
19721,ENSG00000176782.3,0.0
19722,ENSG00000259399.1,0.0
19723,ENSG00000124208.16,0.0
19724,ENSG00000259371.2,0.0
19725,ENSG00000259332.3,0.0
19726,ENSG00000275778.2,0.0
19727,ENSG00000131152.4,0.0
19728,ENSG00000259171.1,0.0
19729,ENSG00000259164.1,0.0
19730,ENSG00000259132.1,0.0
19731,ENSG00000259040.5,0.0
19732,ENSG00000259024.6,0.0
19733,ENSG00000258989.1,0.0
19734,ENSG00000172352.5,0.0
19735,ENSG00000259753.1,0.0
19736,ENSG00000259784.1,0.0
19737,ENSG00000185960.14_PAR_Y,0.0
19738,ENSG00000275221.2,0.0
19739,ENSG00000259900.5,0.0
19740,ENSG00000196433.13_PAR_Y,0.0
19741,ENSG00000124333.16_PAR_Y,0.0
19742,ENSG00000275034.2,0.0
19743,ENSG00000260342.2,0.0
19744,ENSG00000260371.1,0.0
19745,ENSG00000124334.17_PAR_Y,0.0
19746,ENSG00000103426.12,0.0
19747,ENSG00000260537.2,0.0
19748,ENSG00000260548.1,0.0
19749,ENSG00000260836.2,0.0
19750,ENSG00000260914.3,0.0
19751,ENSG00000267059.2,0.0
19752,ENSG00000273088.2,0.0
19753,ENSG00000267110.1,0.0
19754,ENSG00000268750.7,0.0
19755,ENSG00000187191.14,0.0
19756,ENSG00000270316.1,0.0
19757,ENSG00000125954.12,0.0
19758,ENSG00000268861.7,0.0
19759,ENSG00000270617.1,0.0
19760,ENSG00000268797.1,0.0
19761,ENSG00000270757.1,0.0
19762,ENSG00000271449.8,0.0
19763,ENSG00000268614.1,0.0
19764,ENSG00000270800.3,0.0
19765,ENSG00000268465.1,0.0
19766,ENSG00000268434.5,0.0
19767,ENSG00000268361.1,0.0
19768,ENSG00000268193.5,0.0
19769,ENSG00000268975.2,0.0
19770,ENSG00000270249.2,0.0
19771,ENSG00000269026.2,0.0
19772,ENSG00000269035.1,0.0
19773,ENSG00000269095.1,0.0
19774,ENSG00000270099.1,0.0
19775,ENSG00000269955.2,0.0
19776,ENSG00000269897.5,0.0
19777,ENSG00000269179.1,0.0
19778,ENSG00000269237.1,0.0
19779,ENSG00000269307.1,0.0
19780,ENSG00000269741.5,0.0
19781,ENSG00000269433.3,0.0
19782,ENSG00000269711.1,0.0
19783,ENSG00000269693.1,0.0
19784,ENSG00000269590.1,0.0
19785,ENSG00000269469.1,0.0
19786,ENSG00000268133.1,0.0
19787,ENSG00000268107.6,0.0
19788,ENSG00000273049.1,0.0
19789,ENSG00000272897.5,0.0
19790,ENSG00000272741.1,0.0
19791,ENSG00000272772.1,0.0
19792,ENSG00000267261.5,0.0
19793,ENSG00000267228.7,0.0
19794,ENSG00000267173.1,0.0
19795,ENSG00000272896.1,0.0
19796,ENSG00000267168.1,0.0
19797,ENSG00000011052.21,0.0
19798,ENSG00000267157.1,0.0
19799,ENSG00000272968.5,0.0
19800,ENSG00000267140.1,0.0
19801,ENSG00000273025.1,0.0
19802,ENSG00000267120.3,0.0
19803,ENSG00000273047.1,0.0
19804,ENSG00000272647.3,0.0
19805,ENSG00000125695.12,0.0
19806,ENSG00000272617.3,0.0
19807,ENSG00000267318.1,0.0
19808,ENSG00000267335.2,0.0
19809,ENSG00000267477.1,0.0
19810,ENSG00000272410.5,0.0
19811,ENSG00000188223.9,0.0
19812,ENSG00000267699.2,0.0
19813,ENSG00000272297.2,0.0
19814,ENSG00000272162.1,0.0
19815,ENSG00000272104.1,0.0
19816,ENSG00000271949.1,0.0
19817,ENSG00000267748.4,0.0
19818,ENSG00000271793.1,0.0
19819,ENSG00000267881.2,0.0
19820,ENSG00000268083.5,0.0
19821,ENSG00000177023.2,0.0
19822,ENSG00000258724.1,0.0
19823,ENSG00000283977.1,0.0
19824,ENSG00000282034.1,0.0
19825,ENSG00000251246.1,0.0
19826,ENSG00000204422.7,0.0
19827,ENSG00000251184.1,0.0
19828,ENSG00000251012.2,0.0
19829,ENSG00000281887.3,0.0
19830,ENSG00000250913.2,0.0
19831,ENSG00000282246.1,0.0
19832,ENSG00000167393.18_PAR_Y,0.0
19833,ENSG00000282278.1,0.0
19834,ENSG00000250844.3,0.0
19835,ENSG00000250745.3,0.0
19836,ENSG00000250741.6,0.0
19837,ENSG00000250709.1,0.0
19838,ENSG00000282804.1,0.0
19839,ENSG00000281348.1,0.0
19840,ENSG00000281039.1,0.0
19841,ENSG00000258691.1,0.0
19842,ENSG00000279983.1,0.0
19843,ENSG00000279408.3,0.0
19844,ENSG00000203618.6,0.0
19845,ENSG00000279686.1,0.0
19846,ENSG00000178605.13_PAR_Y,0.0
19847,ENSG00000253797.2,0.0
19848,ENSG00000139574.8,0.0
19849,ENSG00000204003.8,0.0
19850,ENSG00000269476.1,0.0
19851,ENSG00000167644.12,0.0
19852,ENSG00000251569.1,0.0
19853,ENSG00000251357.4,0.0
19854,ENSG00000280778.1,0.0
19855,ENSG00000178922.17,0.0
19856,ENSG00000280893.1,0.0
19857,ENSG00000250424.4,0.0
19858,ENSG00000250349.3,0.0
19859,ENSG00000283093.1,0.0
19860,ENSG00000248167.7,0.0
19861,ENSG00000283496.1,0.0
19862,ENSG00000248871.1,0.0
19863,ENSG00000248672.5,0.0
19864,ENSG00000183706.5,0.0
19865,ENSG00000204918.3,0.0
19866,ENSG00000204919.1,0.0
19867,ENSG00000283706.2,0.0
19868,ENSG00000283149.1,0.0
19869,ENSG00000283782.2,0.0
19870,ENSG00000283809.1,0.0
19871,ENSG00000205755.12_PAR_Y,0.0
19872,ENSG00000205916.11,0.0
19873,ENSG00000244395.6,0.0
19874,ENSG00000283967.1,0.0
19875,ENSG00000248920.3,0.0
19876,ENSG00000248933.3,0.0
19877,ENSG00000183795.8,0.0
19878,ENSG00000249319.2,0.0
19879,ENSG00000283321.1,0.0
19880,ENSG00000142694.6,0.0
19881,ENSG00000249590.7,0.0
19882,ENSG00000249624.9,0.0
19883,ENSG00000142684.9,0.0
19884,ENSG00000183979.8,0.0
19885,ENSG00000283239.1,0.0
19886,ENSG00000283228.1,0.0
19887,ENSG00000249811.3,0.0
19888,ENSG00000142539.9,0.0
19889,ENSG00000249967.1,0.0
19890,ENSG00000283201.1,0.0
19891,ENSG00000250021.7,0.0
19892,ENSG00000198965.4,0.0
19893,ENSG00000254402.7,0.0
19894,ENSG00000169084.15_PAR_Y,0.0
19895,ENSG00000256514.1,0.0
19896,ENSG00000177300.7,0.0
19897,ENSG00000257184.3,0.0
19898,ENSG00000256966.6,0.0
19899,ENSG00000256861.1,0.0
19900,ENSG00000256825.4,0.0
19901,ENSG00000256566.1,0.0
19902,ENSG00000256500.6,0.0
19903,ENSG00000277726.4,0.0
19904,ENSG00000185291.12_PAR_Y,0.0
19905,ENSG00000256453.2,0.0
19906,ENSG00000256349.1,0.0
19907,ENSG00000256206.2,0.0
19908,ENSG00000256100.1,0.0
19909,ENSG00000277611.1,0.0
19910,ENSG00000257355.1,0.0
19911,ENSG00000257411.2,0.0
19912,ENSG00000257529.5,0.0
19913,ENSG00000257767.3,0.0
19914,ENSG00000276612.3,0.0
19915,ENSG00000257921.6,0.0
19916,ENSG00000171570.11,0.0
19917,ENSG00000276490.1,0.0
19918,ENSG00000101898.6,0.0
19919,ENSG00000276418.5,0.0
19920,ENSG00000258052.1,0.0
19921,ENSG00000258064.1,0.0
19922,ENSG00000196826.7,0.0
19923,ENSG00000258436.1,0.0
19924,ENSG00000258529.5,0.0
19925,ENSG00000258588.3,0.0
19926,ENSG00000258677.2,0.0
19927,ENSG00000197976.12_PAR_Y,0.0
19928,ENSG00000136305.11,0.0
19929,ENSG00000169093.16_PAR_Y,0.0
19930,ENSG00000255071.3,0.0
19931,ENSG00000169763.15,0.0
19932,ENSG00000184716.13,0.0
19933,ENSG00000278646.1,0.0
19934,ENSG00000255104.8,0.0
19935,ENSG00000255073.8,0.0
19936,ENSG00000255072.2,0.0
19937,ENSG00000255054.3,0.0
19938,ENSG00000255835.1,0.0
19939,ENSG00000254870.5,0.0
19940,ENSG00000254706.3,0.0
19941,ENSG00000254692.1,0.0
19942,ENSG00000254673.1,0.0
19943,ENSG00000279073.3,0.0
19944,ENSG00000169100.14_PAR_Y,0.0
19945,ENSG00000169789.10,0.0
19946,ENSG00000255245.4,0.0
19947,ENSG00000255292.9,0.0
19948,ENSG00000255330.9,0.0
19949,ENSG00000255339.6,0.0
19950,ENSG00000198223.17_PAR_Y,0.0
19951,ENSG00000255432.1,0.0
19952,ENSG00000255439.6,0.0
19953,ENSG00000278139.1,0.0
19954,ENSG00000198211.8,0.0
19955,ENSG00000278085.5,0.0
19956,ENSG00000255526.6,0.0
19957,ENSG00000100101.15,0.0
19958,ENSG00000198129.3,0.0
19959,ENSG00000277971.1,0.0
19960,ENSG00000170152.5,0.0
19961,ENSG00000111780.8,0.0
19962,ENSG00000182162.11_PAR_Y,0.0
