rank,gene_id,train_variance
1,ENSG00000175535.6,23.295816490073577
2,ENSG00000091704.10,20.258728988414923
3,ENSG00000137392.10,18.131321449645807
4,ENSG00000170890.14,18.11490058420755
5,ENSG00000168928.13,17.84756694791357
6,ENSG00000153002.12,17.711661329837497
7,ENSG00000204983.14,17.46549541761875
8,ENSG00000168925.12,16.594093742889047
9,ENSG00000172016.16,16.02235766612841
10,ENSG00000158516.12,15.960912508398954
11,ENSG00000275896.6,15.291364371100414
12,ENSG00000170835.16,15.28490483394802
13,ENSG00000179751.7,15.018176906335261
14,ENSG00000172023.8,13.87250166088376
15,ENSG00000162438.12,13.867023988121666
16,ENSG00000108849.8,13.458545674052564
17,ENSG00000142615.8,13.361561649446132
18,ENSG00000169347.17,13.238299249632112
19,ENSG00000115386.6,13.131228825506323
20,ENSG00000254647.7,12.499168190776604
21,ENSG00000115263.15,12.443949417840523
22,ENSG00000243480.7,12.302049902075764
23,ENSG00000096088.16,11.724447914557539
24,ENSG00000219073.8,10.775510642984964
25,ENSG00000118271.12,10.272289628822207
26,ENSG00000215704.10,9.389054313655894
27,ENSG00000143954.13,9.353344941946899
28,ENSG00000129824.16,8.88045351072598
29,ENSG00000134193.15,8.652376106414726
30,ENSG00000132693.12,8.287154997863297
31,ENSG00000160182.3,7.489422716270125
32,ENSG00000187021.15,7.43947377209129
33,ENSG00000066405.13,7.19078003178728
34,ENSG00000157005.4,6.442209498510032
35,ENSG00000167653.5,6.397869893443159
36,ENSG00000142789.20,6.360328775367299
37,ENSG00000105388.16,6.278379841110938
38,ENSG00000132703.4,6.19914300072884
39,ENSG00000175084.12,6.195610812998764
40,ENSG00000102837.7,6.098256977452779
41,ENSG00000205420.11,6.065587783464371
42,ENSG00000096006.12,5.957254170605051
43,ENSG00000181617.6,5.923843055148209
44,ENSG00000122711.9,5.914086476371948
45,ENSG00000160181.9,5.577902855785466
46,ENSG00000185615.16,5.473429827109418
47,ENSG00000196754.13,5.431038389767388
48,ENSG00000167748.11,5.41641027846507
49,ENSG00000168631.13,5.251292152659015
50,ENSG00000103375.11,5.242862456379278
51,ENSG00000100604.13,5.158275600508387
52,ENSG00000106927.12,5.051157011044594
53,ENSG00000184956.16,4.96143443736024
54,ENSG00000089199.10,4.952393326872028
55,ENSG00000160180.15,4.826746689525791
56,ENSG00000179914.5,4.7934675310471295
57,ENSG00000186081.12,4.6873867733579955
58,ENSG00000171431.4,4.6205599782637945
59,ENSG00000120057.5,4.597452674288108
60,ENSG00000107159.13,4.401490216393942
61,ENSG00000169469.9,4.367686220104899
62,ENSG00000167656.5,4.35894727679958
63,ENSG00000215182.8,4.319501545239018
64,ENSG00000109511.12,4.300270315923236
65,ENSG00000188257.12,4.255922390115488
66,ENSG00000172724.12,4.252354359688426
67,ENSG00000189377.9,4.182066591053678
68,ENSG00000094755.17,4.1763996653428155
69,ENSG00000079689.14,4.164981021109902
70,ENSG00000187908.20,4.154082627718827
71,ENSG00000196611.5,4.107404764995185
72,ENSG00000012223.13,4.060193351999341
73,ENSG00000164266.11,4.058772169308277
74,ENSG00000134240.12,4.0260589238173035
75,ENSG00000132465.12,3.9664117572539044
76,ENSG00000156234.7,3.9632912128569586
77,ENSG00000169474.4,3.9328540807431605
78,ENSG00000137077.8,3.916202499795017
79,ENSG00000101842.14,3.913069605529546
80,ENSG00000175315.3,3.900876162007575
81,ENSG00000169035.12,3.8596756501725555
82,ENSG00000007306.15,3.8416431939408473
83,ENSG00000121351.8,3.84094320245269
84,ENSG00000240038.6,3.813458339544594
85,ENSG00000128422.17,3.803741429104886
86,ENSG00000186832.9,3.792930952741575
87,ENSG00000189052.7,3.782094872284087
88,ENSG00000145321.13,3.7812487681357605
89,ENSG00000186847.6,3.7524871266097484
90,ENSG00000163735.7,3.723254359290998
91,ENSG00000163017.14,3.717831820674961
92,ENSG00000117322.18,3.6236125542713498
93,ENSG00000170323.9,3.5800175666410503
94,ENSG00000142623.11,3.576076307065567
95,ENSG00000197353.4,3.573847001607451
96,ENSG00000233041.8,3.5321347207578455
97,ENSG00000164756.12,3.519888289564616
98,ENSG00000170373.8,3.5023854414545563
99,ENSG00000114204.15,3.501975679272632
100,ENSG00000139055.7,3.4988942768103004
101,ENSG00000073737.17,3.4987171986499455
102,ENSG00000102109.9,3.462424781246974
103,ENSG00000171560.16,3.406068197610302
104,ENSG00000162896.6,3.3683797635671584
105,ENSG00000140274.14,3.3540516449018503
106,ENSG00000105369.10,3.347156761097059
107,ENSG00000167755.15,3.340642284422374
108,ENSG00000163209.15,3.319761504801199
109,ENSG00000152254.11,3.31815613196473
110,ENSG00000162344.4,3.212763669924312
111,ENSG00000124102.5,3.211802926794166
112,ENSG00000161055.4,3.1816604205495898
113,ENSG00000133169.6,3.1786503538784676
114,ENSG00000079112.10,3.17352097981834
115,ENSG00000080493.18,3.1710855622477734
116,ENSG00000163631.17,3.1545084526429132
117,ENSG00000263639.7,3.1442223109149294
118,ENSG00000140279.13,3.142489433045653
119,ENSG00000016490.16,3.1307866791168117
120,ENSG00000001626.16,3.1040916048972194
121,ENSG00000198074.10,3.0986634215670836
122,ENSG00000102854.16,3.087024269376429
123,ENSG00000112936.19,3.086395476510509
124,ENSG00000168955.4,3.084966387218487
125,ENSG00000134827.8,3.077227646157387
126,ENSG00000065618.21,3.068364014491135
127,ENSG00000173432.12,3.066413696261474
128,ENSG00000171557.17,3.0557752192619168
129,ENSG00000149043.16,3.0356171165922343
130,ENSG00000039537.14,2.965046446408698
131,ENSG00000010438.17,2.941596226947219
132,ENSG00000169903.7,2.929628196502489
133,ENSG00000161798.7,2.9284557048222295
134,ENSG00000198643.7,2.9007026452005813
135,ENSG00000196620.10,2.886098064623764
136,ENSG00000243709.1,2.881814611846166
137,ENSG00000086548.9,2.880867109942078
138,ENSG00000125999.11,2.8596454528346276
139,ENSG00000125144.14,2.830112004110407
140,ENSG00000198788.9,2.8299708716108998
141,ENSG00000164825.4,2.817773035515218
142,ENSG00000130598.16,2.7774375715168302
143,ENSG00000170099.6,2.7756579047025123
144,ENSG00000095981.11,2.7422674195298065
145,ENSG00000117983.17,2.707942047344286
146,ENSG00000124232.11,2.670028743391675
147,ENSG00000163993.7,2.64680753859124
148,ENSG00000123838.11,2.637148701593071
149,ENSG00000198203.10,2.634433100908967
150,ENSG00000114638.8,2.6342577849738777
151,ENSG00000188488.14,2.6280343501801147
152,ENSG00000156738.18,2.626867502602493
153,ENSG00000132821.12,2.6208710384918894
154,ENSG00000104112.9,2.60352654453035
155,ENSG00000275385.2,2.588990369306552
156,ENSG00000248144.6,2.58686652789627
157,ENSG00000166922.8,2.557396567188899
158,ENSG00000019169.10,2.5521568125356655
159,ENSG00000213088.12,2.54860445091454
160,ENSG00000085741.13,2.5442951051181537
161,ENSG00000131746.13,2.53825100687778
162,ENSG00000128218.8,2.5328946028739208
163,ENSG00000136872.20,2.5264762053818113
164,ENSG00000143320.9,2.5065982583816018
165,ENSG00000171747.9,2.503157643417859
166,ENSG00000060718.22,2.4991321756978424
167,ENSG00000090382.7,2.4919634584537698
168,ENSG00000147689.16,2.471593534916413
169,ENSG00000067048.17,2.449545838816133
170,ENSG00000118785.14,2.440679134089303
171,ENSG00000171401.15,2.4288090806729477
172,ENSG00000174564.13,2.425271862229319
173,ENSG00000163499.12,2.412138872109962
174,ENSG00000135773.13,2.405600198247825
175,ENSG00000244734.4,2.4025650127841454
176,ENSG00000165376.11,2.4015044021238996
177,ENSG00000169876.14,2.388700611955255
178,ENSG00000131771.14,2.3875790850696355
179,ENSG00000134873.10,2.38497375682187
180,ENSG00000137440.5,2.3545608467735293
181,ENSG00000107984.10,2.348453720778315
182,ENSG00000125740.14,2.3461724301741427
183,ENSG00000095932.7,2.32619268437172
184,ENSG00000178934.5,2.323910326100338
185,ENSG00000165215.6,2.323353000816764
186,ENSG00000171951.5,2.314599726095665
187,ENSG00000196188.12,2.3129929226515893
188,ENSG00000142484.7,2.3071209885940656
189,ENSG00000138755.6,2.3052063838785313
190,ENSG00000167600.14,2.2936152812883703
191,ENSG00000007038.11,2.2919141946330406
192,ENSG00000099953.10,2.2842305152790474
193,ENSG00000169583.13,2.277296633627628
194,ENSG00000243955.6,2.273180799188817
195,ENSG00000148702.15,2.2687541861721927
196,ENSG00000185479.6,2.253878957856811
197,ENSG00000166825.15,2.2458387108825004
198,ENSG00000108244.17,2.2428162885128144
199,ENSG00000125851.10,2.238150601772613
200,ENSG00000105048.17,2.233945148093859
201,ENSG00000196260.5,2.22730372068907
202,ENSG00000100079.7,2.2254914451241294
203,ENSG00000112299.8,2.2234311152622515
204,ENSG00000147889.18,2.222020391110845
205,ENSG00000133392.18,2.2202244866914853
206,ENSG00000115009.13,2.212786055234778
207,ENSG00000158825.6,2.2007407288697602
208,ENSG00000180535.4,2.191955717594705
209,ENSG00000188293.6,2.186860047543232
210,ENSG00000124701.5,2.182094578728742
211,ENSG00000169245.6,2.176594721987691
212,ENSG00000104760.17,2.1745779673019587
213,ENSG00000130513.6,2.1711776242740872
214,ENSG00000134757.5,2.1647893745248794
215,ENSG00000124875.10,2.1644188857942717
216,ENSG00000080293.10,2.157915545951908
217,ENSG00000237541.4,2.152207018433655
218,ENSG00000083782.8,2.1482400078370025
219,ENSG00000173467.9,2.147012805754528
220,ENSG00000204542.3,2.14669391099475
221,ENSG00000204140.10,2.1434543006387274
222,ENSG00000057149.16,2.1380230770544313
223,ENSG00000135220.11,2.1374962714795562
224,ENSG00000163586.10,2.1345554927990844
225,ENSG00000133636.11,2.1317905292940225
226,ENSG00000167772.12,2.1309525260202298
227,ENSG00000138207.14,2.117273468519914
228,ENSG00000275395.6,2.1162426997729873
229,ENSG00000129451.12,2.113779822355489
230,ENSG00000244067.3,2.112024033580935
231,ENSG00000229314.5,2.104560045927972
232,ENSG00000019102.12,2.099237784414722
233,ENSG00000148346.12,2.0968441650918757
234,ENSG00000173267.14,2.0914715097780237
235,ENSG00000167676.4,2.086440573650322
236,ENSG00000172137.19,2.084274091661629
237,ENSG00000178473.7,2.077350487807074
238,ENSG00000164530.15,2.058962805320618
239,ENSG00000158014.15,2.054454200738019
240,ENSG00000176153.12,2.0522142580730924
241,ENSG00000105707.14,2.0520169589387134
242,ENSG00000196091.15,2.0497272054580953
243,ENSG00000268104.3,2.046529841082101
244,ENSG00000111701.7,2.0395529767662253
245,ENSG00000214814.7,2.0273751025919826
246,ENSG00000006071.15,2.019104148158896
247,ENSG00000145642.12,2.0162022940796933
248,ENSG00000130487.9,2.0146173320769005
249,ENSG00000243566.7,2.0011227416321766
250,ENSG00000124939.6,2.000940146167586
251,ENSG00000139540.12,1.9917340797979581
252,ENSG00000160862.13,1.988882775717085
253,ENSG00000116299.17,1.9836955831566523
254,ENSG00000171766.17,1.9828828627791704
255,ENSG00000115590.14,1.9776081703126722
256,ENSG00000106178.7,1.976621896680584
257,ENSG00000101938.15,1.975902466119989
258,ENSG00000105825.14,1.9692381016091236
259,ENSG00000189280.3,1.963079860563519
260,ENSG00000118137.10,1.9625786391554358
261,ENSG00000109072.14,1.948245950559147
262,ENSG00000163501.7,1.9428832381762335
263,ENSG00000110195.14,1.9401833218425955
264,ENSG00000164761.9,1.9391154273181177
265,ENSG00000100665.12,1.9361522736158407
266,ENSG00000198488.10,1.9338498333506684
267,ENSG00000108551.5,1.929304688495444
268,ENSG00000074276.10,1.9282594996043765
269,ENSG00000130176.8,1.9282208558345708
270,ENSG00000173702.7,1.925744428801858
271,ENSG00000158874.11,1.8908131387879314
272,ENSG00000174502.19,1.8896678675830485
273,ENSG00000101443.18,1.8878850632330015
274,ENSG00000137699.17,1.8872068291438278
275,ENSG00000054356.14,1.8846448254743717
276,ENSG00000138615.6,1.8840943760462325
277,ENSG00000073756.12,1.8796926623117525
278,ENSG00000169894.18,1.8780741715693205
279,ENSG00000104267.10,1.8649961242774251
280,ENSG00000186340.16,1.8570070128031206
281,ENSG00000145824.13,1.855617821999152
282,ENSG00000099834.19,1.8544609815894986
283,ENSG00000102970.11,1.8540396244849038
284,ENSG00000171234.14,1.8539337360509762
285,ENSG00000198848.13,1.8516525957306809
286,ENSG00000166535.20,1.8508403687979544
287,ENSG00000180745.5,1.847881034884152
288,ENSG00000047457.14,1.846557110580512
289,ENSG00000109255.11,1.8456202429013884
290,ENSG00000017483.15,1.8344031983886282
291,ENSG00000173597.9,1.8333176017485473
292,ENSG00000166143.10,1.8258616650377566
293,ENSG00000203697.12,1.822562152212428
294,ENSG00000104918.8,1.819878422577609
295,ENSG00000153822.14,1.8197489763828054
296,ENSG00000170369.4,1.8129791730365143
297,ENSG00000188505.5,1.8032723424092958
298,ENSG00000188536.13,1.7961002829413106
299,ENSG00000173237.4,1.7899894869104833
300,ENSG00000022556.16,1.7848162454969398
301,ENSG00000187608.10,1.7810438798890535
302,ENSG00000196154.12,1.7809242690377496
303,ENSG00000133328.4,1.7792408065765097
304,ENSG00000070526.15,1.7763765729607988
305,ENSG00000100721.11,1.7712881000137826
306,ENSG00000164816.8,1.771286961347394
307,ENSG00000113296.14,1.765475045971293
308,ENSG00000136155.17,1.7582099044047408
309,ENSG00000157765.13,1.75646734043608
310,ENSG00000198502.6,1.7525418063967853
311,ENSG00000179674.4,1.740547950880821
312,ENSG00000187258.14,1.7396893791165224
313,ENSG00000130203.10,1.7392734964158876
314,ENSG00000102243.13,1.736593473453358
315,ENSG00000204866.8,1.7351624262708663
316,ENSG00000124713.6,1.7251135372499784
317,ENSG00000126353.3,1.7219480337625948
318,ENSG00000126709.15,1.7214115941247623
319,ENSG00000104537.17,1.7203425608231762
320,ENSG00000146469.13,1.7202766948476427
321,ENSG00000157551.19,1.7171583733816829
322,ENSG00000123689.6,1.7159164669327716
323,ENSG00000227507.3,1.7151798947001695
324,ENSG00000162482.5,1.711737986910119
325,ENSG00000135480.16,1.711513662159704
326,ENSG00000188175.10,1.7114845754083596
327,ENSG00000134184.13,1.7098138862133205
328,ENSG00000129654.8,1.7095012147820474
329,ENSG00000182253.15,1.7092594294736505
330,ENSG00000091583.11,1.7079604536967912
331,ENSG00000145287.11,1.706799146179468
332,ENSG00000162992.4,1.7060751467965483
333,ENSG00000101188.5,1.7019485555834246
334,ENSG00000122133.17,1.7012292791995522
335,ENSG00000154764.6,1.6998459537170498
336,ENSG00000205362.11,1.6980372283723744
337,ENSG00000118017.4,1.695880995265611
338,ENSG00000124664.11,1.6943886555933938
339,ENSG00000131203.13,1.6939237900480764
340,ENSG00000170476.16,1.6930553238721004
341,ENSG00000104332.12,1.6887986982517458
342,ENSG00000104827.12,1.6851974579457467
343,ENSG00000172061.9,1.6828235250131176
344,ENSG00000243449.6,1.682458059327756
345,ENSG00000123500.10,1.6795077656802937
346,ENSG00000166923.12,1.677642713807198
347,ENSG00000102802.10,1.6771093233794174
348,ENSG00000064300.9,1.67661446902316
349,ENSG00000106809.11,1.6739354223422285
350,ENSG00000110244.7,1.6689189411504008
351,ENSG00000186007.10,1.66233390924493
352,ENSG00000163220.11,1.6612311332807057
353,ENSG00000204616.11,1.6596406617317534
354,ENSG00000142102.16,1.6583884373312399
355,ENSG00000140297.13,1.6472697538770307
356,ENSG00000101210.13,1.6449121038957553
357,ENSG00000197766.8,1.6430546157021828
358,ENSG00000185559.16,1.642069853282937
359,ENSG00000188404.10,1.6398383875442573
360,ENSG00000012817.16,1.63930196117848
361,ENSG00000106541.12,1.6380407321168373
362,ENSG00000127324.9,1.624549127410526
363,ENSG00000130208.9,1.6212889230408285
364,ENSG00000114270.17,1.615789768595484
365,ENSG00000075461.6,1.6132215493489057
366,ENSG00000167757.14,1.6130801434762556
367,ENSG00000166819.12,1.612373758204375
368,ENSG00000163121.10,1.611882904273312
369,ENSG00000164308.17,1.6056356913414087
370,ENSG00000101197.13,1.604817946459827
371,ENSG00000172927.8,1.602294550459924
372,ENSG00000149735.7,1.6011199210691622
373,ENSG00000183128.7,1.600169708505314
374,ENSG00000124107.5,1.5995057307839171
375,ENSG00000169429.11,1.5992351792571564
376,ENSG00000120885.22,1.5959154558747666
377,ENSG00000114771.14,1.5953049075014647
378,ENSG00000113303.12,1.593897353911789
379,ENSG00000115414.21,1.5937305372583532
380,ENSG00000137673.9,1.591644430548788
381,ENSG00000015413.9,1.5873264797633708
382,ENSG00000128564.7,1.5868035711378967
383,ENSG00000196616.14,1.5775583393446648
384,ENSG00000184502.4,1.5685039162051755
385,ENSG00000187288.12,1.5675910985907704
386,ENSG00000166866.13,1.565014350762654
387,ENSG00000163661.4,1.5621562392793042
388,ENSG00000002726.21,1.5591167583224317
389,ENSG00000124212.6,1.5567553569858466
390,ENSG00000145113.22,1.5551345425393346
391,ENSG00000173110.8,1.5546256763112198
392,ENSG00000100170.10,1.5541270160397975
393,ENSG00000169994.18,1.551840524207085
394,ENSG00000140835.10,1.5517571301066677
395,ENSG00000069764.10,1.551670515075981
396,ENSG00000086619.14,1.551517156290343
397,ENSG00000198842.10,1.5508756781649933
398,ENSG00000117394.24,1.5423983772262129
399,ENSG00000146678.10,1.5374794273544294
400,ENSG00000162078.11,1.5368043726673006
401,ENSG00000175426.11,1.5366175320773967
402,ENSG00000181092.10,1.5360846389297935
403,ENSG00000265190.7,1.529812096776531
404,ENSG00000177494.6,1.5292833185480552
405,ENSG00000148344.11,1.5290129635776748
406,ENSG00000133110.15,1.5218408418974803
407,ENSG00000162894.12,1.5170879583502395
408,ENSG00000145920.15,1.5168058613514366
409,ENSG00000109205.16,1.511778927456785
410,ENSG00000064787.13,1.5111303329914116
411,ENSG00000159248.5,1.5074559382964623
412,ENSG00000127831.11,1.505231744718623
413,ENSG00000166592.12,1.4951702815423302
414,ENSG00000166126.11,1.493187774038065
415,ENSG00000177455.15,1.4926420720906952
416,ENSG00000183844.17,1.4915204942855969
417,ENSG00000173391.9,1.491299722894009
418,ENSG00000196436.8,1.4909743126247859
419,ENSG00000204019.5,1.4900017806836119
420,ENSG00000148677.7,1.4875191957153726
421,ENSG00000177459.11,1.4873931308422688
422,ENSG00000105664.11,1.483382371763004
423,ENSG00000205922.5,1.4816108464408857
424,ENSG00000188338.15,1.4810729686663175
425,ENSG00000133063.16,1.4749165383507208
426,ENSG00000180818.5,1.4669465330767426
427,ENSG00000163975.12,1.4665086578785818
428,ENSG00000054938.16,1.4553770197863118
429,ENSG00000169605.7,1.455231234227957
430,ENSG00000081277.13,1.454515647158861
431,ENSG00000189292.16,1.4542726048069379
432,ENSG00000128298.17,1.4519326832312411
433,ENSG00000107742.13,1.4516859429609832
434,ENSG00000131910.5,1.4516404015574569
435,ENSG00000120738.8,1.4507048453107854
436,ENSG00000163739.5,1.4490740148429386
437,ENSG00000262406.3,1.4458262978597975
438,ENSG00000106366.9,1.4452987970400164
439,ENSG00000133048.13,1.4440350535166633
440,ENSG00000168685.15,1.442059263312684
441,ENSG00000176387.7,1.4419307518355102
442,ENSG00000109321.11,1.438819498619735
443,ENSG00000260314.3,1.438757523981497
444,ENSG00000135925.9,1.4380743057166352
445,ENSG00000165949.12,1.438028654083022
446,ENSG00000198758.11,1.4342002491359773
447,ENSG00000107562.16,1.432734316856499
448,ENSG00000015520.15,1.429182914911926
449,ENSG00000205426.10,1.428158542419885
450,ENSG00000111799.21,1.4266672162956244
451,ENSG00000181374.8,1.4266321502943555
452,ENSG00000081041.9,1.4207032354720317
453,ENSG00000100985.7,1.4161389160539573
454,ENSG00000130720.13,1.416113935740537
455,ENSG00000114113.6,1.4158462189769492
456,ENSG00000112761.21,1.415242793379472
457,ENSG00000198734.12,1.4124008108477792
458,ENSG00000164120.14,1.4091823889958566
459,ENSG00000179344.16,1.4082835649818182
460,ENSG00000188833.10,1.4048455556210606
461,ENSG00000123358.20,1.4025463347738643
462,ENSG00000185499.16,1.401887730642082
463,ENSG00000166670.10,1.3995305647536926
464,ENSG00000135744.8,1.3967655886284636
465,ENSG00000105290.13,1.3926370926232514
466,ENSG00000124466.9,1.3912863413836458
467,ENSG00000170477.13,1.3904855284581175
468,ENSG00000188959.9,1.3892607074308108
469,ENSG00000185745.10,1.3884038739625544
470,ENSG00000205364.4,1.3880813987104221
471,ENSG00000164694.17,1.3876314615678709
472,ENSG00000170608.3,1.3861085233336485
473,ENSG00000136883.14,1.3855752687472145
474,ENSG00000148926.10,1.3850538892345883
475,ENSG00000104921.15,1.3841915942676208
476,ENSG00000198732.11,1.3819337523230584
477,ENSG00000165125.22,1.3808939741827344
478,ENSG00000129521.15,1.3756871465021707
479,ENSG00000101441.4,1.3755459141769244
480,ENSG00000169248.13,1.3744882357078179
481,ENSG00000120708.17,1.368076604753279
482,ENSG00000106258.15,1.3645005144896911
483,ENSG00000167286.10,1.3642308625275221
484,ENSG00000166959.8,1.3638709497143575
485,ENSG00000069011.16,1.3638468373375046
486,ENSG00000104368.19,1.3627128336813765
487,ENSG00000104140.7,1.362701853532972
488,ENSG00000007312.13,1.3627003916188787
489,ENSG00000132911.5,1.3626435283177836
490,ENSG00000165272.16,1.3608942072294135
491,ENSG00000128591.16,1.358752304615319
492,ENSG00000108691.9,1.358535490055611
493,ENSG00000177575.13,1.3563444572709449
494,ENSG00000142677.4,1.3548060264428547
495,ENSG00000155066.16,1.354478213268229
496,ENSG00000105141.6,1.3536822425954902
497,ENSG00000198910.14,1.3512456226027822
498,ENSG00000169442.9,1.349120888726971
499,ENSG00000180447.7,1.3488434917656322
500,ENSG00000019505.8,1.3480650253535853
501,ENSG00000166415.15,1.345619744865951
502,ENSG00000114378.17,1.3448930711958615
503,ENSG00000206075.14,1.3429487461891567
504,ENSG00000113722.17,1.342580417233125
505,ENSG00000163751.4,1.3417618525327346
506,ENSG00000122861.16,1.3415883862643803
507,ENSG00000108602.18,1.3415682135537939
508,ENSG00000099617.4,1.3415137428498212
509,ENSG00000081237.20,1.3393728794973077
510,ENSG00000198692.10,1.3347677116700978
511,ENSG00000087495.17,1.3314152886716424
512,ENSG00000170498.9,1.3277295884247327
513,ENSG00000189325.7,1.3257522323867434
514,ENSG00000106236.4,1.3250449753063882
515,ENSG00000110245.12,1.3241633690685342
516,ENSG00000137959.16,1.3199394162605291
517,ENSG00000203747.12,1.3196510116400344
518,ENSG00000181649.8,1.3170519235946796
519,ENSG00000198851.10,1.314581170100973
520,ENSG00000136059.14,1.3127559337644539
521,ENSG00000088992.18,1.3106424802846632
522,ENSG00000187955.12,1.3106098670572128
523,ENSG00000205358.4,1.310237782443411
524,ENSG00000167588.13,1.3099352562526658
525,ENSG00000197249.14,1.3094876070916142
526,ENSG00000187094.12,1.3075003883161347
527,ENSG00000134398.15,1.3066063828405023
528,ENSG00000242515.5,1.3063984754972884
529,ENSG00000178882.15,1.3013002509112221
530,ENSG00000041982.16,1.3008131351208536
531,ENSG00000180061.10,1.2958606995191007
532,ENSG00000183036.11,1.2952770890467318
533,ENSG00000012124.17,1.2892707642087815
534,ENSG00000159958.7,1.2889666711624057
535,ENSG00000108352.13,1.2883944558630263
536,ENSG00000004799.8,1.2880215837001565
537,ENSG00000189058.9,1.285966782594543
538,ENSG00000134258.17,1.2841736132238029
539,ENSG00000149968.12,1.2816446835138156
540,ENSG00000189334.9,1.2810342916113486
541,ENSG00000125820.6,1.2791647290154642
542,ENSG00000143196.5,1.2781210143339499
543,ENSG00000145423.5,1.2748539966109516
544,ENSG00000105509.11,1.2716578035849404
545,ENSG00000115221.12,1.2708490015938485
546,ENSG00000271447.6,1.2689343808618396
547,ENSG00000114455.13,1.2673148625558497
548,ENSG00000175592.9,1.266589444399053
549,ENSG00000135447.17,1.2660496289548817
550,ENSG00000068078.20,1.2565759731602328
551,ENSG00000019186.10,1.2559418594837535
552,ENSG00000011347.10,1.2555341054687263
553,ENSG00000110375.3,1.254830567063295
554,ENSG00000204531.20,1.25368663236378
555,ENSG00000187837.4,1.2514620967130894
556,ENSG00000173369.17,1.2514232114594759
557,ENSG00000169508.7,1.2505502099572379
558,ENSG00000004776.13,1.2486572055963268
559,ENSG00000137801.11,1.2468605068330763
560,ENSG00000111319.13,1.2446800623716794
561,ENSG00000185905.4,1.2446099601029244
562,ENSG00000013588.9,1.2418672562271096
563,ENSG00000138100.14,1.2413062690222574
564,ENSG00000176919.13,1.240976656040111
565,ENSG00000178821.13,1.2401600383117437
566,ENSG00000074410.14,1.2374396566945616
567,ENSG00000078596.11,1.2367147099209514
568,ENSG00000021826.17,1.2349226605045318
569,ENSG00000204936.10,1.2325232042236285
570,ENSG00000175538.11,1.2324892723275152
571,ENSG00000172403.11,1.2320118041625792
572,ENSG00000197614.11,1.2312611110754534
573,ENSG00000058085.15,1.226369779911828
574,ENSG00000007216.15,1.2261115836353187
575,ENSG00000196735.13,1.2219182081074391
576,ENSG00000108821.14,1.2218447600076563
577,ENSG00000147804.10,1.2158510020120228
578,ENSG00000124491.16,1.2150873244671199
579,ENSG00000143546.10,1.214966736899422
580,ENSG00000158373.8,1.2141695872338372
581,ENSG00000168903.9,1.2133753249675172
582,ENSG00000104435.14,1.2127443100387758
583,ENSG00000197253.13,1.212629927048211
584,ENSG00000151715.8,1.2125973320259522
585,ENSG00000106483.12,1.2125206056422313
586,ENSG00000142871.18,1.2119917266209836
587,ENSG00000204632.11,1.211741316346997
588,ENSG00000147041.12,1.2106520879066025
589,ENSG00000167741.11,1.2102233823647108
590,ENSG00000125730.17,1.208958972377996
591,ENSG00000144852.19,1.2088564177446126
592,ENSG00000116661.11,1.2083048549469233
593,ENSG00000143167.12,1.2076431885949752
594,ENSG00000103888.17,1.2075233450983434
595,ENSG00000205076.4,1.2055322596710885
596,ENSG00000184530.9,1.2039454135145673
597,ENSG00000213030.5,1.2026306434304228
598,ENSG00000257743.8,1.20202984384817
599,ENSG00000112303.14,1.2005661120746405
600,ENSG00000116824.5,1.200329540269144
601,ENSG00000170231.16,1.1992290457497976
602,ENSG00000136167.15,1.1983189892559727
603,ENSG00000107954.10,1.1982313723545883
604,ENSG00000176678.6,1.1967770822447799
605,ENSG00000187867.10,1.196203481995244
606,ENSG00000155659.15,1.1949204825348783
607,ENSG00000131037.15,1.1935566662289308
608,ENSG00000136698.10,1.1934818652689776
609,ENSG00000132185.18,1.1924586923666984
610,ENSG00000108242.13,1.1906769194170082
611,ENSG00000137809.17,1.1867634138173508
612,ENSG00000231389.7,1.1864129844445692
613,ENSG00000073067.14,1.1858588664479897
614,ENSG00000271503.6,1.1838990953927493
615,ENSG00000167996.16,1.183166992997005
616,ENSG00000165457.14,1.181713643131061
617,ENSG00000135114.12,1.179173131353729
618,ENSG00000163283.7,1.176501285971073
619,ENSG00000168542.16,1.174739657343147
620,ENSG00000205795.4,1.1723727467705976
621,ENSG00000170786.12,1.1715064280540015
622,ENSG00000240583.13,1.1712962810960137
623,ENSG00000167779.9,1.1712403222534524
624,ENSG00000143369.15,1.17065334620135
625,ENSG00000090402.8,1.1705753552868376
626,ENSG00000118849.10,1.169834413898155
627,ENSG00000109472.14,1.1691491735894257
628,ENSG00000166482.12,1.1684786113588925
629,ENSG00000136244.12,1.166622203779429
630,ENSG00000129455.15,1.1650146606150134
631,ENSG00000110848.8,1.163527086646078
632,ENSG00000124205.18,1.1620346375990707
633,ENSG00000007062.12,1.1620169495584778
634,ENSG00000062038.14,1.161918052406612
635,ENSG00000114115.10,1.1617561895739856
636,ENSG00000164326.5,1.1617460339974297
637,ENSG00000197629.6,1.1615508453456314
638,ENSG00000278828.1,1.1591833850058388
639,ENSG00000138109.11,1.1574464918348124
640,ENSG00000112818.10,1.1547324419810494
641,ENSG00000104371.5,1.1532598071818032
642,ENSG00000188747.8,1.1526997553176448
643,ENSG00000205502.4,1.1526176612789443
644,ENSG00000132031.13,1.1507451912457278
645,ENSG00000167754.13,1.1492635704124823
646,ENSG00000175793.12,1.1465188140548659
647,ENSG00000141433.13,1.1448757496301194
648,ENSG00000137033.11,1.1439901860013182
649,ENSG00000232629.9,1.1425044899845003
650,ENSG00000166396.13,1.1424992690072238
651,ENSG00000137573.14,1.141869434979699
652,ENSG00000053747.17,1.1416215626499449
653,ENSG00000057019.16,1.1415810278001308
654,ENSG00000196542.8,1.1408000031033134
655,ENSG00000124882.4,1.1399484709236305
656,ENSG00000160471.13,1.1389242829786903
657,ENSG00000129988.6,1.1382176319410675
658,ENSG00000197520.10,1.1375931683831932
659,ENSG00000104783.14,1.137389394967195
660,ENSG00000170689.10,1.1355714451203114
661,ENSG00000130821.17,1.13458255447439
662,ENSG00000165168.8,1.1345530658518106
663,ENSG00000237988.5,1.134454035357228
664,ENSG00000204385.13,1.133638150000194
665,ENSG00000132639.13,1.1330597809179463
666,ENSG00000198829.6,1.1329992354435587
667,ENSG00000147206.17,1.1319676230603932
668,ENSG00000136750.13,1.131485253783258
669,ENSG00000228278.5,1.1287048920286327
670,ENSG00000103355.13,1.127988510631951
671,ENSG00000117226.12,1.1269514072243405
672,ENSG00000101470.10,1.1256137177291397
673,ENSG00000164692.18,1.125556410339336
674,ENSG00000143248.13,1.125412297334193
675,ENSG00000105974.13,1.1253106427251105
676,ENSG00000122585.8,1.123718978942863
677,ENSG00000126266.3,1.1201860742272913
678,ENSG00000167434.10,1.1187501750801483
679,ENSG00000131668.14,1.1180515991723343
680,ENSG00000104894.12,1.117834529024492
681,ENSG00000253368.4,1.117574770616359
682,ENSG00000143119.14,1.116117365808748
683,ENSG00000167157.11,1.1153429249304816
684,ENSG00000110777.12,1.1152755896589452
685,ENSG00000154646.9,1.1149623333283616
686,ENSG00000117472.10,1.1143968642179474
687,ENSG00000096060.15,1.1135990858240035
688,ENSG00000138356.14,1.1128099590758762
689,ENSG00000124602.10,1.1124989965398027
690,ENSG00000116833.14,1.1109777354645203
691,ENSG00000171236.10,1.1107685774086413
692,ENSG00000264230.9,1.1095900516099702
693,ENSG00000181143.15,1.109367833052602
694,ENSG00000123843.13,1.1087299665336627
695,ENSG00000151632.17,1.1066449847989361
696,ENSG00000136689.19,1.1056681935563237
697,ENSG00000211445.12,1.1055687665981115
698,ENSG00000249992.2,1.1046264673347461
699,ENSG00000091986.16,1.1037216770081832
700,ENSG00000138061.12,1.1031280343578937
701,ENSG00000163431.13,1.1015616878221095
702,ENSG00000168079.17,1.1000928417708602
703,ENSG00000106688.12,1.0997407547727573
704,ENSG00000185567.7,1.0996741429096915
705,ENSG00000075073.15,1.099561612693449
706,ENSG00000115461.5,1.0980555281044337
707,ENSG00000144045.14,1.096620484673458
708,ENSG00000156966.7,1.0958397632093435
709,ENSG00000115457.10,1.0935857992916738
710,ENSG00000065534.19,1.092843106504329
711,ENSG00000159189.12,1.0921761313366796
712,ENSG00000145384.4,1.0920113211016478
713,ENSG00000077274.9,1.0920097820019072
714,ENSG00000144810.16,1.090716017655861
715,ENSG00000171303.7,1.090408577295557
716,ENSG00000163359.16,1.0892214390824313
717,ENSG00000204128.6,1.0890913139989913
718,ENSG00000173404.5,1.0870498846931116
719,ENSG00000179144.5,1.0869525567702547
720,ENSG00000164822.5,1.0865612786818533
721,ENSG00000150594.7,1.084533259202224
722,ENSG00000134339.9,1.0841362445889808
723,ENSG00000168267.7,1.0834863154597558
724,ENSG00000204287.14,1.0809387579048597
725,ENSG00000158089.15,1.0793647966975943
726,ENSG00000125657.5,1.0777564303334328
727,ENSG00000175602.4,1.0775469244311908
728,ENSG00000087085.16,1.0764703976518095
729,ENSG00000138623.10,1.076365083430909
730,ENSG00000091138.13,1.076243638029303
731,ENSG00000167476.10,1.0752182517482676
732,ENSG00000153446.16,1.0747788556963658
733,ENSG00000087245.13,1.0743061687577509
734,ENSG00000137825.11,1.0738354969539496
735,ENSG00000079385.23,1.0735860435251026
736,ENSG00000206073.11,1.0732305708303926
737,ENSG00000134013.16,1.0719465527222918
738,ENSG00000185885.16,1.07006770019069
739,ENSG00000196126.11,1.0691754880568658
740,ENSG00000121966.7,1.0684214066340474
741,ENSG00000198523.6,1.0681013207855445
742,ENSG00000188993.3,1.0664438686736413
743,ENSG00000095970.17,1.0661347024721004
744,ENSG00000204839.9,1.0657879122891303
745,ENSG00000101447.15,1.0657315868762414
746,ENSG00000111341.10,1.0654928022188035
747,ENSG00000241794.2,1.0633125892222348
748,ENSG00000103485.19,1.062696904531962
749,ENSG00000196878.15,1.0625074157893375
750,ENSG00000187474.5,1.061645718412297
751,ENSG00000106819.13,1.060352004319971
752,ENSG00000198467.16,1.0600570136825944
753,ENSG00000163817.16,1.0584264236900227
754,ENSG00000173156.7,1.057208760926121
755,ENSG00000122862.5,1.0571111491067504
756,ENSG00000106123.12,1.0568689592242493
757,ENSG00000136542.9,1.056739447279595
758,ENSG00000248771.5,1.0557730807235366
759,ENSG00000175262.14,1.054975867868349
760,ENSG00000171345.13,1.0545923571400704
761,ENSG00000113924.12,1.0542185718392856
762,ENSG00000135094.11,1.0540913445159488
763,ENSG00000197632.9,1.0535834777811928
764,ENSG00000233493.4,1.0529054917257055
765,ENSG00000118322.14,1.052828908503567
766,ENSG00000198835.4,1.051915455177954
767,ENSG00000204389.10,1.0518653766020127
768,ENSG00000138131.4,1.0518069165191593
769,ENSG00000164932.13,1.0505873655145717
770,ENSG00000160867.15,1.0487553432807282
771,ENSG00000167964.13,1.0448130084666194
772,ENSG00000134443.10,1.0443160925901418
773,ENSG00000127528.6,1.0439533633834779
774,ENSG00000146038.12,1.043868268495891
775,ENSG00000173641.18,1.0437138779789867
776,ENSG00000171243.8,1.0428933604016863
777,ENSG00000118004.18,1.0420902241131258
778,ENSG00000127083.7,1.041912409353712
779,ENSG00000009950.16,1.0417690363908665
780,ENSG00000204262.14,1.0397201845175486
781,ENSG00000090104.12,1.0392903126588082
782,ENSG00000262655.4,1.0386903573358484
783,ENSG00000242265.6,1.0386135223745965
784,ENSG00000088882.8,1.0347479936187238
785,ENSG00000122641.11,1.0336027604398867
786,ENSG00000099769.6,1.0332392151953007
787,ENSG00000170345.10,1.032539712806356
788,ENSG00000164220.7,1.0324445545824386
789,ENSG00000102879.16,1.0320874945249972
790,ENSG00000163734.4,1.0297646236709308
791,ENSG00000146674.15,1.027850445798158
792,ENSG00000169604.20,1.0262862989098598
793,ENSG00000134028.14,1.0261501909770678
794,ENSG00000165238.16,1.0255480796426217
795,ENSG00000133134.12,1.025394863149378
796,ENSG00000168350.8,1.0247962768776886
797,ENSG00000269404.7,1.0230023369655152
798,ENSG00000105131.8,1.021644102606249
799,ENSG00000012171.20,1.0209389470528816
800,ENSG00000136574.18,1.0181049326519251
801,ENSG00000188290.11,1.0172012640310657
802,ENSG00000119508.18,1.0170319079535493
803,ENSG00000153563.16,1.0166996636696928
804,ENSG00000177685.17,1.0164955321171505
805,ENSG00000101187.16,1.0162917375840972
806,ENSG00000005884.18,1.0158763585702988
807,ENSG00000070404.10,1.015765774717138
808,ENSG00000105523.3,1.0146983359355923
809,ENSG00000076864.19,1.0140115250201946
810,ENSG00000086696.11,1.0128863098921363
811,ENSG00000036828.17,1.0124005973302708
812,ENSG00000198959.12,1.0116078175176997
813,ENSG00000228253.1,1.0104198656011583
814,ENSG00000125869.10,1.0098873991361457
815,ENSG00000125285.6,1.0094659390933964
816,ENSG00000103089.9,1.0093555280283906
817,ENSG00000135318.12,1.009134512623487
818,ENSG00000122122.10,1.0069703426746115
819,ENSG00000130005.13,1.0058886885496805
820,ENSG00000136573.14,1.0056701526615763
821,ENSG00000133878.9,1.0051031911439037
822,ENSG00000141485.17,1.0026251792222283
823,ENSG00000162692.12,1.0022186375796942
824,ENSG00000178776.5,1.0009180099854103
825,ENSG00000142156.15,0.9987282891264224
826,ENSG00000171346.16,0.9986554520928814
827,ENSG00000003989.18,0.9985752226988444
828,ENSG00000125148.7,0.9982849535568327
829,ENSG00000131142.13,0.9982545956329152
830,ENSG00000163485.17,0.9982358420395476
831,ENSG00000077942.19,0.9980589158838743
832,ENSG00000173372.17,0.9977608686663577
833,ENSG00000133321.11,0.9969682149398855
834,ENSG00000187479.8,0.9967996099498639
835,ENSG00000165474.8,0.99581595748869
836,ENSG00000022267.19,0.9948223411972972
837,ENSG00000169562.13,0.9940229746682894
838,ENSG00000082196.21,0.9931979493256262
839,ENSG00000157601.14,0.9926978536923688
840,ENSG00000175164.15,0.992021570977239
841,ENSG00000139874.6,0.9913849355501468
842,ENSG00000118523.6,0.9907321360210825
843,ENSG00000179862.7,0.9902322933996679
844,ENSG00000142627.13,0.9899856363292824
845,ENSG00000124237.6,0.9892496345051888
846,ENSG00000156298.13,0.9885290039766297
847,ENSG00000145649.8,0.9878676895307719
848,ENSG00000109084.14,0.9876838916257293
849,ENSG00000277639.2,0.9875604520470246
850,ENSG00000216921.9,0.987327136779669
851,ENSG00000130635.16,0.9861199806415858
852,ENSG00000155093.19,0.9850862530887358
853,ENSG00000197903.8,0.9847580829866922
854,ENSG00000172478.18,0.984279132120192
855,ENSG00000038427.16,0.9842273834054618
856,ENSG00000131094.4,0.9813849573778043
857,ENSG00000100557.10,0.9804091000562981
858,ENSG00000119917.14,0.9798701679285349
859,ENSG00000204252.14,0.9793494326436287
860,ENSG00000213937.4,0.9786850096064758
861,ENSG00000137078.9,0.9783801198913955
862,ENSG00000162772.17,0.9782299064966884
863,ENSG00000102048.16,0.9776463225090349
864,ENSG00000177508.12,0.9773073751283112
865,ENSG00000184678.10,0.9772479751940089
866,ENSG00000019549.13,0.9772085339488049
867,ENSG00000148848.14,0.9764019581025126
868,ENSG00000149591.17,0.9720660956081149
869,ENSG00000183019.7,0.9709982042395779
870,ENSG00000120306.11,0.9701987052078295
871,ENSG00000169509.6,0.96959426406835
872,ENSG00000142173.16,0.9677155801604577
873,ENSG00000131781.13,0.9660408855458198
874,ENSG00000099812.9,0.9660170749268093
875,ENSG00000203805.11,0.9648660168829146
876,ENSG00000260428.3,0.9645854253910937
877,ENSG00000180251.5,0.9641022106264747
878,ENSG00000179639.10,0.9633416466220756
879,ENSG00000157399.16,0.9628334772380697
880,ENSG00000121552.4,0.9609844211971649
881,ENSG00000204219.11,0.9589635419945668
882,ENSG00000115956.10,0.9578047439490166
883,ENSG00000166147.14,0.957613667058479
884,ENSG00000188783.6,0.9575337008307011
885,ENSG00000075618.18,0.957147014747397
886,ENSG00000105894.12,0.9563307394179987
887,ENSG00000133710.16,0.9546905033474153
888,ENSG00000160932.11,0.954526524017872
889,ENSG00000130643.9,0.954249640967997
890,ENSG00000137648.19,0.9542128822285182
891,ENSG00000109193.12,0.95307998084556
892,ENSG00000112562.19,0.9526644380382701
893,ENSG00000136235.17,0.952537580810408
894,ENSG00000132437.18,0.9524821604809921
895,ENSG00000174175.17,0.9505565076159327
896,ENSG00000141469.18,0.9481343238054305
897,ENSG00000154734.16,0.9479780027815855
898,ENSG00000089820.16,0.9470517180954631
899,ENSG00000272398.6,0.9466345728305887
900,ENSG00000158270.12,0.9457610258949914
901,ENSG00000109906.14,0.945278380133567
902,ENSG00000101955.15,0.9435509710626878
903,ENSG00000147883.12,0.9431170812443567
904,ENSG00000139193.4,0.9428791546294131
905,ENSG00000059804.16,0.9426308491921284
906,ENSG00000105464.3,0.9410202618577929
907,ENSG00000115828.17,0.940250404583548
908,ENSG00000137309.20,0.9399181190539172
909,ENSG00000055118.16,0.9394924570290203
910,ENSG00000111335.13,0.938456013424111
911,ENSG00000167767.14,0.9381133614868298
912,ENSG00000174514.13,0.9374935209596659
913,ENSG00000101194.18,0.9369055015995411
914,ENSG00000178597.7,0.9368682046556529
915,ENSG00000175445.17,0.9365331613579897
916,ENSG00000092969.12,0.9359543607478004
917,ENSG00000188910.8,0.9359028410764433
918,ENSG00000113389.16,0.935701965147314
919,ENSG00000158125.10,0.9350257591975404
920,ENSG00000163568.15,0.9345891822596306
921,ENSG00000182759.4,0.9334589805389251
922,ENSG00000146070.17,0.932144366246976
923,ENSG00000151655.19,0.931974437417044
924,ENSG00000101335.10,0.931848270010679
925,ENSG00000143590.14,0.9318116769580075
926,ENSG00000144063.4,0.9317044720583818
927,ENSG00000198729.5,0.9314775096942812
928,ENSG00000168209.5,0.9305238987981618
929,ENSG00000088386.17,0.9301672568564964
930,ENSG00000100453.13,0.9295956661452698
931,ENSG00000122691.13,0.9286208529496265
932,ENSG00000100558.9,0.928453542145361
933,ENSG00000189143.9,0.9282786133426806
934,ENSG00000196352.16,0.926427356759262
935,ENSG00000060566.14,0.9262202157919263
936,ENSG00000100314.4,0.9260697499545644
937,ENSG00000184292.7,0.9259858820867816
938,ENSG00000162366.8,0.9250913909343706
939,ENSG00000133067.17,0.9249543354868649
940,ENSG00000119125.17,0.9247879989651578
941,ENSG00000204610.13,0.9246907970805879
942,ENSG00000144834.14,0.9246835209652291
943,ENSG00000185862.7,0.9241105859463421
944,ENSG00000088836.14,0.9240365474452265
945,ENSG00000171227.7,0.9238793206867604
946,ENSG00000139329.5,0.9234625598485374
947,ENSG00000146039.11,0.9221162001013218
948,ENSG00000077984.6,0.9213914022792654
949,ENSG00000101230.6,0.9213337994595662
950,ENSG00000167617.3,0.9199730231812978
951,ENSG00000144354.14,0.9194381608357133
952,ENSG00000074370.18,0.9187333721553103
953,ENSG00000198542.14,0.9179209450784563
954,ENSG00000166165.13,0.9173831253008663
955,ENSG00000151882.11,0.916188558610301
956,ENSG00000103056.12,0.9159166658618213
957,ENSG00000139515.6,0.9149787132458144
958,ENSG00000149781.13,0.9141245077886858
959,ENSG00000189433.7,0.9139638098838294
960,ENSG00000165092.13,0.913283553830373
961,ENSG00000134817.11,0.9128814583573585
962,ENSG00000117215.15,0.9125849410104783
963,ENSG00000135919.14,0.9121864935666246
964,ENSG00000169413.3,0.9117741697183286
965,ENSG00000065320.9,0.9115105833411835
966,ENSG00000105374.10,0.9087395068654252
967,ENSG00000267795.6,0.9082004141114877
968,ENSG00000114248.10,0.9080327257715014
969,ENSG00000126259.20,0.9079128053946776
970,ENSG00000164638.10,0.9077386535723831
971,ENSG00000167880.8,0.9067251019996386
972,ENSG00000107281.10,0.9055679205973701
973,ENSG00000128342.5,0.9046593325820574
974,ENSG00000166250.12,0.9045306019418269
975,ENSG00000165171.11,0.9035734706439331
976,ENSG00000198535.5,0.9031706113910124
977,ENSG00000180596.7,0.9020554054604865
978,ENSG00000118507.17,0.901258501882951
979,ENSG00000138166.6,0.9011059902699005
980,ENSG00000135069.14,0.9011038261124349
981,ENSG00000143217.9,0.9008369178455901
982,ENSG00000141526.17,0.9008185951898572
983,ENSG00000162998.5,0.900560618998537
984,ENSG00000204388.7,0.8995514358097719
985,ENSG00000166920.13,0.8989106419525276
986,ENSG00000100450.13,0.8986010933425994
987,ENSG00000176945.17,0.8985487355591993
988,ENSG00000187546.14,0.8984947720089916
989,ENSG00000068831.19,0.8979015693371399
990,ENSG00000154102.11,0.8962970543097478
991,ENSG00000105976.16,0.8958856445613699
992,ENSG00000125378.16,0.8958681895730776
993,ENSG00000099849.15,0.8953297936170229
994,ENSG00000171759.10,0.8951043277468523
995,ENSG00000181541.6,0.8941585785419282
996,ENSG00000198624.13,0.8939086108974286
997,ENSG00000116194.13,0.8937937537398103
998,ENSG00000139211.7,0.8923271645190541
999,ENSG00000049540.18,0.892219676095041
1000,ENSG00000171903.16,0.8917780738244294
1001,ENSG00000170190.16,0.8916022226473953
1002,ENSG00000114854.8,0.8913360369855495
1003,ENSG00000256618.2,0.8912643750528525
1004,ENSG00000178828.7,0.8905585732772039
1005,ENSG00000178038.17,0.8890445705871796
1006,ENSG00000155629.15,0.8876390050503475
1007,ENSG00000167701.14,0.8874953755797268
1008,ENSG00000158050.5,0.887483232141352
1009,ENSG00000115648.14,0.8869673849084606
1010,ENSG00000262814.8,0.886632821889603
1011,ENSG00000144820.8,0.8865921608766556
1012,ENSG00000011465.18,0.8865507030579061
1013,ENSG00000130303.13,0.886227064547671
1014,ENSG00000170439.7,0.8856272378915473
1015,ENSG00000125968.9,0.8849588194001826
1016,ENSG00000131016.17,0.8840816362565855
1017,ENSG00000186529.16,0.8827366680412058
1018,ENSG00000042980.13,0.8824647367801673
1019,ENSG00000183160.9,0.8820164830289384
1020,ENSG00000107796.13,0.8806486763880843
1021,ENSG00000197728.11,0.8804203887869029
1022,ENSG00000159388.6,0.8801539411321462
1023,ENSG00000130433.7,0.8800017648957614
1024,ENSG00000188064.10,0.8794091532703194
1025,ENSG00000117594.10,0.8790142785356072
1026,ENSG00000171564.12,0.8788722552756862
1027,ENSG00000110448.11,0.8786075908078402
1028,ENSG00000006611.17,0.8784376058105934
1029,ENSG00000105519.18,0.8782204634025453
1030,ENSG00000125798.15,0.8781466956280846
1031,ENSG00000197273.4,0.8780661917830539
1032,ENSG00000132514.14,0.8780032735163834
1033,ENSG00000180875.5,0.8776806036035967
1034,ENSG00000162739.14,0.8776561691024127
1035,ENSG00000117091.10,0.877219924035336
1036,ENSG00000277075.2,0.8771156439204302
1037,ENSG00000138449.11,0.876575118853759
1038,ENSG00000143333.7,0.8765536208749449
1039,ENSG00000179593.16,0.8751574471379362
1040,ENSG00000159713.11,0.8747749898083131
1041,ENSG00000182866.17,0.8746033295229809
1042,ENSG00000158869.11,0.8734790986506428
1043,ENSG00000115165.10,0.8730724028557443
1044,ENSG00000138080.14,0.8719450535883375
1045,ENSG00000150750.8,0.8716138937357445
1046,ENSG00000163534.15,0.8715916049435745
1047,ENSG00000184697.7,0.8714163756657767
1048,ENSG00000115380.20,0.8693292157964746
1049,ENSG00000174358.16,0.868146300393502
1050,ENSG00000135218.19,0.8680453008309197
1051,ENSG00000101213.7,0.8677855638363048
1052,ENSG00000139144.11,0.8677616046560497
1053,ENSG00000176692.8,0.8675768274745614
1054,ENSG00000172828.13,0.8674356226289904
1055,ENSG00000162444.12,0.8670776894963399
1056,ENSG00000137745.12,0.8663578418375474
1057,ENSG00000184454.7,0.8662894264944176
1058,ENSG00000132965.10,0.8661140449223963
1059,ENSG00000048462.11,0.8660299000408667
1060,ENSG00000064655.19,0.8659104218077606
1061,ENSG00000162552.15,0.8658702686805185
1062,ENSG00000170955.10,0.86517917449839
1063,ENSG00000018280.17,0.8649790948962637
1064,ENSG00000169715.15,0.8647850571937287
1065,ENSG00000137868.19,0.8647455889357125
1066,ENSG00000171124.13,0.864684173841971
1067,ENSG00000134321.12,0.8646313969773242
1068,ENSG00000166927.13,0.8624595161877383
1069,ENSG00000253958.2,0.8612128297918177
1070,ENSG00000104213.13,0.8610988830801368
1071,ENSG00000127951.8,0.8593370394565597
1072,ENSG00000157613.11,0.8593299507854604
1073,ENSG00000165556.10,0.8591281720462028
1074,ENSG00000140285.12,0.8584015393020201
1075,ENSG00000184363.10,0.858191566769225
1076,ENSG00000152377.14,0.857894574074335
1077,ENSG00000167183.3,0.8574423425002502
1078,ENSG00000164690.8,0.8572337764522796
1079,ENSG00000140379.9,0.8563391301671262
1080,ENSG00000197506.8,0.8562952221669806
1081,ENSG00000160868.15,0.8548244494537938
1082,ENSG00000163286.9,0.8547164156745072
1083,ENSG00000044524.11,0.854398946652423
1084,ENSG00000100290.3,0.8542578606621306
1085,ENSG00000128567.17,0.853991812012683
1086,ENSG00000116285.13,0.8539050331252215
1087,ENSG00000103257.9,0.8537985409705378
1088,ENSG00000172156.4,0.8537601358590382
1089,ENSG00000166869.3,0.8536172922262059
1090,ENSG00000105963.15,0.852867802387672
1091,ENSG00000107242.20,0.8526178936166195
1092,ENSG00000183971.10,0.8525014034319139
1093,ENSG00000102962.5,0.8508163771360227
1094,ENSG00000260027.5,0.8504763417072084
1095,ENSG00000172238.6,0.850251767375906
1096,ENSG00000152583.12,0.8496482765223294
1097,ENSG00000176920.13,0.8495597175554596
1098,ENSG00000113083.15,0.8493251870021745
1099,ENSG00000132470.14,0.849324391847599
1100,ENSG00000147168.13,0.8491144379221205
1101,ENSG00000106624.11,0.8491062209585127
1102,ENSG00000111863.13,0.8485009503221799
1103,ENSG00000132872.12,0.8482743709737613
1104,ENSG00000159763.4,0.8476279729208006
1105,ENSG00000141738.14,0.8475217561632669
1106,ENSG00000169174.11,0.84630064846605
1107,ENSG00000100342.21,0.8458734271579782
1108,ENSG00000125775.15,0.8453321012818327
1109,ENSG00000163347.6,0.8448434242942251
1110,ENSG00000147257.15,0.8446708778898444
1111,ENSG00000120129.6,0.8446677204883114
1112,ENSG00000168743.13,0.8443021976864203
1113,ENSG00000089127.14,0.8437550990453624
1114,ENSG00000170962.13,0.8434008347134809
1115,ENSG00000119547.6,0.8429899946187994
1116,ENSG00000170801.10,0.8423036166131461
1117,ENSG00000124429.18,0.8413990097308404
1118,ENSG00000169242.12,0.8411552252269786
1119,ENSG00000168528.12,0.8401593900910178
1120,ENSG00000159224.4,0.8401390781989484
1121,ENSG00000204644.10,0.8396692310168965
1122,ENSG00000204618.8,0.8391792176234807
1123,ENSG00000118898.16,0.8368607780662645
1124,ENSG00000117525.14,0.8359457366538758
1125,ENSG00000175063.17,0.8357264283352678
1126,ENSG00000212907.2,0.8350898201553535
1127,ENSG00000188157.15,0.8345954642828675
1128,ENSG00000112799.9,0.8345246541710257
1129,ENSG00000111057.11,0.8344092737921095
1130,ENSG00000154330.13,0.8342949828357682
1131,ENSG00000197956.10,0.8342041830520095
1132,ENSG00000187193.9,0.8332715931676405
1133,ENSG00000137965.11,0.8325421523246102
1134,ENSG00000054179.12,0.8323597700311967
1135,ENSG00000053918.18,0.8320044178762805
1136,ENSG00000172889.16,0.8313595283275236
1137,ENSG00000011600.12,0.8312130359653531
1138,ENSG00000115255.12,0.83119587353671
1139,ENSG00000197405.8,0.8305295940887816
1140,ENSG00000125726.11,0.8305157923124189
1141,ENSG00000116176.6,0.8301060860036718
1142,ENSG00000106772.18,0.8298040282159032
1143,ENSG00000110079.18,0.8295803046279764
1144,ENSG00000073605.18,0.8290168354808041
1145,ENSG00000185633.10,0.827737859987478
1146,ENSG00000089472.16,0.8276457129374317
1147,ENSG00000163909.8,0.8273135519055322
1148,ENSG00000136859.10,0.8270585136962676
1149,ENSG00000184347.15,0.8262176046881853
1150,ENSG00000105989.10,0.8258450389244696
1151,ENSG00000134917.10,0.8255142230551924
1152,ENSG00000172543.8,0.824977252855221
1153,ENSG00000159399.10,0.8233943330870684
1154,ENSG00000139292.13,0.8232203354891593
1155,ENSG00000160161.9,0.8219631948326104
1156,ENSG00000174697.5,0.821599103005994
1157,ENSG00000163520.14,0.8212509924233754
1158,ENSG00000162511.8,0.8207895353265372
1159,ENSG00000176907.5,0.82053432845982
1160,ENSG00000161638.11,0.8205046973207976
1161,ENSG00000116741.8,0.8202336414484684
1162,ENSG00000172236.18,0.8193760942518183
1163,ENSG00000172367.16,0.818324341745231
1164,ENSG00000136842.14,0.8179447712323499
1165,ENSG00000185215.11,0.8178680637756911
1166,ENSG00000187689.10,0.8176157026077208
1167,ENSG00000160255.18,0.817612327394438
1168,ENSG00000005102.14,0.8168256825914514
1169,ENSG00000163563.8,0.816294581131365
1170,ENSG00000176092.16,0.8154102036901283
1171,ENSG00000103942.13,0.8152437957442699
1172,ENSG00000150556.17,0.8152283620169368
1173,ENSG00000169436.17,0.814638431091329
1174,ENSG00000175463.12,0.81363474816413
1175,ENSG00000198125.13,0.8132777685720275
1176,ENSG00000196924.19,0.8130774045180279
1177,ENSG00000153292.16,0.8128684084104789
1178,ENSG00000143387.14,0.8123163238839339
1179,ENSG00000146477.6,0.8119980785068195
1180,ENSG00000142619.4,0.8118932704092641
1181,ENSG00000173376.14,0.8109959445906691
1182,ENSG00000138722.10,0.8097730085183286
1183,ENSG00000176454.14,0.8096609879319736
1184,ENSG00000100368.14,0.8091710951929947
1185,ENSG00000123243.15,0.8081375189695726
1186,ENSG00000129946.10,0.8079346749817747
1187,ENSG00000103534.17,0.8071845758427785
1188,ENSG00000175906.5,0.8070794241889827
1189,ENSG00000171051.9,0.8061000874256026
1190,ENSG00000106066.15,0.8058164803648165
1191,ENSG00000163623.9,0.8050226957975404
1192,ENSG00000100234.12,0.8048809220552683
1193,ENSG00000134198.10,0.8038960692984746
1194,ENSG00000136490.9,0.8035293196390502
1195,ENSG00000163435.16,0.8027256184096337
1196,ENSG00000106031.9,0.8022975203371084
1197,ENSG00000142273.13,0.8018081908868894
1198,ENSG00000171812.13,0.8013580017122013
1199,ENSG00000168243.11,0.8010614462197637
1200,ENSG00000168497.5,0.7998617572872984
1201,ENSG00000180353.11,0.7993241983304182
1202,ENSG00000106003.13,0.7992104925352909
1203,ENSG00000145506.14,0.7991882274977598
1204,ENSG00000158715.6,0.7983923581665231
1205,ENSG00000099985.4,0.798149113822954
1206,ENSG00000174640.15,0.7977227631727722
1207,ENSG00000176971.4,0.7976063170592234
1208,ENSG00000135324.6,0.7968733830405383
1209,ENSG00000123496.8,0.7963665197298336
1210,ENSG00000128016.7,0.7961676260335747
1211,ENSG00000164078.13,0.7958317043010326
1212,ENSG00000136068.15,0.7953690610249391
1213,ENSG00000175600.16,0.795223930834464
1214,ENSG00000038945.15,0.7943014884605708
1215,ENSG00000147571.5,0.7936082804529085
1216,ENSG00000167895.15,0.7935037355982343
1217,ENSG00000083454.22,0.7931118833808312
1218,ENSG00000005001.10,0.7922136216895214
1219,ENSG00000185507.21,0.7916342031937472
1220,ENSG00000235162.9,0.7914830344590372
1221,ENSG00000104415.14,0.7913773261762052
1222,ENSG00000149260.18,0.7912865926150721
1223,ENSG00000180573.9,0.791270233287404
1224,ENSG00000214274.10,0.7906934170756145
1225,ENSG00000102575.13,0.7903114717955295
1226,ENSG00000074211.14,0.790089464702932
1227,ENSG00000134363.12,0.7891518750589752
1228,ENSG00000198695.2,0.7890323203076725
1229,ENSG00000155918.8,0.7886962920065753
1230,ENSG00000085265.11,0.7884070146831709
1231,ENSG00000106089.12,0.7878527130765838
1232,ENSG00000128311.14,0.787750223839548
1233,ENSG00000101825.8,0.7874754533928054
1234,ENSG00000135074.16,0.7874721933330882
1235,ENSG00000119699.8,0.7873874199482923
1236,ENSG00000184163.3,0.7873453770497247
1237,ENSG00000171246.6,0.7866822420749392
1238,ENSG00000164176.13,0.7857281970400842
1239,ENSG00000088002.12,0.7853987413477334
1240,ENSG00000223865.11,0.7850067290486961
1241,ENSG00000161405.17,0.7835396378818018
1242,ENSG00000123610.5,0.7828442605961864
1243,ENSG00000156413.14,0.782423073510693
1244,ENSG00000103044.11,0.7815049337865562
1245,ENSG00000070031.4,0.7810495096598975
1246,ENSG00000165644.11,0.780560882981651
1247,ENSG00000171819.5,0.7803734387110675
1248,ENSG00000131459.13,0.779908989856115
1249,ENSG00000158406.5,0.7799018104130461
1250,ENSG00000116031.9,0.77971109345338
1251,ENSG00000146197.9,0.7789358311142274
1252,ENSG00000183607.10,0.7787515308530695
1253,ENSG00000090530.10,0.7782048342173428
1254,ENSG00000128268.12,0.7781890866246775
1255,ENSG00000266714.9,0.7778622618750429
1256,ENSG00000179772.8,0.7774263786217047
1257,ENSG00000085552.17,0.7767275673662534
1258,ENSG00000174567.8,0.7765347022633642
1259,ENSG00000111796.4,0.7764882391333189
1260,ENSG00000143416.21,0.7763017243821243
1261,ENSG00000111186.13,0.7758370983259932
1262,ENSG00000124225.16,0.7749885406270616
1263,ENSG00000007516.14,0.7746668888166864
1264,ENSG00000197540.8,0.7741640512411555
1265,ENSG00000275410.5,0.7740493365070561
1266,ENSG00000115112.8,0.7740255191935331
1267,ENSG00000122877.16,0.7735085717855347
1268,ENSG00000181019.13,0.7724727196491868
1269,ENSG00000186204.15,0.7715465046067649
1270,ENSG00000197142.10,0.7714875495623978
1271,ENSG00000187134.14,0.7714437195339557
1272,ENSG00000153234.15,0.7709064477195283
1273,ENSG00000115085.14,0.7704091148309548
1274,ENSG00000135046.14,0.7702994349812643
1275,ENSG00000126218.12,0.7701364513178978
1276,ENSG00000137491.15,0.7696729238520704
1277,ENSG00000140968.11,0.7687070837491694
1278,ENSG00000164379.7,0.7681805313368067
1279,ENSG00000175311.7,0.7678461243826142
1280,ENSG00000147676.14,0.7672901717398981
1281,ENSG00000145703.16,0.767202908966883
1282,ENSG00000132746.15,0.76707662343636
1283,ENSG00000166741.8,0.7669076541762557
1284,ENSG00000116132.12,0.7665363414986006
1285,ENSG00000213822.6,0.7655598562596181
1286,ENSG00000184113.9,0.7653620324494098
1287,ENSG00000035720.8,0.7650245238876089
1288,ENSG00000196092.14,0.7649577036061633
1289,ENSG00000126803.9,0.7641104997050416
1290,ENSG00000049089.15,0.7634542986927719
1291,ENSG00000080031.10,0.7628913299576013
1292,ENSG00000137331.12,0.7628314801341382
1293,ENSG00000107485.18,0.7621223175593553
1294,ENSG00000175928.6,0.7619666867526361
1295,ENSG00000103569.10,0.7617666993265837
1296,ENSG00000178531.6,0.7616325014149571
1297,ENSG00000187017.17,0.7615399102175363
1298,ENSG00000131435.13,0.7614210947036174
1299,ENSG00000020633.19,0.7612565154646991
1300,ENSG00000182578.14,0.7608066523927247
1301,ENSG00000154451.14,0.7606670086010775
1302,ENSG00000093072.18,0.7605275095145858
1303,ENSG00000113140.11,0.7598031970831046
1304,ENSG00000149922.11,0.7596256591117846
1305,ENSG00000131471.7,0.759289089045468
1306,ENSG00000170915.9,0.7592014059271691
1307,ENSG00000108176.15,0.7590345390023039
1308,ENSG00000162493.16,0.7582661222034126
1309,ENSG00000115616.3,0.7579231080470512
1310,ENSG00000127129.10,0.757725131319875
1311,ENSG00000095917.14,0.7574119560677566
1312,ENSG00000108405.4,0.7573340918715437
1313,ENSG00000124143.10,0.7571069501441109
1314,ENSG00000182809.11,0.7570589072876435
1315,ENSG00000088926.14,0.7569758352292235
1316,ENSG00000124253.11,0.7563822803033986
1317,ENSG00000115884.11,0.7563632183379864
1318,ENSG00000092929.12,0.75610428954992
1319,ENSG00000112699.11,0.7559620771526857
1320,ENSG00000170558.10,0.7554868743366995
1321,ENSG00000102878.17,0.7552704321046186
1322,ENSG00000177076.6,0.754696558573517
1323,ENSG00000121742.19,0.7542587609665283
1324,ENSG00000179388.9,0.7538355998231457
1325,ENSG00000166033.13,0.7537041300084214
1326,ENSG00000148735.15,0.7532885200106205
1327,ENSG00000129009.13,0.7524332636803795
1328,ENSG00000043039.7,0.7523163963878557
1329,ENSG00000131620.17,0.7518150976058187
1330,ENSG00000139629.16,0.751725144416381
1331,ENSG00000141401.12,0.7513738593811664
1332,ENSG00000196196.3,0.7512209506629841
1333,ENSG00000110077.14,0.7505674421235129
1334,ENSG00000101311.16,0.7499242164615408
1335,ENSG00000152766.6,0.7495169861307228
1336,ENSG00000184515.11,0.749503619864467
1337,ENSG00000075223.14,0.7493152868512363
1338,ENSG00000115008.6,0.7492468567569454
1339,ENSG00000084734.9,0.7491658122889062
1340,ENSG00000169908.12,0.7490116093226977
1341,ENSG00000143502.15,0.748968558089552
1342,ENSG00000162069.16,0.7488678033042881
1343,ENSG00000121898.13,0.7476338319550264
1344,ENSG00000198771.11,0.7474363972450163
1345,ENSG00000173762.8,0.7474001048606495
1346,ENSG00000198417.7,0.7455996975896291
1347,ENSG00000117707.16,0.7451171500024145
1348,ENSG00000205517.13,0.7443212064139265
1349,ENSG00000204991.11,0.7436123168837508
1350,ENSG00000167861.16,0.7432049116468687
1351,ENSG00000196136.18,0.741894286646788
1352,ENSG00000163497.3,0.7412941247335486
1353,ENSG00000124490.14,0.7406723825626005
1354,ENSG00000130164.14,0.7401616433956808
1355,ENSG00000104826.15,0.7395307714711993
1356,ENSG00000025708.14,0.7387823732874171
1357,ENSG00000172005.11,0.7387073132904787
1358,ENSG00000155926.14,0.7385010099568198
1359,ENSG00000164283.13,0.7381237057946793
1360,ENSG00000145198.14,0.7380135206226472
1361,ENSG00000134326.11,0.7376679432771716
1362,ENSG00000110628.16,0.7374162992669401
1363,ENSG00000015285.11,0.7372269376107214
1364,ENSG00000002587.10,0.7368969785240553
1365,ENSG00000188042.8,0.7362700439952496
1366,ENSG00000023445.16,0.7360466927285024
1367,ENSG00000164626.9,0.7357705101957115
1368,ENSG00000122254.7,0.735369294647963
1369,ENSG00000149150.9,0.7353585548637201
1370,ENSG00000140092.14,0.7341925254669316
1371,ENSG00000079931.15,0.7341214694990833
1372,ENSG00000182175.14,0.7340271913505282
1373,ENSG00000116774.12,0.7339032588262904
1374,ENSG00000014914.21,0.7338457261678493
1375,ENSG00000129538.14,0.7334945490527786
1376,ENSG00000104549.12,0.7334928771436916
1377,ENSG00000026751.17,0.7334883553142474
1378,ENSG00000147394.18,0.7333069171492848
1379,ENSG00000169116.11,0.7331508681210233
1380,ENSG00000157017.16,0.7327408916213562
1381,ENSG00000125910.6,0.7324569333512919
1382,ENSG00000151365.2,0.7321114355583995
1383,ENSG00000104723.21,0.7320258961758346
1384,ENSG00000188624.3,0.7318554336174252
1385,ENSG00000168389.18,0.7318404043194128
1386,ENSG00000275993.3,0.7314539512928802
1387,ENSG00000100448.4,0.731393194671654
1388,ENSG00000132170.23,0.730775987320057
1389,ENSG00000107295.10,0.7303492146742874
1390,ENSG00000007952.18,0.7301173705311306
1391,ENSG00000130707.18,0.72954339720977
1392,ENSG00000164400.6,0.7294020398757096
1393,ENSG00000103196.12,0.7287893179890911
1394,ENSG00000178623.12,0.7285671488133522
1395,ENSG00000086205.18,0.7285464046197206
1396,ENSG00000168679.18,0.7281159883303545
1397,ENSG00000104814.13,0.7275059254415939
1398,ENSG00000143412.10,0.7268967721749606
1399,ENSG00000174348.14,0.7265746136171438
1400,ENSG00000117122.14,0.7265471220606584
1401,ENSG00000078081.8,0.7263967865877161
1402,ENSG00000158106.14,0.7261016906338659
1403,ENSG00000166391.15,0.7258901285302997
1404,ENSG00000183018.9,0.7251857070595513
1405,ENSG00000204291.11,0.7248925279584074
1406,ENSG00000078589.13,0.7239669821447777
1407,ENSG00000179913.11,0.7233501553800222
1408,ENSG00000184012.13,0.7231323448042263
1409,ENSG00000157992.12,0.7226848665049529
1410,ENSG00000153064.12,0.7223931336469606
1411,ENSG00000112149.10,0.7221513300650254
1412,ENSG00000172935.9,0.7213179020098902
1413,ENSG00000132386.11,0.7213092272748983
1414,ENSG00000114631.11,0.7203314423219035
1415,ENSG00000271824.2,0.7191271017654416
1416,ENSG00000156675.16,0.7190525960558392
1417,ENSG00000122786.20,0.7187238656212939
1418,ENSG00000120457.12,0.7171958351050471
1419,ENSG00000102287.19,0.7171023591310084
1420,ENSG00000133985.3,0.7168971670919932
1421,ENSG00000162576.17,0.7167936980172651
1422,ENSG00000113070.8,0.7165104619918939
1423,ENSG00000173621.9,0.7149678494982775
1424,ENSG00000117399.14,0.7144746678196042
1425,ENSG00000183778.17,0.7141938306556692
1426,ENSG00000152779.14,0.714183423366717
1427,ENSG00000184995.7,0.7139492371968506
1428,ENSG00000102934.10,0.7135361314244368
1429,ENSG00000162433.15,0.7131570745150567
1430,ENSG00000135424.18,0.7129606183675226
1431,ENSG00000164877.19,0.7129239212100351
1432,ENSG00000166501.14,0.7125068268829995
1433,ENSG00000106404.14,0.7125006191987228
1434,ENSG00000158481.13,0.7123876763154376
1435,ENSG00000130700.7,0.7122607620348455
1436,ENSG00000163581.14,0.7119139962917834
1437,ENSG00000171659.15,0.7114360238673298
1438,ENSG00000105246.6,0.7109037149751459
1439,ENSG00000184557.4,0.7106782220822921
1440,ENSG00000095637.22,0.7106645957638963
1441,ENSG00000184160.8,0.7104927286114908
1442,ENSG00000010610.10,0.7102969352142711
1443,ENSG00000160307.10,0.7100362167963029
1444,ENSG00000133135.14,0.7096994314012489
1445,ENSG00000188487.12,0.7095355674430962
1446,ENSG00000136250.12,0.7095270248839097
1447,ENSG00000177989.13,0.7093858240299854
1448,ENSG00000174021.11,0.7088464614096279
1449,ENSG00000162747.12,0.7085266594365782
1450,ENSG00000029559.7,0.7084796746048381
1451,ENSG00000198794.12,0.7081036520373739
1452,ENSG00000018236.15,0.7077055302808993
1453,ENSG00000198888.2,0.7074798900124978
1454,ENSG00000126368.6,0.7073870192648817
1455,ENSG00000100097.12,0.7070568397284068
1456,ENSG00000088827.12,0.707023538002093
1457,ENSG00000110876.10,0.7061849340798857
1458,ENSG00000157514.16,0.7057344552974809
1459,ENSG00000204472.13,0.7050761845875441
1460,ENSG00000171860.5,0.7049867358824091
1461,ENSG00000172020.13,0.7047981733376043
1462,ENSG00000101265.16,0.704512783709939
1463,ENSG00000111331.13,0.7043790762783814
1464,ENSG00000167641.11,0.7042800321385302
1465,ENSG00000124003.13,0.7042118231377558
1466,ENSG00000095752.7,0.7041459991175603
1467,ENSG00000110492.15,0.7036272177116762
1468,ENSG00000176485.12,0.7035601334881256
1469,ENSG00000259120.3,0.7032014568784891
1470,ENSG00000242574.9,0.7027735093988133
1471,ENSG00000101445.10,0.7026039332511472
1472,ENSG00000151388.11,0.7022554119000468
1473,ENSG00000149131.17,0.7020526598653974
1474,ENSG00000085563.15,0.7017630295818735
1475,ENSG00000178026.13,0.7017536263931372
1476,ENSG00000163884.4,0.7015950848520115
1477,ENSG00000092758.18,0.7007184712620856
1478,ENSG00000179546.4,0.7004462234471982
1479,ENSG00000178773.15,0.7004244091211222
1480,ENSG00000143226.15,0.7003551795849405
1481,ENSG00000205436.7,0.7001233935244674
1482,ENSG00000108187.16,0.6995203263691928
1483,ENSG00000189366.9,0.6989702025687144
1484,ENSG00000197888.2,0.698736334211653
1485,ENSG00000005187.12,0.6986133360592491
1486,ENSG00000183813.7,0.6986068478348563
1487,ENSG00000141854.9,0.6985800515194587
1488,ENSG00000124920.14,0.6985751593741757
1489,ENSG00000006210.7,0.6984401743806468
1490,ENSG00000160883.11,0.6980537870607038
1491,ENSG00000101144.13,0.6979965232840278
1492,ENSG00000136720.7,0.6978781185378236
1493,ENSG00000119514.7,0.6976111975511757
1494,ENSG00000105289.15,0.6975271373835864
1495,ENSG00000174946.7,0.6972069690339717
1496,ENSG00000158467.16,0.6966976307345591
1497,ENSG00000060982.15,0.6964426500808031
1498,ENSG00000276180.1,0.6963180313542027
1499,ENSG00000148826.9,0.6961365830017223
1500,ENSG00000166831.9,0.6960340338456205
1501,ENSG00000142227.11,0.6959172563523975
1502,ENSG00000263961.8,0.695888212901661
1503,ENSG00000182162.11,0.6954254350995982
1504,ENSG00000167900.12,0.6951512186982627
1505,ENSG00000170927.15,0.6947149401016454
1506,ENSG00000149573.9,0.6945435957984605
1507,ENSG00000198756.12,0.694339210491368
1508,ENSG00000059915.17,0.693755846028176
1509,ENSG00000154175.18,0.6936703464744818
1510,ENSG00000106211.10,0.6928175277662805
1511,ENSG00000009765.15,0.6927435669267268
1512,ENSG00000185303.17,0.6926819830061091
1513,ENSG00000177511.6,0.6926134834032778
1514,ENSG00000011028.14,0.6915081757583695
1515,ENSG00000185432.12,0.6903313080469569
1516,ENSG00000144485.11,0.6901754441000698
1517,ENSG00000102003.11,0.6899428471396587
1518,ENSG00000159409.15,0.689745434656222
1519,ENSG00000165078.13,0.6894518488015492
1520,ENSG00000099194.6,0.6891135892976098
1521,ENSG00000176170.14,0.6890882816638104
1522,ENSG00000157150.5,0.6885286642676032
1523,ENSG00000183963.19,0.6883451120378566
1524,ENSG00000183508.5,0.6882007187464287
1525,ENSG00000164038.16,0.6880947353511748
1526,ENSG00000275832.5,0.6880327414244777
1527,ENSG00000133574.10,0.687940700562312
1528,ENSG00000070019.5,0.6877151038135405
1529,ENSG00000197106.7,0.6876121439816301
1530,ENSG00000077420.16,0.6874191616265177
1531,ENSG00000136881.12,0.6862939131762507
1532,ENSG00000185811.19,0.685940416902672
1533,ENSG00000120149.9,0.6848024229774073
1534,ENSG00000102554.14,0.6845124099896281
1535,ENSG00000188549.12,0.6838354976800929
1536,ENSG00000170421.12,0.6837613046442731
1537,ENSG00000059728.11,0.6837254644281078
1538,ENSG00000152137.8,0.6836211265684381
1539,ENSG00000142515.15,0.6836203452507933
1540,ENSG00000146205.14,0.6835807410229827
1541,ENSG00000066336.12,0.6832791153999996
1542,ENSG00000154277.13,0.6831474336850015
1543,ENSG00000134460.18,0.6828325155988674
1544,ENSG00000102010.15,0.6826778484854091
1545,ENSG00000204544.5,0.682515384436405
1546,ENSG00000069482.7,0.6824548493407269
1547,ENSG00000105122.13,0.6815236007955285
1548,ENSG00000167483.19,0.6814189511292222
1549,ENSG00000179292.5,0.6811781312651779
1550,ENSG00000162654.9,0.6808150976054351
1551,ENSG00000141574.8,0.6798454258783729
1552,ENSG00000176788.9,0.6796334983050077
1553,ENSG00000152804.11,0.6795743478940571
1554,ENSG00000133561.15,0.6794340632235252
1555,ENSG00000187699.10,0.6786145584369537
1556,ENSG00000196569.13,0.6785827863868806
1557,ENSG00000108342.13,0.6780275681055121
1558,ENSG00000138472.11,0.6769810725493128
1559,ENSG00000006016.11,0.6768939875853719
1560,ENSG00000189221.10,0.6762443712319636
1561,ENSG00000162614.19,0.6754859214307579
1562,ENSG00000182871.16,0.6754740570349219
1563,ENSG00000129194.8,0.6748873078447896
1564,ENSG00000163898.10,0.6743119641689
1565,ENSG00000156535.15,0.6736783827086769
1566,ENSG00000163207.7,0.6732388232389016
1567,ENSG00000134531.10,0.672986577723997
1568,ENSG00000120659.15,0.6728819157722284
1569,ENSG00000099960.13,0.6728034628484241
1570,ENSG00000170961.7,0.672538102170451
1571,ENSG00000049130.16,0.6724202494463944
1572,ENSG00000162745.10,0.6722930320149517
1573,ENSG00000149948.14,0.6722851683263213
1574,ENSG00000148798.11,0.6721538767230109
1575,ENSG00000178878.13,0.6721508550881495
1576,ENSG00000241106.8,0.6718894984330235
1577,ENSG00000137841.12,0.6717256938219185
1578,ENSG00000122756.15,0.6716880819400698
1579,ENSG00000011426.11,0.6715075801401172
1580,ENSG00000164488.12,0.6713485671095768
1581,ENSG00000082074.19,0.6708343123821477
1582,ENSG00000060656.20,0.6707429510805786
1583,ENSG00000156510.13,0.6703463751823795
1584,ENSG00000160796.18,0.6699135554171964
1585,ENSG00000275302.2,0.6692059913905672
1586,ENSG00000106333.13,0.6690802457202064
1587,ENSG00000072954.7,0.6690738057104059
1588,ENSG00000072818.12,0.6689314210245878
1589,ENSG00000168140.5,0.6688413623906769
1590,ENSG00000104951.16,0.668512060155333
1591,ENSG00000178750.3,0.6678398445293241
1592,ENSG00000124785.9,0.6677523373588654
1593,ENSG00000196917.6,0.6676672014512887
1594,ENSG00000113263.13,0.6672599877440921
1595,ENSG00000136379.12,0.6671905639997284
1596,ENSG00000091129.21,0.6670926574345416
1597,ENSG00000117152.14,0.667044149608924
1598,ENSG00000124731.13,0.6668800719021621
1599,ENSG00000118729.12,0.666559387700559
1600,ENSG00000164171.11,0.6661170700817846
1601,ENSG00000130755.13,0.6659624012775516
1602,ENSG00000187486.5,0.6658960371196393
1603,ENSG00000021300.14,0.6654675933477053
1604,ENSG00000120068.7,0.6649851015544269
1605,ENSG00000117984.15,0.6642176369417416
1606,ENSG00000163923.10,0.6641550848015247
1607,ENSG00000181218.5,0.6633821688974467
1608,ENSG00000186517.14,0.6630459616152181
1609,ENSG00000138135.7,0.6629448102328973
1610,ENSG00000170458.14,0.6628437067494428
1611,ENSG00000158477.7,0.6626751306698607
1612,ENSG00000115107.20,0.6620817305094922
1613,ENSG00000141293.16,0.661672658094485
1614,ENSG00000135253.15,0.661379817223157
1615,ENSG00000174827.14,0.6611510235060795
1616,ENSG00000123342.16,0.6608475052062923
1617,ENSG00000130762.15,0.6607784703901891
1618,ENSG00000254415.3,0.6604153261863668
1619,ENSG00000184887.13,0.6602913837452244
1620,ENSG00000196139.14,0.659554464069957
1621,ENSG00000130222.11,0.6586051019557515
1622,ENSG00000095539.15,0.6577000026274032
1623,ENSG00000224389.9,0.6571788291039103
1624,ENSG00000005844.19,0.6569009457279887
1625,ENSG00000221978.12,0.6568144023097081
1626,ENSG00000066468.23,0.6566595516234948
1627,ENSG00000174807.4,0.6565171075473857
1628,ENSG00000147813.16,0.6564178833364442
1629,ENSG00000160183.17,0.656228779358732
1630,ENSG00000168918.14,0.6561511623418271
1631,ENSG00000163815.6,0.6556850448640682
1632,ENSG00000156127.8,0.6556719127656422
1633,ENSG00000141736.14,0.6555310418391741
1634,ENSG00000118503.15,0.6551593209991722
1635,ENSG00000139970.17,0.6549519931236844
1636,ENSG00000088325.16,0.6544440706190645
1637,ENSG00000130508.11,0.6543251369093513
1638,ENSG00000012504.15,0.6542217554315495
1639,ENSG00000123338.13,0.6541676246100814
1640,ENSG00000174099.12,0.6540171856460851
1641,ENSG00000062524.16,0.6537141586120638
1642,ENSG00000134107.5,0.6534673663931829
1643,ENSG00000175265.17,0.6534175629960778
1644,ENSG00000130294.17,0.6525139878183533
1645,ENSG00000006327.14,0.6521663478406611
1646,ENSG00000110092.4,0.6517847605414803
1647,ENSG00000007908.16,0.6517274530167556
1648,ENSG00000106538.10,0.6515478256110118
1649,ENSG00000142798.20,0.6514848461530914
1650,ENSG00000132561.14,0.6513826847302602
1651,ENSG00000108846.16,0.6513197698065399
1652,ENSG00000077157.22,0.6512547566000172
1653,ENSG00000008394.13,0.6508296958240529
1654,ENSG00000196975.16,0.6508089638235292
1655,ENSG00000185101.13,0.6498146338741765
1656,ENSG00000169856.9,0.6492689493636618
1657,ENSG00000049323.16,0.6486589582563547
1658,ENSG00000101104.13,0.6484635079489386
1659,ENSG00000109610.6,0.6482130023201992
1660,ENSG00000142910.16,0.6477803001151192
1661,ENSG00000099866.15,0.6477160437926361
1662,ENSG00000104881.16,0.6476425377721667
1663,ENSG00000122679.8,0.6476238471633636
1664,ENSG00000124635.9,0.6474643864528222
1665,ENSG00000132329.11,0.6472099841474416
1666,ENSG00000197261.11,0.6471696392908569
1667,ENSG00000170577.8,0.6470234711828994
1668,ENSG00000162877.13,0.6469208924334313
1669,ENSG00000130592.17,0.646874536409235
1670,ENSG00000135052.16,0.646827626690325
1671,ENSG00000100300.18,0.6467241068410422
1672,ENSG00000197046.12,0.6465761575250644
1673,ENSG00000105357.19,0.6463034733310308
1674,ENSG00000177943.14,0.6454735953695566
1675,ENSG00000016082.15,0.6452569558969684
1676,ENSG00000167105.8,0.6448038555405163
1677,ENSG00000135842.17,0.6445862344330556
1678,ENSG00000175416.16,0.6440788601633396
1679,ENSG00000120756.13,0.6440670695682101
1680,ENSG00000044012.4,0.6437055792957024
1681,ENSG00000130702.15,0.642995372317925
1682,ENSG00000180096.12,0.6424792623609633
1683,ENSG00000146013.11,0.6420099089319188
1684,ENSG00000198786.2,0.6419428948615591
1685,ENSG00000090339.9,0.6419222961439812
1686,ENSG00000099994.11,0.6415820823113477
1687,ENSG00000169692.13,0.641562978574729
1688,ENSG00000235098.8,0.6411372520017481
1689,ENSG00000132744.8,0.641089589591177
1690,ENSG00000078098.14,0.6407328388643763
1691,ENSG00000157315.5,0.6404502755327297
1692,ENSG00000064651.14,0.6403948061613345
1693,ENSG00000172602.11,0.6403572742180716
1694,ENSG00000137101.13,0.6403094258707754
1695,ENSG00000136960.13,0.6400111491091505
1696,ENSG00000250366.3,0.6393000799843884
1697,ENSG00000080573.7,0.6392434354162321
1698,ENSG00000158292.7,0.638867584358211
1699,ENSG00000273802.2,0.6387897016141061
1700,ENSG00000046604.13,0.6387392266184981
1701,ENSG00000212864.3,0.6385961547848653
1702,ENSG00000101057.16,0.6384986578937282
1703,ENSG00000140519.14,0.6384221756216522
1704,ENSG00000101076.17,0.6380354284914661
1705,ENSG00000069535.14,0.6379531997108631
1706,ENSG00000087116.16,0.6367821952456468
1707,ENSG00000136826.15,0.6367498081906429
1708,ENSG00000175832.13,0.636706548491053
1709,ENSG00000128242.13,0.6362108396946954
1710,ENSG00000144857.14,0.6361486759292504
1711,ENSG00000162595.7,0.6360269896043638
1712,ENSG00000178209.16,0.635951933798716
1713,ENSG00000103024.7,0.6357120731120982
1714,ENSG00000102096.9,0.635143468648499
1715,ENSG00000198727.2,0.6350837590220021
1716,ENSG00000181085.15,0.634916109217327
1717,ENSG00000198712.1,0.6347738446771563
1718,ENSG00000121577.14,0.6347456342528429
1719,ENSG00000078401.7,0.6347143831181903
1720,ENSG00000187583.11,0.6345569950552412
1721,ENSG00000175287.19,0.6343378965444987
1722,ENSG00000105472.13,0.6341307273693207
1723,ENSG00000136802.12,0.6338401316166622
1724,ENSG00000111913.20,0.6331527310132923
1725,ENSG00000109265.14,0.6331357716416056
1726,ENSG00000140937.14,0.6330296355145228
1727,ENSG00000151651.16,0.6327594255099221
1728,ENSG00000250722.6,0.6326129314946788
1729,ENSG00000167601.12,0.6326033701797409
1730,ENSG00000125848.10,0.6322044239333082
1731,ENSG00000215252.11,0.6316222523745614
1732,ENSG00000184905.9,0.6315631717087036
1733,ENSG00000112096.19,0.6314834459093944
1734,ENSG00000176532.4,0.6306155308308055
1735,ENSG00000198821.11,0.630031962652006
1736,ENSG00000253910.2,0.6299200288675288
1737,ENSG00000101134.12,0.6295748032976082
1738,ENSG00000151892.15,0.6289883748553846
1739,ENSG00000184811.4,0.6289523653302511
1740,ENSG00000143153.13,0.6282943584327617
1741,ENSG00000177106.16,0.6282574437287383
1742,ENSG00000134853.12,0.6282278455952159
1743,ENSG00000188373.5,0.6280353752691504
1744,ENSG00000113657.13,0.6273974454673211
1745,ENSG00000011422.12,0.6273863589695414
1746,ENSG00000173898.14,0.6272976662336593
1747,ENSG00000066230.12,0.6272760246675795
1748,ENSG00000164949.8,0.6270543377726466
1749,ENSG00000181885.18,0.6270431857780853
1750,ENSG00000100385.14,0.6270186494421192
1751,ENSG00000064205.10,0.6269194276789535
1752,ENSG00000095203.14,0.6269098678048342
1753,ENSG00000145284.12,0.626656173840753
1754,ENSG00000049283.18,0.6264309502909421
1755,ENSG00000114251.15,0.6262249221145652
1756,ENSG00000079308.19,0.6261633497469205
1757,ENSG00000175567.11,0.6260263957084535
1758,ENSG00000276070.5,0.6256740907374455
1759,ENSG00000036473.8,0.6254725550487994
1760,ENSG00000127585.12,0.6253440586531502
1761,ENSG00000147027.4,0.625266478996014
1762,ENSG00000158859.10,0.6251012354934831
1763,ENSG00000005513.10,0.6248762854893464
1764,ENSG00000286190.2,0.6243141327598719
1765,ENSG00000182667.14,0.624236487062538
1766,ENSG00000179431.7,0.6241850852156687
1767,ENSG00000188483.8,0.624129154469234
1768,ENSG00000189129.14,0.6238875437940395
1769,ENSG00000100994.12,0.6238701196680748
1770,ENSG00000134463.15,0.6235425900134354
1771,ENSG00000164128.7,0.6230418373093601
1772,ENSG00000173175.15,0.6227927404990778
1773,ENSG00000109113.20,0.6212509089312676
1774,ENSG00000159167.12,0.621197278029264
1775,ENSG00000161249.21,0.6211904321727382
1776,ENSG00000116701.15,0.6208386915268965
1777,ENSG00000159674.12,0.6206495673687181
1778,ENSG00000132854.19,0.6204569424448793
1779,ENSG00000185737.13,0.6198468194493196
1780,ENSG00000111206.13,0.6194656474883945
1781,ENSG00000170909.13,0.6193898717861064
1782,ENSG00000101198.15,0.6191828940101662
1783,ENSG00000187513.9,0.6186209720973403
1784,ENSG00000137628.17,0.6185694332348204
1785,ENSG00000154153.13,0.6184578592627791
1786,ENSG00000204103.4,0.6177718673786918
1787,ENSG00000141744.4,0.6173190161037319
1788,ENSG00000110324.11,0.6173039019569603
1789,ENSG00000004848.8,0.6169381289679865
1790,ENSG00000084070.12,0.6168176912215174
1791,ENSG00000166123.14,0.6163149899821277
1792,ENSG00000164107.9,0.6160358186404863
1793,ENSG00000142765.18,0.6156810543008039
1794,ENSG00000111344.11,0.6156679611869886
1795,ENSG00000161395.14,0.6153363534053337
1796,ENSG00000196711.9,0.6152014865931575
1797,ENSG00000117308.15,0.6151136655244783
1798,ENSG00000254709.8,0.6149917858397117
1799,ENSG00000127533.4,0.6144786324427594
1800,ENSG00000152661.9,0.6143501327672496
1801,ENSG00000159251.8,0.6141709716940923
1802,ENSG00000143110.12,0.6140716516200488
1803,ENSG00000155962.13,0.6139272881470292
1804,ENSG00000184897.6,0.6137393099569273
1805,ENSG00000244731.8,0.613087424321098
1806,ENSG00000159884.12,0.6130653961120761
1807,ENSG00000139044.12,0.612808097869661
1808,ENSG00000142552.8,0.6126465853680337
1809,ENSG00000135750.15,0.6121270192544275
1810,ENSG00000092096.18,0.6121194380676597
1811,ENSG00000171222.10,0.6119616741818444
1812,ENSG00000117228.10,0.6116410480799673
1813,ENSG00000169385.3,0.6113162293205643
1814,ENSG00000269028.3,0.6108403011868486
1815,ENSG00000187244.12,0.6104665036930377
1816,ENSG00000179921.15,0.6103523741485477
1817,ENSG00000137960.6,0.610298602902413
1818,ENSG00000182013.18,0.6099148105217073
1819,ENSG00000164237.9,0.6098465436652958
1820,ENSG00000130558.20,0.6091766637989857
1821,ENSG00000160791.13,0.6088091812130371
1822,ENSG00000167513.9,0.6086750519236835
1823,ENSG00000196923.14,0.608618219000006
1824,ENSG00000128606.13,0.6084768624056841
1825,ENSG00000172508.10,0.6081487181719303
1826,ENSG00000167615.17,0.6080722206555733
1827,ENSG00000006025.12,0.6079838938076512
1828,ENSG00000162733.19,0.6077791890161893
1829,ENSG00000140931.20,0.6075363054609768
1830,ENSG00000132000.13,0.6073688575990831
1831,ENSG00000154553.16,0.6073328225070144
1832,ENSG00000160972.9,0.607178846760734
1833,ENSG00000181458.10,0.607077042969239
1834,ENSG00000168421.13,0.6070141735728747
1835,ENSG00000006747.15,0.6066561061345311
1836,ENSG00000172831.14,0.606428605777888
1837,ENSG00000006453.14,0.6063104241398158
1838,ENSG00000013725.14,0.606005946855868
1839,ENSG00000154589.7,0.6057910444253596
1840,ENSG00000110484.7,0.6054030435945399
1841,ENSG00000152952.12,0.6052801382169835
1842,ENSG00000114013.16,0.6051922010740005
1843,ENSG00000168309.18,0.6050835695860775
1844,ENSG00000124116.19,0.6050108529520732
1845,ENSG00000048740.18,0.6047691702255187
1846,ENSG00000002933.9,0.6045567621101416
1847,ENSG00000165912.16,0.6038936740377902
1848,ENSG00000008323.15,0.6033190044553135
1849,ENSG00000113088.6,0.6029010124996343
1850,ENSG00000174607.11,0.6028081383437218
1851,ENSG00000197859.11,0.602701804694915
1852,ENSG00000132718.9,0.6026468739765766
1853,ENSG00000170989.10,0.6024776272206255
1854,ENSG00000135960.10,0.6024425373365554
1855,ENSG00000131941.8,0.6010598489980237
1856,ENSG00000179954.16,0.6010045450043391
1857,ENSG00000103254.10,0.6009937205053612
1858,ENSG00000138685.17,0.6009162001353602
1859,ENSG00000128274.17,0.6007504097866739
1860,ENSG00000188643.11,0.6006380351123051
1861,ENSG00000130822.16,0.6003774550290258
1862,ENSG00000106034.18,0.6002310533686807
1863,ENSG00000087494.16,0.6001133827748822
1864,ENSG00000105655.19,0.5999530374610835
1865,ENSG00000167702.13,0.5990539518122628
1866,ENSG00000062716.13,0.5987154576885728
1867,ENSG00000149654.11,0.5982365702884125
1868,ENSG00000142178.9,0.5981388800739147
1869,ENSG00000102760.13,0.5980487313327328
1870,ENSG00000136999.5,0.5980209499628798
1871,ENSG00000163874.11,0.5979411833000138
1872,ENSG00000167191.12,0.5979358224631662
1873,ENSG00000106952.7,0.597773025587049
1874,ENSG00000182580.3,0.5976207948540087
1875,ENSG00000204482.11,0.5973903366675556
1876,ENSG00000182326.15,0.5971586250628733
1877,ENSG00000140105.18,0.5968926253739995
1878,ENSG00000108511.10,0.596857755413953
1879,ENSG00000066248.15,0.5968478259234524
1880,ENSG00000140254.12,0.5964466950400746
1881,ENSG00000198840.2,0.5960828804476161
1882,ENSG00000026297.16,0.5958221049999002
1883,ENSG00000101336.17,0.5958106784767861
1884,ENSG00000109107.14,0.5953272726103316
1885,ENSG00000104522.16,0.5952647748581222
1886,ENSG00000160213.9,0.5952535211756774
1887,ENSG00000116106.12,0.595038437896292
1888,ENSG00000186891.14,0.5945616313799569
1889,ENSG00000137251.16,0.5942860465549524
1890,ENSG00000221869.5,0.5942804794073463
1891,ENSG00000156804.7,0.5942556507013471
1892,ENSG00000162006.9,0.5941423172825551
1893,ENSG00000181104.7,0.5941419472404532
1894,ENSG00000214193.11,0.5938040033191575
1895,ENSG00000165140.11,0.5937040293185515
1896,ENSG00000167123.19,0.5936690488138306
1897,ENSG00000133800.9,0.5936135370983749
1898,ENSG00000186377.8,0.5933776714189767
1899,ENSG00000198763.3,0.5932222501203985
1900,ENSG00000214491.8,0.5931340306377194
1901,ENSG00000196549.12,0.5931118978204528
1902,ENSG00000165424.7,0.5929531540744378
1903,ENSG00000197930.13,0.5925873328400827
1904,ENSG00000147872.10,0.5922949296075602
1905,ENSG00000168461.13,0.5919361446416741
1906,ENSG00000172264.17,0.5916871292704264
1907,ENSG00000125534.10,0.5916855037115066
1908,ENSG00000085514.16,0.5915723077839963
1909,ENSG00000182836.10,0.5908674102983562
1910,ENSG00000184564.11,0.5897973773269211
1911,ENSG00000186818.12,0.5896855161634466
1912,ENSG00000145936.9,0.5890214195599448
1913,ENSG00000100979.15,0.5889469808436195
1914,ENSG00000084674.15,0.5886560674538015
1915,ENSG00000101463.6,0.5884453201938025
1916,ENSG00000130988.13,0.5873807767872752
1917,ENSG00000213462.5,0.5872896438239785
1918,ENSG00000135929.9,0.5870854849204962
1919,ENSG00000241644.2,0.5870326137379269
1920,ENSG00000140678.17,0.5868869340226469
1921,ENSG00000167608.12,0.5860971351978042
1922,ENSG00000135077.9,0.5858271741586262
1923,ENSG00000112414.15,0.5857892764881808
1924,ENSG00000180921.7,0.5857002937342648
1925,ENSG00000166428.14,0.5854456886588643
1926,ENSG00000215148.11,0.585143288916583
1927,ENSG00000012779.11,0.5851061770393122
1928,ENSG00000197457.10,0.5849687112799928
1929,ENSG00000122870.12,0.5842882960127007
1930,ENSG00000010310.9,0.5841601474629827
1931,ENSG00000113249.13,0.5840938623660553
1932,ENSG00000157303.11,0.5836033955607491
1933,ENSG00000165124.18,0.5833983198494658
1934,ENSG00000109736.15,0.5833981134750629
1935,ENSG00000129514.8,0.5832819416717424
1936,ENSG00000159184.8,0.5830545792478643
1937,ENSG00000101605.13,0.5826900941400219
1938,ENSG00000119147.10,0.5822169565082492
1939,ENSG00000147454.14,0.5810978564805984
1940,ENSG00000166546.14,0.5807868359102145
1941,ENSG00000115226.10,0.5807293720819708
1942,ENSG00000000938.13,0.5804563011955336
1943,ENSG00000163814.8,0.5799569168763661
1944,ENSG00000005249.13,0.579887200575002
1945,ENSG00000129151.9,0.5797312151520343
1946,ENSG00000173210.20,0.5792406382921128
1947,ENSG00000152669.9,0.5792321177469322
1948,ENSG00000073849.16,0.5791145191983111
1949,ENSG00000174992.8,0.5790041334952557
1950,ENSG00000244486.9,0.5788294330039929
1951,ENSG00000254521.7,0.578647125212292
1952,ENSG00000131477.11,0.5785711580183139
1953,ENSG00000274736.5,0.5783410398251488
1954,ENSG00000163823.4,0.5783001364730502
1955,ENSG00000121769.8,0.5782356596213029
1956,ENSG00000185522.9,0.5778154507296476
1957,ENSG00000169020.10,0.5774212870703428
1958,ENSG00000185156.6,0.5772190610191636
1959,ENSG00000164691.18,0.5768219102182642
1960,ENSG00000064270.13,0.5767337707182304
1961,ENSG00000165655.17,0.5764179307566976
1962,ENSG00000197191.6,0.5764106705005696
1963,ENSG00000104808.8,0.5763729559716136
1964,ENSG00000007402.12,0.5761247000941231
1965,ENSG00000090776.6,0.5761210959588345
1966,ENSG00000170425.3,0.575859396418902
1967,ENSG00000130775.16,0.5757585528032374
1968,ENSG00000010671.16,0.5753455311007455
1969,ENSG00000137501.17,0.5752429248906737
1970,ENSG00000110852.4,0.5752118483154988
1971,ENSG00000223572.10,0.57518152766836
1972,ENSG00000214530.9,0.5746645543607004
1973,ENSG00000157111.13,0.574630423927174
1974,ENSG00000122121.11,0.5745656834983532
1975,ENSG00000140749.9,0.5745533714204841
1976,ENSG00000069702.11,0.5744524573058464
1977,ENSG00000019582.15,0.5743498422706668
1978,ENSG00000147443.13,0.5741907736489209
1979,ENSG00000240694.9,0.5739849446600681
1980,ENSG00000181392.17,0.5739789215528536
1981,ENSG00000170017.12,0.5738378028484449
1982,ENSG00000076826.10,0.5737534607291079
1983,ENSG00000115290.10,0.5735655631719663
1984,ENSG00000167117.10,0.5731600238220697
1985,ENSG00000240065.8,0.5729137884260935
1986,ENSG00000051523.11,0.5728421546860023
1987,ENSG00000163430.12,0.5721860234329951
1988,ENSG00000119919.11,0.5721484223486892
1989,ENSG00000079263.19,0.572053083808457
1990,ENSG00000186603.6,0.5719832751725329
1991,ENSG00000175785.13,0.5717231973593662
1992,ENSG00000135245.10,0.5717102855275309
1993,ENSG00000182492.16,0.5715234226433478
1994,ENSG00000112175.8,0.5713948652847116
1995,ENSG00000153283.13,0.5711958926666558
1996,ENSG00000105088.8,0.5706933445790106
1997,ENSG00000198886.2,0.5702783125639224
1998,ENSG00000107175.12,0.5702517401296674
1999,ENSG00000140526.18,0.5700555686751072
2000,ENSG00000163701.19,0.5698990399771975
2001,ENSG00000138316.11,0.5696320125979694
2002,ENSG00000162543.6,0.5695842431408784
2003,ENSG00000203883.7,0.5694824955015
2004,ENSG00000154096.14,0.5693242460532346
2005,ENSG00000174123.11,0.5692774028883134
2006,ENSG00000105699.16,0.5692259279482051
2007,ENSG00000161714.12,0.5688482151635975
2008,ENSG00000064989.13,0.568814640049384
2009,ENSG00000123329.20,0.568650051772104
2010,ENSG00000118971.9,0.5679976748153425
2011,ENSG00000064886.14,0.5676931892148606
2012,ENSG00000109846.9,0.5674548051355145
2013,ENSG00000163399.16,0.5673425645366726
2014,ENSG00000131015.5,0.5672879446760937
2015,ENSG00000158457.6,0.5672241305883927
2016,ENSG00000108700.5,0.5671991551807287
2017,ENSG00000101255.11,0.5669323957359829
2018,ENSG00000203499.12,0.5666224706847028
2019,ENSG00000153233.13,0.5665497148558283
2020,ENSG00000020181.18,0.5662051500705163
2021,ENSG00000162591.16,0.5660228835949215
2022,ENSG00000170745.12,0.565904895397287
2023,ENSG00000187498.16,0.5658542323523909
2024,ENSG00000197747.9,0.5657553869383608
2025,ENSG00000138115.14,0.5656291630307664
2026,ENSG00000136546.16,0.5655760433305218
2027,ENSG00000124935.4,0.5649753970997142
2028,ENSG00000148053.17,0.564715335867615
2029,ENSG00000041353.10,0.5645254115191706
2030,ENSG00000111674.9,0.5645171389552932
2031,ENSG00000134516.18,0.564437241053564
2032,ENSG00000166523.8,0.5643690677862531
2033,ENSG00000178726.7,0.563695467448648
2034,ENSG00000073282.14,0.5636857254948697
2035,ENSG00000102886.15,0.5635606069553275
2036,ENSG00000175899.15,0.5629300305689091
2037,ENSG00000123999.5,0.5612778423294568
2038,ENSG00000137558.9,0.5606594378612272
2039,ENSG00000137731.14,0.5605328720677535
2040,ENSG00000169851.15,0.5604114276701546
2041,ENSG00000128203.7,0.5603773437762927
2042,ENSG00000174871.11,0.5603474168059002
2043,ENSG00000184828.10,0.5602527551522386
2044,ENSG00000250479.9,0.5602495403204573
2045,ENSG00000176533.13,0.5602402556959585
2046,ENSG00000185686.18,0.5597639042330662
2047,ENSG00000173200.13,0.5597596225409217
2048,ENSG00000119938.9,0.5596775313177877
2049,ENSG00000185201.16,0.5595676864441029
2050,ENSG00000175197.12,0.5594548042217407
2051,ENSG00000163888.4,0.5592376018986512
2052,ENSG00000148803.12,0.5587899088867013
2053,ENSG00000115594.12,0.5586978949084804
2054,ENSG00000125538.12,0.5583795926249538
2055,ENSG00000198753.12,0.558327487399149
2056,ENSG00000173227.14,0.5581764336748405
2057,ENSG00000151617.17,0.557806596595563
2058,ENSG00000180448.10,0.5577413798828238
2059,ENSG00000111199.12,0.5577053609123485
2060,ENSG00000155307.19,0.5574978192091847
2061,ENSG00000131711.15,0.5571467268935225
2062,ENSG00000137265.15,0.557016676026733
2063,ENSG00000112715.25,0.556455135014116
2064,ENSG00000169550.14,0.5564131605265628
2065,ENSG00000165105.10,0.5561620140690481
2066,ENSG00000166816.15,0.5557508158079599
2067,ENSG00000099725.14,0.555450028996226
2068,ENSG00000143851.15,0.5554499160742509
2069,ENSG00000106789.13,0.5553682542353272
2070,ENSG00000186074.19,0.5553266375680286
2071,ENSG00000183722.9,0.5548618382408643
2072,ENSG00000153294.12,0.5548229739271323
2073,ENSG00000074527.13,0.5547047793870873
2074,ENSG00000177363.5,0.554634539060318
2075,ENSG00000092607.15,0.5545710445327302
2076,ENSG00000271605.6,0.5543995085089544
2077,ENSG00000167642.13,0.5543519466725527
2078,ENSG00000079215.14,0.554316074526268
2079,ENSG00000115718.18,0.5540931966480278
2080,ENSG00000165905.18,0.5540158173579962
2081,ENSG00000162951.11,0.5537895251696879
2082,ENSG00000197070.14,0.5536255078925497
2083,ENSG00000168032.10,0.5536187035233909
2084,ENSG00000126262.5,0.5534649084762122
2085,ENSG00000132698.15,0.5534495633766459
2086,ENSG00000135917.16,0.5531798667568549
2087,ENSG00000129038.16,0.5529809258121154
2088,ENSG00000152049.6,0.552761319860673
2089,ENSG00000163131.11,0.5526583836446078
2090,ENSG00000134716.11,0.5525009069258395
2091,ENSG00000180914.10,0.5522852397533126
2092,ENSG00000198938.2,0.5521437338000498
2093,ENSG00000188389.11,0.5520627208104406
2094,ENSG00000278195.2,0.5519154971241059
2095,ENSG00000176749.9,0.551841697647188
2096,ENSG00000115593.15,0.5515313644384441
2097,ENSG00000167614.14,0.5512931081511698
2098,ENSG00000188931.4,0.5511048434423355
2099,ENSG00000107404.20,0.5509587878707756
2100,ENSG00000185002.10,0.5509411643122044
2101,ENSG00000101306.11,0.5506407311252324
2102,ENSG00000084636.18,0.5504645575687567
2103,ENSG00000089012.14,0.5501031121581315
2104,ENSG00000163599.17,0.5500265695057706
2105,ENSG00000119535.18,0.5498217349723711
2106,ENSG00000168077.14,0.5494547928869333
2107,ENSG00000115415.20,0.5493613954422968
2108,ENSG00000159212.13,0.5488961787259555
2109,ENSG00000198768.11,0.5485562013153448
2110,ENSG00000172349.17,0.548430938848075
2111,ENSG00000166828.3,0.5483742006604725
2112,ENSG00000162551.14,0.5481239683868011
2113,ENSG00000104413.18,0.5479765632074335
2114,ENSG00000165188.13,0.547805966596452
2115,ENSG00000018625.15,0.5475667562190468
2116,ENSG00000013297.12,0.5471943308260826
2117,ENSG00000068615.19,0.5470135211398905
2118,ENSG00000113196.3,0.5469944429202862
2119,ENSG00000112655.16,0.54688047870884
2120,ENSG00000105696.9,0.5465907805145629
2121,ENSG00000164611.13,0.5465393749773267
2122,ENSG00000165795.23,0.5460388576584617
2123,ENSG00000136732.16,0.545971781424999
2124,ENSG00000143375.15,0.5458978266259421
2125,ENSG00000183918.17,0.5453129436398555
2126,ENSG00000128815.19,0.5453054871515179
2127,ENSG00000120075.5,0.5452568490201861
2128,ENSG00000108309.14,0.5451531618140757
2129,ENSG00000103460.17,0.5447291188269955
2130,ENSG00000184524.6,0.5446723866875968
2131,ENSG00000188015.10,0.544661125465655
2132,ENSG00000125384.7,0.5444753143024381
2133,ENSG00000161970.15,0.544325215132929
2134,ENSG00000137709.10,0.5438298947119939
2135,ENSG00000183856.11,0.5437992053966436
2136,ENSG00000143797.12,0.543712450852342
2137,ENSG00000128918.15,0.5433926296324445
2138,ENSG00000122176.12,0.5432407700716289
2139,ENSG00000108823.16,0.5432380968088626
2140,ENSG00000134762.17,0.5432293773299857
2141,ENSG00000154930.15,0.5425167700693933
2142,ENSG00000164749.13,0.5422711149640401
2143,ENSG00000185467.7,0.5421983380322553
2144,ENSG00000117115.13,0.5417455022614768
2145,ENSG00000211448.13,0.5409333319415294
2146,ENSG00000180806.5,0.5408087453658685
2147,ENSG00000161677.12,0.5405848924438923
2148,ENSG00000100162.15,0.5405817257703178
2149,ENSG00000002330.14,0.5405441560666935
2150,ENSG00000100628.12,0.5404345878200498
2151,ENSG00000119681.12,0.54028857347245
2152,ENSG00000183044.12,0.5402689881024572
2153,ENSG00000157227.13,0.5399449247345379
2154,ENSG00000072952.19,0.5398409137736842
2155,ENSG00000063660.9,0.5397101540286285
2156,ENSG00000198832.10,0.5396649742687718
2157,ENSG00000136943.11,0.5395939353837185
2158,ENSG00000185290.4,0.5393147864558078
2159,ENSG00000182795.13,0.5392015583744505
2160,ENSG00000167700.9,0.5391748142279966
2161,ENSG00000160856.21,0.539166966414619
2162,ENSG00000183098.11,0.5389441423028656
2163,ENSG00000187840.5,0.5388187437895636
2164,ENSG00000171476.22,0.5387792998949693
2165,ENSG00000163295.5,0.5385091728705556
2166,ENSG00000171551.12,0.5382297818479419
2167,ENSG00000184489.12,0.5381478010282739
2168,ENSG00000196169.15,0.5380633462846152
2169,ENSG00000197408.10,0.5379376080652728
2170,ENSG00000154856.13,0.5377402162643224
2171,ENSG00000100253.13,0.5373737919823796
2172,ENSG00000237289.10,0.537115694036049
2173,ENSG00000159723.5,0.5369436821636125
2174,ENSG00000165799.5,0.536823762927024
2175,ENSG00000162545.6,0.5368196692627437
2176,ENSG00000177202.3,0.5363941951986219
2177,ENSG00000132688.11,0.5358212944809617
2178,ENSG00000167613.16,0.5356652227454027
2179,ENSG00000132274.16,0.5354348621353148
2180,ENSG00000095383.20,0.5343742305475713
2181,ENSG00000116815.16,0.534254976232429
2182,ENSG00000073350.14,0.5339997746490569
2183,ENSG00000152082.15,0.5335804473477851
2184,ENSG00000167711.14,0.5335752826729759
2185,ENSG00000185033.14,0.5334881632627376
2186,ENSG00000205413.8,0.5331900059072054
2187,ENSG00000065361.16,0.533129448352734
2188,ENSG00000100095.19,0.532998689099663
2189,ENSG00000128294.16,0.5326259651643835
2190,ENSG00000175505.11,0.5325982268602487
2191,ENSG00000161281.11,0.5324085647119724
2192,ENSG00000149596.7,0.532230515192972
2193,ENSG00000141968.8,0.5320598528677624
2194,ENSG00000169504.15,0.531977339697065
2195,ENSG00000178372.8,0.5319652124835638
2196,ENSG00000178078.12,0.5317795540468923
2197,ENSG00000102409.10,0.5317446345584453
2198,ENSG00000107872.13,0.5313528513075126
2199,ENSG00000166736.11,0.5309854949309981
2200,ENSG00000134057.15,0.5306146470318654
2201,ENSG00000274512.5,0.5304474135462597
2202,ENSG00000107317.13,0.5304069370831287
2203,ENSG00000066294.15,0.5300990857765795
2204,ENSG00000120875.9,0.5300292472261086
2205,ENSG00000163083.6,0.529920704602796
2206,ENSG00000135472.9,0.529857886968184
2207,ENSG00000173546.7,0.5294564827703655
2208,ENSG00000101850.13,0.5292063604368742
2209,ENSG00000123836.15,0.5291433531910592
2210,ENSG00000133106.15,0.5290670755583122
2211,ENSG00000169862.19,0.5288007060526725
2212,ENSG00000120915.14,0.5287285667080874
2213,ENSG00000006015.18,0.5283563573432735
2214,ENSG00000187210.14,0.528188033870089
2215,ENSG00000087303.18,0.5280540039130198
2216,ENSG00000123975.5,0.5280283989620157
2217,ENSG00000159208.16,0.5279849361770735
2218,ENSG00000145247.12,0.5278854027370508
2219,ENSG00000140511.12,0.5278481133342993
2220,ENSG00000144802.11,0.5277048457866729
2221,ENSG00000168004.10,0.527293672047975
2222,ENSG00000162878.13,0.5269310169324078
2223,ENSG00000163082.10,0.5265799379239783
2224,ENSG00000103260.9,0.5264917519814406
2225,ENSG00000174939.11,0.5263854941351971
2226,ENSG00000141682.12,0.526169185870972
2227,ENSG00000100292.18,0.525972909893992
2228,ENSG00000120820.12,0.5254435299837683
2229,ENSG00000123388.4,0.5253110163174081
2230,ENSG00000106565.18,0.5248882804652639
2231,ENSG00000003249.15,0.524695078714677
2232,ENSG00000198899.2,0.5236323263507461
2233,ENSG00000167552.14,0.5232123915421184
2234,ENSG00000120594.17,0.5231946744614825
2235,ENSG00000157502.13,0.5230805534593057
2236,ENSG00000100365.16,0.522922288117678
2237,ENSG00000196557.13,0.5226571612213035
2238,ENSG00000142303.14,0.5223278895557676
2239,ENSG00000136160.17,0.5216679222515767
2240,ENSG00000110080.20,0.5216052354251439
2241,ENSG00000006534.16,0.5213695412852857
2242,ENSG00000122694.16,0.521338858793001
2243,ENSG00000151693.11,0.5213179638029731
2244,ENSG00000142973.14,0.5210424134391007
2245,ENSG00000140284.11,0.5209442699475032
2246,ENSG00000119411.11,0.5209410506530568
2247,ENSG00000164855.16,0.5202414493716135
2248,ENSG00000128340.15,0.5200047481054841
2249,ENSG00000087510.7,0.5199759769215999
2250,ENSG00000110660.15,0.5198935898020771
2251,ENSG00000124216.4,0.5192777030626874
2252,ENSG00000165816.13,0.5191177148206074
2253,ENSG00000143171.13,0.5190636045545415
2254,ENSG00000126233.2,0.5190383882963119
2255,ENSG00000171450.6,0.5189929002979612
2256,ENSG00000176014.13,0.5187308653083789
2257,ENSG00000187715.13,0.5187273871600836
2258,ENSG00000137076.21,0.5184929418716097
2259,ENSG00000129757.14,0.5183631578119486
2260,ENSG00000141756.19,0.5182490993903595
2261,ENSG00000113763.12,0.5180150000037094
2262,ENSG00000198846.6,0.5178985831157358
2263,ENSG00000152422.16,0.5178574373059484
2264,ENSG00000131187.10,0.5178132873629068
2265,ENSG00000163995.21,0.5176959917211449
2266,ENSG00000107099.16,0.5176852242131735
2267,ENSG00000185860.13,0.5174770397833509
2268,ENSG00000091972.18,0.5174112823142581
2269,ENSG00000135373.13,0.5173722140469891
2270,ENSG00000179588.9,0.5173587846496254
2271,ENSG00000089685.15,0.5171894000221986
2272,ENSG00000136997.21,0.5170285170660662
2273,ENSG00000163219.12,0.5169239368952431
2274,ENSG00000100504.17,0.5164447478403719
2275,ENSG00000091409.15,0.5164432365725288
2276,ENSG00000171159.5,0.5164278942677357
2277,ENSG00000007933.13,0.5162431740383246
2278,ENSG00000110400.11,0.5161602959033759
2279,ENSG00000006128.12,0.5159925859155177
2280,ENSG00000073792.16,0.5157130813342139
2281,ENSG00000000971.16,0.5157042746015551
2282,ENSG00000105639.20,0.5156886664249334
2283,ENSG00000259680.5,0.5154589853127576
2284,ENSG00000197696.10,0.5154395344419327
2285,ENSG00000164292.13,0.5152450889483008
2286,ENSG00000180644.8,0.5150279074265678
2287,ENSG00000129675.16,0.5148960377393946
2288,ENSG00000163362.11,0.514819181938195
2289,ENSG00000258986.7,0.5147309334295707
2290,ENSG00000161944.16,0.5146789830202193
2291,ENSG00000162496.9,0.5146412663810902
2292,ENSG00000204257.15,0.5142366602893127
2293,ENSG00000169297.8,0.5142061113011286
2294,ENSG00000176171.11,0.5139654189052106
2295,ENSG00000137124.8,0.5134789534224743
2296,ENSG00000182782.8,0.5134182825379182
2297,ENSG00000125810.10,0.5128498624559962
2298,ENSG00000181847.12,0.5126913867584841
2299,ENSG00000142512.15,0.5124668919702544
2300,ENSG00000134954.14,0.5124376483234471
2301,ENSG00000172578.12,0.512413738894793
2302,ENSG00000118257.17,0.5119350028640562
2303,ENSG00000138834.14,0.5119273472423899
2304,ENSG00000029153.14,0.5118046027277184
2305,ENSG00000172818.10,0.5115543549058984
2306,ENSG00000155380.12,0.5114050821116132
2307,ENSG00000100219.16,0.5108573754751072
2308,ENSG00000154274.15,0.510648975913154
2309,ENSG00000184709.7,0.5104657319678358
2310,ENSG00000114812.13,0.5103195250479332
2311,ENSG00000186469.8,0.5102906392373588
2312,ENSG00000096433.11,0.5101531331619471
2313,ENSG00000060140.9,0.5101258286749499
2314,ENSG00000203485.14,0.5096198963229863
2315,ENSG00000183876.9,0.5095275087104354
2316,ENSG00000136153.20,0.50933526769424
2317,ENSG00000106948.17,0.5092062498754281
2318,ENSG00000188761.13,0.5091201208403203
2319,ENSG00000272636.4,0.5085142226437304
2320,ENSG00000115523.17,0.5085117437287
2321,ENSG00000101347.10,0.508245941103758
2322,ENSG00000100003.18,0.5080791911207484
2323,ENSG00000241935.9,0.5079988753443578
2324,ENSG00000092621.13,0.507915040392683
2325,ENSG00000121361.5,0.5078557411173356
2326,ENSG00000172216.6,0.5078318037852234
2327,ENSG00000184916.9,0.5072921738541224
2328,ENSG00000198223.17,0.5071062685467808
2329,ENSG00000173917.10,0.506972650351623
2330,ENSG00000172243.18,0.5065360385657397
2331,ENSG00000149451.18,0.5063863563547552
2332,ENSG00000067646.12,0.5062940051945355
2333,ENSG00000204642.14,0.5061669714394753
2334,ENSG00000185070.11,0.5050150037414765
2335,ENSG00000110719.10,0.5047929096681125
2336,ENSG00000113758.13,0.5046718943313744
2337,ENSG00000141934.10,0.5044957782263557
2338,ENSG00000123989.14,0.5043150892850742
2339,ENSG00000112280.17,0.5041818805361157
2340,ENSG00000121895.8,0.5039969299103347
2341,ENSG00000160593.19,0.5039439207001005
2342,ENSG00000121316.11,0.5038871357779683
2343,ENSG00000125850.11,0.5035547731827686
2344,ENSG00000182853.12,0.5029126535799736
2345,ENSG00000142875.19,0.5026725782018505
2346,ENSG00000125731.13,0.501953255614133
2347,ENSG00000183878.15,0.5019053017982562
2348,ENSG00000121900.19,0.5012980164795982
2349,ENSG00000146374.14,0.5006806398745823
2350,ENSG00000026025.16,0.5000050201343383
2351,ENSG00000180900.20,0.49982015028469506
2352,ENSG00000163584.18,0.499742833541522
2353,ENSG00000132563.16,0.4997309194559997
2354,ENSG00000163191.6,0.49956341756829115
2355,ENSG00000256229.8,0.4994614564328597
2356,ENSG00000105327.18,0.49918126374935184
2357,ENSG00000138161.14,0.49872335246519417
2358,ENSG00000119922.10,0.49863854414955555
2359,ENSG00000130522.6,0.49849511433652927
2360,ENSG00000131747.15,0.49845988654749435
2361,ENSG00000117595.12,0.4978960196580548
2362,ENSG00000284976.1,0.49769615421713825
2363,ENSG00000163406.11,0.4976127431718457
2364,ENSG00000213654.10,0.4975794608792931
2365,ENSG00000164251.5,0.49741925799622966
2366,ENSG00000139194.8,0.497413064866464
2367,ENSG00000161653.11,0.4973625059437642
2368,ENSG00000094963.14,0.49731940913704026
2369,ENSG00000168062.10,0.4971958348842629
2370,ENSG00000253313.6,0.49700259973732885
2371,ENSG00000061656.10,0.4968341900478729
2372,ENSG00000167799.10,0.4966778482012864
2373,ENSG00000100302.7,0.49664915045011526
2374,ENSG00000174600.14,0.4965344690195956
2375,ENSG00000276547.1,0.4965189464154086
2376,ENSG00000141338.14,0.4964623818247183
2377,ENSG00000147642.17,0.4962381387619248
2378,ENSG00000172183.15,0.4962219015813457
2379,ENSG00000149090.12,0.4961286379589626
2380,ENSG00000160654.11,0.4959991970482713
2381,ENSG00000170381.14,0.4959796437518094
2382,ENSG00000133315.12,0.4958685228068416
2383,ENSG00000095585.17,0.49556892461028695
2384,ENSG00000157456.8,0.49546702138039955
2385,ENSG00000171223.6,0.49544342461601587
2386,ENSG00000110934.13,0.49515074509160967
2387,ENSG00000100373.10,0.4948938939185438
2388,ENSG00000168386.18,0.4948165997978076
2389,ENSG00000008517.18,0.4946602048624939
2390,ENSG00000090661.12,0.49444287342810433
2391,ENSG00000122884.12,0.49440170978055537
2392,ENSG00000163154.6,0.4940483815177975
2393,ENSG00000116711.10,0.49398267880334185
2394,ENSG00000183486.13,0.49375784773798836
2395,ENSG00000072163.20,0.49373403230268964
2396,ENSG00000124126.14,0.49372235351744437
2397,ENSG00000130748.7,0.4932123803015037
2398,ENSG00000153823.19,0.4931856729995422
2399,ENSG00000143816.8,0.4929023157349548
2400,ENSG00000154639.19,0.4928588713426928
2401,ENSG00000172346.15,0.4927987946179828
2402,ENSG00000006042.12,0.49279014730658377
2403,ENSG00000182154.8,0.49257570884761254
2404,ENSG00000052344.16,0.49252207067292536
2405,ENSG00000159166.15,0.4925150536954387
2406,ENSG00000100376.12,0.49248168800003755
2407,ENSG00000144908.14,0.4923214844834996
2408,ENSG00000137285.10,0.4917376835560482
2409,ENSG00000141753.7,0.49154275568035727
2410,ENSG00000143013.13,0.49122110016363507
2411,ENSG00000085276.19,0.4911637418697276
2412,ENSG00000102245.8,0.4909704173840661
2413,ENSG00000127249.15,0.4909312287274528
2414,ENSG00000164035.10,0.49072454399604065
2415,ENSG00000144837.9,0.4906209739404599
2416,ENSG00000052802.13,0.4905331959956596
2417,ENSG00000169026.13,0.4904944256032798
2418,ENSG00000265763.4,0.4904682048672908
2419,ENSG00000168477.19,0.49045574290562227
2420,ENSG00000110888.17,0.4902601799677931
2421,ENSG00000176058.13,0.4901937417761999
2422,ENSG00000133216.17,0.48997436166426556
2423,ENSG00000157404.16,0.48990273430532427
2424,ENSG00000184254.17,0.48987862854270675
2425,ENSG00000182195.9,0.4898100358331742
2426,ENSG00000137203.15,0.4897576290105951
2427,ENSG00000176194.18,0.48954782207151326
2428,ENSG00000062282.15,0.489467939612512
2429,ENSG00000043462.13,0.4894413097687591
2430,ENSG00000101333.17,0.48933148079056227
2431,ENSG00000121858.11,0.48932229545931577
2432,ENSG00000184613.11,0.48929080849385415
2433,ENSG00000116690.13,0.48917064234377655
2434,ENSG00000166145.14,0.4891129148167497
2435,ENSG00000009790.15,0.48883800600850225
2436,ENSG00000141741.12,0.48878217464245227
2437,ENSG00000162174.12,0.48874754460703496
2438,ENSG00000117318.9,0.488741246141002
2439,ENSG00000158488.16,0.488704458753979
2440,ENSG00000092421.17,0.48869669904162544
2441,ENSG00000144476.6,0.4885712263448362
2442,ENSG00000281406.2,0.48838307755719573
2443,ENSG00000145147.20,0.48838207017705165
2444,ENSG00000197043.14,0.48829487416837647
2445,ENSG00000168615.13,0.48815903656521553
2446,ENSG00000169071.15,0.48815368613350885
2447,ENSG00000028137.19,0.4881110052828878
2448,ENSG00000071967.12,0.48810782821486454
2449,ENSG00000151468.11,0.48796328426927577
2450,ENSG00000100311.17,0.487918275877907
2451,ENSG00000164972.13,0.487310188830328
2452,ENSG00000187912.12,0.48724433312658355
2453,ENSG00000197471.12,0.4870231667493331
2454,ENSG00000092068.20,0.4868945681074676
2455,ENSG00000253293.5,0.48659974419968144
2456,ENSG00000145945.7,0.4863518455667413
2457,ENSG00000111700.13,0.4863470083173227
2458,ENSG00000132704.16,0.4858365113839095
2459,ENSG00000265972.6,0.4854803257393524
2460,ENSG00000104611.12,0.48508159782105126
2461,ENSG00000167280.17,0.48500600367724983
2462,ENSG00000154556.18,0.48493183456423095
2463,ENSG00000103269.14,0.48419507355147223
2464,ENSG00000043355.12,0.48411150499501504
2465,ENSG00000129354.12,0.48355527102437434
2466,ENSG00000060558.4,0.48318045227767487
2467,ENSG00000182472.9,0.4831534927898281
2468,ENSG00000162738.6,0.4826860936105717
2469,ENSG00000171115.4,0.48268219390558104
2470,ENSG00000116962.15,0.4822055836910861
2471,ENSG00000163618.18,0.4818130068452929
2472,ENSG00000158747.15,0.4816685366064218
2473,ENSG00000184922.14,0.48137978838739703
2474,ENSG00000169507.9,0.48133830108597975
2475,ENSG00000204323.5,0.4811127551450794
2476,ENSG00000143365.19,0.48076648272958755
2477,ENSG00000182240.16,0.4805255464448068
2478,ENSG00000197444.10,0.48042010855290695
2479,ENSG00000106077.18,0.4803068507472365
2480,ENSG00000182022.18,0.48021590772782125
2481,ENSG00000119888.11,0.4802104833282159
2482,ENSG00000179403.12,0.48010627701881076
2483,ENSG00000237330.3,0.4799282556403746
2484,ENSG00000198286.10,0.4796734171970029
2485,ENSG00000181652.19,0.4795046916869949
2486,ENSG00000180155.20,0.47931864031596005
2487,ENSG00000103241.7,0.4791948303387247
2488,ENSG00000085831.15,0.4791451282097091
2489,ENSG00000115339.14,0.47890954114749984
2490,ENSG00000130193.8,0.478665632352857
2491,ENSG00000141655.17,0.4784592482053371
2492,ENSG00000159403.18,0.4780932560239205
2493,ENSG00000158246.8,0.47803250513021706
2494,ENSG00000105855.10,0.4779338083272657
2495,ENSG00000119431.9,0.4777324997738671
2496,ENSG00000178860.8,0.47720335396008584
2497,ENSG00000135914.6,0.47718022190102083
2498,ENSG00000102032.13,0.4770388018719345
2499,ENSG00000139289.13,0.476801629280732
2500,ENSG00000102996.5,0.47677298183222205
2501,ENSG00000169418.10,0.47649332365751257
2502,ENSG00000157570.12,0.47617942371909344
2503,ENSG00000163331.12,0.4761581283458723
2504,ENSG00000166106.3,0.47614531211684735
2505,ENSG00000136383.7,0.47613844246353587
2506,ENSG00000171608.16,0.47613605764350303
2507,ENSG00000164116.17,0.47592216628859024
2508,ENSG00000149212.12,0.4758936875118023
2509,ENSG00000197406.7,0.4758799472223228
2510,ENSG00000134215.16,0.4755113679119879
2511,ENSG00000130529.16,0.475353763745225
2512,ENSG00000148339.12,0.47525609060725427
2513,ENSG00000137462.9,0.4752247893268103
2514,ENSG00000173801.17,0.4749354814610114
2515,ENSG00000035862.12,0.47485723899342175
2516,ENSG00000189159.16,0.47478635637808
2517,ENSG00000102524.11,0.474559121349646
2518,ENSG00000172201.12,0.47433434157388155
2519,ENSG00000117616.18,0.47422157600934617
2520,ENSG00000064692.20,0.4740489012186189
2521,ENSG00000074416.14,0.4740324022321662
2522,ENSG00000143382.15,0.47395332948994523
2523,ENSG00000112796.10,0.4737688612072742
2524,ENSG00000186827.11,0.4735866299225861
2525,ENSG00000153347.10,0.4735037370479024
2526,ENSG00000070087.14,0.4733288964139727
2527,ENSG00000187688.15,0.47317471872157835
2528,ENSG00000196839.13,0.47315112408448257
2529,ENSG00000177409.12,0.47314786026339445
2530,ENSG00000187116.14,0.4731462300925208
2531,ENSG00000237649.8,0.47312942727962504
2532,ENSG00000128165.9,0.47291668288274963
2533,ENSG00000130675.15,0.4728923022505354
2534,ENSG00000141434.12,0.4728800764636873
2535,ENSG00000135333.14,0.4728212042566682
2536,ENSG00000134202.11,0.47272477246749894
2537,ENSG00000087076.9,0.4723934704627387
2538,ENSG00000106025.9,0.47214024710059815
2539,ENSG00000134061.5,0.4717161188719138
2540,ENSG00000129596.5,0.47159999065526165
2541,ENSG00000173137.12,0.47113335605926837
2542,ENSG00000127084.19,0.4711117101974941
2543,ENSG00000099860.9,0.47100610336826204
2544,ENSG00000135678.12,0.47095557869622834
2545,ENSG00000166265.13,0.47088273345381915
2546,ENSG00000198804.2,0.4707334760174928
2547,ENSG00000122863.6,0.4707255686652516
2548,ENSG00000168394.11,0.4706926989370052
2549,ENSG00000127920.6,0.47063105500317626
2550,ENSG00000137857.17,0.4705938984067281
2551,ENSG00000104936.19,0.4705681314884269
2552,ENSG00000172215.6,0.470474217227661
2553,ENSG00000102890.16,0.4704642129476774
2554,ENSG00000010319.7,0.47042115321198835
2555,ENSG00000135549.15,0.4703488823122015
2556,ENSG00000184434.8,0.470040668617136
2557,ENSG00000141232.5,0.4698288375418859
2558,ENSG00000196405.13,0.469781141717094
2559,ENSG00000127863.16,0.4696062831196267
2560,ENSG00000162949.16,0.4695841810899448
2561,ENSG00000139209.16,0.4695578452854855
2562,ENSG00000125508.3,0.46944297548715785
2563,ENSG00000137198.10,0.4692766452118089
2564,ENSG00000099282.10,0.46923936320040893
2565,ENSG00000116574.6,0.46918647885264525
2566,ENSG00000160813.7,0.46890175909836723
2567,ENSG00000143850.16,0.4687968272712806
2568,ENSG00000110031.13,0.46842949377198473
2569,ENSG00000165507.9,0.4683905474429992
2570,ENSG00000187239.17,0.46827614666617656
2571,ENSG00000173890.17,0.4681889876236049
2572,ENSG00000137710.17,0.46780645280608346
2573,ENSG00000069493.15,0.4677940532046511
2574,ENSG00000173848.19,0.4673870122934406
2575,ENSG00000090020.11,0.4673572703533432
2576,ENSG00000168453.15,0.46721341593409305
2577,ENSG00000100196.11,0.4669754600486866
2578,ENSG00000189171.14,0.4668631643876553
2579,ENSG00000181856.15,0.46642397806585273
2580,ENSG00000110900.16,0.4664212497316252
2581,ENSG00000117586.11,0.4663510329439638
2582,ENSG00000161835.11,0.46632506944877383
2583,ENSG00000175489.10,0.46587586180194396
2584,ENSG00000106511.6,0.4654897236132469
2585,ENSG00000184349.13,0.46523350643706757
2586,ENSG00000089356.18,0.4651887876934159
2587,ENSG00000143036.17,0.4651819286113976
2588,ENSG00000111885.7,0.46512365920396576
2589,ENSG00000177469.13,0.4649971258001753
2590,ENSG00000131634.14,0.4649694473253684
2591,ENSG00000173826.15,0.46456978627547757
2592,ENSG00000128039.12,0.46454915147907094
2593,ENSG00000161642.18,0.4645190778669213
2594,ENSG00000106537.8,0.4636945436261062
2595,ENSG00000137936.18,0.463531517586467
2596,ENSG00000196684.12,0.463254494121555
2597,ENSG00000158716.9,0.46324595868744295
2598,ENSG00000175356.14,0.463124792731439
2599,ENSG00000169435.14,0.46311461675507964
2600,ENSG00000086289.12,0.463095962624673
2601,ENSG00000139926.16,0.4630108166211187
2602,ENSG00000121380.12,0.46297406161127547
2603,ENSG00000105011.9,0.46296563023575377
2604,ENSG00000086300.16,0.4627090749079658
2605,ENSG00000100918.13,0.46228830489004885
2606,ENSG00000163710.9,0.4622281411359775
2607,ENSG00000149380.12,0.46197315595043603
2608,ENSG00000166448.15,0.46194372868079997
2609,ENSG00000124374.9,0.46192253676537215
2610,ENSG00000126603.9,0.4618411179754272
2611,ENSG00000177669.4,0.4617992462564421
2612,ENSG00000198759.12,0.4617931673887665
2613,ENSG00000248485.2,0.461528994264146
2614,ENSG00000120093.11,0.4613608424360946
2615,ENSG00000159921.19,0.4612802936616528
2616,ENSG00000116133.13,0.46127632049696315
2617,ENSG00000163072.16,0.46124225663024815
2618,ENSG00000175130.7,0.46090635826910187
2619,ENSG00000105971.15,0.4608301390385175
2620,ENSG00000128266.9,0.4605939909437037
2621,ENSG00000058091.17,0.46037050175301675
2622,ENSG00000124780.14,0.4601292568252041
2623,ENSG00000170525.21,0.4600844526050094
2624,ENSG00000055163.20,0.4597823850431687
2625,ENSG00000184985.16,0.45961667989116217
2626,ENSG00000137507.11,0.45953711868170416
2627,ENSG00000114554.11,0.4594498224725479
2628,ENSG00000140682.19,0.45897151374711104
2629,ENSG00000008735.14,0.4589617709806518
2630,ENSG00000196562.14,0.45891561046570345
2631,ENSG00000137094.15,0.45889012420734865
2632,ENSG00000118308.15,0.4585357149200957
2633,ENSG00000122386.11,0.45846202730254615
2634,ENSG00000134871.19,0.4584110789189776
2635,ENSG00000178562.18,0.45793589428188713
2636,ENSG00000215845.11,0.4578066057709092
2637,ENSG00000186188.11,0.4577451574092883
2638,ENSG00000138642.15,0.4576829286980288
2639,ENSG00000173706.14,0.45757126196938586
2640,ENSG00000164695.5,0.4570653117189601
2641,ENSG00000143878.10,0.45698184030779837
2642,ENSG00000198363.18,0.4569800756099158
2643,ENSG00000061938.20,0.45670160912193863
2644,ENSG00000006118.15,0.45624249021641705
2645,ENSG00000075884.14,0.45616593280820844
2646,ENSG00000186810.8,0.4561236396541842
2647,ENSG00000204475.10,0.4559478126869068
2648,ENSG00000157064.11,0.4558994652444233
2649,ENSG00000183421.12,0.45585435284592307
2650,ENSG00000120156.22,0.4555368984202278
2651,ENSG00000142089.16,0.45545063999067487
2652,ENSG00000164125.16,0.45535655189827556
2653,ENSG00000114374.13,0.455290012619956
2654,ENSG00000165804.16,0.4552793332620513
2655,ENSG00000159753.14,0.4548619120890196
2656,ENSG00000079435.10,0.45466845987450855
2657,ENSG00000180902.18,0.4546604493845021
2658,ENSG00000023171.18,0.454419289951747
2659,ENSG00000138119.17,0.45440270791736104
2660,ENSG00000111275.13,0.45416738579819166
2661,ENSG00000215788.11,0.4541406403533709
2662,ENSG00000185386.15,0.4541108380673604
2663,ENSG00000170624.13,0.453893966851926
2664,ENSG00000171954.13,0.4534134075930076
2665,ENSG00000105404.11,0.4533846318745818
2666,ENSG00000176845.13,0.45327471964205257
2667,ENSG00000150093.20,0.4532093616673692
2668,ENSG00000178695.6,0.4531271515762857
2669,ENSG00000162723.10,0.4529761291990461
2670,ENSG00000171813.14,0.45296674279141447
2671,ENSG00000005206.17,0.45296083416856636
2672,ENSG00000113721.14,0.4528817732864878
2673,ENSG00000183742.13,0.4528032880753921
2674,ENSG00000004468.13,0.4525068217637063
2675,ENSG00000158315.11,0.45240030342849274
2676,ENSG00000171310.11,0.4523783550254145
2677,ENSG00000167874.7,0.4522697955038157
2678,ENSG00000121440.15,0.45125905544837736
2679,ENSG00000065717.15,0.45125823683126187
2680,ENSG00000143367.16,0.45118254706630806
2681,ENSG00000154319.16,0.45107870568809066
2682,ENSG00000137819.14,0.4510442615680717
2683,ENSG00000244187.8,0.45059383332321373
2684,ENSG00000144655.15,0.4504860009823567
2685,ENSG00000224051.7,0.4502200257489352
2686,ENSG00000088726.16,0.450065717564434
2687,ENSG00000004478.8,0.44980414350322767
2688,ENSG00000125354.24,0.449513622354401
2689,ENSG00000100116.17,0.4491142056549841
2690,ENSG00000104899.8,0.4490989545218017
2691,ENSG00000172986.13,0.4490234959514373
2692,ENSG00000185338.6,0.44898281271842333
2693,ENSG00000172348.15,0.4485283948767719
2694,ENSG00000134070.5,0.4485267613787329
2695,ENSG00000124145.6,0.4482975889738857
2696,ENSG00000173457.11,0.44822966325429964
2697,ENSG00000137860.12,0.44786604609818315
2698,ENSG00000050405.13,0.44767705900500554
2699,ENSG00000106823.12,0.44760640560178355
2700,ENSG00000100060.18,0.44740153349054185
2701,ENSG00000182272.12,0.447399148391167
2702,ENSG00000183696.14,0.447078654655428
2703,ENSG00000147155.11,0.4470731050966029
2704,ENSG00000102359.8,0.44701335807004233
2705,ENSG00000276600.5,0.4469371464750346
2706,ENSG00000125398.8,0.44684056051990234
2707,ENSG00000169710.9,0.44662218858868463
2708,ENSG00000050555.19,0.44644159044130594
2709,ENSG00000132819.17,0.44633575053394703
2710,ENSG00000115641.19,0.4462440266541332
2711,ENSG00000127586.17,0.44571926076796314
2712,ENSG00000185924.7,0.4456993120399536
2713,ENSG00000182718.18,0.44567749153877934
2714,ENSG00000111678.11,0.4456708212566648
2715,ENSG00000169896.18,0.4456198851953828
2716,ENSG00000095713.14,0.4454924139831767
2717,ENSG00000158806.14,0.44539911902013324
2718,ENSG00000007237.19,0.4453155832609606
2719,ENSG00000103253.19,0.44523446576216114
2720,ENSG00000047597.7,0.44509677116236945
2721,ENSG00000114698.15,0.4449045686080222
2722,ENSG00000070610.14,0.44484223115802585
2723,ENSG00000204882.4,0.4446865219493436
2724,ENSG00000213316.10,0.4446742143796404
2725,ENSG00000173272.16,0.44416478484755
2726,ENSG00000138944.8,0.44382049540412477
2727,ENSG00000132530.17,0.4437388779134602
2728,ENSG00000095303.17,0.44368810170675466
2729,ENSG00000087074.8,0.4436264345903407
2730,ENSG00000115935.18,0.4435667084683927
2731,ENSG00000128965.13,0.4435344811251798
2732,ENSG00000155849.15,0.4435173597817884
2733,ENSG00000110057.8,0.4433484492737374
2734,ENSG00000134955.12,0.44332197018596636
2735,ENSG00000198563.14,0.4432485963462494
2736,ENSG00000158517.15,0.44312594969581176
2737,ENSG00000108798.9,0.44302655248876044
2738,ENSG00000105643.10,0.44269733756288027
2739,ENSG00000137968.16,0.4426088411425532
2740,ENSG00000167851.15,0.4425940440153929
2741,ENSG00000149527.18,0.44213674543219017
2742,ENSG00000177606.8,0.44209346213172857
2743,ENSG00000126860.12,0.4420860308196268
2744,ENSG00000138795.10,0.44200073397510603
2745,ENSG00000109501.14,0.44199740146419325
2746,ENSG00000107140.16,0.44199204618181076
2747,ENSG00000101017.14,0.4418955449499122
2748,ENSG00000119714.11,0.441748995097475
2749,ENSG00000156482.11,0.441465946984317
2750,ENSG00000131386.19,0.44140410774563826
2751,ENSG00000142634.13,0.4413976277156493
2752,ENSG00000110944.9,0.4412920231260006
2753,ENSG00000113369.9,0.441279001323338
2754,ENSG00000122188.13,0.44118304483336757
2755,ENSG00000152056.17,0.4408208684615205
2756,ENSG00000072840.13,0.4401700869986959
2757,ENSG00000140416.23,0.4401124630495194
2758,ENSG00000213214.5,0.43986563575719834
2759,ENSG00000010932.17,0.439804012168385
2760,ENSG00000128309.16,0.43970278740643154
2761,ENSG00000163545.11,0.43921980659334015
2762,ENSG00000140545.15,0.43917075450103177
2763,ENSG00000049768.16,0.43903336024667233
2764,ENSG00000185442.13,0.439024591541351
2765,ENSG00000112164.6,0.43900452716495736
2766,ENSG00000149328.15,0.4389137068429895
2767,ENSG00000050165.18,0.4387818959122423
2768,ENSG00000131042.15,0.4385895367786029
2769,ENSG00000146054.18,0.4385473358313132
2770,ENSG00000112769.20,0.43851078303125357
2771,ENSG00000198576.4,0.438503183313356
2772,ENSG00000146067.16,0.4384955872047821
2773,ENSG00000150687.12,0.43842251696595036
2774,ENSG00000164403.15,0.43827612683686457
2775,ENSG00000156453.14,0.4382224985437389
2776,ENSG00000170542.6,0.4380502651696814
2777,ENSG00000074590.13,0.437987951410408
2778,ENSG00000171033.13,0.43797819555699313
2779,ENSG00000160113.5,0.4378059134654765
2780,ENSG00000183010.17,0.43746978064188796
2781,ENSG00000100767.17,0.4374509522373965
2782,ENSG00000134874.18,0.4372418003775881
2783,ENSG00000171368.12,0.437176638958095
2784,ENSG00000175857.8,0.4371085289523545
2785,ENSG00000130545.16,0.4369490321211151
2786,ENSG00000203727.4,0.4369230390893306
2787,ENSG00000166562.9,0.4366294693131223
2788,ENSG00000117650.13,0.43632379030178176
2789,ENSG00000185269.12,0.435968711646027
2790,ENSG00000158856.18,0.43587420863003856
2791,ENSG00000141506.14,0.43566350818517896
2792,ENSG00000125458.7,0.4353587482410567
2793,ENSG00000065054.14,0.43526397874641853
2794,ENSG00000090006.18,0.43507807973607054
2795,ENSG00000198355.5,0.4347157670188989
2796,ENSG00000163075.13,0.43463920152353347
2797,ENSG00000112214.10,0.4346212555616773
2798,ENSG00000086730.17,0.4346127329024911
2799,ENSG00000130830.15,0.4345840241022199
2800,ENSG00000121210.16,0.4345308082197246
2801,ENSG00000185022.12,0.4344157491754818
2802,ENSG00000170412.18,0.43439210729428795
2803,ENSG00000124839.13,0.43422975441079364
2804,ENSG00000115232.14,0.43422242089660035
2805,ENSG00000088826.18,0.4342165275069296
2806,ENSG00000131188.12,0.43388003108740814
2807,ENSG00000172292.15,0.43382919757927596
2808,ENSG00000103811.18,0.43359197854426684
2809,ENSG00000184588.18,0.43342279942777184
2810,ENSG00000081059.20,0.43330212756484826
2811,ENSG00000205078.6,0.4331724589852391
2812,ENSG00000178999.13,0.43288193036286815
2813,ENSG00000163235.16,0.43265984557636894
2814,ENSG00000121064.13,0.4322402331676452
2815,ENSG00000172031.7,0.432224719839288
2816,ENSG00000203685.10,0.4319991617714805
2817,ENSG00000185245.8,0.43196358625343645
2818,ENSG00000069431.11,0.4318304041700758
2819,ENSG00000183688.4,0.43180750877239293
2820,ENSG00000151702.17,0.4317238159740353
2821,ENSG00000099624.8,0.43171782515137136
2822,ENSG00000165066.13,0.4317147725728296
2823,ENSG00000103490.14,0.43162606753449184
2824,ENSG00000166863.13,0.43155495293636803
2825,ENSG00000171163.16,0.4315477155548283
2826,ENSG00000119986.7,0.4314405866891091
2827,ENSG00000112782.19,0.4312230483983989
2828,ENSG00000242173.10,0.43110521774676047
2829,ENSG00000161929.15,0.43108813399082885
2830,ENSG00000065833.9,0.4310572041895644
2831,ENSG00000146072.6,0.4308548875239629
2832,ENSG00000185681.13,0.43079057615731786
2833,ENSG00000166292.12,0.4307653990996631
2834,ENSG00000180730.5,0.4307505023979196
2835,ENSG00000109089.7,0.4307132202951685
2836,ENSG00000181631.7,0.4305305272678662
2837,ENSG00000096696.14,0.43048359297637256
2838,ENSG00000118515.11,0.4300859931149996
2839,ENSG00000114346.14,0.4297871885783908
2840,ENSG00000164976.9,0.42947413095176123
2841,ENSG00000111261.14,0.4293962671982644
2842,ENSG00000141750.7,0.4292434953510174
2843,ENSG00000147251.15,0.4291246838068878
2844,ENSG00000186480.13,0.4289129542789051
2845,ENSG00000107185.10,0.4289123184598866
2846,ENSG00000005243.10,0.42858984861433513
2847,ENSG00000109062.12,0.428477845828321
2848,ENSG00000183801.8,0.428472862095957
2849,ENSG00000171209.3,0.42839227059325447
2850,ENSG00000126882.13,0.42838919774539336
2851,ENSG00000090013.11,0.4282121155176357
2852,ENSG00000165152.9,0.4279728050479556
2853,ENSG00000184730.11,0.42776219147232075
2854,ENSG00000025423.11,0.4276940069626745
2855,ENSG00000123384.14,0.42769037295880785
2856,ENSG00000139318.8,0.4276130017868707
2857,ENSG00000127415.13,0.4275294222040215
2858,ENSG00000099998.18,0.4272255418999269
2859,ENSG00000168487.20,0.42717488687673083
2860,ENSG00000147262.4,0.4270699561947945
2861,ENSG00000155465.20,0.426795186609872
2862,ENSG00000157873.17,0.4266642002984375
2863,ENSG00000188573.8,0.42657343560681804
2864,ENSG00000164056.11,0.4263311214932621
2865,ENSG00000148773.14,0.426054252709837
2866,ENSG00000204065.3,0.4259547511336513
2867,ENSG00000103067.14,0.42592711399109656
2868,ENSG00000111348.9,0.42591986855757324
2869,ENSG00000167508.12,0.4259138343448723
2870,ENSG00000188486.3,0.4258705738570574
2871,ENSG00000164897.14,0.42556784857761226
2872,ENSG00000163737.4,0.42556516791220866
2873,ENSG00000172638.13,0.4255468422286664
2874,ENSG00000109705.8,0.42548532434883246
2875,ENSG00000023902.14,0.4252462333209707
2876,ENSG00000129993.15,0.4252286810186861
2877,ENSG00000166341.8,0.42450931798315317
2878,ENSG00000167766.18,0.42442606676486744
2879,ENSG00000141448.11,0.42425776827309847
2880,ENSG00000118160.14,0.4241498883213454
2881,ENSG00000185052.12,0.42408262787527806
2882,ENSG00000219438.9,0.42396658379776336
2883,ENSG00000189060.5,0.42389895828383245
2884,ENSG00000138772.13,0.4238836351421746
2885,ENSG00000100055.21,0.4238223795630087
2886,ENSG00000205869.2,0.4238090312082047
2887,ENSG00000121039.10,0.42356448995035106
2888,ENSG00000167680.17,0.423534181877798
2889,ENSG00000139263.12,0.42342177838032347
2890,ENSG00000132002.9,0.42337347960156035
2891,ENSG00000112378.12,0.42310983583952044
2892,ENSG00000151012.13,0.4230524033213677
2893,ENSG00000105835.12,0.42291862478345715
2894,ENSG00000135272.12,0.42240898936651405
2895,ENSG00000163624.6,0.4223412919332808
2896,ENSG00000157870.17,0.4222532082669634
2897,ENSG00000144115.17,0.4219772826688757
2898,ENSG00000100336.17,0.4219239758797554
2899,ENSG00000109099.16,0.4218115911001348
2900,ENSG00000165548.11,0.42179682672839436
2901,ENSG00000133466.14,0.4217437642518221
2902,ENSG00000089327.15,0.421608397808302
2903,ENSG00000130037.5,0.421316451504638
2904,ENSG00000186174.12,0.42097943769640156
2905,ENSG00000147003.7,0.4208322876154832
2906,ENSG00000061337.15,0.4208146123287958
2907,ENSG00000040608.14,0.42074168635246806
2908,ENSG00000058668.15,0.4206740385059643
2909,ENSG00000120498.14,0.4206436261303811
2910,ENSG00000122025.15,0.42048069625450235
2911,ENSG00000145425.10,0.4203882759615922
2912,ENSG00000172893.16,0.420374445914186
2913,ENSG00000130055.14,0.4200715393673606
2914,ENSG00000235568.7,0.41991507459470256
2915,ENSG00000124406.16,0.41983187864762855
2916,ENSG00000128283.7,0.4198258658230694
2917,ENSG00000276644.5,0.4196868077290712
2918,ENSG00000214290.8,0.41958317466256495
2919,ENSG00000183049.13,0.41916048684086177
2920,ENSG00000147065.17,0.4191330726819172
2921,ENSG00000179085.8,0.41910910739897655
2922,ENSG00000143556.9,0.4190790748554937
2923,ENSG00000164484.12,0.41866322156758584
2924,ENSG00000107130.10,0.41842472894003335
2925,ENSG00000173198.6,0.41837237889288287
2926,ENSG00000114790.13,0.41836997325521375
2927,ENSG00000240505.9,0.41815912688169843
2928,ENSG00000172794.20,0.41803241976748856
2929,ENSG00000198053.12,0.4179905765232326
2930,ENSG00000095739.11,0.4177660963729143
2931,ENSG00000166086.13,0.4177335081850452
2932,ENSG00000127824.14,0.417703753489802
2933,ENSG00000138180.16,0.4170902122471368
2934,ENSG00000189369.9,0.416991438792212
2935,ENSG00000156463.18,0.4169341040240028
2936,ENSG00000142347.19,0.4168922007090848
2937,ENSG00000196739.15,0.41674702525524904
2938,ENSG00000179094.16,0.4167267903894534
2939,ENSG00000189184.12,0.4166819066938939
2940,ENSG00000107719.9,0.416649624933025
2941,ENSG00000131981.16,0.4166139285703356
2942,ENSG00000111640.15,0.41643609627072115
2943,ENSG00000105467.9,0.41642595593919457
2944,ENSG00000123095.6,0.4163801385116773
2945,ENSG00000183048.12,0.41630230992516615
2946,ENSG00000118094.12,0.41626840409199284
2947,ENSG00000140939.14,0.41625471430151667
2948,ENSG00000179820.16,0.4153251273812208
2949,ENSG00000100065.15,0.4152755220542233
2950,ENSG00000099958.15,0.41515417794546206
2951,ENSG00000185585.20,0.4150327116213766
2952,ENSG00000213160.10,0.41502064766830726
2953,ENSG00000173557.15,0.41500515301099594
2954,ENSG00000081320.11,0.4148846015107279
2955,ENSG00000010327.10,0.4148747462289226
2956,ENSG00000205213.14,0.41484508570228684
2957,ENSG00000158286.13,0.41480582503032526
2958,ENSG00000110799.14,0.41477288433798776
2959,ENSG00000087086.15,0.41470308668273287
2960,ENSG00000069812.11,0.4147000938047662
2961,ENSG00000086991.13,0.41463082671208557
2962,ENSG00000135047.16,0.4144411561343631
2963,ENSG00000138152.10,0.41441544051046314
2964,ENSG00000160712.13,0.4143265369893453
2965,ENSG00000261371.6,0.4143158977214429
2966,ENSG00000171522.6,0.41429967501425274
2967,ENSG00000160886.13,0.4142221730901393
2968,ENSG00000173334.4,0.4140475937667536
2969,ENSG00000182379.10,0.4140089564723301
2970,ENSG00000166780.11,0.41393865190812923
2971,ENSG00000156959.9,0.41393092777218254
2972,ENSG00000172716.16,0.4138460289605277
2973,ENSG00000179178.11,0.41358261363598064
2974,ENSG00000143543.15,0.41352391233925806
2975,ENSG00000136514.3,0.41344387852878556
2976,ENSG00000182636.8,0.4134084615070909
2977,ENSG00000143061.18,0.41302809728827333
2978,ENSG00000142669.15,0.41261956727398863
2979,ENSG00000158714.11,0.4119391061073998
2980,ENSG00000073712.15,0.41187720775244957
2981,ENSG00000172366.20,0.411729668500873
2982,ENSG00000013573.17,0.41167358443983
2983,ENSG00000109794.13,0.4115485744464121
2984,ENSG00000099864.18,0.41151729379815855
2985,ENSG00000185262.9,0.4114174870448284
2986,ENSG00000171867.17,0.4114053111521266
2987,ENSG00000186407.7,0.41109935353592864
2988,ENSG00000145431.11,0.41108532745627735
2989,ENSG00000159176.14,0.4110742158213782
2990,ENSG00000088899.15,0.4110500175477445
2991,ENSG00000125618.17,0.41102027820051595
2992,ENSG00000196937.11,0.4107332251393503
2993,ENSG00000131831.18,0.4105907212793098
2994,ENSG00000138771.16,0.4104731471517034
2995,ENSG00000204305.14,0.41014568146694735
2996,ENSG00000074800.16,0.4101408080468185
2997,ENSG00000197587.11,0.4098097313408352
2998,ENSG00000153551.14,0.40973770867987247
2999,ENSG00000225697.13,0.40952198724282024
3000,ENSG00000083857.14,0.4094575233456374
3001,ENSG00000115138.11,0.40916498366526294
3002,ENSG00000183741.12,0.40890346547540407
3003,ENSG00000189120.5,0.408857774913217
3004,ENSG00000087077.14,0.4088442278452495
3005,ENSG00000130701.4,0.4088303503688817
3006,ENSG00000155792.10,0.40857505737465943
3007,ENSG00000139835.14,0.4085437952633375
3008,ENSG00000110811.20,0.4085361775710938
3009,ENSG00000112210.12,0.4084771490042467
3010,ENSG00000166289.6,0.40845578996427806
3011,ENSG00000101224.17,0.4083935905902142
3012,ENSG00000010030.14,0.40829898209098536
3013,ENSG00000010278.15,0.40826058895782885
3014,ENSG00000136286.16,0.40809856867218286
3015,ENSG00000022567.10,0.4078889546075469
3016,ENSG00000125845.7,0.40766153763531876
3017,ENSG00000198478.8,0.4075256919524516
3018,ENSG00000173530.6,0.4073980831057348
3019,ENSG00000160957.14,0.40735363394485624
3020,ENSG00000172955.17,0.4073205221444374
3021,ENSG00000106384.12,0.40728204203388224
3022,ENSG00000249242.8,0.40726433881753843
3023,ENSG00000274750.2,0.40719975917905643
3024,ENSG00000105880.7,0.4070787651494182
3025,ENSG00000138964.17,0.4068555753608023
3026,ENSG00000008513.16,0.4067769534834165
3027,ENSG00000105427.10,0.4064401184294076
3028,ENSG00000169184.6,0.40612141677499713
3029,ENSG00000169860.7,0.4060273717081446
3030,ENSG00000165929.13,0.4055481224348974
3031,ENSG00000160284.15,0.4051509199533935
3032,ENSG00000105997.22,0.40503689997364606
3033,ENSG00000107551.21,0.40501136861925713
3034,ENSG00000166432.15,0.4047856973397077
3035,ENSG00000101096.20,0.40471081611198073
3036,ENSG00000163687.14,0.404662976975306
3037,ENSG00000140398.14,0.4045343376068861
3038,ENSG00000135905.20,0.4042037989209852
3039,ENSG00000129116.19,0.40407438515252825
3040,ENSG00000065325.13,0.4040075121362194
3041,ENSG00000143507.18,0.4039825282117552
3042,ENSG00000115363.14,0.4038137037326481
3043,ENSG00000134824.14,0.4035964344169397
3044,ENSG00000181409.14,0.40349261582405693
3045,ENSG00000172817.4,0.40333686990936407
3046,ENSG00000168056.17,0.4033307533579066
3047,ENSG00000083444.17,0.40326937359583404
3048,ENSG00000160326.14,0.403241480373901
3049,ENSG00000174059.17,0.4032214285169546
3050,ENSG00000276085.1,0.4028140464311419
3051,ENSG00000166532.16,0.4024952944189231
3052,ENSG00000103710.11,0.4024086373014449
3053,ENSG00000154080.14,0.4023394040012307
3054,ENSG00000169129.15,0.4021690543404144
3055,ENSG00000106004.5,0.40207012300497397
3056,ENSG00000072195.15,0.4020570127876815
3057,ENSG00000016402.13,0.4019129155284183
3058,ENSG00000105426.17,0.4016765620813399
3059,ENSG00000134775.15,0.4016456136633797
3060,ENSG00000034510.6,0.4015696807136848
3061,ENSG00000162817.7,0.4014421911591816
3062,ENSG00000126785.13,0.40141633567875207
3063,ENSG00000127418.15,0.40138678216499346
3064,ENSG00000072832.15,0.4012924534278645
3065,ENSG00000118946.12,0.40122692938480503
3066,ENSG00000186193.9,0.40108469173058414
3067,ENSG00000116791.14,0.400977287747697
3068,ENSG00000183087.15,0.40075476500015106
3069,ENSG00000076554.15,0.4005641076719029
3070,ENSG00000171049.9,0.40043643803832724
3071,ENSG00000076706.17,0.4002860735733249
3072,ENSG00000123159.16,0.4001739318249334
3073,ENSG00000139278.10,0.39988289292033674
3074,ENSG00000178401.16,0.3998201271441239
3075,ENSG00000005238.20,0.39966568643703326
3076,ENSG00000196747.4,0.3996095254340509
3077,ENSG00000130540.14,0.3995928797879311
3078,ENSG00000168071.22,0.39943528914520343
3079,ENSG00000198099.9,0.39938247559374884
3080,ENSG00000143341.12,0.3993247289198983
3081,ENSG00000131389.17,0.3990666330567258
3082,ENSG00000169403.12,0.3990236609900124
3083,ENSG00000099814.16,0.3982890269232217
3084,ENSG00000205929.11,0.3982810864535728
3085,ENSG00000128578.10,0.39818661370985237
3086,ENSG00000198121.13,0.39816138849953003
3087,ENSG00000146094.15,0.3981481975780942
3088,ENSG00000058404.20,0.39812768966926204
3089,ENSG00000138798.13,0.3980105312966296
3090,ENSG00000169515.8,0.39793954506155493
3091,ENSG00000197380.11,0.39786593262379166
3092,ENSG00000188822.8,0.3978240627222436
3093,ENSG00000143515.19,0.3977920601381265
3094,ENSG00000221890.6,0.397738480407221
3095,ENSG00000185187.13,0.39767586393204407
3096,ENSG00000184574.10,0.39761438824156303
3097,ENSG00000172575.12,0.3975189985964487
3098,ENSG00000182916.8,0.39728485464879526
3099,ENSG00000177707.11,0.3972247408308274
3100,ENSG00000171724.3,0.3971603822221015
3101,ENSG00000184371.14,0.39702758853835446
3102,ENSG00000145536.15,0.39702571382914
3103,ENSG00000177098.9,0.39686421151010903
3104,ENSG00000148516.22,0.3967092057588298
3105,ENSG00000136231.14,0.39635822273889343
3106,ENSG00000188372.15,0.3962327346474451
3107,ENSG00000166278.15,0.3962037731567354
3108,ENSG00000165449.11,0.3959245937754558
3109,ENSG00000181804.15,0.3958438000329312
3110,ENSG00000127954.13,0.3957316947140749
3111,ENSG00000135426.16,0.3956551402831984
3112,ENSG00000164647.9,0.395566933800467
3113,ENSG00000137135.18,0.3955329199335366
3114,ENSG00000131979.20,0.3954406236876512
3115,ENSG00000138823.13,0.3954169220053433
3116,ENSG00000178053.20,0.39527552953671913
3117,ENSG00000183853.18,0.3951215705807514
3118,ENSG00000121653.11,0.3950391597301363
3119,ENSG00000095370.20,0.3950095553366318
3120,ENSG00000197892.13,0.3950085622354277
3121,ENSG00000198515.16,0.3948620865304925
3122,ENSG00000160191.18,0.39480670870070994
3123,ENSG00000069399.15,0.39475101982936617
3124,ENSG00000149925.22,0.39471636782022496
3125,ENSG00000186265.10,0.39464079753442866
3126,ENSG00000228594.4,0.3944004099316555
3127,ENSG00000170638.10,0.39439909182403343
3128,ENSG00000145569.6,0.39436505857288945
3129,ENSG00000181444.13,0.3939747347832137
3130,ENSG00000142945.13,0.39395081217967143
3131,ENSG00000178814.17,0.393909117754519
3132,ENSG00000112559.15,0.39373096136649505
3133,ENSG00000105755.8,0.39358931430329036
3134,ENSG00000137642.13,0.3934972059563619
3135,ENSG00000134419.15,0.39345666143211594
3136,ENSG00000145214.14,0.39320125616122514
3137,ENSG00000197119.13,0.3930394642690667
3138,ENSG00000073111.14,0.39302793256646273
3139,ENSG00000083307.12,0.39295125195407077
3140,ENSG00000170537.13,0.3929017308473212
3141,ENSG00000165029.17,0.39286644053890685
3142,ENSG00000121005.9,0.39286511897431897
3143,ENSG00000174705.13,0.3928433835447791
3144,ENSG00000126458.4,0.3927806004681427
3145,ENSG00000145632.15,0.3926682061664597
3146,ENSG00000170873.19,0.39247937979642794
3147,ENSG00000123892.12,0.3924232321270413
3148,ENSG00000168824.14,0.3923859478741151
3149,ENSG00000107821.15,0.39229967306516217
3150,ENSG00000187045.19,0.3922752790037662
3151,ENSG00000028277.21,0.39192211257468035
3152,ENSG00000185176.13,0.39164274022698753
3153,ENSG00000134690.11,0.3916060973816454
3154,ENSG00000106853.20,0.3912508084798374
3155,ENSG00000147697.9,0.39122734514311436
3156,ENSG00000225614.4,0.39110944285272964
3157,ENSG00000162897.16,0.391092568617853
3158,ENSG00000140807.7,0.3910659307463517
3159,ENSG00000134668.12,0.3909502045419321
3160,ENSG00000105373.19,0.39088299058627474
3161,ENSG00000134533.6,0.3906694466911235
3162,ENSG00000011201.12,0.39034319419468433
3163,ENSG00000165304.8,0.39011855989205024
3164,ENSG00000145715.15,0.3900974700381654
3165,ENSG00000134884.15,0.38996363835689707
3166,ENSG00000168993.15,0.389832660243711
3167,ENSG00000170837.3,0.38978739024987763
3168,ENSG00000132359.15,0.38964717080598255
3169,ENSG00000071282.12,0.3896351460965616
3170,ENSG00000065675.15,0.38934378120117863
3171,ENSG00000148468.17,0.38931875154036893
3172,ENSG00000153012.12,0.38915231810482676
3173,ENSG00000115758.13,0.389099209501377
3174,ENSG00000126787.13,0.3890207156696135
3175,ENSG00000175294.6,0.3887958292255053
3176,ENSG00000108106.14,0.38876519617610744
3177,ENSG00000170312.16,0.38872490477003924
3178,ENSG00000198435.4,0.3886554390411445
3179,ENSG00000111666.11,0.3886503656192062
3180,ENSG00000114315.4,0.3885627812508968
3181,ENSG00000152292.17,0.3884951338698009
3182,ENSG00000140368.13,0.3884578174754442
3183,ENSG00000071991.9,0.3884419844987266
3184,ENSG00000184500.16,0.38821643289730884
3185,ENSG00000121807.6,0.38820637427553883
3186,ENSG00000240184.7,0.3879355565949456
3187,ENSG00000130300.9,0.38790344447569297
3188,ENSG00000254656.3,0.3874617718386613
3189,ENSG00000088367.23,0.38730139654996537
3190,ENSG00000156427.8,0.38723753435022373
3191,ENSG00000117090.15,0.38718235895469594
3192,ENSG00000160781.17,0.3870966513387292
3193,ENSG00000131748.16,0.38691512983770304
3194,ENSG00000104419.17,0.3866544972441223
3195,ENSG00000144136.11,0.3865497021471988
3196,ENSG00000147526.20,0.3864388227847377
3197,ENSG00000104369.5,0.3861433823251832
3198,ENSG00000196187.12,0.3859662721893692
3199,ENSG00000092820.18,0.385852040167678
3200,ENSG00000161179.14,0.3857139062702275
3201,ENSG00000027869.12,0.38565506376696956
3202,ENSG00000149257.16,0.38561417600645564
3203,ENSG00000120280.6,0.38549411853062726
3204,ENSG00000108950.12,0.3853124249565129
3205,ENSG00000078018.20,0.38523697814118435
3206,ENSG00000087253.13,0.3851041056028689
3207,ENSG00000204172.12,0.3850793165440171
3208,ENSG00000146122.17,0.3850359048310463
3209,ENSG00000054598.9,0.3847789938817607
3210,ENSG00000179776.19,0.3847604195236685
3211,ENSG00000163453.11,0.38474712873833034
3212,ENSG00000141579.7,0.3846517999523118
3213,ENSG00000213085.10,0.3844878538277444
3214,ENSG00000132481.7,0.38430990102163876
3215,ENSG00000004700.16,0.3842990800215134
3216,ENSG00000108960.9,0.3842566696926437
3217,ENSG00000075213.11,0.3840878080857224
3218,ENSG00000206538.9,0.38407354752746203
3219,ENSG00000205336.14,0.3840712275271088
3220,ENSG00000171858.18,0.38404392090302936
3221,ENSG00000101412.13,0.38400791879544804
3222,ENSG00000172819.17,0.3838776316786673
3223,ENSG00000057294.15,0.3836120499308662
3224,ENSG00000186468.13,0.3835927710129643
3225,ENSG00000177600.9,0.38358756623825063
3226,ENSG00000145386.11,0.383482085872615
3227,ENSG00000100427.16,0.383146183193128
3228,ENSG00000198113.3,0.3831385880601491
3229,ENSG00000173846.13,0.3829046510912594
3230,ENSG00000104972.15,0.3827907349961206
3231,ENSG00000144668.12,0.3827751276529278
3232,ENSG00000042493.16,0.38260643023073204
3233,ENSG00000138311.18,0.38251551764927827
3234,ENSG00000178950.17,0.3822279131972917
3235,ENSG00000157368.11,0.38213645984467975
3236,ENSG00000077782.21,0.38202089704977127
3237,ENSG00000151224.13,0.38201031789673157
3238,ENSG00000113594.10,0.3818563040202309
3239,ENSG00000166949.16,0.38181145665014515
3240,ENSG00000169750.9,0.381395499752062
3241,ENSG00000133026.13,0.38120204951335296
3242,ENSG00000105270.15,0.3811210836544253
3243,ENSG00000167972.14,0.3810178062801579
3244,ENSG00000175745.14,0.3809665682902546
3245,ENSG00000186115.13,0.38068068246627623
3246,ENSG00000187097.13,0.3806761666235407
3247,ENSG00000136040.9,0.38048946057896244
3248,ENSG00000057657.17,0.38048221547530026
3249,ENSG00000203760.9,0.3803913447415775
3250,ENSG00000068079.8,0.3801787111248788
3251,ENSG00000138646.9,0.3800101883227363
3252,ENSG00000107798.18,0.3796996032384018
3253,ENSG00000261236.8,0.3796838490427863
3254,ENSG00000146648.19,0.37963329551291125
3255,ENSG00000214456.8,0.3796154662008594
3256,ENSG00000136052.9,0.3793699506403063
3257,ENSG00000165801.10,0.3792087015980861
3258,ENSG00000137193.14,0.37920465118313573
3259,ENSG00000112972.15,0.3787785356745608
3260,ENSG00000111912.20,0.37864169495546574
3261,ENSG00000186462.9,0.37857819956501665
3262,ENSG00000064687.13,0.37847087231933846
3263,ENSG00000103326.12,0.3783540110201686
3264,ENSG00000101916.12,0.37833327592725247
3265,ENSG00000124256.15,0.37828259642983997
3266,ENSG00000169660.17,0.3781320853359588
3267,ENSG00000136918.8,0.3781220772370527
3268,ENSG00000170545.17,0.3780733538405696
3269,ENSG00000125520.14,0.37800290458952157
3270,ENSG00000152128.13,0.3777441461875967
3271,ENSG00000153291.16,0.3774101290761311
3272,ENSG00000120279.6,0.37721532982146005
3273,ENSG00000156026.14,0.37717607470485415
3274,ENSG00000174718.12,0.37717352315357483
3275,ENSG00000138759.19,0.3769929084657731
3276,ENSG00000174236.4,0.3769855390196071
3277,ENSG00000204577.11,0.376824714245906
3278,ENSG00000198816.7,0.3766791513634774
3279,ENSG00000185000.12,0.37667075731970395
3280,ENSG00000239672.8,0.37665427621449243
3281,ENSG00000173947.14,0.3764208270899787
3282,ENSG00000158201.10,0.37636356456765846
3283,ENSG00000136854.24,0.37635701928479975
3284,ENSG00000066056.14,0.37634809935634117
3285,ENSG00000102007.11,0.37622222654465526
3286,ENSG00000026508.20,0.37616418883392577
3287,ENSG00000167693.17,0.37616306430086116
3288,ENSG00000146755.11,0.37558359728936386
3289,ENSG00000160179.19,0.37541581106684546
3290,ENSG00000183671.12,0.37526640972468267
3291,ENSG00000163519.14,0.37521837438491173
3292,ENSG00000169252.6,0.37515241253645115
3293,ENSG00000185818.8,0.37483512831733595
3294,ENSG00000039068.19,0.3747732462400933
3295,ENSG00000166689.16,0.3747393623115337
3296,ENSG00000136010.14,0.37470868741515523
3297,ENSG00000107249.23,0.37435724506901474
3298,ENSG00000168334.9,0.37435168369536304
3299,ENSG00000133246.12,0.3742907736390831
3300,ENSG00000163297.17,0.3741728917620609
3301,ENSG00000170271.11,0.3741579369149523
3302,ENSG00000091482.8,0.3740517015649341
3303,ENSG00000074181.9,0.3739259395030328
3304,ENSG00000174672.16,0.3739156580079143
3305,ENSG00000080546.13,0.3738719073992072
3306,ENSG00000149782.13,0.37386084117184876
3307,ENSG00000112984.12,0.3735071953167588
3308,ENSG00000245848.3,0.3733655428277341
3309,ENSG00000136193.17,0.3731659960528919
3310,ENSG00000184545.11,0.37309991540689763
3311,ENSG00000164920.9,0.3726548880533918
3312,ENSG00000159228.13,0.37262696843907195
3313,ENSG00000143653.10,0.3725738797033738
3314,ENSG00000130787.14,0.3725167360406952
3315,ENSG00000166148.4,0.3724402989932505
3316,ENSG00000168952.15,0.37243523367836967
3317,ENSG00000116260.17,0.3722267170161573
3318,ENSG00000150593.18,0.3720659507313279
3319,ENSG00000161016.18,0.3720152410932638
3320,ENSG00000143344.16,0.3716756445462024
3321,ENSG00000152926.15,0.37153246995310824
3322,ENSG00000169891.18,0.37114246032436154
3323,ENSG00000128610.12,0.37112747810645746
3324,ENSG00000198944.6,0.3710273272815852
3325,ENSG00000119946.11,0.3708985162003141
3326,ENSG00000197479.7,0.37088809405958584
3327,ENSG00000157240.4,0.37083551464749925
3328,ENSG00000156968.9,0.3708235634895035
3329,ENSG00000056558.11,0.3707648537983808
3330,ENSG00000171056.8,0.37074550762055825
3331,ENSG00000197943.10,0.370560403902438
3332,ENSG00000110446.11,0.37050889825249633
3333,ENSG00000154783.12,0.37049825472988873
3334,ENSG00000100852.13,0.37048738602209846
3335,ENSG00000137273.6,0.37037807184506605
3336,ENSG00000107731.12,0.3703489333798387
3337,ENSG00000071537.14,0.37034043600427685
3338,ENSG00000168329.14,0.37030379386707885
3339,ENSG00000021355.13,0.37027719041000096
3340,ENSG00000167994.13,0.37021635669063585
3341,ENSG00000160949.17,0.37020469025440267
3342,ENSG00000154721.15,0.37010871631845976
3343,ENSG00000070190.13,0.36989664429683894
3344,ENSG00000112379.9,0.36985854222858994
3345,ENSG00000198918.8,0.3698511663988114
3346,ENSG00000115541.11,0.369841063407557
3347,ENSG00000067057.18,0.36981699838562915
3348,ENSG00000144891.18,0.36978823317631326
3349,ENSG00000068137.15,0.3697677251645275
3350,ENSG00000166851.15,0.3697344081263271
3351,ENSG00000085117.12,0.369683157192872
3352,ENSG00000174944.9,0.36960060999052646
3353,ENSG00000186474.15,0.369522049434833
3354,ENSG00000065268.11,0.36943054222105237
3355,ENSG00000005073.6,0.3692973988783609
3356,ENSG00000185527.12,0.3692377494632437
3357,ENSG00000162522.11,0.36907634666660727
3358,ENSG00000151692.15,0.36907576061020975
3359,ENSG00000047936.11,0.36885192411364565
3360,ENSG00000185565.12,0.3688208169928533
3361,ENSG00000169047.5,0.3687085443972918
3362,ENSG00000116771.6,0.36862521046327085
3363,ENSG00000174501.14,0.3685141163439254
3364,ENSG00000139438.6,0.3684979532608518
3365,ENSG00000126264.10,0.36829376502129624
3366,ENSG00000150782.12,0.3682787862085623
3367,ENSG00000136378.15,0.3682729046694191
3368,ENSG00000112186.12,0.3678985773010126
3369,ENSG00000153976.3,0.36785644427023023
3370,ENSG00000073150.14,0.3678080698134423
3371,ENSG00000239887.6,0.36767008592134603
3372,ENSG00000205268.11,0.36757422117771665
3373,ENSG00000120211.4,0.3675371781300424
3374,ENSG00000104903.5,0.36751210369580695
3375,ENSG00000197496.6,0.36740499860032255
3376,ENSG00000185803.12,0.3672876690011182
3377,ENSG00000061918.14,0.36717018676000274
3378,ENSG00000123485.12,0.3671398968938652
3379,ENSG00000163879.11,0.36713703890223
3380,ENSG00000155760.2,0.36711496240626196
3381,ENSG00000100304.13,0.3671109404381842
3382,ENSG00000149294.17,0.3667802055099234
3383,ENSG00000112312.10,0.36656644179513603
3384,ENSG00000178718.7,0.3665324446153412
3385,ENSG00000164050.13,0.3663473664417586
3386,ENSG00000159214.13,0.3663331776911896
3387,ENSG00000149564.12,0.36632783865636254
3388,ENSG00000148362.11,0.36630520701301156
3389,ENSG00000100146.18,0.36630213967793696
3390,ENSG00000179023.8,0.36618813522678717
3391,ENSG00000176435.7,0.3661835251663375
3392,ENSG00000080644.16,0.3660753982906478
3393,ENSG00000119138.4,0.366046019641295
3394,ENSG00000170044.8,0.3659548093260447
3395,ENSG00000197093.11,0.36578940661248205
3396,ENSG00000149418.11,0.36571623768003353
3397,ENSG00000171617.14,0.3655154132030916
3398,ENSG00000205155.8,0.3654373119667789
3399,ENSG00000135144.7,0.3652633806211118
3400,ENSG00000160888.7,0.36518056418810113
3401,ENSG00000145850.9,0.36502649210668925
3402,ENSG00000177191.2,0.36501257835845796
3403,ENSG00000079462.8,0.3649952866390173
3404,ENSG00000101049.17,0.3649004783168821
3405,ENSG00000187601.5,0.36486976903584983
3406,ENSG00000183691.6,0.3648171877243836
3407,ENSG00000138606.19,0.3647941016452459
3408,ENSG00000167208.15,0.3647137782905617
3409,ENSG00000147592.9,0.3646285895373069
3410,ENSG00000263264.2,0.36440938511445015
3411,ENSG00000175920.18,0.3643827557240563
3412,ENSG00000171533.11,0.36426938199190223
3413,ENSG00000213793.5,0.36403776790512354
3414,ENSG00000128052.10,0.3639575186149288
3415,ENSG00000099250.18,0.3638046144181478
3416,ENSG00000103335.22,0.3637760900495689
3417,ENSG00000172572.7,0.36375343570712676
3418,ENSG00000106560.11,0.36375314393295083
3419,ENSG00000108773.11,0.3637165179148132
3420,ENSG00000128228.5,0.36358792593165856
3421,ENSG00000104738.18,0.3635261332310582
3422,ENSG00000108465.15,0.3634576789498283
3423,ENSG00000198795.11,0.3633751666883784
3424,ENSG00000115963.13,0.3633111518878634
3425,ENSG00000127561.15,0.3633001904838797
3426,ENSG00000185761.11,0.3632865258652176
3427,ENSG00000160293.17,0.3632409414105728
3428,ENSG00000143867.7,0.36317393794576275
3429,ENSG00000166750.10,0.36289839788261297
3430,ENSG00000205403.13,0.36285840388596263
3431,ENSG00000138083.5,0.3628310054061725
3432,ENSG00000153208.17,0.3627278505651837
3433,ENSG00000134138.20,0.362596868411209
3434,ENSG00000155265.11,0.3625825716846048
3435,ENSG00000204681.11,0.36256843355326246
3436,ENSG00000183682.8,0.362469614264316
3437,ENSG00000204228.4,0.36240486456939813
3438,ENSG00000169439.12,0.36236255166913317
3439,ENSG00000203724.11,0.362356716573905
3440,ENSG00000153898.13,0.36227058185458777
3441,ENSG00000154760.14,0.36220929913469363
3442,ENSG00000146670.10,0.36219872347499643
3443,ENSG00000204161.14,0.3621677859135304
3444,ENSG00000171552.14,0.3621063181772988
3445,ENSG00000153132.13,0.3620480480517353
3446,ENSG00000128595.17,0.3620283333503791
3447,ENSG00000142583.18,0.3620095879518803
3448,ENSG00000162849.16,0.3619424445088618
3449,ENSG00000126878.13,0.361786717970167
3450,ENSG00000101577.10,0.3615726088202528
3451,ENSG00000141052.18,0.36155138598564557
3452,ENSG00000153904.21,0.3615331466115139
3453,ENSG00000101082.14,0.36151865716140946
3454,ENSG00000187961.14,0.361407074618015
3455,ENSG00000197872.11,0.36138961773014194
3456,ENSG00000100321.15,0.3613442434743241
3457,ENSG00000010626.15,0.361236067444694
3458,ENSG00000116183.11,0.3610977213280272
3459,ENSG00000151332.19,0.36095917060404525
3460,ENSG00000124074.12,0.36093832652940744
3461,ENSG00000079257.8,0.360930436260946
3462,ENSG00000169213.7,0.3608873790184261
3463,ENSG00000135441.7,0.3608599430473853
3464,ENSG00000165072.10,0.36078276900084727
3465,ENSG00000105851.11,0.3606679544437529
3466,ENSG00000130511.16,0.36065534035781877
3467,ENSG00000166963.13,0.36056778498694647
3468,ENSG00000105329.11,0.3604581643262383
3469,ENSG00000135643.5,0.36035216937292014
3470,ENSG00000106070.20,0.36030058942942994
3471,ENSG00000109586.12,0.36019250303878597
3472,ENSG00000198915.12,0.3601655920406235
3473,ENSG00000100726.15,0.3601057088278343
3474,ENSG00000170561.13,0.36005513479848444
3475,ENSG00000179583.19,0.3599884615870239
3476,ENSG00000197530.12,0.35989194909200733
3477,ENSG00000079459.13,0.3597810393609522
3478,ENSG00000143127.13,0.35975629807488474
3479,ENSG00000156049.7,0.3596837211106449
3480,ENSG00000065357.20,0.3595948302086091
3481,ENSG00000126562.17,0.3595669720608447
3482,ENSG00000163531.15,0.3595398921587678
3483,ENSG00000180543.5,0.3594903698566824
3484,ENSG00000091073.19,0.3594222713475167
3485,ENSG00000143674.11,0.3593652847969257
3486,ENSG00000196843.17,0.3592380436390337
3487,ENSG00000059377.18,0.35913360475970324
3488,ENSG00000100644.17,0.35909309765400793
3489,ENSG00000151208.17,0.359049870791511
3490,ENSG00000226742.4,0.3589521058538325
3491,ENSG00000141447.18,0.3589471464335378
3492,ENSG00000242732.4,0.35884400751619056
3493,ENSG00000147138.3,0.35881709220839103
3494,ENSG00000161940.11,0.3587837326329474
3495,ENSG00000102265.12,0.35863403945247163
3496,ENSG00000111371.16,0.35853362827245405
3497,ENSG00000243364.8,0.35848168580310746
3498,ENSG00000165410.15,0.3584073648581092
3499,ENSG00000164741.15,0.35813648114913116
3500,ENSG00000177595.18,0.3579699729413383
3501,ENSG00000164764.11,0.35794480172085963
3502,ENSG00000142611.17,0.3578719264051944
3503,ENSG00000135378.4,0.35777837030827153
3504,ENSG00000135451.13,0.3576969112744525
3505,ENSG00000164442.10,0.3576823815256728
3506,ENSG00000176428.6,0.35763193441058344
3507,ENSG00000198932.13,0.3575536935853069
3508,ENSG00000105366.15,0.3575524372796276
3509,ENSG00000067225.18,0.35748473794499386
3510,ENSG00000101846.8,0.3574440015441516
3511,ENSG00000204950.4,0.35737236765395075
3512,ENSG00000165810.17,0.3573407965322317
3513,ENSG00000184945.14,0.35732540795392737
3514,ENSG00000103154.9,0.3572903831125435
3515,ENSG00000142949.17,0.35703230552029
3516,ENSG00000182107.7,0.35701221617306395
3517,ENSG00000077152.11,0.3569976119223779
3518,ENSG00000131378.14,0.3566572679968118
3519,ENSG00000006756.16,0.3565145546995241
3520,ENSG00000166073.11,0.35622936267729466
3521,ENSG00000197635.11,0.3561616932122387
3522,ENSG00000112667.13,0.3560784265646982
3523,ENSG00000109861.17,0.35604672171028734
3524,ENSG00000112773.16,0.35600370669949694
3525,ENSG00000160606.11,0.3559784954060185
3526,ENSG00000196407.12,0.3558427329423215
3527,ENSG00000144749.14,0.3557931286728105
3528,ENSG00000174307.7,0.355690208924556
3529,ENSG00000176595.4,0.355675291170085
3530,ENSG00000100867.15,0.3556664645559938
3531,ENSG00000010292.13,0.35560245662416184
3532,ENSG00000165475.15,0.35559228973094675
3533,ENSG00000175874.10,0.3551301489875961
3534,ENSG00000187720.14,0.3551030990256855
3535,ENSG00000148426.13,0.3548536682203562
3536,ENSG00000167074.15,0.35483811486704164
3537,ENSG00000182985.18,0.35479702482311415
3538,ENSG00000204634.13,0.3547910854280994
3539,ENSG00000204540.11,0.3547906626301642
3540,ENSG00000166313.19,0.3546744683664396
3541,ENSG00000125971.17,0.3546490514578132
3542,ENSG00000163629.13,0.35457711234068956
3543,ENSG00000177666.17,0.35454423960418086
3544,ENSG00000100836.10,0.35448625947393536
3545,ENSG00000093009.11,0.35446817755049426
3546,ENSG00000115267.8,0.35434561755089494
3547,ENSG00000082781.12,0.35429485513979847
3548,ENSG00000204381.12,0.35418191397649296
3549,ENSG00000150054.18,0.35388329925906037
3550,ENSG00000174669.12,0.35388276529899954
3551,ENSG00000246705.4,0.3538636858619428
3552,ENSG00000001617.12,0.35383523451456395
3553,ENSG00000037965.6,0.35378251653580667
3554,ENSG00000109046.15,0.3537414628572354
3555,ENSG00000071575.11,0.3536660961370125
3556,ENSG00000253626.3,0.3535650832978577
3557,ENSG00000135596.18,0.3535369460139756
3558,ENSG00000087586.18,0.3534842376356863
3559,ENSG00000142675.18,0.35342442469689245
3560,ENSG00000122026.10,0.3531835418088897
3561,ENSG00000250571.7,0.3530500735915231
3562,ENSG00000164938.14,0.3530403508120412
3563,ENSG00000089692.9,0.353015178908052
3564,ENSG00000189056.14,0.3530117628023801
3565,ENSG00000265107.3,0.3529805724013545
3566,ENSG00000258227.7,0.35297067300653884
3567,ENSG00000166016.6,0.3529098061833232
3568,ENSG00000183615.6,0.3526679278637683
3569,ENSG00000111671.10,0.3526052670846449
3570,ENSG00000197646.8,0.3525872367530544
3571,ENSG00000125733.18,0.35244441185490283
3572,ENSG00000188001.10,0.352382504951622
3573,ENSG00000109452.12,0.35235055856707437
3574,ENSG00000173218.15,0.35229357951178086
3575,ENSG00000073169.14,0.35203718923242266
3576,ENSG00000233608.4,0.3517305649161867
3577,ENSG00000111669.15,0.3516779162544778
3578,ENSG00000140391.15,0.35159854107364386
3579,ENSG00000120889.13,0.3515827404617229
3580,ENSG00000117519.16,0.35146214886341964
3581,ENSG00000124762.14,0.351343703268882
3582,ENSG00000128849.11,0.35131746155509175
3583,ENSG00000178538.10,0.35130803310090675
3584,ENSG00000129422.14,0.3513040868896745
3585,ENSG00000125089.17,0.35125180249368587
3586,ENSG00000197019.5,0.3512331843919107
3587,ENSG00000185189.18,0.35116438998006294
3588,ENSG00000135926.15,0.3509556260013054
3589,ENSG00000171388.12,0.3509053369676805
3590,ENSG00000161888.11,0.35082963101327375
3591,ENSG00000164946.20,0.350818527608805
3592,ENSG00000164181.14,0.3507327977545686
3593,ENSG00000221926.13,0.35052911986443464
3594,ENSG00000131055.5,0.3505141142961143
3595,ENSG00000152518.8,0.3504506083948647
3596,ENSG00000163216.7,0.3504288938627154
3597,ENSG00000160072.20,0.3503973282794302
3598,ENSG00000129667.13,0.3503558650136591
3599,ENSG00000111665.12,0.3502790425886056
3600,ENSG00000128335.14,0.3501945898343355
3601,ENSG00000164736.6,0.35019203677301847
3602,ENSG00000197245.6,0.3501853973322986
3603,ENSG00000175701.10,0.35009755417848837
3604,ENSG00000175866.15,0.34985095197265126
3605,ENSG00000139182.15,0.34968439596606954
3606,ENSG00000007255.10,0.34959223424614444
3607,ENSG00000165030.4,0.34927649281430273
3608,ENSG00000053438.11,0.34917342422597525
3609,ENSG00000184731.6,0.34917258888772296
3610,ENSG00000163600.13,0.34915700120346516
3611,ENSG00000172809.13,0.3490512682126107
3612,ENSG00000198719.9,0.3489789752852544
3613,ENSG00000189431.8,0.34887460194475806
3614,ENSG00000215915.10,0.34884712537420276
3615,ENSG00000140853.16,0.3487833294440338
3616,ENSG00000186710.11,0.34875735506492617
3617,ENSG00000117724.13,0.3486626791961346
3618,ENSG00000130669.17,0.34865504603657105
3619,ENSG00000184979.10,0.3486292359185462
3620,ENSG00000161544.10,0.34859498615920004
3621,ENSG00000124813.23,0.34851503202124773
3622,ENSG00000129474.16,0.34841884272312007
3623,ENSG00000101276.18,0.3483920637054228
3624,ENSG00000183476.12,0.3480849651492651
3625,ENSG00000186577.14,0.3480520375665681
3626,ENSG00000178381.12,0.3473373959099608
3627,ENSG00000112297.18,0.3473226861292031
3628,ENSG00000103145.11,0.3472405095539495
3629,ENSG00000076716.9,0.3472249265769034
3630,ENSG00000284797.1,0.3472234356575094
3631,ENSG00000170522.10,0.34720447187771164
3632,ENSG00000166582.10,0.34719691641709327
3633,ENSG00000178343.5,0.3471197451623861
3634,ENSG00000169241.19,0.3470527467558649
3635,ENSG00000150347.16,0.3469993606480853
3636,ENSG00000137752.24,0.3469507036307961
3637,ENSG00000205544.4,0.346895303168877
3638,ENSG00000213203.3,0.3467063513753185
3639,ENSG00000162616.9,0.3465113607250186
3640,ENSG00000082397.17,0.3464769314459735
3641,ENSG00000256235.2,0.3464686835360005
3642,ENSG00000117013.17,0.3464413915240017
3643,ENSG00000106351.13,0.3464363622450049
3644,ENSG00000133687.16,0.346252336058797
3645,ENSG00000090924.15,0.34613949936235605
3646,ENSG00000232810.4,0.3461213193510435
3647,ENSG00000067191.16,0.3460083592245299
3648,ENSG00000131116.12,0.34584604625610044
3649,ENSG00000143158.11,0.3457557544792922
3650,ENSG00000105852.11,0.34535745616933317
3651,ENSG00000074219.14,0.3452522759459156
3652,ENSG00000142235.12,0.3452359601822343
3653,ENSG00000198324.13,0.34508116739993416
3654,ENSG00000013810.20,0.3449699136313938
3655,ENSG00000155957.18,0.34493179334744534
3656,ENSG00000187634.12,0.34488545601569104
3657,ENSG00000171385.10,0.34481153009390886
3658,ENSG00000167261.14,0.3448009697686656
3659,ENSG00000024422.12,0.3447450546308148
3660,ENSG00000130332.15,0.3447200239833872
3661,ENSG00000144959.11,0.34471523857505726
3662,ENSG00000133874.2,0.34469558200348155
3663,ENSG00000049246.14,0.34468968775462655
3664,ENSG00000282608.2,0.3446869178978874
3665,ENSG00000162706.13,0.344532491123237
3666,ENSG00000006468.14,0.34452332380207407
3667,ENSG00000141524.17,0.3442372693109501
3668,ENSG00000167526.14,0.3441801662290817
3669,ENSG00000163564.15,0.3441506604344515
3670,ENSG00000278535.5,0.3440672267807187
3671,ENSG00000140859.16,0.34386359340557543
3672,ENSG00000137818.12,0.3437975815623005
3673,ENSG00000185519.9,0.3437932596730283
3674,ENSG00000064547.14,0.3436461134936509
3675,ENSG00000101457.13,0.34362563602108187
3676,ENSG00000091592.16,0.3435742988034886
3677,ENSG00000203814.6,0.343561964069593
3678,ENSG00000123560.14,0.3435549386852727
3679,ENSG00000177706.9,0.34346835560238853
3680,ENSG00000171219.9,0.34340043744619875
3681,ENSG00000139631.19,0.34327430297583333
3682,ENSG00000145362.20,0.3429657705699632
3683,ENSG00000244482.10,0.3428752873483442
3684,ENSG00000198648.11,0.34274648825501575
3685,ENSG00000101782.15,0.3426453982448944
3686,ENSG00000124766.7,0.34259532800909337
3687,ENSG00000115268.10,0.34258474080990353
3688,ENSG00000151726.15,0.34255297422925385
3689,ENSG00000124249.7,0.3425145120491071
3690,ENSG00000182325.11,0.34241520041256923
3691,ENSG00000135407.10,0.3423716261582447
3692,ENSG00000225950.8,0.34233669099952635
3693,ENSG00000164733.22,0.34232602605449625
3694,ENSG00000087258.16,0.34224902787034334
3695,ENSG00000072858.11,0.34214830345554503
3696,ENSG00000213949.10,0.3419367932348364
3697,ENSG00000126016.16,0.3418535437125286
3698,ENSG00000162407.9,0.34165137139820684
3699,ENSG00000204525.17,0.3415409835535796
3700,ENSG00000151623.15,0.3415040003186608
3701,ENSG00000197256.11,0.3414291738079993
3702,ENSG00000154447.15,0.3414233115368952
3703,ENSG00000075275.18,0.34129969041575
3704,ENSG00000162618.15,0.34102298011529464
3705,ENSG00000116096.6,0.3409967774962142
3706,ENSG00000088881.21,0.3409924432529741
3707,ENSG00000197822.11,0.3409793997818252
3708,ENSG00000119630.14,0.34092636102279955
3709,ENSG00000185291.12,0.3406360566978437
3710,ENSG00000090971.5,0.34060964882599987
3711,ENSG00000183779.7,0.34041484071143985
3712,ENSG00000168785.8,0.3401837182966888
3713,ENSG00000119333.11,0.34017726149344674
3714,ENSG00000158769.18,0.34010507236011067
3715,ENSG00000114450.11,0.34000110392876337
3716,ENSG00000115129.14,0.33989754232864755
3717,ENSG00000157654.19,0.33989690470969464
3718,ENSG00000170091.11,0.33989478684538316
3719,ENSG00000198075.10,0.33989470950580036
3720,ENSG00000099139.14,0.33977218462917624
3721,ENSG00000198189.11,0.3396914481636646
3722,ENSG00000125898.13,0.33942358185350097
3723,ENSG00000164099.3,0.3393732930008092
3724,ENSG00000222009.8,0.3392849918093146
3725,ENSG00000036672.16,0.339164862334924
3726,ENSG00000168672.4,0.3391130305825097
3727,ENSG00000126583.11,0.33889513934088733
3728,ENSG00000125245.13,0.3387293596282161
3729,ENSG00000003436.16,0.33855861497711315
3730,ENSG00000086544.3,0.33852047248008765
3731,ENSG00000081052.13,0.33848198881389846
3732,ENSG00000152932.8,0.33841666916792484
3733,ENSG00000104341.17,0.33841067213098897
3734,ENSG00000214357.9,0.3383702725568884
3735,ENSG00000188112.9,0.33832075906379333
3736,ENSG00000159618.16,0.33824745744832047
3737,ENSG00000112208.11,0.3382368023688906
3738,ENSG00000175040.6,0.33793228291135724
3739,ENSG00000072694.21,0.33788022887017416
3740,ENSG00000150625.16,0.33787535316822254
3741,ENSG00000181449.4,0.3378648071512133
3742,ENSG00000133639.6,0.3378160188969575
3743,ENSG00000177697.19,0.3377080174843092
3744,ENSG00000065057.9,0.33766237791134573
3745,ENSG00000287725.1,0.3376237348753269
3746,ENSG00000105640.13,0.3376075253545271
3747,ENSG00000167984.18,0.33758503175207083
3748,ENSG00000126895.15,0.33754029788417733
3749,ENSG00000156587.16,0.3373647723832508
3750,ENSG00000105372.8,0.3372642652286843
3751,ENSG00000234745.12,0.33720637130225345
3752,ENSG00000268655.2,0.3371613631298178
3753,ENSG00000163565.19,0.33706619119491804
3754,ENSG00000124772.12,0.3370462868665961
3755,ENSG00000130035.9,0.3368873990629047
3756,ENSG00000185950.9,0.33682948078873226
3757,ENSG00000056998.20,0.33639441878024495
3758,ENSG00000241685.10,0.3360505293460936
3759,ENSG00000139192.12,0.3360444999612825
3760,ENSG00000166111.10,0.33598755721198503
3761,ENSG00000242612.7,0.33598739222023016
3762,ENSG00000111247.15,0.3359710013548147
3763,ENSG00000204516.10,0.3358960193370766
3764,ENSG00000185619.18,0.3358908145632265
3765,ENSG00000166025.18,0.33553937604696904
3766,ENSG00000185324.22,0.3354208707005103
3767,ENSG00000131196.18,0.3351691706479121
3768,ENSG00000130827.6,0.33490071255032267
3769,ENSG00000101439.9,0.3348492220546448
3770,ENSG00000181031.16,0.3347872892283021
3771,ENSG00000129355.7,0.3346241726912222
3772,ENSG00000137496.18,0.3346160534060289
3773,ENSG00000133816.17,0.3345612228426466
3774,ENSG00000166206.15,0.3345139651373353
3775,ENSG00000122707.12,0.3344302553660089
3776,ENSG00000108107.15,0.334411547932227
3777,ENSG00000173581.8,0.3342398643457256
3778,ENSG00000206503.13,0.3342389033108603
3779,ENSG00000183578.8,0.3340537815767745
3780,ENSG00000103187.8,0.33389287034579823
3781,ENSG00000167618.10,0.333557687698643
3782,ENSG00000187726.9,0.3333711264823122
3783,ENSG00000174004.6,0.3333427666189769
3784,ENSG00000136830.12,0.3333088819093436
3785,ENSG00000105538.10,0.33330064774222423
3786,ENSG00000080986.13,0.333164290931413
3787,ENSG00000148180.21,0.3330918549880036
3788,ENSG00000126947.13,0.3330909089794019
3789,ENSG00000125266.8,0.33305370094396125
3790,ENSG00000148175.13,0.33283943447192443
3791,ENSG00000075399.14,0.33282994391864723
3792,ENSG00000197321.15,0.33281563754525884
3793,ENSG00000138821.13,0.3328101141702922
3794,ENSG00000183484.12,0.3327732335907533
3795,ENSG00000184232.9,0.33277270736185793
3796,ENSG00000204335.4,0.332589786176455
3797,ENSG00000117643.14,0.3325049155602266
3798,ENSG00000181404.17,0.3324241805676591
3799,ENSG00000065413.20,0.3323600915260567
3800,ENSG00000164330.17,0.33234179219453064
3801,ENSG00000165966.16,0.33227869609885374
3802,ENSG00000016602.9,0.3321020822504124
3803,ENSG00000105767.3,0.331907432821432
3804,ENSG00000099889.14,0.3318043304199759
3805,ENSG00000184381.20,0.3318015816343316
3806,ENSG00000188641.14,0.33160928922799643
3807,ENSG00000139998.16,0.33159246337435255
3808,ENSG00000070081.17,0.33151643250735063
3809,ENSG00000283526.1,0.3315112378121702
3810,ENSG00000168899.5,0.331506876796424
3811,ENSG00000185015.8,0.3313889333068344
3812,ENSG00000139190.17,0.33124623375013357
3813,ENSG00000125995.16,0.3311022504258488
3814,ENSG00000174775.17,0.3310857935201867
3815,ENSG00000149021.7,0.33095699825848623
3816,ENSG00000007392.17,0.3309247301313003
3817,ENSG00000171791.14,0.33091699820073467
3818,ENSG00000131584.19,0.33083650653398483
3819,ENSG00000118596.12,0.33069878545636566
3820,ENSG00000119782.14,0.33066626443185926
3821,ENSG00000169855.20,0.3306213007831059
3822,ENSG00000111339.12,0.33033095895590514
3823,ENSG00000082014.17,0.3302240309860593
3824,ENSG00000228300.14,0.3301891781179735
3825,ENSG00000214026.11,0.33014049506476306
3826,ENSG00000135821.19,0.3299248136535936
3827,ENSG00000127472.11,0.32972514432347066
3828,ENSG00000187240.16,0.32971451877412195
3829,ENSG00000164023.14,0.32966319027635604
3830,ENSG00000149809.16,0.3296418774511586
3831,ENSG00000171631.15,0.3296269877567863
3832,ENSG00000167414.4,0.32961377121544866
3833,ENSG00000125170.11,0.32954245571501467
3834,ENSG00000176928.7,0.32942081639462073
3835,ENSG00000117266.16,0.329357811536629
3836,ENSG00000117480.16,0.32926694877919377
3837,ENSG00000163682.17,0.3288367937541791
3838,ENSG00000138735.16,0.32874415743657687
3839,ENSG00000130255.13,0.32871702267490466
3840,ENSG00000023892.11,0.3285353924980219
3841,ENSG00000143995.20,0.3284865522463133
3842,ENSG00000150551.11,0.32830521033479004
3843,ENSG00000118432.12,0.32828318646635946
3844,ENSG00000198752.11,0.328020696752916
3845,ENSG00000136810.13,0.3279856147861726
3846,ENSG00000181751.10,0.32797071199791505
3847,ENSG00000157554.19,0.32796413548337927
3848,ENSG00000163638.13,0.327950955867781
3849,ENSG00000130590.14,0.3278440382844012
3850,ENSG00000122986.14,0.32782873984894917
3851,ENSG00000104998.4,0.3277665556096926
3852,ENSG00000227051.7,0.32776195270536773
3853,ENSG00000177700.6,0.32771270682716386
3854,ENSG00000104689.10,0.3275431648726314
3855,ENSG00000134352.20,0.32746063598766606
3856,ENSG00000198146.4,0.3273757637658701
3857,ENSG00000177374.13,0.327339927550308
3858,ENSG00000008300.17,0.32728963929580396
3859,ENSG00000130066.16,0.32717400724949597
3860,ENSG00000116990.11,0.3271290580781134
3861,ENSG00000072110.15,0.3270445343696062
3862,ENSG00000170571.12,0.3269231631755401
3863,ENSG00000179832.17,0.3268389775261098
3864,ENSG00000204136.11,0.3267989086788839
3865,ENSG00000050820.17,0.3267356735067574
3866,ENSG00000140983.14,0.3266592228482889
3867,ENSG00000006831.10,0.32657740234201094
3868,ENSG00000122952.17,0.3265033511446502
3869,ENSG00000090659.18,0.3264697517691348
3870,ENSG00000034053.14,0.3264263331838471
3871,ENSG00000160447.7,0.3263941777786531
3872,ENSG00000163513.19,0.32625007861146843
3873,ENSG00000111291.8,0.32614400774414115
3874,ENSG00000101746.15,0.3261045026428323
3875,ENSG00000102038.16,0.3260668670367082
3876,ENSG00000095066.12,0.32594613105168946
3877,ENSG00000184205.14,0.3258635660903942
3878,ENSG00000183386.10,0.32568173791399535
3879,ENSG00000063180.9,0.3256089931069876
3880,ENSG00000105516.11,0.32560540577626057
3881,ENSG00000145103.15,0.32537541644515783
3882,ENSG00000144583.5,0.32533871466262304
3883,ENSG00000213741.11,0.32526088605960984
3884,ENSG00000104518.11,0.32515216649350576
3885,ENSG00000122971.9,0.32499360013784184
3886,ENSG00000182534.13,0.324684535343818
3887,ENSG00000125735.11,0.3245699488738851
3888,ENSG00000176842.15,0.3245529374121806
3889,ENSG00000135697.10,0.32446571292980614
3890,ENSG00000173918.15,0.3244636475346035
3891,ENSG00000188037.12,0.3243202814142651
3892,ENSG00000178685.14,0.32412563696391145
3893,ENSG00000116667.15,0.3240258340612835
3894,ENSG00000164674.16,0.3238723382901733
3895,ENSG00000138448.12,0.32386529500000194
3896,ENSG00000185043.12,0.3237968160641059
3897,ENSG00000136274.9,0.32378618367435336
3898,ENSG00000105737.9,0.32375318431869
3899,ENSG00000161618.10,0.32367462450985046
3900,ENSG00000105219.10,0.3236591007602726
3901,ENSG00000105223.20,0.32353519118118335
3902,ENSG00000168010.11,0.3235291480993317
3903,ENSG00000233927.5,0.3234496285619951
3904,ENSG00000115252.18,0.3233434216051567
3905,ENSG00000082497.12,0.32327347815333246
3906,ENSG00000183248.12,0.32321290418508525
3907,ENSG00000198844.12,0.3231095958809542
3908,ENSG00000108679.13,0.3230518856349131
3909,ENSG00000198517.10,0.3229634989996237
3910,ENSG00000130589.16,0.3228677485889595
3911,ENSG00000159335.18,0.32280002140757275
3912,ENSG00000180263.14,0.32278149596216155
3913,ENSG00000130731.16,0.3227557163041372
3914,ENSG00000189319.14,0.3226834420953748
3915,ENSG00000128159.12,0.3226445482200081
3916,ENSG00000141696.13,0.3226056837355892
3917,ENSG00000197785.14,0.3225957314673649
3918,ENSG00000186310.10,0.32256040719647083
3919,ENSG00000089486.17,0.3225479902955104
3920,ENSG00000007080.11,0.32243405217905297
3921,ENSG00000176720.6,0.32241258213390284
3922,ENSG00000015592.16,0.32238451676406066
3923,ENSG00000106546.14,0.32225816556174447
3924,ENSG00000130475.14,0.3221792515390634
3925,ENSG00000054803.4,0.3221411483666132
3926,ENSG00000110076.19,0.3221217904620401
3927,ENSG00000178826.11,0.3220876310210886
3928,ENSG00000170367.5,0.32206786294769485
3929,ENSG00000152642.11,0.3220403706277734
3930,ENSG00000134317.18,0.32203889926334184
3931,ENSG00000138678.11,0.3219331601291459
3932,ENSG00000188229.6,0.3219271863097833
3933,ENSG00000167470.12,0.32190418504664486
3934,ENSG00000164086.10,0.321862542482267
3935,ENSG00000171119.2,0.3217605984603344
3936,ENSG00000105173.14,0.3216868367726189
3937,ENSG00000172830.13,0.32158814323605933
3938,ENSG00000122367.20,0.32142481700671377
3939,ENSG00000134333.14,0.32140289326462745
3940,ENSG00000134627.12,0.3213418353244714
3941,ENSG00000204580.13,0.32131863654948456
3942,ENSG00000105193.9,0.32123696606122654
3943,ENSG00000143297.19,0.321193554284347
3944,ENSG00000168078.10,0.3211835702514708
3945,ENSG00000174276.7,0.32102158793237184
3946,ENSG00000147684.10,0.32093782593289677
3947,ENSG00000168734.14,0.32093091425506076
3948,ENSG00000101000.6,0.3208603131141324
3949,ENSG00000106799.13,0.3208323409767255
3950,ENSG00000006282.21,0.32062334732926473
3951,ENSG00000142959.5,0.3205313799593728
3952,ENSG00000135838.13,0.3205082857097678
3953,ENSG00000159314.11,0.32040711005100214
3954,ENSG00000173269.14,0.32037695912880376
3955,ENSG00000114923.17,0.3203593468500924
3956,ENSG00000109436.8,0.32027098693109585
3957,ENSG00000100100.13,0.32021212760847706
3958,ENSG00000074855.11,0.3201497932922355
3959,ENSG00000160446.19,0.31995015090179946
3960,ENSG00000213398.8,0.31990565457194187
3961,ENSG00000155090.15,0.3198118994209357
3962,ENSG00000127564.17,0.31977286863283955
3963,ENSG00000143537.14,0.3195919110601891
3964,ENSG00000069696.7,0.31948093892601137
3965,ENSG00000105514.8,0.3194481942632719
3966,ENSG00000213626.13,0.31943185196333995
3967,ENSG00000241468.8,0.319349877744886
3968,ENSG00000116406.19,0.31929081351698596
3969,ENSG00000050344.9,0.3191899130564692
3970,ENSG00000085063.17,0.31914747388715903
3971,ENSG00000175756.13,0.3191417812614257
3972,ENSG00000125503.13,0.31912856309388277
3973,ENSG00000161513.12,0.3190512090018167
3974,ENSG00000108639.8,0.31903505293476264
3975,ENSG00000107201.10,0.31898320184883283
3976,ENSG00000051128.19,0.3188726347811742
3977,ENSG00000185340.15,0.31887034576920853
3978,ENSG00000141441.16,0.31882609965372694
3979,ENSG00000144681.10,0.3188144130472862
3980,ENSG00000171443.7,0.31881243947840215
3981,ENSG00000087128.10,0.3187702699157543
3982,ENSG00000213190.4,0.3185436864018533
3983,ENSG00000070423.18,0.31842490931348577
3984,ENSG00000111775.3,0.3183107814078156
3985,ENSG00000138434.17,0.31830831488188116
3986,ENSG00000182742.6,0.3182316365432951
3987,ENSG00000165617.15,0.31820485520353514
3988,ENSG00000174808.12,0.31819449064259087
3989,ENSG00000173926.6,0.31816872222797776
3990,ENSG00000126950.8,0.3180969170963631
3991,ENSG00000186470.14,0.3179539560636598
3992,ENSG00000197757.8,0.31792501167499376
3993,ENSG00000164919.11,0.31791701464238664
3994,ENSG00000160360.13,0.3179065654643257
3995,ENSG00000186684.14,0.31780609097103557
3996,ENSG00000111679.17,0.3175969787131138
3997,ENSG00000116157.6,0.3174367076069259
3998,ENSG00000166407.14,0.31737919420888
3999,ENSG00000111716.14,0.3173740579139288
4000,ENSG00000163106.11,0.31725924532996674
4001,ENSG00000183111.12,0.3171986018458794
4002,ENSG00000131153.9,0.3170627106714428
4003,ENSG00000002549.12,0.31698180738773657
4004,ENSG00000111962.8,0.3169812955464852
4005,ENSG00000198682.13,0.31692672828975443
4006,ENSG00000107833.10,0.316903906964439
4007,ENSG00000115468.12,0.31681134395075944
4008,ENSG00000125841.13,0.3167633910003327
4009,ENSG00000136295.15,0.3167626172158359
4010,ENSG00000198242.14,0.316709464561102
4011,ENSG00000188677.15,0.3163629512291166
4012,ENSG00000118762.8,0.3163124426081782
4013,ENSG00000152270.9,0.3161668205000266
4014,ENSG00000221968.9,0.3160348959085563
4015,ENSG00000101460.13,0.31594937543942303
4016,ENSG00000072571.20,0.31562594422169515
4017,ENSG00000171621.14,0.31553760984707285
4018,ENSG00000144649.9,0.3155208199507028
4019,ENSG00000168765.17,0.3154624745818734
4020,ENSG00000088448.14,0.31542440468515265
4021,ENSG00000168961.17,0.31509994099304184
4022,ENSG00000188707.6,0.3150341288574338
4023,ENSG00000139146.14,0.31476540682986215
4024,ENSG00000136002.20,0.31453175104684317
4025,ENSG00000198736.12,0.3144828193715132
4026,ENSG00000206069.6,0.3143845677751703
4027,ENSG00000162337.12,0.31437059608840323
4028,ENSG00000205978.6,0.3142904462003166
4029,ENSG00000111321.11,0.3142481222165421
4030,ENSG00000187266.14,0.3142411491275525
4031,ENSG00000157778.9,0.31388946396113293
4032,ENSG00000132182.12,0.313874459233057
4033,ENSG00000112902.12,0.3136301441076231
4034,ENSG00000121578.13,0.3136108884342659
4035,ENSG00000186212.4,0.3136085293916874
4036,ENSG00000168906.13,0.31356745165207334
4037,ENSG00000071894.17,0.31354593794562285
4038,ENSG00000251322.9,0.3135006306912661
4039,ENSG00000143772.9,0.3134324636341913
4040,ENSG00000010295.20,0.3133631192571357
4041,ENSG00000167565.13,0.31334311951789146
4042,ENSG00000135363.12,0.313308755777012
4043,ENSG00000109738.11,0.31330375051548737
4044,ENSG00000169683.8,0.3132637439675998
4045,ENSG00000077264.15,0.3132143113646735
4046,ENSG00000134285.11,0.3131736823992113
4047,ENSG00000183914.14,0.31313066180853855
4048,ENSG00000165434.8,0.3130803096058478
4049,ENSG00000110651.12,0.31303674870350423
4050,ENSG00000148841.17,0.312852505291075
4051,ENSG00000118495.20,0.3128287471702177
4052,ENSG00000167535.8,0.3126030124815944
4053,ENSG00000100526.20,0.3125154300154821
4054,ENSG00000173207.13,0.31202058254216375
4055,ENSG00000149218.5,0.3119892593922486
4056,ENSG00000081189.16,0.31196504429418054
4057,ENSG00000081923.15,0.3119110162995831
4058,ENSG00000150630.4,0.31173634678974016
4059,ENSG00000110002.16,0.3115099705496216
4060,ENSG00000163932.15,0.31144649581901274
4061,ENSG00000177674.16,0.31144229705046816
4062,ENSG00000076356.7,0.31135796997064236
4063,ENSG00000118418.14,0.3113037096473864
4064,ENSG00000099326.9,0.311292174570269
4065,ENSG00000108797.12,0.3112061408924185
4066,ENSG00000145675.15,0.3111607794430977
4067,ENSG00000076662.10,0.31109309402734087
4068,ENSG00000261150.3,0.3110093931760016
4069,ENSG00000171848.16,0.3110037314448087
4070,ENSG00000148584.15,0.31099371168982004
4071,ENSG00000120337.8,0.31094222167878516
4072,ENSG00000151725.12,0.3107966233001681
4073,ENSG00000196639.7,0.3107393770988041
4074,ENSG00000186166.9,0.31070256430626375
4075,ENSG00000113361.13,0.31054991561524026
4076,ENSG00000018408.15,0.310416218673547
4077,ENSG00000125753.14,0.310238765779611
4078,ENSG00000162512.16,0.30995160484651374
4079,ENSG00000218336.9,0.309796773784146
4080,ENSG00000163013.12,0.30978594251546077
4081,ENSG00000174804.4,0.30977570416138106
4082,ENSG00000082269.17,0.30964965117418536
4083,ENSG00000112759.19,0.30963242479997977
4084,ENSG00000163762.7,0.30960622025942086
4085,ENSG00000133195.11,0.3095683543328672
4086,ENSG00000139508.15,0.309483820744765
4087,ENSG00000084207.18,0.3094630157464675
4088,ENSG00000142661.19,0.3093840633546753
4089,ENSG00000185518.12,0.30936966698314
4090,ENSG00000241837.7,0.3093535818926254
4091,ENSG00000134802.18,0.3092872412358221
4092,ENSG00000248329.6,0.3092849957368345
4093,ENSG00000076604.15,0.30928082155553943
4094,ENSG00000181690.8,0.30927899221599386
4095,ENSG00000118508.5,0.3092050673445116
4096,ENSG00000106976.21,0.30920279196274875
4097,ENSG00000162981.14,0.30919754904166363
4098,ENSG00000120693.14,0.30918366823751264
4099,ENSG00000123131.13,0.308980183254515
4100,ENSG00000204421.3,0.3089708702287518
4101,ENSG00000284638.1,0.3088115729183993
4102,ENSG00000104852.15,0.30873226454495756
4103,ENSG00000029993.15,0.3087261574108632
4104,ENSG00000198087.7,0.3086753503294166
4105,ENSG00000146112.12,0.30867491294447263
4106,ENSG00000128602.11,0.3086418892677453
4107,ENSG00000198610.11,0.3086418144859088
4108,ENSG00000076555.15,0.3084893429648028
4109,ENSG00000134755.17,0.3082038403806483
4110,ENSG00000177954.14,0.3078995041002858
4111,ENSG00000179348.12,0.3077261641183092
4112,ENSG00000155254.13,0.30753385121403626
4113,ENSG00000164342.13,0.30746144114838325
4114,ENSG00000075651.16,0.30741245031564046
4115,ENSG00000170540.15,0.30727555806216006
4116,ENSG00000239713.9,0.30725249055638254
4117,ENSG00000164649.20,0.30715698695206134
4118,ENSG00000097021.20,0.3071439331397567
4119,ENSG00000132680.11,0.3070636901494853
4120,ENSG00000174080.12,0.30696166654487905
4121,ENSG00000142185.16,0.3069444264939976
4122,ENSG00000259207.9,0.3069282833647472
4123,ENSG00000163736.4,0.3068286490294849
4124,ENSG00000196730.13,0.3067807927703589
4125,ENSG00000139722.7,0.30672239615637387
4126,ENSG00000121797.10,0.3067153678727554
4127,ENSG00000164659.15,0.30653328575705485
4128,ENSG00000162711.18,0.306422106574993
4129,ENSG00000119927.14,0.30633249258362316
4130,ENSG00000221821.4,0.3062143899554827
4131,ENSG00000182938.7,0.3061104178394874
4132,ENSG00000158710.15,0.30607929042053683
4133,ENSG00000143256.5,0.30602592458636685
4134,ENSG00000137267.6,0.3059736616378949
4135,ENSG00000114200.10,0.3059303496388455
4136,ENSG00000099204.20,0.30587050808465416
4137,ENSG00000076928.18,0.3057396805947774
4138,ENSG00000171130.18,0.3056482715691584
4139,ENSG00000016391.11,0.30556199298741826
4140,ENSG00000111404.7,0.3055577744840189
4141,ENSG00000143578.16,0.30555588128481215
4142,ENSG00000174938.14,0.30551936411373903
4143,ENSG00000085871.9,0.3055159648520188
4144,ENSG00000180879.14,0.3051939405867124
4145,ENSG00000064763.11,0.3051461083914607
4146,ENSG00000277203.1,0.30513072206128744
4147,ENSG00000132793.12,0.3050400360136819
4148,ENSG00000137266.15,0.30497158233941546
4149,ENSG00000122547.11,0.3047015103174061
4150,ENSG00000165757.9,0.30463653481549985
4151,ENSG00000100263.14,0.30457894308599914
4152,ENSG00000198911.12,0.3045129748684899
4153,ENSG00000091136.15,0.30444359063587095
4154,ENSG00000105518.14,0.30437806769965725
4155,ENSG00000214078.13,0.3043465731167924
4156,ENSG00000109854.14,0.30431998396882165
4157,ENSG00000136942.15,0.3041611723216415
4158,ENSG00000119632.4,0.3041068533667697
4159,ENSG00000108924.14,0.3039635458505384
4160,ENSG00000121057.13,0.30388136956980705
4161,ENSG00000158473.8,0.3038532376450868
4162,ENSG00000213853.10,0.3037378184723665
4163,ENSG00000167136.7,0.3036761609818349
4164,ENSG00000128791.12,0.3035862995601448
4165,ENSG00000108582.12,0.3035705656763944
4166,ENSG00000257017.9,0.303366909179277
4167,ENSG00000126522.17,0.3032883233529437
4168,ENSG00000105419.18,0.30324341219118023
4169,ENSG00000182378.14,0.30320092844077473
4170,ENSG00000178896.9,0.30317198055952316
4171,ENSG00000104219.13,0.30310952403679764
4172,ENSG00000124006.15,0.30306570335910415
4173,ENSG00000130844.19,0.30305902959271985
4174,ENSG00000063177.13,0.30303915996613107
4175,ENSG00000143001.5,0.3030263265846921
4176,ENSG00000116991.11,0.30275992261552426
4177,ENSG00000067082.15,0.30272797298146364
4178,ENSG00000139946.10,0.3025801601179967
4179,ENSG00000185909.15,0.30254963395022394
4180,ENSG00000129048.7,0.30253301389601867
4181,ENSG00000185339.9,0.3025005768897423
4182,ENSG00000203710.12,0.30226823885144954
4183,ENSG00000099795.7,0.3021311168956271
4184,ENSG00000145040.4,0.3019860058744849
4185,ENSG00000127399.15,0.30198191159671905
4186,ENSG00000099260.11,0.301928579986732
4187,ENSG00000171992.13,0.30189588687595437
4188,ENSG00000124171.9,0.3018866397884148
4189,ENSG00000132424.16,0.30187213461024814
4190,ENSG00000162989.5,0.30184398005880325
4191,ENSG00000143185.4,0.3018427452772233
4192,ENSG00000166002.7,0.3018205830475409
4193,ENSG00000176083.18,0.30165949585130286
4194,ENSG00000125652.8,0.30160326609434457
4195,ENSG00000173905.9,0.3015860408600555
4196,ENSG00000196576.15,0.3015845639100248
4197,ENSG00000126460.11,0.30154089578556165
4198,ENSG00000068489.13,0.3015349398619929
4199,ENSG00000174469.23,0.3013812742833156
4200,ENSG00000113504.21,0.3013808311409958
4201,ENSG00000187531.14,0.3013606722652724
4202,ENSG00000213347.10,0.3013351048590201
4203,ENSG00000132622.11,0.3013323037900475
4204,ENSG00000185477.5,0.30129389637439874
4205,ENSG00000181234.9,0.301275025081532
4206,ENSG00000163794.6,0.30125880367284275
4207,ENSG00000171102.14,0.30115517815060994
4208,ENSG00000137726.17,0.3011543108808125
4209,ENSG00000188820.13,0.30109438856605314
4210,ENSG00000162461.8,0.3009368348046971
4211,ENSG00000174125.8,0.3008455405215951
4212,ENSG00000182247.10,0.30079361161223134
4213,ENSG00000135636.14,0.30072259137946494
4214,ENSG00000172260.15,0.30060426190267436
4215,ENSG00000162783.11,0.3005482716696617
4216,ENSG00000203943.9,0.3004733702516052
4217,ENSG00000118985.16,0.3004263190307513
4218,ENSG00000133433.11,0.3003619432803555
4219,ENSG00000065308.5,0.3002936511506797
4220,ENSG00000213445.10,0.3001910391332421
4221,ENSG00000151067.22,0.30011503584504895
4222,ENSG00000204267.16,0.3000968516579895
4223,ENSG00000133104.14,0.30007773254991976
4224,ENSG00000104886.12,0.3000568690710997
4225,ENSG00000270765.6,0.2999896004054626
4226,ENSG00000132205.11,0.2998783898813294
4227,ENSG00000150281.7,0.29984372806388
4228,ENSG00000136111.14,0.2998272402117957
4229,ENSG00000071539.14,0.2998113315883122
4230,ENSG00000172164.15,0.2997733219543249
4231,ENSG00000162639.16,0.2997236440936588
4232,ENSG00000163040.15,0.29963633122148675
4233,ENSG00000105281.12,0.2995771631017632
4234,ENSG00000072274.13,0.2993734475924691
4235,ENSG00000169991.11,0.29934765553999015
4236,ENSG00000121310.17,0.29934238147742653
4237,ENSG00000155961.5,0.2992702666629558
4238,ENSG00000183828.15,0.29908980086803305
4239,ENSG00000154127.10,0.298998649177777
4240,ENSG00000117632.23,0.2989812687942974
4241,ENSG00000156219.17,0.29891834209814827
4242,ENSG00000108622.11,0.29891708264383277
4243,ENSG00000109790.16,0.29891381217955687
4244,ENSG00000167850.4,0.2988995106368272
4245,ENSG00000147655.12,0.29874125472674323
4246,ENSG00000084764.12,0.298735826384647
4247,ENSG00000105717.14,0.29866671083289453
4248,ENSG00000170298.15,0.29865627069666567
4249,ENSG00000243279.4,0.2986526741030651
4250,ENSG00000158470.5,0.29864800082243376
4251,ENSG00000186564.6,0.2985980375920708
4252,ENSG00000121716.20,0.2985902940408313
4253,ENSG00000129465.16,0.2985695967496041
4254,ENSG00000172379.21,0.2982742240121269
4255,ENSG00000196420.7,0.29827350116782203
4256,ENSG00000108479.12,0.2982303581999793
4257,ENSG00000110721.12,0.2982222516347318
4258,ENSG00000006555.11,0.298164668860885
4259,ENSG00000110344.10,0.29811576731753087
4260,ENSG00000105492.16,0.2980495192517426
4261,ENSG00000140403.12,0.29801379322948984
4262,ENSG00000134250.20,0.29784369976761765
4263,ENSG00000106633.17,0.2977397175004124
4264,ENSG00000167080.9,0.2977384093007745
4265,ENSG00000124942.14,0.2976922513328295
4266,ENSG00000134294.14,0.29756750483386996
4267,ENSG00000137975.8,0.2974637453042937
4268,ENSG00000171302.17,0.29737762837876036
4269,ENSG00000186567.13,0.29737364116685533
4270,ENSG00000096996.16,0.29727844748406035
4271,ENSG00000146555.19,0.2972519704318921
4272,ENSG00000087842.11,0.297099356024382
4273,ENSG00000266094.8,0.2970291516526494
4274,ENSG00000166166.13,0.2969856638107896
4275,ENSG00000109743.11,0.29693755838245256
4276,ENSG00000204237.5,0.2968786074304434
4277,ENSG00000214063.11,0.29679104369826853
4278,ENSG00000164414.18,0.2965035059672231
4279,ENSG00000076944.16,0.2962997516395848
4280,ENSG00000172322.14,0.2962932095107278
4281,ENSG00000146707.14,0.2962502087148697
4282,ENSG00000113739.10,0.29624716105798526
4283,ENSG00000164850.15,0.2961615500014477
4284,ENSG00000184164.15,0.29605044623037435
4285,ENSG00000104856.14,0.29592358844513583
4286,ENSG00000277494.2,0.2958882903495055
4287,ENSG00000254827.6,0.2958091997737371
4288,ENSG00000147862.17,0.29569538177831767
4289,ENSG00000111907.21,0.29567542019355175
4290,ENSG00000233276.7,0.29564957456336033
4291,ENSG00000183580.10,0.29562327174565417
4292,ENSG00000182685.7,0.2955619160187818
4293,ENSG00000104081.14,0.2954682507585713
4294,ENSG00000167306.20,0.29546726448940785
4295,ENSG00000167797.8,0.29535638086645405
4296,ENSG00000105697.9,0.29513765609177084
4297,ENSG00000130402.13,0.2950080814351161
4298,ENSG00000100299.18,0.29494316626757416
4299,ENSG00000197415.12,0.2949124768171637
4300,ENSG00000117479.15,0.2948831599024598
4301,ENSG00000155366.17,0.2947342139288169
4302,ENSG00000106991.14,0.2947330611106204
4303,ENSG00000198088.10,0.29462419561941494
4304,ENSG00000104635.15,0.29460889496232767
4305,ENSG00000123191.16,0.2945783686405373
4306,ENSG00000135722.9,0.2944739574124348
4307,ENSG00000105258.9,0.2943047688748809
4308,ENSG00000142867.14,0.29427008379553643
4309,ENSG00000204175.5,0.29415810735027775
4310,ENSG00000150337.13,0.2941166624070086
4311,ENSG00000163536.13,0.2940723266140514
4312,ENSG00000154917.11,0.29404776289699963
4313,ENSG00000174791.11,0.2940473670204649
4314,ENSG00000133027.18,0.2939952857827114
4315,ENSG00000146192.15,0.293948528890792
4316,ENSG00000128284.19,0.2939411356990462
4317,ENSG00000165633.13,0.2938522787264572
4318,ENSG00000120694.20,0.2937872161362543
4319,ENSG00000054690.14,0.2937849216702682
4320,ENSG00000241224.8,0.29366959162495065
4321,ENSG00000133962.8,0.29365217490567314
4322,ENSG00000241635.8,0.2936449931222429
4323,ENSG00000196628.20,0.29354770257989043
4324,ENSG00000105352.10,0.29348621395497315
4325,ENSG00000125107.18,0.2934785058332507
4326,ENSG00000129467.14,0.2934633834807723
4327,ENSG00000276966.2,0.29340504796686195
4328,ENSG00000138496.16,0.2932598281675728
4329,ENSG00000182463.16,0.29315603102696397
4330,ENSG00000049449.10,0.2930599106844974
4331,ENSG00000275183.2,0.29297568668972784
4332,ENSG00000111110.12,0.2928747505123203
4333,ENSG00000123146.20,0.29285194956358046
4334,ENSG00000196743.9,0.2928455984030151
4335,ENSG00000135127.11,0.2926574422715204
4336,ENSG00000138162.19,0.29261203162703775
4337,ENSG00000182054.10,0.2925555857956143
4338,ENSG00000217442.4,0.29249453347349397
4339,ENSG00000124587.14,0.29235712167871303
4340,ENSG00000159363.19,0.2923160876845532
4341,ENSG00000123094.15,0.2922762128193554
4342,ENSG00000163293.12,0.2920223213584708
4343,ENSG00000079819.19,0.2920086595644685
4344,ENSG00000056736.10,0.29197189404588925
4345,ENSG00000080854.16,0.2918685192580699
4346,ENSG00000163032.12,0.29186172678611644
4347,ENSG00000225663.8,0.2915560366479417
4348,ENSG00000119943.13,0.2914629472100709
4349,ENSG00000113645.15,0.29132997068391037
4350,ENSG00000104450.13,0.29130845711618586
4351,ENSG00000198598.6,0.29117107020221444
4352,ENSG00000196664.5,0.29115431418074444
4353,ENSG00000130479.11,0.2911320013963863
4354,ENSG00000161270.20,0.29112208339584067
4355,ENSG00000189306.11,0.29086685683117053
4356,ENSG00000161013.17,0.2907304861629271
4357,ENSG00000141258.13,0.29067460191251954
4358,ENSG00000060138.13,0.290557866154267
4359,ENSG00000164684.13,0.2904419592593371
4360,ENSG00000218891.5,0.29034631782395465
4361,ENSG00000101608.13,0.29034098334009506
4362,ENSG00000141480.18,0.2902675174398815
4363,ENSG00000182885.17,0.29026558995991514
4364,ENSG00000069122.19,0.29026498414016355
4365,ENSG00000139679.15,0.29026395818767015
4366,ENSG00000180440.4,0.2902578789307704
4367,ENSG00000105245.9,0.29025477847873393
4368,ENSG00000188620.11,0.2902202063375188
4369,ENSG00000137747.16,0.2901391785112872
4370,ENSG00000113368.12,0.28992550070036466
4371,ENSG00000176978.14,0.28991767311056005
4372,ENSG00000173442.13,0.28986886565782505
4373,ENSG00000179241.13,0.2897097738372303
4374,ENSG00000167034.10,0.28965958741874304
4375,ENSG00000083720.13,0.2895991025123564
4376,ENSG00000146904.9,0.2895322719608966
4377,ENSG00000148737.17,0.2894952599544002
4378,ENSG00000172594.13,0.2894490989581087
4379,ENSG00000088280.19,0.2893573955887075
4380,ENSG00000180767.10,0.28933838217012525
4381,ENSG00000167081.18,0.2892469310066379
4382,ENSG00000159069.14,0.2892421882451127
4383,ENSG00000100600.15,0.28917491398241096
4384,ENSG00000137460.9,0.28914761461982796
4385,ENSG00000140450.9,0.2891148958626651
4386,ENSG00000163221.9,0.28903824359240293
4387,ENSG00000163344.6,0.288812032593189
4388,ENSG00000114019.15,0.2886093605342829
4389,ENSG00000243244.7,0.2885882384411517
4390,ENSG00000263155.6,0.2885799134230069
4391,ENSG00000064932.16,0.2885131330092484
4392,ENSG00000130768.15,0.2884942555631413
4393,ENSG00000113532.13,0.28848877373818826
4394,ENSG00000244509.4,0.2884487738871473
4395,ENSG00000006712.15,0.2884341396487456
4396,ENSG00000198947.16,0.28838476999190593
4397,ENSG00000101115.13,0.2879928269782906
4398,ENSG00000183397.5,0.28788970043684803
4399,ENSG00000117834.13,0.2877985869010031
4400,ENSG00000182010.11,0.2877174135052302
4401,ENSG00000114529.13,0.28753630324372886
4402,ENSG00000129450.8,0.2875206488588037
4403,ENSG00000137393.10,0.2874060332335247
4404,ENSG00000158158.12,0.28738131393561644
4405,ENSG00000118298.12,0.28722963953229
4406,ENSG00000182087.14,0.2871901493176419
4407,ENSG00000184990.13,0.28714114476254005
4408,ENSG00000071073.13,0.28711217548010953
4409,ENSG00000007384.15,0.28693388088855626
4410,ENSG00000070193.5,0.28684821379197234
4411,ENSG00000152611.12,0.28675399243461175
4412,ENSG00000162910.19,0.28663636512187673
4413,ENSG00000160410.15,0.2866091173071588
4414,ENSG00000105641.4,0.28655912266688166
4415,ENSG00000175274.19,0.286549806362306
4416,ENSG00000197858.11,0.2864611024165762
4417,ENSG00000187957.8,0.2863585719289534
4418,ENSG00000166510.14,0.28632226267919597
4419,ENSG00000131873.7,0.28600379828185374
4420,ENSG00000011638.11,0.28586096336376154
4421,ENSG00000275342.5,0.28581507312642007
4422,ENSG00000086062.13,0.28580258941165065
4423,ENSG00000080007.8,0.2857700636893341
4424,ENSG00000204538.4,0.2857492674956397
4425,ENSG00000116663.11,0.2856933020760418
4426,ENSG00000132840.10,0.28567749889149163
4427,ENSG00000171298.13,0.28550544563020863
4428,ENSG00000177721.4,0.28548225583381265
4429,ENSG00000197584.12,0.2854526704683737
4430,ENSG00000111639.8,0.285362656273565
4431,ENSG00000187098.17,0.28529302869841233
4432,ENSG00000105854.13,0.28528291379889287
4433,ENSG00000162460.7,0.2852559591733102
4434,ENSG00000138028.16,0.28522728949262
4435,ENSG00000174876.16,0.2852268190198312
4436,ENSG00000186854.11,0.28516831504943263
4437,ENSG00000157856.12,0.28503071134674696
4438,ENSG00000128641.19,0.2849968454858942
4439,ENSG00000269113.4,0.2848032141408297
4440,ENSG00000168476.12,0.2846813567780299
4441,ENSG00000072310.17,0.28464065527999444
4442,ENSG00000167543.16,0.2845924899177247
4443,ENSG00000165443.12,0.28451867012397997
4444,ENSG00000107968.10,0.28441794451279284
4445,ENSG00000054793.14,0.2844110165507939
4446,ENSG00000189320.9,0.28421677227847447
4447,ENSG00000105619.13,0.28419497127546156
4448,ENSG00000119865.9,0.2841458040139871
4449,ENSG00000013441.16,0.2841240643579338
4450,ENSG00000115602.17,0.28404441993451207
4451,ENSG00000091039.17,0.283928312231194
4452,ENSG00000112306.8,0.28388487564039466
4453,ENSG00000141505.12,0.28383991247101403
4454,ENSG00000181754.7,0.2837948623367398
4455,ENSG00000133247.14,0.2837610470094864
4456,ENSG00000183762.13,0.2837495821252185
4457,ENSG00000164087.8,0.28371225606003525
4458,ENSG00000113578.18,0.28362224176003736
4459,ENSG00000132464.13,0.2835441996935658
4460,ENSG00000148341.18,0.28350338138622244
4461,ENSG00000147100.11,0.2834888027575869
4462,ENSG00000231500.7,0.28335689688700705
4463,ENSG00000152818.18,0.2831976439470577
4464,ENSG00000167775.11,0.2830632285401033
4465,ENSG00000152229.18,0.28305682030171253
4466,ENSG00000008988.11,0.283050289244045
4467,ENSG00000175264.8,0.2828885300473858
4468,ENSG00000169564.7,0.2828860428655917
4469,ENSG00000170293.9,0.2827964367316319
4470,ENSG00000133488.15,0.28274538824746753
4471,ENSG00000174500.13,0.28255462038986645
4472,ENSG00000007129.18,0.2825375110633676
4473,ENSG00000064393.16,0.28246106077729743
4474,ENSG00000161955.16,0.2822661356572355
4475,ENSG00000274070.2,0.2822611295845164
4476,ENSG00000198853.12,0.2821994823211786
4477,ENSG00000114857.18,0.2821232369866363
4478,ENSG00000100077.15,0.2820551127947148
4479,ENSG00000114268.12,0.28201704562505164
4480,ENSG00000176490.5,0.2820111217632097
4481,ENSG00000100258.18,0.28198474332133294
4482,ENSG00000276023.5,0.28186260720689404
4483,ENSG00000117069.15,0.28171061230861516
4484,ENSG00000143554.14,0.28164416084672983
4485,ENSG00000177432.8,0.28160109732395894
4486,ENSG00000124191.18,0.28151800087064904
4487,ENSG00000184428.13,0.28138518570044213
4488,ENSG00000251655.6,0.2813647292882642
4489,ENSG00000026950.17,0.2813426245749006
4490,ENSG00000100075.10,0.2813177783014569
4491,ENSG00000167468.18,0.2811508412734515
4492,ENSG00000115163.15,0.28100683034514423
4493,ENSG00000105137.13,0.28095067367387916
4494,ENSG00000133265.11,0.2808967801841728
4495,ENSG00000173852.15,0.2808685565963635
4496,ENSG00000167969.13,0.28077446942055484
4497,ENSG00000185630.19,0.28071695488060466
4498,ENSG00000164778.4,0.2805997307952283
4499,ENSG00000126778.12,0.28059689096469786
4500,ENSG00000166710.21,0.28041472707715087
4501,ENSG00000117020.18,0.28033618481789735
4502,ENSG00000048540.15,0.2803320376694876
4503,ENSG00000198919.13,0.2803261362874533
4504,ENSG00000160209.19,0.28015312627441147
4505,ENSG00000170153.11,0.2801368665896686
4506,ENSG00000213339.9,0.2801344417618255
4507,ENSG00000100307.13,0.2800620415160703
4508,ENSG00000197993.9,0.28002510660265817
4509,ENSG00000113282.14,0.2799594440031641
4510,ENSG00000103363.15,0.279915314476517
4511,ENSG00000057252.13,0.27977317990145845
4512,ENSG00000127838.14,0.2796879035595727
4513,ENSG00000138587.6,0.27968775150041564
4514,ENSG00000198721.13,0.279687501294478
4515,ENSG00000044574.8,0.27967344627504936
4516,ENSG00000130881.14,0.27967214164718945
4517,ENSG00000143228.13,0.2796202952152005
4518,ENSG00000122035.7,0.27958070602292145
4519,ENSG00000198642.7,0.2795780725932062
4520,ENSG00000130723.21,0.2795556519713772
4521,ENSG00000151689.13,0.2795543183786866
4522,ENSG00000158186.13,0.27954593336194183
4523,ENSG00000138378.19,0.2794891613115554
4524,ENSG00000187609.16,0.27948465682100315
4525,ENSG00000148400.12,0.2793911526709572
4526,ENSG00000160570.14,0.27933863375431395
4527,ENSG00000253649.5,0.27931531899283407
4528,ENSG00000166441.13,0.2792963092784945
4529,ENSG00000120322.4,0.27929582457246227
4530,ENSG00000139112.11,0.279288568795654
4531,ENSG00000157214.14,0.2792259190415351
4532,ENSG00000184845.4,0.2791774805283489
4533,ENSG00000122224.18,0.27905303801040465
4534,ENSG00000100911.16,0.27899322503475915
4535,ENSG00000104324.16,0.27879755924668626
4536,ENSG00000151640.13,0.2787853371752843
4537,ENSG00000165591.6,0.27876860199077624
4538,ENSG00000198937.9,0.27864322991975743
4539,ENSG00000121933.19,0.27858363640656625
4540,ENSG00000131469.15,0.27857251230934726
4541,ENSG00000137171.15,0.2785655420347391
4542,ENSG00000132541.11,0.27835773825911314
4543,ENSG00000176956.13,0.27833784995878613
4544,ENSG00000129295.9,0.2783071053806985
4545,ENSG00000168028.14,0.2781840346029304
4546,ENSG00000100129.18,0.2781038005611034
4547,ENSG00000134278.15,0.2780831102590254
4548,ENSG00000090376.11,0.2779871062256986
4549,ENSG00000162572.21,0.2779374133638275
4550,ENSG00000273777.5,0.27786395150940985
4551,ENSG00000163251.4,0.2778098528904605
4552,ENSG00000134909.18,0.2774244875621376
4553,ENSG00000142197.12,0.2772625891280934
4554,ENSG00000106484.16,0.277196427658033
4555,ENSG00000196411.10,0.27713226559509974
4556,ENSG00000160190.14,0.277103070450634
4557,ENSG00000145819.18,0.27704066876245564
4558,ENSG00000120992.18,0.277014417785118
4559,ENSG00000135111.16,0.2769964862191487
4560,ENSG00000213903.9,0.27694762195063605
4561,ENSG00000162873.15,0.2769476130426827
4562,ENSG00000082512.15,0.2769282648519751
4563,ENSG00000167397.15,0.27691265275417615
4564,ENSG00000182606.17,0.27684427191046973
4565,ENSG00000143819.12,0.27683437987993037
4566,ENSG00000109819.9,0.2768093398290163
4567,ENSG00000135439.11,0.27678687806646535
4568,ENSG00000159199.14,0.27674864743104566
4569,ENSG00000144824.21,0.2766755207206812
4570,ENSG00000179715.13,0.27664837441966883
4571,ENSG00000186642.16,0.27663433346704774
4572,ENSG00000091622.16,0.2766239392399311
4573,ENSG00000156299.13,0.27639703053041426
4574,ENSG00000131730.16,0.27636566139182117
4575,ENSG00000067113.17,0.2763567748886887
4576,ENSG00000135525.18,0.27626964837660567
4577,ENSG00000288611.1,0.2762600358859455
4578,ENSG00000069424.15,0.2762098296389239
4579,ENSG00000284753.2,0.2761965515972452
4580,ENSG00000188060.7,0.27610782630876024
4581,ENSG00000164405.11,0.2761051533686616
4582,ENSG00000180190.12,0.2760456932515293
4583,ENSG00000110455.14,0.2759962379725807
4584,ENSG00000130234.12,0.2759916040880941
4585,ENSG00000185813.11,0.2759663011348232
4586,ENSG00000186767.7,0.2759568312986178
4587,ENSG00000134594.5,0.27592570322810783
4588,ENSG00000212747.5,0.2757981104868793
4589,ENSG00000168081.9,0.27576147983415555
4590,ENSG00000156218.13,0.27566649908387764
4591,ENSG00000067840.12,0.27565041906450294
4592,ENSG00000149534.9,0.27563955501324267
4593,ENSG00000094804.12,0.2756388599483926
4594,ENSG00000078114.19,0.27555687419209385
4595,ENSG00000157978.12,0.2755314385131957
4596,ENSG00000164106.8,0.27546014507788563
4597,ENSG00000162373.13,0.27545694888657946
4598,ENSG00000137154.13,0.27520473055217126
4599,ENSG00000173193.15,0.275196576208848
4600,ENSG00000147113.17,0.2751711214701242
4601,ENSG00000120833.14,0.27516313639604645
4602,ENSG00000182173.13,0.2749976198911455
4603,ENSG00000146386.8,0.2748727262343226
4604,ENSG00000150893.11,0.27482183686978984
4605,ENSG00000103034.14,0.274770421346657
4606,ENSG00000123179.14,0.27473729397122804
4607,ENSG00000174738.13,0.2746518996895298
4608,ENSG00000185551.15,0.27465096691163227
4609,ENSG00000170899.11,0.27454253255955585
4610,ENSG00000155660.11,0.27450759971712646
4611,ENSG00000145244.12,0.27447684260094485
4612,ENSG00000107338.10,0.2744371657322369
4613,ENSG00000106605.11,0.2744009218581763
4614,ENSG00000141198.16,0.2743926960250665
4615,ENSG00000164104.12,0.274338551804901
4616,ENSG00000198805.12,0.2743301394484608
4617,ENSG00000183317.17,0.2742423468834405
4618,ENSG00000072210.19,0.27410788752538584
4619,ENSG00000239961.3,0.2740606189453306
4620,ENSG00000205129.8,0.2740419801575107
4621,ENSG00000145416.13,0.27403844403697936
4622,ENSG00000185347.18,0.27400618037581126
4623,ENSG00000091436.17,0.27393553896532513
4624,ENSG00000137700.18,0.27387177058583867
4625,ENSG00000149428.19,0.273845144953446
4626,ENSG00000105376.5,0.2736123846661068
4627,ENSG00000160588.10,0.2735648038664106
4628,ENSG00000186994.11,0.27351825456027884
4629,ENSG00000135720.13,0.27348258677716775
4630,ENSG00000119655.11,0.27343134050873746
4631,ENSG00000188313.13,0.2732954415609858
4632,ENSG00000277791.5,0.27329330349051956
4633,ENSG00000214021.16,0.27327069187577113
4634,ENSG00000196083.10,0.27325739018186734
4635,ENSG00000105559.12,0.27320829811850944
4636,ENSG00000164687.11,0.2731208170388422
4637,ENSG00000079337.16,0.2731171518647014
4638,ENSG00000213694.6,0.2730192144473505
4639,ENSG00000169992.10,0.27295025874811474
4640,ENSG00000160256.13,0.27287811413913193
4641,ENSG00000104957.14,0.27287505397087497
4642,ENSG00000168575.10,0.27284295837935285
4643,ENSG00000255690.3,0.2727559089093215
4644,ENSG00000169826.8,0.2726873367144047
4645,ENSG00000154310.17,0.27264149302655755
4646,ENSG00000108375.13,0.27264109258007324
4647,ENSG00000236699.9,0.27261141732853233
4648,ENSG00000145730.20,0.27260339725870353
4649,ENSG00000180891.13,0.2725016058270863
4650,ENSG00000115295.20,0.2724474763501705
4651,ENSG00000111859.17,0.27243591306133763
4652,ENSG00000102144.15,0.2723978870284139
4653,ENSG00000213145.10,0.272318289876066
4654,ENSG00000164879.7,0.2722941975507958
4655,ENSG00000021762.20,0.27223365426528895
4656,ENSG00000159164.10,0.2722096725042479
4657,ENSG00000092009.10,0.27210431252295764
4658,ENSG00000184293.7,0.27207378481944355
4659,ENSG00000125648.15,0.27197136522167153
4660,ENSG00000144713.13,0.2718936124384059
4661,ENSG00000162009.8,0.2718896894512012
4662,ENSG00000154146.13,0.2718807966186689
4663,ENSG00000157224.16,0.27174806674019625
4664,ENSG00000168653.11,0.27173027117332255
4665,ENSG00000010810.17,0.27169937729751126
4666,ENSG00000180340.7,0.27168695447819474
4667,ENSG00000011105.14,0.27166210895120146
4668,ENSG00000198429.10,0.2715630174825822
4669,ENSG00000181061.14,0.2715375689525966
4670,ENSG00000205730.6,0.2714095998188812
4671,ENSG00000198931.11,0.2713769124882108
4672,ENSG00000008283.16,0.2713241560873115
4673,ENSG00000079150.18,0.2711400198897573
4674,ENSG00000134508.12,0.2711077345928096
4675,ENSG00000064666.15,0.2710011646391206
4676,ENSG00000135916.16,0.2709619946892993
4677,ENSG00000148908.15,0.2709197739620842
4678,ENSG00000099810.21,0.2707533112677529
4679,ENSG00000124172.10,0.2707502295517172
4680,ENSG00000126822.17,0.27071492819976356
4681,ENSG00000146233.8,0.27070207194004214
4682,ENSG00000076641.4,0.2706006735737546
4683,ENSG00000205352.11,0.27058823504489027
4684,ENSG00000159640.17,0.2705240870037096
4685,ENSG00000124243.17,0.2704880102787678
4686,ENSG00000129235.11,0.2704842196397837
4687,ENSG00000070756.17,0.2704232818942318
4688,ENSG00000164930.12,0.2702178637327375
4689,ENSG00000184925.12,0.27005879155788337
4690,ENSG00000139737.22,0.270033912436434
4691,ENSG00000163694.15,0.2700148119464763
4692,ENSG00000169258.7,0.26990349412009723
4693,ENSG00000111145.8,0.2698489447766934
4694,ENSG00000178980.15,0.26980341936384805
4695,ENSG00000058453.17,0.2697803849275319
4696,ENSG00000143774.17,0.26974354847920107
4697,ENSG00000186185.14,0.2696241116945446
4698,ENSG00000118680.14,0.2695450144420125
4699,ENSG00000106327.13,0.2694854168694637
4700,ENSG00000123104.12,0.26947961654763103
4701,ENSG00000095397.16,0.26947779888432655
4702,ENSG00000025039.15,0.2693943846299388
4703,ENSG00000126456.16,0.26939290626519957
4704,ENSG00000099337.5,0.26936847772823497
4705,ENSG00000150907.10,0.2693656326334712
4706,ENSG00000092850.12,0.26935541945898855
4707,ENSG00000165025.15,0.2692858635724463
4708,ENSG00000198873.12,0.26925328616108485
4709,ENSG00000125347.14,0.2691182956716731
4710,ENSG00000187068.3,0.26907163494298625
4711,ENSG00000104825.17,0.26904099257445196
4712,ENSG00000112246.10,0.2690409200143444
4713,ENSG00000131788.16,0.2689972174918133
4714,ENSG00000133317.16,0.26880285336653287
4715,ENSG00000153179.13,0.26876442904718584
4716,ENSG00000100906.11,0.26871054938705713
4717,ENSG00000164867.11,0.2686357582888096
4718,ENSG00000133116.8,0.2685394847218843
4719,ENSG00000039560.14,0.2685169652816215
4720,ENSG00000004399.13,0.2684380558868467
4721,ENSG00000180530.11,0.268434926889213
4722,ENSG00000136603.14,0.26838476603686207
4723,ENSG00000064042.18,0.268356163300799
4724,ENSG00000115257.15,0.2683277795019873
4725,ENSG00000153956.16,0.26830083963667295
4726,ENSG00000129990.15,0.26828177839990336
4727,ENSG00000182362.14,0.2682321386359551
4728,ENSG00000104490.18,0.2681492125897804
4729,ENSG00000149582.16,0.2681356796464333
4730,ENSG00000124440.16,0.26813192942483305
4731,ENSG00000144366.16,0.26811240892992766
4732,ENSG00000167106.12,0.2680607789680611
4733,ENSG00000111424.12,0.26804011771536557
4734,ENSG00000186318.16,0.2679401786694319
4735,ENSG00000164978.18,0.2678863982185614
4736,ENSG00000151491.14,0.2678559276232058
4737,ENSG00000106078.19,0.2678229654399707
4738,ENSG00000116717.13,0.2678207550183547
4739,ENSG00000111087.10,0.26770665088982065
4740,ENSG00000067064.11,0.26770479297952754
4741,ENSG00000145592.14,0.2676944224333348
4742,ENSG00000169228.14,0.26765580146946166
4743,ENSG00000146540.15,0.26764456379963836
4744,ENSG00000115425.14,0.26763044251378965
4745,ENSG00000112981.5,0.26761287590689514
4746,ENSG00000150938.10,0.26759751556913847
4747,ENSG00000127666.10,0.26756606522926835
4748,ENSG00000167695.15,0.2675309800762358
4749,ENSG00000153786.13,0.2674746549392311
4750,ENSG00000226979.9,0.2673701128141029
4751,ENSG00000257704.4,0.2672422834944111
4752,ENSG00000132405.19,0.26723896276367576
4753,ENSG00000197746.14,0.26723064241981515
4754,ENSG00000213563.7,0.2671971886368514
4755,ENSG00000204264.12,0.26709403319713193
4756,ENSG00000178573.7,0.2670571657553373
4757,ENSG00000158560.14,0.2670297534912783
4758,ENSG00000126267.11,0.2670020386422697
4759,ENSG00000204397.8,0.2668192250424735
4760,ENSG00000138413.14,0.2666128102693031
4761,ENSG00000107816.17,0.26646868203909224
4762,ENSG00000141504.12,0.2664608172848585
4763,ENSG00000102908.22,0.26645930559019765
4764,ENSG00000168646.13,0.26641621565853946
4765,ENSG00000145494.12,0.26630322125048767
4766,ENSG00000188322.8,0.26618421345181625
4767,ENSG00000104859.15,0.2661767421159204
4768,ENSG00000160185.15,0.26617281760622874
4769,ENSG00000170290.4,0.26612640200250537
4770,ENSG00000277972.2,0.2661058402871979
4771,ENSG00000127152.18,0.2660852256702256
4772,ENSG00000035115.22,0.2659828563742873
4773,ENSG00000003056.8,0.2659467686650258
4774,ENSG00000137145.20,0.26588410571665094
4775,ENSG00000137166.16,0.2658808896853981
4776,ENSG00000158062.20,0.2657400484297232
4777,ENSG00000275718.2,0.26573418307067825
4778,ENSG00000175707.9,0.2657289472216513
4779,ENSG00000014257.16,0.26569640310633497
4780,ENSG00000221923.9,0.2656817962059928
4781,ENSG00000116985.12,0.2656629447234489
4782,ENSG00000165282.14,0.26565398612783303
4783,ENSG00000090889.12,0.2656446406049518
4784,ENSG00000196123.13,0.2656103424953795
4785,ENSG00000116678.20,0.2656041964029023
4786,ENSG00000145623.13,0.26558354157108555
4787,ENSG00000143882.12,0.26534442583377743
4788,ENSG00000173281.5,0.2653361269424762
4789,ENSG00000103855.18,0.26532397087747134
4790,ENSG00000153902.14,0.26530243164406964
4791,ENSG00000183793.14,0.2652713306063003
4792,ENSG00000168268.11,0.2651873962958629
4793,ENSG00000130038.10,0.26512894031086387
4794,ENSG00000102901.13,0.2650544383367407
4795,ENSG00000150867.14,0.26502041316116653
4796,ENSG00000159423.17,0.2649874655707997
4797,ENSG00000184602.6,0.26491755891993185
4798,ENSG00000084731.15,0.2648849141963266
4799,ENSG00000100744.15,0.26485355951067596
4800,ENSG00000129968.17,0.2647444232207171
4801,ENSG00000178150.10,0.26470143232626725
4802,ENSG00000104524.14,0.2646701402104058
4803,ENSG00000128709.13,0.26457355142118016
4804,ENSG00000163393.13,0.2645693542487509
4805,ENSG00000166347.19,0.26447544424566954
4806,ENSG00000151458.12,0.2644740273714149
4807,ENSG00000180354.16,0.26441330334422797
4808,ENSG00000162302.13,0.26436773533155344
4809,ENSG00000127419.17,0.2643546845318975
4810,ENSG00000107738.20,0.26422124593349366
4811,ENSG00000076382.17,0.26421258814402154
4812,ENSG00000164161.10,0.2641536343962032
4813,ENSG00000161243.9,0.26409128130005927
4814,ENSG00000168237.18,0.2640900118598979
4815,ENSG00000158792.16,0.26406928101461324
4816,ENSG00000145012.13,0.2640560316215833
4817,ENSG00000175643.10,0.2639886971622861
4818,ENSG00000106804.8,0.2639682773130447
4819,ENSG00000171823.7,0.26391897534711817
4820,ENSG00000206053.13,0.2639016472907541
4821,ENSG00000140988.16,0.26378047761320583
4822,ENSG00000224877.4,0.2637098907695347
4823,ENSG00000108669.16,0.2637059224419332
4824,ENSG00000110148.10,0.2636369171435548
4825,ENSG00000054654.19,0.26360797634038746
4826,ENSG00000105810.10,0.2635179908379561
4827,ENSG00000231925.12,0.26346440927086695
4828,ENSG00000186998.16,0.2634142189930799
4829,ENSG00000086015.22,0.2634137147366105
4830,ENSG00000165821.12,0.26339065686341756
4831,ENSG00000060709.15,0.26335902904590885
4832,ENSG00000109971.14,0.2633144497054089
4833,ENSG00000057704.13,0.2632849674398686
4834,ENSG00000204396.11,0.2632017907159625
4835,ENSG00000153443.13,0.26316775960707206
4836,ENSG00000198034.11,0.2630784759778914
4837,ENSG00000140564.12,0.2629858399239204
4838,ENSG00000241839.10,0.2629255468057384
4839,ENSG00000166897.16,0.262851531742945
4840,ENSG00000171877.21,0.2627193262940043
4841,ENSG00000135503.13,0.2626950843482255
4842,ENSG00000197461.13,0.2625943528040654
4843,ENSG00000166387.13,0.26255310021936124
4844,ENSG00000102755.12,0.26244213571331554
4845,ENSG00000169733.12,0.2624166407854798
4846,ENSG00000186654.21,0.26239367036243694
4847,ENSG00000163145.13,0.26234124328602326
4848,ENSG00000163931.16,0.2623058070596358
4849,ENSG00000166681.14,0.26219900277036357
4850,ENSG00000111252.11,0.2621660152448616
4851,ENSG00000112531.17,0.2621124560348538
4852,ENSG00000160285.15,0.2620524233412821
4853,ENSG00000169738.8,0.2619515974602328
4854,ENSG00000103522.16,0.2619173138964975
4855,ENSG00000110717.13,0.261821668460086
4856,ENSG00000163644.15,0.2617634764556886
4857,ENSG00000173221.14,0.2616670830091566
4858,ENSG00000171105.14,0.2616576013793657
4859,ENSG00000121068.14,0.26137730789878694
4860,ENSG00000078804.13,0.2613603541478036
4861,ENSG00000187554.14,0.26118965380445675
4862,ENSG00000176986.16,0.26117836958186424
4863,ENSG00000151790.9,0.2610109887605723
4864,ENSG00000185100.11,0.2609573172541315
4865,ENSG00000021488.13,0.260924504811676
4866,ENSG00000179833.4,0.2607909541148328
4867,ENSG00000183734.4,0.2606990629490503
4868,ENSG00000183134.5,0.2606590185380864
4869,ENSG00000100968.14,0.2605883310106908
4870,ENSG00000157734.14,0.2604968166252977
4871,ENSG00000168393.13,0.2604848280658716
4872,ENSG00000213719.8,0.2604568842991654
4873,ENSG00000151364.17,0.2603972937554597
4874,ENSG00000249751.4,0.2603256801773523
4875,ENSG00000177731.16,0.2602177459522494
4876,ENSG00000030582.18,0.2601716606316412
4877,ENSG00000113742.14,0.2600984188182397
4878,ENSG00000126432.14,0.2600506701249841
4879,ENSG00000090238.12,0.26002423582412426
4880,ENSG00000182568.17,0.2599015625388888
4881,ENSG00000070985.13,0.25978841182660817
4882,ENSG00000169220.18,0.25977242685573215
4883,ENSG00000104823.9,0.25975210293824863
4884,ENSG00000065154.12,0.2597327047499313
4885,ENSG00000075239.14,0.25963150783127625
4886,ENSG00000102871.16,0.2595960528452689
4887,ENSG00000262179.3,0.25958597043095116
4888,ENSG00000166228.9,0.2595799550081029
4889,ENSG00000146232.17,0.25950454980180676
4890,ENSG00000095794.19,0.25945127453214306
4891,ENSG00000113810.16,0.25943500849649065
4892,ENSG00000017427.17,0.25941699794309736
4893,ENSG00000165948.11,0.25941119955367425
4894,ENSG00000171700.14,0.2593538061278325
4895,ENSG00000099377.14,0.2593217369675552
4896,ENSG00000171798.18,0.2592259394012986
4897,ENSG00000150764.14,0.25920378115842946
4898,ENSG00000139973.16,0.2591983090029833
4899,ENSG00000167759.13,0.2591018875409671
4900,ENSG00000136870.10,0.259089380705066
4901,ENSG00000184408.10,0.2590763562426141
4902,ENSG00000173705.9,0.2589862121175751
4903,ENSG00000065809.13,0.25896307639671756
4904,ENSG00000082482.14,0.2587557930919586
4905,ENSG00000204248.11,0.2587207837238771
4906,ENSG00000137767.14,0.2587081963464608
4907,ENSG00000134470.21,0.2586191504801167
4908,ENSG00000158258.16,0.2585109858283041
4909,ENSG00000153071.15,0.2583524791742872
4910,ENSG00000167914.12,0.25829187090896083
4911,ENSG00000198353.8,0.25823819967076883
4912,ENSG00000091490.11,0.25823041186169354
4913,ENSG00000116691.11,0.2581818594404298
4914,ENSG00000065613.15,0.2581750250139418
4915,ENSG00000138326.21,0.25815236136867603
4916,ENSG00000135312.7,0.25813597661213195
4917,ENSG00000189283.10,0.25812069284590655
4918,ENSG00000100842.13,0.2581206351076459
4919,ENSG00000139410.15,0.2580691648125971
4920,ENSG00000125835.19,0.2578824253959797
4921,ENSG00000134242.16,0.2578717942348545
4922,ENSG00000213889.10,0.2577998675628417
4923,ENSG00000083845.9,0.25779948179695894
4924,ENSG00000162244.12,0.25776127162128887
4925,ENSG00000111077.18,0.25775106561234745
4926,ENSG00000053254.16,0.25770082331772376
4927,ENSG00000150048.10,0.25768180709572946
4928,ENSG00000177548.13,0.2576766359975019
4929,ENSG00000138101.19,0.2576544135766226
4930,ENSG00000164344.16,0.25758978557052525
4931,ENSG00000099622.14,0.2574644051645271
4932,ENSG00000162413.16,0.2574188565709385
4933,ENSG00000169744.13,0.25739098201509336
4934,ENSG00000172590.18,0.2573479973362113
4935,ENSG00000197977.4,0.2573057987548018
4936,ENSG00000162437.14,0.257302811427891
4937,ENSG00000075234.17,0.257230494610361
4938,ENSG00000072778.20,0.2572244753630012
4939,ENSG00000065923.10,0.2572020239316185
4940,ENSG00000138495.7,0.2571383446508283
4941,ENSG00000101160.14,0.2570780697010553
4942,ENSG00000170891.11,0.2570615835332295
4943,ENSG00000170906.16,0.25704396868024343
4944,ENSG00000198807.13,0.2569682589035223
4945,ENSG00000103175.11,0.25695507680192137
4946,ENSG00000184384.14,0.2569416561660065
4947,ENSG00000220205.9,0.2567910607234893
4948,ENSG00000163132.8,0.25670906571057023
4949,ENSG00000135940.7,0.2567017659938529
4950,ENSG00000101199.13,0.2566544429952687
4951,ENSG00000075035.10,0.2566235872929698
4952,ENSG00000177169.10,0.2565236680062752
4953,ENSG00000147408.14,0.2564441715959951
4954,ENSG00000167703.15,0.2563947354180409
4955,ENSG00000166426.8,0.2563757193274625
4956,ENSG00000104907.12,0.256317681356056
4957,ENSG00000122574.11,0.2563117026123102
4958,ENSG00000155304.6,0.25626699064459213
4959,ENSG00000133937.5,0.25608768702624374
4960,ENSG00000102981.10,0.25594653524856953
4961,ENSG00000240204.3,0.25593140452714275
4962,ENSG00000198739.11,0.2558672934254026
4963,ENSG00000168917.9,0.2557079306922908
4964,ENSG00000153162.9,0.2556692709289812
4965,ENSG00000173715.18,0.2556632618511035
4966,ENSG00000152939.17,0.255609394586077
4967,ENSG00000184986.11,0.2555611518538936
4968,ENSG00000176597.12,0.2555584194909965
4969,ENSG00000007264.15,0.25553509292723847
4970,ENSG00000108771.13,0.25551731207340345
4971,ENSG00000165802.23,0.25547828973765035
4972,ENSG00000215021.10,0.25544298869779347
4973,ENSG00000106400.12,0.2552393465771646
4974,ENSG00000008710.20,0.2550696350970729
4975,ENSG00000140264.21,0.25497651567869595
4976,ENSG00000135862.6,0.25496826618924334
4977,ENSG00000169554.22,0.2549016802872883
4978,ENSG00000130520.11,0.254886249158609
4979,ENSG00000142327.13,0.25486247270222173
4980,ENSG00000068650.18,0.25482853010536893
4981,ENSG00000100068.13,0.2547841120941858
4982,ENSG00000085662.14,0.2546912734378101
4983,ENSG00000004838.14,0.2546688128243988
4984,ENSG00000100889.12,0.2546468042433911
4985,ENSG00000147162.14,0.25460467220134436
4986,ENSG00000180992.7,0.25453285560385946
4987,ENSG00000205744.10,0.25452548094594013
4988,ENSG00000184076.13,0.25448910595876173
4989,ENSG00000123096.12,0.25443929804281135
4990,ENSG00000147459.18,0.2544066141688546
4991,ENSG00000185650.10,0.2543928241981616
4992,ENSG00000146950.13,0.254349643509431
4993,ENSG00000130226.17,0.25433487227062457
4994,ENSG00000116704.8,0.25421849117919326
4995,ENSG00000101342.10,0.2539762679494978
4996,ENSG00000054983.17,0.25396322752949746
4997,ENSG00000148965.10,0.2538623608698926
4998,ENSG00000172673.11,0.25378129695992546
4999,ENSG00000012660.14,0.25374884692761496
5000,ENSG00000221955.11,0.25372877965467217
5001,ENSG00000181195.11,0.25371643983847536
5002,ENSG00000270885.2,0.25366427797877383
5003,ENSG00000131591.18,0.25363492623239636
5004,ENSG00000140443.15,0.25362567617700477
5005,ENSG00000103266.11,0.25361763051437264
5006,ENSG00000177192.14,0.25357463026429927
5007,ENSG00000120899.18,0.2535321137019197
5008,ENSG00000125872.8,0.25352006976464037
5009,ENSG00000162645.13,0.25349961302766383
5010,ENSG00000137962.13,0.253488319012394
5011,ENSG00000178449.9,0.25341689255978916
5012,ENSG00000148411.8,0.25340754405973065
5013,ENSG00000070159.14,0.25329992898261783
5014,ENSG00000197562.10,0.25324840126663783
5015,ENSG00000169689.15,0.2532074460965191
5016,ENSG00000165071.15,0.2531926815840382
5017,ENSG00000146802.13,0.2531904993914245
5018,ENSG00000008256.16,0.25316625301674106
5019,ENSG00000099804.9,0.25312458257493975
5020,ENSG00000130021.15,0.25311789790085976
5021,ENSG00000100422.14,0.25301639320348596
5022,ENSG00000134201.12,0.25301104852806083
5023,ENSG00000087237.12,0.2529965002949657
5024,ENSG00000054219.11,0.2529464655169679
5025,ENSG00000187994.14,0.25289670064715514
5026,ENSG00000167363.14,0.2528587086279156
5027,ENSG00000198168.9,0.25280312412427763
5028,ENSG00000147119.4,0.2527381032078114
5029,ENSG00000169218.14,0.25272224371284613
5030,ENSG00000092841.19,0.2526994812566645
5031,ENSG00000137807.16,0.2525640599130997
5032,ENSG00000165807.8,0.252528934041642
5033,ENSG00000171208.10,0.25251242211233843
5034,ENSG00000105197.11,0.2524813473496847
5035,ENSG00000148700.15,0.25241194457435573
5036,ENSG00000162755.14,0.2521708064089389
5037,ENSG00000063245.15,0.25214543581310456
5038,ENSG00000104897.10,0.25210998942706647
5039,ENSG00000134901.13,0.2520688563180893
5040,ENSG00000151414.15,0.2520371631353747
5041,ENSG00000136828.19,0.2520192444540165
5042,ENSG00000215375.6,0.2520141852259659
5043,ENSG00000106009.16,0.2519835360034256
5044,ENSG00000128833.13,0.25195620787445133
5045,ENSG00000179271.3,0.2519497037024432
5046,ENSG00000188153.14,0.2518345430894488
5047,ENSG00000163508.13,0.2518338670236193
5048,ENSG00000164294.14,0.2518247453311995
5049,ENSG00000177675.9,0.2518243445340941
5050,ENSG00000153714.6,0.2517654237910292
5051,ENSG00000159200.18,0.25172462324356054
5052,ENSG00000166405.15,0.2516813076191642
5053,ENSG00000086570.12,0.2516486526430588
5054,ENSG00000213923.13,0.2515934175609851
5055,ENSG00000139343.10,0.2514968906245727
5056,ENSG00000170684.9,0.251449862557627
5057,ENSG00000134602.16,0.2513704500716759
5058,ENSG00000158234.12,0.2513530582832337
5059,ENSG00000185669.6,0.2513474926860169
5060,ENSG00000171680.23,0.2513417609589688
5061,ENSG00000145014.18,0.2512136715393023
5062,ENSG00000107262.26,0.25115389234025304
5063,ENSG00000125966.10,0.25114535364724083
5064,ENSG00000141510.18,0.2509953968618267
5065,ENSG00000126254.12,0.25075219738644344
5066,ENSG00000198680.4,0.250742657977056
5067,ENSG00000100092.24,0.2507313291211882
5068,ENSG00000232112.3,0.25069974394059485
5069,ENSG00000100908.14,0.2505913803554978
5070,ENSG00000125826.21,0.2505056897231212
5071,ENSG00000114805.18,0.2504355425015418
5072,ENSG00000147437.10,0.2504270306330518
5073,ENSG00000236609.4,0.25029505427745247
5074,ENSG00000169271.3,0.25028894002893565
5075,ENSG00000130477.15,0.25026899926516705
5076,ENSG00000178741.12,0.2501683277171438
5077,ENSG00000099800.8,0.2501568506126618
5078,ENSG00000114779.19,0.25007437417228323
5079,ENSG00000104312.8,0.249967322138356
5080,ENSG00000211455.8,0.24994748600891098
5081,ENSG00000105202.9,0.24991654942101324
5082,ENSG00000163660.12,0.24991068864997704
5083,ENSG00000160188.10,0.24989369828584923
5084,ENSG00000203797.12,0.24979078394839863
5085,ENSG00000002586.20,0.24978625887681608
5086,ENSG00000117143.13,0.24966915461813036
5087,ENSG00000113805.8,0.24965451526611301
5088,ENSG00000143340.6,0.24962134308251047
5089,ENSG00000142549.9,0.24957703732516848
5090,ENSG00000100934.15,0.24939728329470542
5091,ENSG00000145779.8,0.2493780303194671
5092,ENSG00000128626.12,0.24933663022656447
5093,ENSG00000169972.12,0.2493226872063935
5094,ENSG00000146278.11,0.24926270680480125
5095,ENSG00000137509.11,0.2492220226773865
5096,ENSG00000070882.13,0.24921411968356436
5097,ENSG00000260325.2,0.24911239098985796
5098,ENSG00000241399.7,0.2490663206625949
5099,ENSG00000154065.17,0.24905493007054566
5100,ENSG00000130202.10,0.24875044367380833
5101,ENSG00000126217.21,0.24868277375929257
5102,ENSG00000182704.8,0.24859829842156045
5103,ENSG00000165886.5,0.2485726486158137
5104,ENSG00000165480.16,0.24847976931047544
5105,ENSG00000221963.6,0.24845762506032867
5106,ENSG00000149806.11,0.24842565405881364
5107,ENSG00000142541.18,0.24835441596612695
5108,ENSG00000108688.11,0.2483366241842506
5109,ENSG00000187123.15,0.24825173679823462
5110,ENSG00000197958.13,0.24811594435090883
5111,ENSG00000107957.16,0.24809537270275375
5112,ENSG00000030110.13,0.2480214694738102
5113,ENSG00000077092.19,0.24801472716672107
5114,ENSG00000169679.15,0.24796646782342002
5115,ENSG00000182117.6,0.24790532620183314
5116,ENSG00000153885.14,0.2478946640034206
5117,ENSG00000170382.12,0.24788809855034413
5118,ENSG00000145476.16,0.24787166181265957
5119,ENSG00000100241.21,0.2478253896436604
5120,ENSG00000179526.17,0.24779521259081233
5121,ENSG00000111725.11,0.24776381515575216
5122,ENSG00000184967.7,0.24776149492881333
5123,ENSG00000173698.18,0.2477217196679348
5124,ENSG00000156113.24,0.24771908960216396
5125,ENSG00000120217.14,0.24770804333387267
5126,ENSG00000125827.9,0.2476929183948589
5127,ENSG00000123453.18,0.24763364791969877
5128,ENSG00000168907.13,0.24758079756764106
5129,ENSG00000122852.15,0.24754069516833271
5130,ENSG00000183773.15,0.24751451547343958
5131,ENSG00000072201.14,0.24749625499005934
5132,ENSG00000187678.10,0.24741623299214496
5133,ENSG00000013275.8,0.24734603450672182
5134,ENSG00000077348.9,0.2473055708927728
5135,ENSG00000173402.12,0.24730007455232286
5136,ENSG00000165233.18,0.24727717725615062
5137,ENSG00000128656.15,0.24724659394531082
5138,ENSG00000058335.16,0.24716999013115398
5139,ENSG00000164109.14,0.24713383706813727
5140,ENSG00000112195.9,0.24711580229762262
5141,ENSG00000164587.13,0.24710588502029213
5142,ENSG00000100228.12,0.24709622687600252
5143,ENSG00000102547.19,0.24709509832168713
5144,ENSG00000064309.14,0.24703454461669008
5145,ENSG00000151929.10,0.2469804082059088
5146,ENSG00000112183.15,0.24689712696761243
5147,ENSG00000183960.9,0.2468633355741447
5148,ENSG00000179091.5,0.24684079447221022
5149,ENSG00000146830.11,0.24678467379014188
5150,ENSG00000143314.12,0.24676569545817315
5151,ENSG00000160345.13,0.24669682880822402
5152,ENSG00000149269.10,0.24650483149625774
5153,ENSG00000175221.15,0.24648385709466342
5154,ENSG00000104892.17,0.24647994610371765
5155,ENSG00000166508.18,0.24641037649777067
5156,ENSG00000026103.22,0.24634622168241435
5157,ENSG00000005075.15,0.24620302647228728
5158,ENSG00000174227.16,0.24618012340660905
5159,ENSG00000125772.14,0.24601166838231148
5160,ENSG00000129244.9,0.24600709026208056
5161,ENSG00000198743.7,0.24599596813139976
5162,ENSG00000183908.7,0.2459737027100685
5163,ENSG00000049239.13,0.2459567396638374
5164,ENSG00000110047.18,0.24592655192929644
5165,ENSG00000117298.16,0.24591878864209177
5166,ENSG00000106392.11,0.24583915292300013
5167,ENSG00000173915.16,0.245831518331128
5168,ENSG00000064961.19,0.24580743296286303
5169,ENSG00000118640.11,0.24579163582469354
5170,ENSG00000117691.10,0.24575865163870278
5171,ENSG00000108947.5,0.24574228749659366
5172,ENSG00000112394.17,0.2457006278030523
5173,ENSG00000182931.9,0.24567720245162364
5174,ENSG00000096395.11,0.24565458315684321
5175,ENSG00000119900.9,0.2456490038390391
5176,ENSG00000186806.5,0.2456469136570316
5177,ENSG00000159263.16,0.24550854373159553
5178,ENSG00000185624.15,0.24547853429372268
5179,ENSG00000134324.12,0.24543376037138454
5180,ENSG00000168143.9,0.24540952727717277
5181,ENSG00000152527.14,0.24537968678287211
5182,ENSG00000129932.10,0.24528131466647599
5183,ENSG00000232434.2,0.2452401474438043
5184,ENSG00000168269.10,0.24522327975557154
5185,ENSG00000182481.10,0.24522078331350436
5186,ENSG00000131067.17,0.24521892714934185
5187,ENSG00000177272.9,0.24521704945007006
5188,ENSG00000142606.16,0.24521660568697204
5189,ENSG00000162836.12,0.24520783740539928
5190,ENSG00000152284.5,0.2451987718512357
5191,ENSG00000156384.14,0.2450514124067729
5192,ENSG00000164300.17,0.2450127100275832
5193,ENSG00000110237.5,0.24490734516613094
5194,ENSG00000047648.23,0.24486224575446744
5195,ENSG00000164406.8,0.24480205780576858
5196,ENSG00000003137.8,0.24475542262351674
5197,ENSG00000179163.12,0.24471331903178983
5198,ENSG00000139988.10,0.24465623770229575
5199,ENSG00000168061.17,0.2445743572558149
5200,ENSG00000168484.12,0.24448566123837745
5201,ENSG00000172037.14,0.24441923552868056
5202,ENSG00000176658.17,0.2443199360270462
5203,ENSG00000144481.17,0.24417522487549545
5204,ENSG00000175482.9,0.24412213968630342
5205,ENSG00000077063.11,0.2441193982247376
5206,ENSG00000198742.10,0.24404464291782824
5207,ENSG00000064995.18,0.24403741506921123
5208,ENSG00000211450.10,0.24401766641491554
5209,ENSG00000185088.14,0.24400545911073884
5210,ENSG00000138160.7,0.24398097950029715
5211,ENSG00000120437.9,0.24394398352416677
5212,ENSG00000154511.12,0.24390636509541275
5213,ENSG00000183723.13,0.24383865582828865
5214,ENSG00000115464.15,0.24378518520236273
5215,ENSG00000050327.15,0.24377484326707644
5216,ENSG00000170500.13,0.24375554486308904
5217,ENSG00000142937.12,0.24373051339532506
5218,ENSG00000162882.15,0.24368471767362232
5219,ENSG00000163464.8,0.2436478009666202
5220,ENSG00000184014.8,0.24360768930300272
5221,ENSG00000176046.9,0.24360351233622132
5222,ENSG00000162909.18,0.24355319560091915
5223,ENSG00000181274.7,0.24338485862464448
5224,ENSG00000170430.10,0.24336554845350705
5225,ENSG00000196976.7,0.24334612835922526
5226,ENSG00000105379.10,0.24333491026713255
5227,ENSG00000139132.14,0.2433245714438813
5228,ENSG00000173153.17,0.2433051196074583
5229,ENSG00000167664.8,0.2432761971545719
5230,ENSG00000180828.3,0.24326387919511128
5231,ENSG00000185483.12,0.24310326186263848
5232,ENSG00000162676.12,0.24301441748394417
5233,ENSG00000070501.12,0.24298345627128395
5234,ENSG00000120332.16,0.24297699052316996
5235,ENSG00000099330.9,0.2429513856656304
5236,ENSG00000213139.8,0.2428577108361316
5237,ENSG00000196517.13,0.24283979882514625
5238,ENSG00000165283.16,0.24278981945312672
5239,ENSG00000136717.15,0.24277797194097964
5240,ENSG00000132879.14,0.24270628555870802
5241,ENSG00000188277.10,0.24265807131631056
5242,ENSG00000109654.16,0.2426495226145727
5243,ENSG00000118292.9,0.2426138301263794
5244,ENSG00000103489.12,0.24258387346195975
5245,ENSG00000100379.17,0.242576729915513
5246,ENSG00000101003.10,0.2425590265572043
5247,ENSG00000174652.19,0.24255397345694266
5248,ENSG00000168427.9,0.24246929699971004
5249,ENSG00000100739.11,0.2424580456302634
5250,ENSG00000184304.16,0.24244168083840242
5251,ENSG00000116586.12,0.24244121332051805
5252,ENSG00000116729.14,0.2423955333232699
5253,ENSG00000091879.14,0.24238318870903813
5254,ENSG00000154122.14,0.2423492425779387
5255,ENSG00000026559.14,0.2423398029242277
5256,ENSG00000108588.14,0.24227938089465523
5257,ENSG00000141577.14,0.24226874642533525
5258,ENSG00000110427.17,0.24225733752088158
5259,ENSG00000168995.13,0.24222679014225548
5260,ENSG00000184060.11,0.2421904871089283
5261,ENSG00000182899.17,0.24215970491847258
5262,ENSG00000109572.14,0.24204535619256898
5263,ENSG00000111653.20,0.24203301494454474
5264,ENSG00000004534.15,0.24202196827693281
5265,ENSG00000095906.17,0.2419710042417641
5266,ENSG00000137070.18,0.2419441258923655
5267,ENSG00000169718.18,0.24191947820305829
5268,ENSG00000181350.12,0.2418161696288721
5269,ENSG00000106992.19,0.24179883683360032
5270,ENSG00000080824.19,0.24175410893594299
5271,ENSG00000162729.14,0.24175300221436832
5272,ENSG00000165650.12,0.24167012993134343
5273,ENSG00000219607.4,0.24166396368479834
5274,ENSG00000163376.11,0.24155420386125578
5275,ENSG00000172689.2,0.24155180855811886
5276,ENSG00000177464.5,0.24154603080322648
5277,ENSG00000131069.20,0.24154448477968368
5278,ENSG00000205220.12,0.2415254096678121
5279,ENSG00000138172.11,0.241503134106087
5280,ENSG00000113916.18,0.24146646565865498
5281,ENSG00000125675.18,0.24141854094991896
5282,ENSG00000197756.10,0.24133013652744073
5283,ENSG00000103168.17,0.24129557785130337
5284,ENSG00000112182.15,0.24126969728061437
5285,ENSG00000175183.10,0.24125559258024346
5286,ENSG00000008056.14,0.24122768422369106
5287,ENSG00000122515.15,0.2411977870761167
5288,ENSG00000101298.15,0.24111469196195198
5289,ENSG00000172197.11,0.2410598110131003
5290,ENSG00000173068.18,0.2410150410931175
5291,ENSG00000144677.15,0.2409315918244516
5292,ENSG00000005448.17,0.2408519347745322
5293,ENSG00000130653.16,0.24085115953514694
5294,ENSG00000272899.4,0.24081108209181842
5295,ENSG00000283199.3,0.24076749064905403
5296,ENSG00000101400.6,0.24070464528019103
5297,ENSG00000029534.21,0.2406363244206843
5298,ENSG00000144369.13,0.24062771586169612
5299,ENSG00000071246.11,0.2405643134149912
5300,ENSG00000114942.14,0.2405480810257987
5301,ENSG00000164114.19,0.24051665809780592
5302,ENSG00000183011.13,0.2403938076715526
5303,ENSG00000215644.10,0.24037781741497957
5304,ENSG00000138758.12,0.24035304464299728
5305,ENSG00000253304.2,0.24034428423675294
5306,ENSG00000111801.16,0.24028768156793223
5307,ENSG00000132646.11,0.24024211890416142
5308,ENSG00000205856.4,0.24015083775372997
5309,ENSG00000143870.13,0.24007022015973056
5310,ENSG00000001561.7,0.23996517268157433
5311,ENSG00000112964.14,0.23992895487466948
5312,ENSG00000161267.12,0.23987276001966334
5313,ENSG00000168772.11,0.23985328557107163
5314,ENSG00000185122.11,0.23974545496293856
5315,ENSG00000167657.14,0.23974439513584292
5316,ENSG00000158164.7,0.23964403491362207
5317,ENSG00000168936.11,0.23961038345853355
5318,ENSG00000142168.15,0.23952350073316353
5319,ENSG00000135406.14,0.23944557362024138
5320,ENSG00000074657.14,0.23929844373154174
5321,ENSG00000130313.7,0.23929038053006452
5322,ENSG00000176973.8,0.23906754148515574
5323,ENSG00000164111.15,0.23900332323494625
5324,ENSG00000182287.15,0.23881850358067722
5325,ENSG00000084234.18,0.2387664436238608
5326,ENSG00000180871.8,0.2387568681490489
5327,ENSG00000105479.16,0.23875220494815003
5328,ENSG00000221947.8,0.23871127661493766
5329,ENSG00000117600.12,0.23868950909634137
5330,ENSG00000135362.14,0.23850696831520926
5331,ENSG00000129911.9,0.23848509084458963
5332,ENSG00000155011.9,0.23845143705435998
5333,ENSG00000162804.14,0.2383226233243935
5334,ENSG00000122420.10,0.23812508034849428
5335,ENSG00000164896.20,0.23807612881960588
5336,ENSG00000162585.17,0.23802090570118267
5337,ENSG00000075218.19,0.23797065130079706
5338,ENSG00000115604.11,0.2379267522097112
5339,ENSG00000160439.16,0.23790573736096984
5340,ENSG00000176903.5,0.2379013732746977
5341,ENSG00000168490.14,0.23787824390618692
5342,ENSG00000005379.17,0.23787386419645626
5343,ENSG00000164142.16,0.237768613475959
5344,ENSG00000239779.7,0.2377684488826999
5345,ENSG00000181588.16,0.23773027719953896
5346,ENSG00000007866.22,0.23770265219145142
5347,ENSG00000152253.9,0.23758684874796074
5348,ENSG00000166794.5,0.2375855394203317
5349,ENSG00000033867.16,0.23750323606616114
5350,ENSG00000174951.11,0.23748065879002164
5351,ENSG00000177732.8,0.23741461793164237
5352,ENSG00000275713.2,0.2373778658233659
5353,ENSG00000152785.8,0.23728345268554102
5354,ENSG00000188158.16,0.23726436357304656
5355,ENSG00000160752.15,0.2370520637899476
5356,ENSG00000163683.12,0.23698186393116977
5357,ENSG00000125505.17,0.23694482375699455
5358,ENSG00000067445.21,0.23683070954631227
5359,ENSG00000163659.13,0.23681147462656507
5360,ENSG00000160211.19,0.2367328571080571
5361,ENSG00000197442.10,0.23668868169849572
5362,ENSG00000185614.7,0.2365902535298868
5363,ENSG00000106268.15,0.2365341852331088
5364,ENSG00000027697.15,0.23652689681620287
5365,ENSG00000180801.14,0.2365267112209464
5366,ENSG00000188522.15,0.23650143793158412
5367,ENSG00000160145.15,0.23631693173648732
5368,ENSG00000133935.7,0.23622652674234734
5369,ENSG00000127922.9,0.23621923258528266
5370,ENSG00000154822.18,0.23611572638624295
5371,ENSG00000134590.14,0.23606808818895622
5372,ENSG00000091262.16,0.23604383733600448
5373,ENSG00000116852.15,0.2359983853124005
5374,ENSG00000104883.8,0.23594706809585292
5375,ENSG00000278619.5,0.23593947175499042
5376,ENSG00000120675.6,0.235919371839506
5377,ENSG00000116016.14,0.2359184318066434
5378,ENSG00000183114.8,0.2359070002049826
5379,ENSG00000166348.18,0.23590583861247844
5380,ENSG00000109475.16,0.23587287728005285
5381,ENSG00000205542.11,0.2358216880015493
5382,ENSG00000139178.11,0.2357602359571949
5383,ENSG00000104059.4,0.23574795906563353
5384,ENSG00000092964.18,0.23573454389596973
5385,ENSG00000134809.9,0.23571603056018886
5386,ENSG00000107554.17,0.23570101575525276
5387,ENSG00000165806.21,0.23565686272959063
5388,ENSG00000126215.14,0.2356227737888305
5389,ENSG00000148291.10,0.2354711894583719
5390,ENSG00000089057.15,0.23542711509227635
5391,ENSG00000168496.4,0.23533961036877013
5392,ENSG00000149273.15,0.23533755802824424
5393,ENSG00000100344.11,0.23526275829212462
5394,ENSG00000272674.3,0.23521773473152055
5395,ENSG00000071794.16,0.23521651744816213
5396,ENSG00000095015.6,0.2352139957913036
5397,ENSG00000142046.15,0.23519737456624154
5398,ENSG00000132199.20,0.2351898202761025
5399,ENSG00000090097.22,0.23517998667592335
5400,ENSG00000140832.10,0.23517527684774484
5401,ENSG00000087266.17,0.2351415355728088
5402,ENSG00000198089.16,0.23513066301839258
5403,ENSG00000069509.6,0.23509404595748365
5404,ENSG00000006625.18,0.23505457913604985
5405,ENSG00000197594.13,0.23499232049984195
5406,ENSG00000099904.16,0.23497029223100202
5407,ENSG00000141424.13,0.2349446358439221
5408,ENSG00000070540.13,0.2349096525463296
5409,ENSG00000019991.18,0.23488767921404102
5410,ENSG00000162881.6,0.2348870643584138
5411,ENSG00000170006.12,0.2348620474463195
5412,ENSG00000134243.12,0.23479935408127098
5413,ENSG00000253729.8,0.2347394163337237
5414,ENSG00000171792.11,0.23472222214328306
5415,ENSG00000102312.23,0.2347181374877826
5416,ENSG00000197355.11,0.23466622304443271
5417,ENSG00000075426.12,0.23462895717562998
5418,ENSG00000107165.13,0.23461550433675038
5419,ENSG00000104866.11,0.2346145887823889
5420,ENSG00000085491.17,0.23459915632981693
5421,ENSG00000079691.18,0.23458399286013337
5422,ENSG00000157110.16,0.2345639788850148
5423,ENSG00000235169.11,0.2345188087231841
5424,ENSG00000076344.16,0.23441994530465013
5425,ENSG00000156802.13,0.23441930180451195
5426,ENSG00000161996.19,0.23438124789753637
5427,ENSG00000232388.5,0.2343309552248767
5428,ENSG00000143198.13,0.2342037320881883
5429,ENSG00000160325.15,0.23418274317564616
5430,ENSG00000164574.16,0.2341535136856344
5431,ENSG00000135535.17,0.23412689031986017
5432,ENSG00000158109.15,0.23411553256870132
5433,ENSG00000112787.13,0.23404942741845292
5434,ENSG00000152778.9,0.23393139141124875
5435,ENSG00000081803.16,0.23382465178775091
5436,ENSG00000213185.7,0.23381462802472655
5437,ENSG00000161921.17,0.23380421808961688
5438,ENSG00000146242.9,0.23380045662098278
5439,ENSG00000183172.9,0.23378535729421804
5440,ENSG00000139514.13,0.23364092709107787
5441,ENSG00000253250.3,0.23349699066532226
5442,ENSG00000065621.15,0.23349523543975062
5443,ENSG00000158717.11,0.23334868017817195
5444,ENSG00000039650.12,0.23329716194176822
5445,ENSG00000213638.6,0.23326347997998936
5446,ENSG00000110042.8,0.2332571469174587
5447,ENSG00000074706.13,0.2331437550758379
5448,ENSG00000067141.17,0.23313036002685947
5449,ENSG00000125744.12,0.23299385188970828
5450,ENSG00000085465.13,0.23298574477029124
5451,ENSG00000213465.8,0.23293590943894074
5452,ENSG00000005022.6,0.23293297532987725
5453,ENSG00000100503.26,0.23291358564516632
5454,ENSG00000214944.9,0.232809652220242
5455,ENSG00000073910.22,0.23268400390674734
5456,ENSG00000184785.6,0.2326813288618797
5457,ENSG00000113580.15,0.23258484871482582
5458,ENSG00000110697.13,0.2325326226013353
5459,ENSG00000006451.8,0.23249218458219975
5460,ENSG00000198483.13,0.23246372952505334
5461,ENSG00000106348.18,0.23244759547844895
5462,ENSG00000071082.11,0.23229451787944594
5463,ENSG00000198108.4,0.23226414140889648
5464,ENSG00000103647.13,0.23216223889399557
5465,ENSG00000134323.12,0.23211054004908963
5466,ENSG00000117601.14,0.23205947267967825
5467,ENSG00000248712.7,0.2320497351901809
5468,ENSG00000156273.16,0.23190169823798185
5469,ENSG00000077463.15,0.23185554945477738
5470,ENSG00000161800.13,0.23180420883615283
5471,ENSG00000130052.13,0.23167748862901494
5472,ENSG00000182979.18,0.2316372542331704
5473,ENSG00000077080.10,0.23163523485289605
5474,ENSG00000213015.9,0.23157701788892154
5475,ENSG00000074966.11,0.23150548922598332
5476,ENSG00000125746.18,0.231330518896616
5477,ENSG00000166128.13,0.2312703659410104
5478,ENSG00000162409.11,0.23125622569338025
5479,ENSG00000107186.17,0.23116970557836708
5480,ENSG00000105669.14,0.23114827879890804
5481,ENSG00000196586.16,0.23110988024354454
5482,ENSG00000163516.14,0.2311024319519619
5483,ENSG00000074317.11,0.23104264216140544
5484,ENSG00000185482.8,0.23100334457004396
5485,ENSG00000143318.13,0.23098138638878885
5486,ENSG00000181513.15,0.23097992706596351
5487,ENSG00000167862.10,0.23097951908745906
5488,ENSG00000188906.16,0.2309480637591618
5489,ENSG00000143776.18,0.2309036797123236
5490,ENSG00000142534.7,0.23089536441479158
5491,ENSG00000162458.13,0.23089439410085055
5492,ENSG00000105875.14,0.23085994476027316
5493,ENSG00000006062.17,0.2308535081362827
5494,ENSG00000196503.5,0.23084511992219087
5495,ENSG00000214212.9,0.23071213913425184
5496,ENSG00000176619.13,0.23069990073554775
5497,ENSG00000119705.10,0.2306983782878991
5498,ENSG00000204536.14,0.23069059064874625
5499,ENSG00000112742.10,0.23060338565365093
5500,ENSG00000141295.14,0.2305788507643329
5501,ENSG00000123136.15,0.23054906972589173
5502,ENSG00000138111.14,0.23043593543191482
5503,ENSG00000186314.11,0.23037622826950074
5504,ENSG00000176022.7,0.23034040576569348
5505,ENSG00000120802.14,0.23030738661468966
5506,ENSG00000167863.12,0.23028587692937044
5507,ENSG00000142546.14,0.23027836956641812
5508,ENSG00000142733.17,0.23024865028422273
5509,ENSG00000196787.3,0.23021911332067274
5510,ENSG00000197608.11,0.23010471105095545
5511,ENSG00000140474.14,0.23006072047405607
5512,ENSG00000072682.19,0.22989738812188587
5513,ENSG00000132432.14,0.229892202382039
5514,ENSG00000171425.10,0.22985751891397743
5515,ENSG00000166979.13,0.22980700185035324
5516,ENSG00000067167.8,0.22968413137463053
5517,ENSG00000135097.7,0.22955718755904506
5518,ENSG00000153086.14,0.2294606624951245
5519,ENSG00000259330.3,0.2292725023203958
5520,ENSG00000198892.7,0.22927080235772393
5521,ENSG00000170390.16,0.22920426454042234
5522,ENSG00000186231.17,0.22920420748652928
5523,ENSG00000142632.17,0.22908989508559616
5524,ENSG00000166886.13,0.22897609107010009
5525,ENSG00000112837.17,0.22897558913032184
5526,ENSG00000259803.7,0.2289171967659107
5527,ENSG00000078579.9,0.2289131018902306
5528,ENSG00000124422.12,0.22889725977160366
5529,ENSG00000069849.11,0.22885796234862363
5530,ENSG00000117148.8,0.22883429621158893
5531,ENSG00000136158.12,0.2286811044919857
5532,ENSG00000142748.13,0.22866485547430562
5533,ENSG00000006606.9,0.22864093432612728
5534,ENSG00000180176.15,0.228576652228409
5535,ENSG00000147010.18,0.22856929391111022
5536,ENSG00000115756.13,0.22851716335970995
5537,ENSG00000135374.11,0.22835816389869776
5538,ENSG00000166171.13,0.22825795422269832
5539,ENSG00000160298.18,0.22824270036137087
5540,ENSG00000148450.13,0.2282409328270186
5541,ENSG00000003147.19,0.22821778830044206
5542,ENSG00000172059.11,0.22819298994541992
5543,ENSG00000075420.13,0.22814498944991182
5544,ENSG00000007376.8,0.22812829487292638
5545,ENSG00000130309.11,0.22811801590824318
5546,ENSG00000111266.9,0.22811720415493764
5547,ENSG00000161847.14,0.2280904079691686
5548,ENSG00000125912.11,0.22805659407401457
5549,ENSG00000197535.15,0.227997390112305
5550,ENSG00000184281.15,0.2279075821550137
5551,ENSG00000251493.5,0.2278971230078687
5552,ENSG00000197329.12,0.22777643340063136
5553,ENSG00000158528.12,0.22774424267598165
5554,ENSG00000141552.18,0.22763686354155263
5555,ENSG00000113209.9,0.22761525465261362
5556,ENSG00000213722.10,0.22759655411936053
5557,ENSG00000171045.16,0.22758446223015022
5558,ENSG00000079805.18,0.22757901417802262
5559,ENSG00000116649.10,0.22755972787313009
5560,ENSG00000196371.3,0.227556970861005
5561,ENSG00000171604.12,0.2274991349716842
5562,ENSG00000167800.9,0.22749213759404835
5563,ENSG00000164715.6,0.22744966929515587
5564,ENSG00000138764.15,0.22735527098878192
5565,ENSG00000187260.16,0.22732887018432624
5566,ENSG00000111452.13,0.22730270423055354
5567,ENSG00000156076.10,0.22729266809147355
5568,ENSG00000152078.10,0.22728598992378635
5569,ENSG00000136026.14,0.22728255253951501
5570,ENSG00000060491.16,0.2272802362695492
5571,ENSG00000074071.15,0.22718658464604158
5572,ENSG00000172915.18,0.22710240306475168
5573,ENSG00000142676.14,0.227068985234123
5574,ENSG00000165996.14,0.22705242455171842
5575,ENSG00000077150.20,0.22703118750000614
5576,ENSG00000197586.13,0.2268680131785161
5577,ENSG00000120049.20,0.22669466884752118
5578,ENSG00000081818.4,0.22669411101728326
5579,ENSG00000073008.15,0.22668100174810166
5580,ENSG00000170465.10,0.22656720903747618
5581,ENSG00000101384.12,0.2265660554960667
5582,ENSG00000105205.7,0.22652823603737968
5583,ENSG00000102804.15,0.22648768581084128
5584,ENSG00000186395.8,0.22645210621173972
5585,ENSG00000177542.11,0.22634893643931606
5586,ENSG00000121104.8,0.22634876214654315
5587,ENSG00000130770.18,0.22630804608885896
5588,ENSG00000105967.16,0.2261892370993969
5589,ENSG00000141378.15,0.22617284542190855
5590,ENSG00000136108.15,0.22615870025228027
5591,ENSG00000104687.14,0.22614094761988157
5592,ENSG00000161791.14,0.2261400372014055
5593,ENSG00000187954.13,0.2261340655068261
5594,ENSG00000244242.2,0.22600863640260954
5595,ENSG00000197122.12,0.22596077242225937
5596,ENSG00000178605.13,0.22594683735835877
5597,ENSG00000136457.10,0.22592454307311816
5598,ENSG00000181381.14,0.22591165827442897
5599,ENSG00000154059.11,0.22590858507953784
5600,ENSG00000100036.13,0.2258384316934355
5601,ENSG00000165732.13,0.22573566584444468
5602,ENSG00000159899.15,0.2257151227419359
5603,ENSG00000137691.13,0.22566654970266786
5604,ENSG00000137563.13,0.22565525091253388
5605,ENSG00000130758.8,0.22563892574710026
5606,ENSG00000153531.13,0.22561003411082098
5607,ENSG00000182600.9,0.22558416113064428
5608,ENSG00000106771.13,0.2255527580139846
5609,ENSG00000171603.18,0.22529268352557755
5610,ENSG00000101246.20,0.22528498141603434
5611,ENSG00000166173.11,0.22528050107075123
5612,ENSG00000136869.16,0.22522580113004959
5613,ENSG00000124134.9,0.2250881175044065
5614,ENSG00000108557.19,0.2250699548156819
5615,ENSG00000042753.12,0.22504054148406782
5616,ENSG00000169313.10,0.22493399246238988
5617,ENSG00000132361.18,0.224879774232869
5618,ENSG00000184216.14,0.22479263531941848
5619,ENSG00000111961.18,0.2247608196044521
5620,ENSG00000166035.11,0.22474063208919914
5621,ENSG00000196950.14,0.22472592900546762
5622,ENSG00000284713.1,0.2247243665895696
5623,ENSG00000164967.10,0.2246742570962988
5624,ENSG00000186088.16,0.2246658896749415
5625,ENSG00000154229.12,0.22460546520978888
5626,ENSG00000071655.18,0.224601755777949
5627,ENSG00000113319.13,0.22450969627655235
5628,ENSG00000117385.16,0.22450957335455266
5629,ENSG00000119326.15,0.22444773746248547
5630,ENSG00000185236.12,0.2244418321041099
5631,ENSG00000145681.11,0.22436549292497077
5632,ENSG00000136630.13,0.22431905648285802
5633,ENSG00000015133.19,0.22429851316704558
5634,ENSG00000005020.13,0.2242615408911739
5635,ENSG00000101220.18,0.22412384427448112
5636,ENSG00000100139.13,0.22412314872651287
5637,ENSG00000165169.11,0.22412292126032718
5638,ENSG00000111684.11,0.22402896991580948
5639,ENSG00000198774.5,0.2240195482436684
5640,ENSG00000185561.10,0.2239425282844033
5641,ENSG00000165269.13,0.22391967129748744
5642,ENSG00000007541.17,0.22390204565107968
5643,ENSG00000106397.12,0.22389334631808663
5644,ENSG00000106367.15,0.22386689911859825
5645,ENSG00000131398.15,0.2238574465232569
5646,ENSG00000149554.13,0.223731038745425
5647,ENSG00000165389.7,0.22369567973109422
5648,ENSG00000141068.14,0.22369316347314552
5649,ENSG00000088256.9,0.2236739632573944
5650,ENSG00000042445.14,0.2236330301818613
5651,ENSG00000125901.6,0.22357022543074317
5652,ENSG00000171004.18,0.22353303212374176
5653,ENSG00000185504.17,0.22340074779382732
5654,ENSG00000125356.7,0.223397612747997
5655,ENSG00000135002.12,0.22330053804433975
5656,ENSG00000149761.9,0.22307798182111815
5657,ENSG00000172985.11,0.22302893185161793
5658,ENSG00000134247.10,0.223010198259231
5659,ENSG00000165476.14,0.22296947311862214
5660,ENSG00000089157.16,0.2229499355851555
5661,ENSG00000037042.9,0.2229471246319733
5662,ENSG00000177427.13,0.2229378755555387
5663,ENSG00000273604.2,0.2229363155140348
5664,ENSG00000102030.16,0.22292956680225182
5665,ENSG00000167962.14,0.22290436743109776
5666,ENSG00000188636.4,0.22289555990054377
5667,ENSG00000134758.14,0.22288340482526742
5668,ENSG00000100625.9,0.22288075799947216
5669,ENSG00000170889.14,0.22285464997462825
5670,ENSG00000132635.17,0.22283674209375445
5671,ENSG00000153044.10,0.22273464103606808
5672,ENSG00000182752.10,0.22259820806727953
5673,ENSG00000113161.16,0.2225924316615585
5674,ENSG00000101596.16,0.22258147195755681
5675,ENSG00000240849.11,0.22256954199564624
5676,ENSG00000184640.19,0.2225195040779447
5677,ENSG00000141540.11,0.22238184438436906
5678,ENSG00000106571.15,0.22233408798689538
5679,ENSG00000100522.10,0.2223254064441592
5680,ENSG00000143947.14,0.22230675635834266
5681,ENSG00000248487.9,0.22228261682177317
5682,ENSG00000177380.14,0.2222686241948592
5683,ENSG00000186352.9,0.22221770163570492
5684,ENSG00000160789.22,0.22213618894337372
5685,ENSG00000254122.3,0.22207545192398348
5686,ENSG00000125355.16,0.22203739366206784
5687,ENSG00000123933.17,0.22202185325645488
5688,ENSG00000196693.15,0.2219940060434472
5689,ENSG00000173991.6,0.22195168389072742
5690,ENSG00000146151.14,0.22194107257377912
5691,ENSG00000019144.19,0.22184229313469123
5692,ENSG00000119899.13,0.22175553236732623
5693,ENSG00000242372.9,0.22175148200539432
5694,ENSG00000185222.10,0.22158798143794328
5695,ENSG00000108298.12,0.22151195567120818
5696,ENSG00000182310.15,0.2214897572845667
5697,ENSG00000214128.11,0.22139339683728207
5698,ENSG00000075240.17,0.2213894120011563
5699,ENSG00000077044.11,0.22137722152546552
5700,ENSG00000188191.15,0.22135495895560892
5701,ENSG00000102924.12,0.22135465977160146
5702,ENSG00000103479.16,0.22135351252656982
5703,ENSG00000141458.13,0.22134622592206746
5704,ENSG00000180739.14,0.22133131413527
5705,ENSG00000124615.20,0.22124408376396948
5706,ENSG00000120327.6,0.22120211173644627
5707,ENSG00000145088.9,0.22108276538325397
5708,ENSG00000143842.15,0.2210002436853227
5709,ENSG00000114654.7,0.22099841307630225
5710,ENSG00000168502.17,0.22098494116706535
5711,ENSG00000124614.16,0.22097796083364923
5712,ENSG00000168916.15,0.22097221061830008
5713,ENSG00000147604.14,0.2209285596767624
5714,ENSG00000112033.14,0.2208502890306812
5715,ENSG00000172548.14,0.22080873800910356
5716,ENSG00000104327.7,0.22075099056076755
5717,ENSG00000145050.19,0.22064410223980907
5718,ENSG00000131018.24,0.2206043393294122
5719,ENSG00000214510.10,0.22056391887157606
5720,ENSG00000171840.12,0.22044824692127124
5721,ENSG00000137075.18,0.220380895000448
5722,ENSG00000168298.7,0.2203416225531214
5723,ENSG00000089009.15,0.22030224253455077
5724,ENSG00000100297.16,0.22026755476990434
5725,ENSG00000163681.16,0.22024631431382105
5726,ENSG00000131238.18,0.22022159190883422
5727,ENSG00000139626.16,0.22018667514587864
5728,ENSG00000102125.16,0.22009574336946452
5729,ENSG00000198185.11,0.21997460671555877
5730,ENSG00000157379.14,0.21996464113551634
5731,ENSG00000167107.13,0.21995002993860593
5732,ENSG00000104870.13,0.21982450491247643
5733,ENSG00000154258.17,0.21975972971734095
5734,ENSG00000168297.16,0.21973166473902453
5735,ENSG00000157216.15,0.21968756409761975
5736,ENSG00000041880.14,0.21964238366957403
5737,ENSG00000106330.12,0.21955507080601025
5738,ENSG00000250067.12,0.21951155522739274
5739,ENSG00000184838.15,0.21946688392880265
5740,ENSG00000182179.13,0.2194071433232064
5741,ENSG00000158163.15,0.21935196409341565
5742,ENSG00000083814.13,0.2193171417844128
5743,ENSG00000175895.4,0.21928936101571914
5744,ENSG00000176340.4,0.21926570554389915
5745,ENSG00000072422.17,0.21924172070481784
5746,ENSG00000257335.8,0.2192284954768137
5747,ENSG00000109686.19,0.21915739069173393
5748,ENSG00000204978.3,0.21914701018718835
5749,ENSG00000162066.16,0.21911798978645167
5750,ENSG00000182774.13,0.2191152660360661
5751,ENSG00000169231.13,0.21909849859908845
5752,ENSG00000148154.10,0.21909138098507389
5753,ENSG00000124749.17,0.21904853749146397
5754,ENSG00000196850.6,0.2190481881139278
5755,ENSG00000071859.15,0.21895916617109693
5756,ENSG00000161091.13,0.21895311613347634
5757,ENSG00000176396.11,0.21894685409879658
5758,ENSG00000114626.18,0.21891348138166306
5759,ENSG00000140030.6,0.21890673480818643
5760,ENSG00000164924.18,0.21886752497025455
5761,ENSG00000169282.18,0.2188595210535855
5762,ENSG00000181830.9,0.21882020679781003
5763,ENSG00000167202.11,0.21879897748865484
5764,ENSG00000150540.14,0.21879145019701832
5765,ENSG00000025434.19,0.21878389317016078
5766,ENSG00000182511.12,0.21876466291782476
5767,ENSG00000067715.14,0.218762687272175
5768,ENSG00000110013.13,0.21875801374006654
5769,ENSG00000164543.7,0.21868687002296058
5770,ENSG00000182199.11,0.21867788487836073
5771,ENSG00000109065.12,0.21867495936796766
5772,ENSG00000167604.15,0.2186255193709833
5773,ENSG00000059378.13,0.21861248602337735
5774,ENSG00000035499.13,0.21860089278547942
5775,ENSG00000008441.18,0.218487554934621
5776,ENSG00000125877.13,0.2184803643897663
5777,ENSG00000178199.14,0.2184769733384343
5778,ENSG00000176463.14,0.21839649823506926
5779,ENSG00000121413.13,0.21839512804864672
5780,ENSG00000101670.12,0.21835317967188528
5781,ENSG00000178498.16,0.21832006104493457
5782,ENSG00000013306.16,0.21831970017772678
5783,ENSG00000095321.17,0.2183094894980464
5784,ENSG00000134709.12,0.21829829828172814
5785,ENSG00000136848.17,0.21819887153088074
5786,ENSG00000089902.10,0.21813769518898948
5787,ENSG00000160013.9,0.21810643762022583
5788,ENSG00000100351.17,0.21807852616309345
5789,ENSG00000213928.9,0.2179419382499073
5790,ENSG00000172469.16,0.2179045106128343
5791,ENSG00000162777.17,0.21788140726984068
5792,ENSG00000142409.6,0.2178381776925273
5793,ENSG00000104361.10,0.21778688908159555
5794,ENSG00000164951.16,0.21777349615424726
5795,ENSG00000137720.8,0.21774315894723817
5796,ENSG00000160799.11,0.21773073951387872
5797,ENSG00000100399.16,0.21765923947792506
5798,ENSG00000160999.10,0.2176328050092757
5799,ENSG00000131097.7,0.21760180333535822
5800,ENSG00000169902.15,0.2175444650605329
5801,ENSG00000135709.12,0.2174965218508741
5802,ENSG00000140400.17,0.2174822581722288
5803,ENSG00000074047.22,0.21745119589189546
5804,ENSG00000183077.15,0.21741734806321095
5805,ENSG00000187824.9,0.21741672964447306
5806,ENSG00000075142.14,0.2174089642025658
5807,ENSG00000101084.18,0.2173601625442964
5808,ENSG00000127946.17,0.2172831063771867
5809,ENSG00000170385.10,0.21728053855542237
5810,ENSG00000163517.15,0.21728051192486394
5811,ENSG00000140280.14,0.2172639900071264
5812,ENSG00000166803.14,0.21723704219623793
5813,ENSG00000204592.9,0.217231504141664
5814,ENSG00000178537.10,0.21711066221147612
5815,ENSG00000014216.16,0.217103167925155
5816,ENSG00000152127.9,0.2170603439264656
5817,ENSG00000131174.7,0.21704964265156124
5818,ENSG00000110328.6,0.21704939629959988
5819,ENSG00000121335.12,0.21703510616609592
5820,ENSG00000130147.16,0.21703170694648471
5821,ENSG00000162004.18,0.21699871626532677
5822,ENSG00000051180.17,0.21699491336286134
5823,ENSG00000103653.16,0.2169400710796645
5824,ENSG00000141385.10,0.21691528867857438
5825,ENSG00000165280.17,0.21690871401050213
5826,ENSG00000064115.11,0.2168192792158085
5827,ENSG00000160219.12,0.21673540991997822
5828,ENSG00000100401.20,0.21671942660861898
5829,ENSG00000166130.15,0.2167174240689906
5830,ENSG00000135617.4,0.21670537227451675
5831,ENSG00000103381.12,0.21658454548264539
5832,ENSG00000117054.14,0.21653376167584493
5833,ENSG00000149633.12,0.2164887929156331
5834,ENSG00000186197.15,0.2164843999067705
5835,ENSG00000179750.16,0.21648272113654085
5836,ENSG00000180089.6,0.216468273954126
5837,ENSG00000185920.16,0.21645119470525495
5838,ENSG00000139266.6,0.21642490993191707
5839,ENSG00000173511.10,0.21642464786431026
5840,ENSG00000117676.14,0.21640999414978815
5841,ENSG00000108848.16,0.21636825516049643
5842,ENSG00000075643.6,0.21627159710493746
5843,ENSG00000146530.14,0.2162475361607614
5844,ENSG00000183655.13,0.21619011794767495
5845,ENSG00000204386.12,0.2160434856537776
5846,ENSG00000156381.9,0.21595344101924024
5847,ENSG00000135048.14,0.21590786454041397
5848,ENSG00000118922.17,0.2158495537778574
5849,ENSG00000160948.14,0.21583145670601292
5850,ENSG00000146938.16,0.21568397731577515
5851,ENSG00000126821.8,0.21567046826671835
5852,ENSG00000137843.12,0.21567009325321254
5853,ENSG00000135736.6,0.21565789128700558
5854,ENSG00000167088.11,0.2156434491497297
5855,ENSG00000164211.13,0.2156125749702143
5856,ENSG00000113749.7,0.21558687211997019
5857,ENSG00000182095.14,0.21558194967069774
5858,ENSG00000182983.15,0.21552855317939196
5859,ENSG00000136636.13,0.21552220183787613
5860,ENSG00000151729.11,0.21551944812529764
5861,ENSG00000176884.16,0.21546988442835976
5862,ENSG00000221818.9,0.2153939660445304
5863,ENSG00000064225.12,0.21537579565641632
5864,ENSG00000150457.9,0.2153651576784513
5865,ENSG00000154265.16,0.2153203652896394
5866,ENSG00000167553.16,0.2153021579778701
5867,ENSG00000174917.9,0.21522099009139384
5868,ENSG00000146281.6,0.21518137666471218
5869,ENSG00000133275.16,0.21515426277006042
5870,ENSG00000164713.10,0.21511941189891376
5871,ENSG00000120159.13,0.21509595462948974
5872,ENSG00000188760.11,0.2150605632333825
5873,ENSG00000196209.13,0.21494621618287532
5874,ENSG00000166987.15,0.21481065414590436
5875,ENSG00000122824.11,0.21480818416603825
5876,ENSG00000165959.12,0.214806701825353
5877,ENSG00000128596.17,0.21479816952278483
5878,ENSG00000197774.13,0.21469927893824747
5879,ENSG00000184343.11,0.2146896034071785
5880,ENSG00000138031.14,0.2145744205107018
5881,ENSG00000121931.16,0.21456151262576612
5882,ENSG00000164880.16,0.2145052740907188
5883,ENSG00000149311.19,0.21446026676241733
5884,ENSG00000175329.13,0.2143772683499269
5885,ENSG00000118231.5,0.21429449921225477
5886,ENSG00000139832.5,0.21428873333487447
5887,ENSG00000120658.13,0.21425061325693903
5888,ENSG00000141933.9,0.21420994771300164
5889,ENSG00000171863.15,0.2141708535605948
5890,ENSG00000061794.13,0.21407277665695074
5891,ENSG00000183978.8,0.21400940253798553
5892,ENSG00000163462.18,0.21400800891509977
5893,ENSG00000256043.4,0.21388017787373154
5894,ENSG00000151778.11,0.21386159293246987
5895,ENSG00000070614.15,0.2138414446971286
5896,ENSG00000183684.8,0.21384030272937912
5897,ENSG00000181634.8,0.21381535041216615
5898,ENSG00000175938.7,0.21375627289263668
5899,ENSG00000138640.15,0.2137408819556705
5900,ENSG00000109805.10,0.21373471389597215
5901,ENSG00000164307.13,0.21371824023162617
5902,ENSG00000163328.14,0.21371666838913939
5903,ENSG00000105926.16,0.21368403345285206
5904,ENSG00000182183.15,0.21361907419549267
5905,ENSG00000108932.12,0.21361853577835993
5906,ENSG00000206077.13,0.2135697264724353
5907,ENSG00000087191.13,0.21354777804219074
5908,ENSG00000168398.7,0.2135469428619449
5909,ENSG00000187800.13,0.21353842410659157
5910,ENSG00000145685.14,0.2135072248108822
5911,ENSG00000180758.12,0.2134390085070507
5912,ENSG00000107331.17,0.2134012498695932
5913,ENSG00000046653.15,0.21339451653897162
5914,ENSG00000104863.12,0.2133880138543089
5915,ENSG00000063176.16,0.21337394492278983
5916,ENSG00000163071.11,0.21336555673308188
5917,ENSG00000171428.15,0.21335314395518515
5918,ENSG00000196498.13,0.21331852162612192
5919,ENSG00000103202.13,0.2133081978823558
5920,ENSG00000204711.9,0.21328496487440524
5921,ENSG00000105204.14,0.21327132662444973
5922,ENSG00000101695.9,0.21327100954922887
5923,ENSG00000196235.14,0.21321474067866833
5924,ENSG00000144560.15,0.21317699085235992
5925,ENSG00000172081.14,0.2131492717156656
5926,ENSG00000197976.12,0.2131150194764312
5927,ENSG00000144381.18,0.2130799151225045
5928,ENSG00000266472.6,0.21304117148317156
5929,ENSG00000142657.21,0.2130317192592425
5930,ENSG00000110665.12,0.21294219760058555
5931,ENSG00000165246.14,0.21288021629863677
5932,ENSG00000276043.5,0.2128382180062846
5933,ENSG00000162267.12,0.21279372911932773
5934,ENSG00000072786.13,0.21278779869258158
5935,ENSG00000147535.17,0.21274712867075596
5936,ENSG00000113108.19,0.2127036900125444
5937,ENSG00000148357.16,0.21267028453839512
5938,ENSG00000070731.11,0.2126672913595661
5939,ENSG00000184584.13,0.21263852553396953
5940,ENSG00000177854.8,0.21258916553382062
5941,ENSG00000168067.12,0.21248151960860923
5942,ENSG00000158301.18,0.2124375440855847
5943,ENSG00000235863.4,0.21243248875441237
5944,ENSG00000114166.8,0.2124204492337933
5945,ENSG00000235750.10,0.2123824193339147
5946,ENSG00000107104.20,0.2123658916054996
5947,ENSG00000147403.18,0.21236583571995316
5948,ENSG00000188186.10,0.21233440357825623
5949,ENSG00000100151.16,0.21229355599238828
5950,ENSG00000104967.8,0.21223137092234068
5951,ENSG00000137877.10,0.2122107597725047
5952,ENSG00000115419.13,0.21220729800679067
5953,ENSG00000125868.16,0.2121854262504827
5954,ENSG00000171729.14,0.212162052547879
5955,ENSG00000178585.15,0.2121563957893056
5956,ENSG00000122705.17,0.212098706867342
5957,ENSG00000096968.14,0.2120846450428903
5958,ENSG00000173083.15,0.21204757821950335
5959,ENSG00000102699.6,0.2120130319003567
5960,ENSG00000175193.14,0.2120114545934244
5961,ENSG00000181585.7,0.21195118886214404
5962,ENSG00000104960.15,0.21193492574062342
5963,ENSG00000214087.8,0.2119082270727914
5964,ENSG00000243927.6,0.2119016775474921
5965,ENSG00000077585.14,0.21187869265255085
5966,ENSG00000072071.16,0.21187147551282745
5967,ENSG00000141542.11,0.21182554854798488
5968,ENSG00000198858.10,0.21180872090832192
5969,ENSG00000157107.14,0.21177150021765612
5970,ENSG00000114993.17,0.21171177259937984
5971,ENSG00000283787.2,0.2116906440664789
5972,ENSG00000185164.14,0.21162768264006462
5973,ENSG00000006757.12,0.21162733909010653
5974,ENSG00000133256.13,0.21162346520004227
5975,ENSG00000118263.15,0.2116096437737777
5976,ENSG00000115361.8,0.2115948573627253
5977,ENSG00000197077.13,0.21158941459147038
5978,ENSG00000277586.4,0.2115159714332583
5979,ENSG00000089639.11,0.21150073113696244
5980,ENSG00000101166.16,0.21143716837379886
5981,ENSG00000112812.16,0.21139509326580738
5982,ENSG00000185049.16,0.21137735824430046
5983,ENSG00000142149.9,0.2113040740771588
5984,ENSG00000169957.10,0.21129661477133868
5985,ENSG00000139567.13,0.2112418832191272
5986,ENSG00000150681.10,0.2111931351703356
5987,ENSG00000196502.12,0.2111792916077898
5988,ENSG00000175544.14,0.21115086771727834
5989,ENSG00000033170.17,0.2111424797483889
5990,ENSG00000183196.10,0.21113686777168905
5991,ENSG00000099840.14,0.21110798111497134
5992,ENSG00000130962.18,0.21105489357531065
5993,ENSG00000151276.23,0.21102871600175163
5994,ENSG00000170315.14,0.21096011369412476
5995,ENSG00000161647.19,0.21095904247041872
5996,ENSG00000112276.14,0.21095111641918154
5997,ENSG00000167315.18,0.210868600428457
5998,ENSG00000160801.14,0.2108017399828348
5999,ENSG00000102935.12,0.21077025140401429
6000,ENSG00000166311.10,0.21076837000383872
6001,ENSG00000126453.9,0.2107663942665496
6002,ENSG00000167749.11,0.21075046268619144
6003,ENSG00000105443.15,0.21072883499054743
6004,ENSG00000111897.7,0.21072351646510443
6005,ENSG00000178096.9,0.2107050581064094
6006,ENSG00000159261.12,0.2106441860436398
6007,ENSG00000126749.16,0.21060652963914459
6008,ENSG00000069020.18,0.21059128695759194
6009,ENSG00000185989.11,0.21053937564451194
6010,ENSG00000149823.9,0.21053279892845186
6011,ENSG00000122644.13,0.21031656469616694
6012,ENSG00000147231.14,0.2103094935367384
6013,ENSG00000144645.14,0.21026880057742334
6014,ENSG00000171864.5,0.2102042893365845
6015,ENSG00000110090.13,0.21019793973376608
6016,ENSG00000167685.15,0.21019716587527756
6017,ENSG00000147799.11,0.2101749193459205
6018,ENSG00000143476.18,0.21010891479135377
6019,ENSG00000143891.17,0.21010534106087467
6020,ENSG00000176834.14,0.2100970247903927
6021,ENSG00000027075.15,0.21009418866035848
6022,ENSG00000212123.4,0.21008920061397068
6023,ENSG00000107819.13,0.2100809876101131
6024,ENSG00000126461.15,0.21003920822229358
6025,ENSG00000156711.17,0.20996835475187886
6026,ENSG00000007944.15,0.20992418291476547
6027,ENSG00000066629.18,0.20990015844586035
6028,ENSG00000111450.14,0.20988624539552952
6029,ENSG00000258289.8,0.2098491837882158
6030,ENSG00000179627.10,0.20981069626153498
6031,ENSG00000172380.6,0.20974221472784435
6032,ENSG00000167165.19,0.2097058849081084
6033,ENSG00000138639.18,0.20967991897891897
6034,ENSG00000187079.20,0.20964022597336582
6035,ENSG00000137142.5,0.20960016666610662
6036,ENSG00000109814.12,0.20958943847104947
6037,ENSG00000087088.20,0.20952948676191624
6038,ENSG00000181072.11,0.20952542706294836
6039,ENSG00000171488.15,0.20946886349523053
6040,ENSG00000137941.17,0.20946505139376986
6041,ENSG00000196890.4,0.20945727798822555
6042,ENSG00000013583.10,0.20945303063372817
6043,ENSG00000124570.21,0.2094125159552749
6044,ENSG00000141639.12,0.2093997614621928
6045,ENSG00000050628.20,0.20939766737655513
6046,ENSG00000131370.16,0.20934838326830102
6047,ENSG00000204394.13,0.2093429486928108
6048,ENSG00000140287.11,0.20934097758962236
6049,ENSG00000104973.19,0.20933576893291142
6050,ENSG00000153317.15,0.20928548409201359
6051,ENSG00000186198.4,0.20926711365875778
6052,ENSG00000198131.14,0.20920721615274102
6053,ENSG00000101773.19,0.20913884954101022
6054,ENSG00000034152.19,0.20911019623119242
6055,ENSG00000114541.15,0.20910960301321335
6056,ENSG00000176101.12,0.20904750004118786
6057,ENSG00000031081.11,0.20898821626358216
6058,ENSG00000068976.14,0.2089413882509664
6059,ENSG00000180817.12,0.20892602229674254
6060,ENSG00000203907.9,0.20892318162746829
6061,ENSG00000123405.14,0.2089056388151062
6062,ENSG00000136840.19,0.20878545637013088
6063,ENSG00000167114.13,0.20874045437390978
6064,ENSG00000135404.12,0.208714896579753
6065,ENSG00000150961.15,0.20861133042368316
6066,ENSG00000114391.13,0.20861055494457806
6067,ENSG00000138185.20,0.2085933764707845
6068,ENSG00000166821.9,0.20858182314890772
6069,ENSG00000108826.16,0.20857517500446027
6070,ENSG00000177156.11,0.20857162621316483
6071,ENSG00000204435.15,0.20855711405205526
6072,ENSG00000138669.9,0.20846438386350674
6073,ENSG00000143457.11,0.20843440633255536
6074,ENSG00000183840.7,0.20838340066318273
6075,ENSG00000197181.12,0.20837964245436488
6076,ENSG00000110700.7,0.20836837003646147
6077,ENSG00000077943.8,0.20829855103755457
6078,ENSG00000152213.4,0.20827387766723704
6079,ENSG00000134030.14,0.20823430102651103
6080,ENSG00000143845.15,0.2081936238411023
6081,ENSG00000126890.13,0.20817434652643954
6082,ENSG00000229117.9,0.20816854299269233
6083,ENSG00000167740.10,0.20810515225145856
6084,ENSG00000179041.4,0.20809869865515437
6085,ENSG00000172932.16,0.20808586929658068
6086,ENSG00000157483.9,0.20808417645873126
6087,ENSG00000182749.6,0.20806927499907435
6088,ENSG00000198142.5,0.20795470776619893
6089,ENSG00000163273.4,0.20787439251289022
6090,ENSG00000125844.16,0.2078159188673548
6091,ENSG00000203780.12,0.2076977676344287
6092,ENSG00000063241.8,0.20768618540080194
6093,ENSG00000172270.21,0.20766867355949342
6094,ENSG00000102181.21,0.20753582336189577
6095,ENSG00000081087.15,0.20753201490341808
6096,ENSG00000128408.9,0.2074528891047381
6097,ENSG00000007520.4,0.2073760121149599
6098,ENSG00000182575.8,0.20737503366488383
6099,ENSG00000156136.10,0.20730536069942312
6100,ENSG00000108469.15,0.20728303525878358
6101,ENSG00000147955.17,0.20720365859860918
6102,ENSG00000204520.14,0.2070043443793144
6103,ENSG00000186493.13,0.20699596691944483
6104,ENSG00000163947.12,0.20697773963172392
6105,ENSG00000189233.12,0.20692640267676882
6106,ENSG00000082458.12,0.20691228112245885
6107,ENSG00000117461.15,0.20689092814595383
6108,ENSG00000197279.4,0.20684555088505954
6109,ENSG00000185090.14,0.20683990928606427
6110,ENSG00000102024.18,0.2068387109191285
6111,ENSG00000099219.14,0.20677049080870344
6112,ENSG00000144290.17,0.20674173107182378
6113,ENSG00000172116.23,0.20669724085169278
6114,ENSG00000163263.7,0.20662233164386928
6115,ENSG00000127184.13,0.20660737698326914
6116,ENSG00000144843.11,0.2065830268098032
6117,ENSG00000167978.17,0.20657566432803623
6118,ENSG00000102882.12,0.20648264464452135
6119,ENSG00000151690.15,0.20647175329592227
6120,ENSG00000136098.17,0.2064219393435034
6121,ENSG00000154217.15,0.20638675170896958
6122,ENSG00000086504.17,0.20636869950237932
6123,ENSG00000091317.8,0.20634414130604747
6124,ENSG00000177225.17,0.2063422579111941
6125,ENSG00000176994.11,0.20630845080091878
6126,ENSG00000196189.13,0.20629822471011633
6127,ENSG00000102362.15,0.2061857196819316
6128,ENSG00000157827.20,0.20615419438185503
6129,ENSG00000158887.19,0.20609716621114538
6130,ENSG00000146416.19,0.20606766894184933
6131,ENSG00000133612.19,0.20603799493255773
6132,ENSG00000188846.14,0.20603246545792703
6133,ENSG00000117410.14,0.2060053246041829
6134,ENSG00000070214.16,0.20598801755337945
6135,ENSG00000253276.4,0.20595426600197442
6136,ENSG00000154864.13,0.20591152562936196
6137,ENSG00000125691.14,0.20590301317703785
6138,ENSG00000138030.13,0.2058300325390345
6139,ENSG00000168758.11,0.2057719391747916
6140,ENSG00000198792.13,0.20574467355445794
6141,ENSG00000165626.17,0.20574262558308953
6142,ENSG00000112561.19,0.2056876164981152
6143,ENSG00000137693.14,0.20566576514925877
6144,ENSG00000205571.14,0.20565713087821347
6145,ENSG00000162073.14,0.20562708685328454
6146,ENSG00000127952.17,0.20561629299256873
6147,ENSG00000111817.19,0.20553396108156866
6148,ENSG00000169926.11,0.2054103711642626
6149,ENSG00000175318.12,0.20539777286256083
6150,ENSG00000110218.9,0.20539603410178162
6151,ENSG00000139163.16,0.20532399012307276
6152,ENSG00000052795.13,0.20531235096317105
6153,ENSG00000163590.14,0.2051777562104536
6154,ENSG00000176915.15,0.20510448271536605
6155,ENSG00000215187.12,0.2050751483759612
6156,ENSG00000198157.11,0.2049871408518929
6157,ENSG00000148334.16,0.2049863800894095
6158,ENSG00000225526.5,0.20493041636252232
6159,ENSG00000114948.13,0.2047916183968186
6160,ENSG00000166483.11,0.20473967533654183
6161,ENSG00000166924.9,0.20468212428803786
6162,ENSG00000113448.19,0.20466841613034506
6163,ENSG00000165879.9,0.20463948854401046
6164,ENSG00000054148.18,0.20462095159429172
6165,ENSG00000146828.18,0.2046081834738104
6166,ENSG00000177570.15,0.2045923323428236
6167,ENSG00000124508.17,0.20453221976841382
6168,ENSG00000145934.16,0.20452855534427672
6169,ENSG00000183255.12,0.20452452198364263
6170,ENSG00000168878.19,0.20442861354747519
6171,ENSG00000182747.5,0.20441825923070886
6172,ENSG00000110169.11,0.20441161943832056
6173,ENSG00000239697.11,0.2043667146734688
6174,ENSG00000180198.16,0.2043310936229078
6175,ENSG00000197982.14,0.20429662337129337
6176,ENSG00000048052.22,0.20429626388390165
6177,ENSG00000183780.13,0.20427500534760265
6178,ENSG00000077147.16,0.20424631442911817
6179,ENSG00000237441.10,0.20423086590286518
6180,ENSG00000153879.9,0.20417762629832753
6181,ENSG00000173598.14,0.20414658233507374
6182,ENSG00000106415.13,0.204142103658558
6183,ENSG00000143630.10,0.20411865759080944
6184,ENSG00000105856.14,0.20410361765530435
6185,ENSG00000013016.16,0.20403067079229778
6186,ENSG00000175970.11,0.20400329528455222
6187,ENSG00000037280.16,0.20399173707655552
6188,ENSG00000158863.22,0.20395867481849803
6189,ENSG00000076685.19,0.20394408602159395
6190,ENSG00000161381.14,0.20391382045898052
6191,ENSG00000136110.13,0.203901796250792
6192,ENSG00000183648.11,0.20378942232873473
6193,ENSG00000220008.3,0.2037219618043417
6194,ENSG00000120896.13,0.20361158987031525
6195,ENSG00000151718.16,0.2035936945037439
6196,ENSG00000163820.15,0.20350700889114162
6197,ENSG00000151239.14,0.20348874122687163
6198,ENSG00000141580.16,0.20347429985958243
6199,ENSG00000213983.12,0.2034713041619865
6200,ENSG00000132613.15,0.20337541612408197
6201,ENSG00000143418.20,0.20337382921811284
6202,ENSG00000164985.15,0.2033315603873371
6203,ENSG00000168374.11,0.2033300748233764
6204,ENSG00000135108.15,0.20331983873357884
6205,ENSG00000066735.14,0.20331598022003242
6206,ENSG00000239305.7,0.2032935407837825
6207,ENSG00000137834.15,0.20324282717489328
6208,ENSG00000182919.15,0.2032365328860241
6209,ENSG00000198722.14,0.20319084642502197
6210,ENSG00000167705.12,0.20312005518721707
6211,ENSG00000108179.14,0.2031036600474293
6212,ENSG00000204220.12,0.2030671231767092
6213,ENSG00000148498.16,0.20306431931839153
6214,ENSG00000105609.17,0.20301460581465605
6215,ENSG00000171703.17,0.2029259623091022
6216,ENSG00000121905.10,0.20291706366693052
6217,ENSG00000187051.9,0.202855431069632
6218,ENSG00000105711.13,0.2028506117838147
6219,ENSG00000152784.16,0.2028037939602402
6220,ENSG00000010322.16,0.20277970028423858
6221,ENSG00000179134.15,0.20268689019422684
6222,ENSG00000132356.11,0.20265363092874303
6223,ENSG00000167555.14,0.20246979258638814
6224,ENSG00000101444.13,0.20243672231510254
6225,ENSG00000137288.10,0.20241141137167487
6226,ENSG00000277893.2,0.20238756420414358
6227,ENSG00000135269.18,0.20237447684244664
6228,ENSG00000146066.3,0.202362255885358
6229,ENSG00000145390.11,0.20226035253710348
6230,ENSG00000166136.16,0.2021943591396511
6231,ENSG00000187764.11,0.20218012438831687
6232,ENSG00000162368.13,0.20212342761668586
6233,ENSG00000149679.11,0.20211616035331909
6234,ENSG00000120549.18,0.20211292696342098
6235,ENSG00000162076.13,0.20206553888670198
6236,ENSG00000146966.13,0.20204381239769742
6237,ENSG00000112874.10,0.20202645639826877
6238,ENSG00000117791.16,0.20195979022040408
6239,ENSG00000175591.12,0.2019322659302355
6240,ENSG00000174326.14,0.2019277526798092
6241,ENSG00000146858.8,0.20182688890281664
6242,ENSG00000164746.14,0.2018062718099546
6243,ENSG00000125449.7,0.20177178404228682
6244,ENSG00000167004.13,0.20173019072927786
6245,ENSG00000170604.5,0.2017184737195547
6246,ENSG00000104529.17,0.2015841731313921
6247,ENSG00000037749.12,0.2015267693137296
6248,ENSG00000203778.8,0.2015237076874594
6249,ENSG00000105171.10,0.20142580224319334
6250,ENSG00000171462.15,0.20141660308598194
6251,ENSG00000115825.11,0.20140747837676665
6252,ENSG00000121281.13,0.2013821843959895
6253,ENSG00000130312.7,0.2013200400675156
6254,ENSG00000121691.7,0.20128229282813917
6255,ENSG00000165915.14,0.20127147765391046
6256,ENSG00000174886.14,0.20125913275651636
6257,ENSG00000143641.10,0.20125757602525454
6258,ENSG00000133477.17,0.20120703723056982
6259,ENSG00000128604.20,0.20114752258205026
6260,ENSG00000162630.6,0.20111594999170007
6261,ENSG00000101189.7,0.20109024309346424
6262,ENSG00000177096.9,0.20108377640455335
6263,ENSG00000141384.13,0.20105944138302
6264,ENSG00000125629.15,0.2010468347572742
6265,ENSG00000198625.13,0.20104194968735598
6266,ENSG00000213585.11,0.2010267602991161
6267,ENSG00000180398.13,0.20100051682540707
6268,ENSG00000196642.19,0.2009839274739176
6269,ENSG00000184992.13,0.2008902124034954
6270,ENSG00000187416.12,0.20081741827067792
6271,ENSG00000076770.14,0.20080981346020096
6272,ENSG00000276045.3,0.20078473792793283
6273,ENSG00000171224.9,0.20069626089810993
6274,ENSG00000151552.12,0.2006678537685425
6275,ENSG00000174444.15,0.20058743941381096
6276,ENSG00000127074.15,0.20049208204354732
6277,ENSG00000160214.13,0.20048906654447765
6278,ENSG00000000003.15,0.20047370709974136
6279,ENSG00000196821.10,0.20045096605128887
6280,ENSG00000159217.10,0.20039430603518993
6281,ENSG00000132640.15,0.20030256965198223
6282,ENSG00000075826.17,0.20029540472228385
6283,ENSG00000197905.10,0.20022247471831478
6284,ENSG00000129925.11,0.2002133978166231
6285,ENSG00000135899.19,0.20018805808714538
6286,ENSG00000100167.20,0.2001591572907016
6287,ENSG00000100284.21,0.20015149736368978
6288,ENSG00000213918.10,0.20011858868946836
6289,ENSG00000156970.13,0.2000920544744984
6290,ENSG00000135604.10,0.20009199025532534
6291,ENSG00000173482.17,0.20009062056390298
6292,ENSG00000099917.17,0.2000817576169709
6293,ENSG00000117114.20,0.2000496789284423
6294,ENSG00000184867.14,0.20001075841332183
6295,ENSG00000118181.11,0.20000703064166486
6296,ENSG00000166908.18,0.1997537515099398
6297,ENSG00000162813.18,0.19974579368228704
6298,ENSG00000263528.8,0.1997314602582288
6299,ENSG00000184983.11,0.19970558448275386
6300,ENSG00000099364.18,0.19968450738205137
6301,ENSG00000089693.11,0.1995522301495122
6302,ENSG00000269190.6,0.19954010029762714
6303,ENSG00000142530.11,0.19953588289753116
6304,ENSG00000126705.15,0.19950826234215957
6305,ENSG00000160685.13,0.19946291430911664
6306,ENSG00000180616.9,0.1994400601511362
6307,ENSG00000169302.16,0.19934825159528857
6308,ENSG00000082805.20,0.19926951440797477
6309,ENSG00000170442.12,0.19926859806538832
6310,ENSG00000118689.15,0.19925541808540534
6311,ENSG00000130270.16,0.19923062554533752
6312,ENSG00000134259.5,0.19922792969673386
6313,ENSG00000125743.10,0.199139384466855
6314,ENSG00000121297.8,0.19913341133290732
6315,ENSG00000162782.16,0.19911130459993168
6316,ENSG00000134121.10,0.1990811495230375
6317,ENSG00000124343.14,0.19908037973956552
6318,ENSG00000100599.16,0.19906839981438565
6319,ENSG00000198961.10,0.19898894455997057
6320,ENSG00000214706.10,0.1989850295354903
6321,ENSG00000172159.16,0.19895032590785483
6322,ENSG00000198925.12,0.19894179952788418
6323,ENSG00000106665.16,0.1989320323413901
6324,ENSG00000105355.9,0.19888449761745577
6325,ENSG00000014164.7,0.19887474547804018
6326,ENSG00000112514.18,0.19884134815265336
6327,ENSG00000099875.15,0.19878330341950345
6328,ENSG00000136205.17,0.19872429524421176
6329,ENSG00000124575.7,0.19870675262420157
6330,ENSG00000048162.21,0.19868422440207345
6331,ENSG00000059122.17,0.19866183397448714
6332,ENSG00000100078.4,0.19859972908168835
6333,ENSG00000182118.8,0.1985506329809214
6334,ENSG00000134569.10,0.1985041453799023
6335,ENSG00000116478.12,0.19848179771559624
6336,ENSG00000181026.15,0.19845880641078234
6337,ENSG00000023909.10,0.19844457244046268
6338,ENSG00000198546.15,0.19844223492601526
6339,ENSG00000174130.12,0.19841826559210743
6340,ENSG00000134769.21,0.19840176271281224
6341,ENSG00000144815.16,0.1983963358476135
6342,ENSG00000159788.19,0.19835460504294983
6343,ENSG00000117450.15,0.1983048454162244
6344,ENSG00000176731.12,0.19829384790591528
6345,ENSG00000062822.15,0.19822054846565124
6346,ENSG00000186350.12,0.1982035002947852
6347,ENSG00000177614.11,0.19812596674918578
6348,ENSG00000183891.6,0.19808181139767952
6349,ENSG00000141316.13,0.1980184167416487
6350,ENSG00000167716.19,0.1979550800295686
6351,ENSG00000167291.16,0.19793401885470513
6352,ENSG00000070961.16,0.197888359202378
6353,ENSG00000183807.8,0.19786474739890572
6354,ENSG00000135473.15,0.19779676597705045
6355,ENSG00000242802.9,0.19772783497077487
6356,ENSG00000143977.14,0.19771032210214398
6357,ENSG00000104447.13,0.19768806968427574
6358,ENSG00000205593.12,0.19761233728302047
6359,ENSG00000126247.11,0.197561303887757
6360,ENSG00000138767.13,0.19755827200851592
6361,ENSG00000163171.8,0.197553309589236
6362,ENSG00000006704.11,0.19747074080839613
6363,ENSG00000139354.11,0.1974233523906681
6364,ENSG00000164830.18,0.19740766719727443
6365,ENSG00000163882.9,0.19737340498851996
6366,ENSG00000172340.15,0.19736227980492596
6367,ENSG00000168096.15,0.19736185670980624
6368,ENSG00000166402.9,0.19735116905289976
6369,ENSG00000162426.16,0.1973091805211739
6370,ENSG00000118777.12,0.19718621199125597
6371,ENSG00000138792.10,0.19716649728297767
6372,ENSG00000126746.17,0.19705901164885184
6373,ENSG00000111676.15,0.19704765337063046
6374,ENSG00000175471.19,0.19703444417626856
6375,ENSG00000175455.16,0.1970101906461839
6376,ENSG00000051009.11,0.19696144426701487
6377,ENSG00000131899.11,0.1968904532834253
6378,ENSG00000146376.11,0.1968715905690677
6379,ENSG00000110880.11,0.19686800154277354
6380,ENSG00000187446.12,0.19686020833085507
6381,ENSG00000150636.17,0.19685010835677788
6382,ENSG00000154380.17,0.19674678694503603
6383,ENSG00000179918.19,0.19673266294804065
6384,ENSG00000100033.16,0.19672912629186912
6385,ENSG00000004777.18,0.1967203761022852
6386,ENSG00000271601.4,0.1966887854515714
6387,ENSG00000135540.11,0.1966585819863122
6388,ENSG00000152894.15,0.19660448560359758
6389,ENSG00000169495.5,0.196592714496372
6390,ENSG00000100239.16,0.19657154656662623
6391,ENSG00000166197.17,0.19655941146755906
6392,ENSG00000142544.7,0.19654635983191357
6393,ENSG00000198380.13,0.19651125837307215
6394,ENSG00000135390.21,0.19649037456093724
6395,ENSG00000020577.14,0.19648166193062686
6396,ENSG00000154133.15,0.19642346123825433
6397,ENSG00000137942.17,0.19639671014074825
6398,ENSG00000253846.2,0.19631330319375304
6399,ENSG00000196465.10,0.19626394122129767
6400,ENSG00000157557.13,0.19625619164261002
6401,ENSG00000104880.18,0.19624621192179345
6402,ENSG00000104763.20,0.19622997373705284
6403,ENSG00000129559.13,0.19620148776974441
6404,ENSG00000135164.19,0.19618487660400014
6405,ENSG00000203985.11,0.1961100802673283
6406,ENSG00000162670.11,0.19609670841660112
6407,ENSG00000112576.13,0.19606945852538693
6408,ENSG00000198909.8,0.1960492898828917
6409,ENSG00000137817.17,0.19597594634489984
6410,ENSG00000139187.10,0.19597157283672323
6411,ENSG00000137364.5,0.19595941532268005
6412,ENSG00000131462.8,0.19589853030561932
6413,ENSG00000105928.16,0.19587286044496469
6414,ENSG00000198814.13,0.19587089212117326
6415,ENSG00000011009.11,0.19584058529841725
6416,ENSG00000185963.14,0.19579234633757714
6417,ENSG00000164047.6,0.1957838961331525
6418,ENSG00000139116.19,0.1957810578715773
6419,ENSG00000168040.5,0.19570295780756608
6420,ENSG00000114023.15,0.19567595347360453
6421,ENSG00000105220.17,0.19564808758787391
6422,ENSG00000133789.15,0.19562301419752803
6423,ENSG00000214160.10,0.19561794350772121
6424,ENSG00000100316.16,0.19555241995306022
6425,ENSG00000079739.17,0.19537262240629114
6426,ENSG00000168938.6,0.195320627983508
6427,ENSG00000141497.14,0.19530288509992647
6428,ENSG00000160951.4,0.19522976561221742
6429,ENSG00000184009.12,0.19519498934069784
6430,ENSG00000159840.16,0.19516581649554776
6431,ENSG00000196531.14,0.19506647632287816
6432,ENSG00000148834.13,0.1949556632928091
6433,ENSG00000261115.6,0.1949290804504757
6434,ENSG00000100285.10,0.19492884005266295
6435,ENSG00000163812.15,0.19491660961652166
6436,ENSG00000156466.10,0.19483486421608492
6437,ENSG00000127241.18,0.19482874969975922
6438,ENSG00000174684.7,0.19482028233211005
6439,ENSG00000150991.15,0.19480648113834867
6440,ENSG00000149541.10,0.19474103651624927
6441,ENSG00000179104.9,0.19471914541594373
6442,ENSG00000068724.17,0.19469538765734998
6443,ENSG00000170004.17,0.194688372705535
6444,ENSG00000100605.17,0.1946475160505277
6445,ENSG00000077684.16,0.1946392647019487
6446,ENSG00000074842.8,0.19461256806931954
6447,ENSG00000167815.12,0.19455988091006388
6448,ENSG00000177283.7,0.19455260547942824
6449,ENSG00000144674.16,0.19454021505801244
6450,ENSG00000108852.15,0.19449568165752495
6451,ENSG00000124507.11,0.19448737577364575
6452,ENSG00000268041.2,0.19436566241432693
6453,ENSG00000119471.15,0.19436227229821376
6454,ENSG00000165175.16,0.19436098051733175
6455,ENSG00000140961.14,0.19435493905183326
6456,ENSG00000090539.15,0.19435243181236833
6457,ENSG00000240771.8,0.19433087466267146
6458,ENSG00000164185.6,0.19427785746719875
6459,ENSG00000137261.14,0.19427678862310374
6460,ENSG00000133083.15,0.19425499126581772
6461,ENSG00000003756.17,0.19417875248552663
6462,ENSG00000184368.16,0.19412595141968733
6463,ENSG00000168273.8,0.19410412048400416
6464,ENSG00000035403.18,0.19401065516780724
6465,ENSG00000143321.19,0.19397634436218839
6466,ENSG00000178996.14,0.19396523440519575
6467,ENSG00000164961.16,0.19393378802722927
6468,ENSG00000138796.17,0.1939073333985504
6469,ENSG00000148343.18,0.19384757247161333
6470,ENSG00000111667.14,0.19381448911024937
6471,ENSG00000125430.9,0.1937701350503603
6472,ENSG00000180044.5,0.19372897919405208
6473,ENSG00000065609.14,0.19372217129353164
6474,ENSG00000143702.16,0.19371678876252374
6475,ENSG00000243649.9,0.1936969150232246
6476,ENSG00000137634.10,0.19368957143879317
6477,ENSG00000189067.13,0.19348244843641582
6478,ENSG00000162062.15,0.1934619918804403
6479,ENSG00000060237.18,0.1933634816092494
6480,ENSG00000183273.7,0.19334377311320203
6481,ENSG00000171433.12,0.19321615513896184
6482,ENSG00000171940.13,0.19320986678420282
6483,ENSG00000182950.3,0.19318983331484932
6484,ENSG00000261652.3,0.19315434854766303
6485,ENSG00000052126.14,0.19312550334005926
6486,ENSG00000101986.12,0.19310390916859607
6487,ENSG00000156735.11,0.1930640010782674
6488,ENSG00000136541.15,0.19304733204717112
6489,ENSG00000108784.10,0.19303750680199627
6490,ENSG00000159784.18,0.19301782693183073
6491,ENSG00000078053.17,0.19297263219771288
6492,ENSG00000114737.16,0.1928731137680027
6493,ENSG00000179604.10,0.19277039598285461
6494,ENSG00000204334.7,0.1927405133854177
6495,ENSG00000133313.15,0.19273163979493768
6496,ENSG00000172663.9,0.19270340521300652
6497,ENSG00000123609.11,0.19266408116736766
6498,ENSG00000170485.17,0.19261277033708407
6499,ENSG00000204217.15,0.1924905056782546
6500,ENSG00000153395.10,0.192456169407134
6501,ENSG00000196422.11,0.19245067779685915
6502,ENSG00000120053.12,0.1924348386667373
6503,ENSG00000172331.12,0.19241681095412808
6504,ENSG00000196683.11,0.1924131964088185
6505,ENSG00000257008.6,0.192408013515249
6506,ENSG00000108604.16,0.19231877169370065
6507,ENSG00000006432.15,0.19229078144010164
6508,ENSG00000163945.19,0.19227168477350542
6509,ENSG00000105499.14,0.19220215437765528
6510,ENSG00000183145.9,0.1921532336433315
6511,ENSG00000051620.11,0.19214309397964746
6512,ENSG00000068366.20,0.1920448634673135
6513,ENSG00000150201.15,0.19204379065276198
6514,ENSG00000145349.17,0.19200947136399193
6515,ENSG00000155115.7,0.19198853258526358
6516,ENSG00000160973.8,0.19198389790726378
6517,ENSG00000106012.18,0.19196311776474587
6518,ENSG00000146409.12,0.19194827599022968
6519,ENSG00000058272.19,0.19193347690045495
6520,ENSG00000161328.11,0.19191613267652285
6521,ENSG00000148303.17,0.19187983421030186
6522,ENSG00000247596.10,0.19186466463706617
6523,ENSG00000177465.4,0.1918361286076179
6524,ENSG00000116191.17,0.19181771068242537
6525,ENSG00000131669.10,0.19174323382286274
6526,ENSG00000155016.18,0.19153172069846938
6527,ENSG00000181896.12,0.19152328994174703
6528,ENSG00000173141.5,0.191511489507919
6529,ENSG00000134291.12,0.19150017695692625
6530,ENSG00000228474.6,0.1914822844369279
6531,ENSG00000151376.17,0.19147844326270616
6532,ENSG00000176974.20,0.19141955410457195
6533,ENSG00000198258.11,0.1914172206268436
6534,ENSG00000162779.22,0.1914139976980916
6535,ENSG00000065243.20,0.19137197751966797
6536,ENSG00000095564.14,0.19135233462868653
6537,ENSG00000111816.8,0.19134058266788398
6538,ENSG00000185436.12,0.19132974599782748
6539,ENSG00000182158.15,0.19127899070224313
6540,ENSG00000149289.11,0.191274484273125
6541,ENSG00000039523.20,0.19124192439704918
6542,ENSG00000133121.21,0.19119429257576026
6543,ENSG00000189057.11,0.1911757982906041
6544,ENSG00000135587.9,0.19108527821273633
6545,ENSG00000163472.19,0.19105818751689432
6546,ENSG00000166619.15,0.19103688611598052
6547,ENSG00000133250.14,0.19103395299341416
6548,ENSG00000173338.13,0.19097530795491457
6549,ENSG00000213996.13,0.19097012369349806
6550,ENSG00000008277.14,0.19095316948126012
6551,ENSG00000165695.10,0.19090438715301355
6552,ENSG00000162520.15,0.19083707769301855
6553,ENSG00000153250.20,0.19080821897344044
6554,ENSG00000073711.11,0.1908081840718581
6555,ENSG00000079616.13,0.19079591868345883
6556,ENSG00000129195.16,0.19074206090581358
6557,ENSG00000092295.12,0.19072832192364803
6558,ENSG00000163558.13,0.19061470079990137
6559,ENSG00000156689.7,0.19057501297851717
6560,ENSG00000141646.14,0.19057089461532153
6561,ENSG00000119686.10,0.19056453409493057
6562,ENSG00000242247.11,0.19055690359995403
6563,ENSG00000177311.11,0.1905366453844581
6564,ENSG00000181045.15,0.1905084161351269
6565,ENSG00000157388.19,0.19040130212092607
6566,ENSG00000141582.15,0.19038058733032254
6567,ENSG00000163069.13,0.19029254894536562
6568,ENSG00000100626.17,0.1902565418451834
6569,ENSG00000123353.10,0.19020809347170956
6570,ENSG00000145912.9,0.19012798641230227
6571,ENSG00000133112.17,0.1901237443527312
6572,ENSG00000111229.16,0.1901131013199375
6573,ENSG00000173660.12,0.19009237279381552
6574,ENSG00000128050.9,0.19005942030575942
6575,ENSG00000073464.13,0.19005392261930387
6576,ENSG00000166965.12,0.19003842995468248
6577,ENSG00000186834.4,0.19003458874176363
6578,ENSG00000176444.19,0.19002634014344924
6579,ENSG00000266338.6,0.1900154037756486
6580,ENSG00000112294.14,0.19000619221050574
6581,ENSG00000274180.1,0.18999453492933432
6582,ENSG00000121621.7,0.18997631422575376
6583,ENSG00000123643.13,0.1899680380478944
6584,ENSG00000143162.9,0.18994792607178082
6585,ENSG00000103994.18,0.18990129444417894
6586,ENSG00000010818.10,0.18990126859422835
6587,ENSG00000124302.13,0.18982145313667012
6588,ENSG00000167549.18,0.18979342749044367
6589,ENSG00000169100.14,0.18968428071903723
6590,ENSG00000170775.3,0.18967701684650232
6591,ENSG00000132024.17,0.18966580438246947
6592,ENSG00000103365.15,0.189498920224464
6593,ENSG00000185359.14,0.1894767784792077
6594,ENSG00000198520.12,0.1894713799557913
6595,ENSG00000146285.14,0.1894211239980834
6596,ENSG00000132003.9,0.18922364680852952
6597,ENSG00000136950.13,0.18921688983347204
6598,ENSG00000255823.5,0.1891783069243453
6599,ENSG00000148935.11,0.1891711195186008
6600,ENSG00000183207.14,0.18916863962853886
6601,ENSG00000173599.15,0.18906549737790615
6602,ENSG00000182768.9,0.18906024132806323
6603,ENSG00000140396.13,0.1890104745496729
6604,ENSG00000130595.19,0.18895921593911158
6605,ENSG00000168275.16,0.18892648303862064
6606,ENSG00000100345.22,0.18891776351946937
6607,ENSG00000214376.6,0.18885804281060647
6608,ENSG00000085788.14,0.1887524508337687
6609,ENSG00000196814.15,0.18874457862976327
6610,ENSG00000097007.19,0.18871940551237162
6611,ENSG00000116001.17,0.18868812241503663
6612,ENSG00000254087.8,0.18868787243484708
6613,ENSG00000146733.14,0.18867039648438724
6614,ENSG00000120063.10,0.18865116426155218
6615,ENSG00000137343.18,0.18864676582086767
6616,ENSG00000143595.13,0.18863021810454506
6617,ENSG00000116117.18,0.1886224015862653
6618,ENSG00000141858.12,0.18861340911254854
6619,ENSG00000149485.19,0.1885841621966956
6620,ENSG00000261221.4,0.18856724254265764
6621,ENSG00000130751.10,0.1884953672102675
6622,ENSG00000205138.4,0.18846225049412732
6623,ENSG00000114395.11,0.18844032013794554
6624,ENSG00000198246.9,0.18836568461316502
6625,ENSG00000164828.18,0.18836535729258752
6626,ENSG00000166833.22,0.18831811026086032
6627,ENSG00000100266.19,0.18830583231744638
6628,ENSG00000074964.17,0.18817927558946457
6629,ENSG00000120832.10,0.18815386510436466
6630,ENSG00000111711.10,0.1881287505598694
6631,ENSG00000166268.11,0.18812411574387009
6632,ENSG00000179958.10,0.18810795435362912
6633,ENSG00000119227.8,0.18804935398234843
6634,ENSG00000152402.11,0.1880352812974859
6635,ENSG00000071889.17,0.1880167973918396
6636,ENSG00000148120.17,0.18800913823621113
6637,ENSG00000152454.4,0.18791465291740111
6638,ENSG00000100612.14,0.187901390450288
6639,ENSG00000128944.13,0.1878494677067685
6640,ENSG00000170677.6,0.18784435365227728
6641,ENSG00000130724.9,0.18777800653951973
6642,ENSG00000051108.15,0.18771113208313445
6643,ENSG00000104756.16,0.18767459432944109
6644,ENSG00000115919.15,0.1876407773095756
6645,ENSG00000067836.13,0.1876371605856818
6646,ENSG00000107581.13,0.18754990986987077
6647,ENSG00000157933.10,0.18754617052280909
6648,ENSG00000143793.13,0.1875396809926291
6649,ENSG00000172551.11,0.1875031500378112
6650,ENSG00000270170.2,0.18746915163815475
6651,ENSG00000090316.16,0.1874467799871598
6652,ENSG00000147123.11,0.1874135858110597
6653,ENSG00000074660.16,0.18738999793887187
6654,ENSG00000267534.4,0.18737604275442293
6655,ENSG00000137875.4,0.1873661242311504
6656,ENSG00000123685.9,0.18735000335514823
6657,ENSG00000149115.14,0.18730015647073725
6658,ENSG00000163950.13,0.1872924126352111
6659,ENSG00000168701.19,0.1872905903513298
6660,ENSG00000110841.14,0.18726963229655716
6661,ENSG00000198879.12,0.18726636695667032
6662,ENSG00000077312.9,0.18724903077791716
6663,ENSG00000170779.11,0.1872263694551112
6664,ENSG00000073417.15,0.1872258847316392
6665,ENSG00000140406.4,0.1871375083436245
6666,ENSG00000115738.10,0.1870777418446783
6667,ENSG00000145861.9,0.1870039063027883
6668,ENSG00000167771.6,0.18699516427127721
6669,ENSG00000187808.5,0.18696272593748864
6670,ENSG00000105339.11,0.18694787856842204
6671,ENSG00000064607.17,0.18687978716222642
6672,ENSG00000117528.14,0.18686664972380065
6673,ENSG00000127948.16,0.18685773151054053
6674,ENSG00000185112.6,0.18681527586136026
6675,ENSG00000080200.10,0.1868068699218347
6676,ENSG00000186522.15,0.18679050318529336
6677,ENSG00000184207.9,0.18672925446395933
6678,ENSG00000177051.6,0.18672468993128927
6679,ENSG00000138696.11,0.18670574436342263
6680,ENSG00000134248.14,0.18668504493718788
6681,ENSG00000166669.13,0.1866123874713072
6682,ENSG00000144057.15,0.18651313661251584
6683,ENSG00000139687.16,0.18641607632894888
6684,ENSG00000250510.8,0.1864027519538879
6685,ENSG00000135631.17,0.18640114309555594
6686,ENSG00000174292.12,0.18635385060237208
6687,ENSG00000064999.15,0.18635207015366284
6688,ENSG00000167302.11,0.18632414051913102
6689,ENSG00000139899.11,0.18624259824972278
6690,ENSG00000120137.7,0.186185149967092
6691,ENSG00000147687.19,0.18615761762856922
6692,ENSG00000227234.2,0.18615588440467853
6693,ENSG00000134970.14,0.18613869802051644
6694,ENSG00000159128.15,0.18613371169143453
6695,ENSG00000158555.15,0.18608429294124734
6696,ENSG00000162241.12,0.18603094263982295
6697,ENSG00000167037.19,0.18600027003210134
6698,ENSG00000114473.14,0.1859987882599657
6699,ENSG00000066279.18,0.1859515730129395
6700,ENSG00000196182.11,0.18594364789304735
6701,ENSG00000053328.8,0.1859352265205715
6702,ENSG00000178172.7,0.18591143094710397
6703,ENSG00000156508.19,0.18588167937708625
6704,ENSG00000099937.11,0.1858633767705776
6705,ENSG00000008853.17,0.18585545916119078
6706,ENSG00000131143.10,0.18575312042949202
6707,ENSG00000197343.11,0.1856690393997607
6708,ENSG00000131650.14,0.18557539359016695
6709,ENSG00000163346.17,0.18557071067790112
6710,ENSG00000177426.22,0.18548291044749973
6711,ENSG00000122034.17,0.18546535356196472
6712,ENSG00000005108.16,0.18542048859433372
6713,ENSG00000215018.10,0.18539860104739547
6714,ENSG00000105393.16,0.1853950050152026
6715,ENSG00000133056.13,0.18536040261049683
6716,ENSG00000130304.17,0.18533053835667632
6717,ENSG00000158966.16,0.18529059841715143
6718,ENSG00000073060.16,0.1852774412511311
6719,ENSG00000111602.12,0.18522171741508134
6720,ENSG00000074696.13,0.18515749410595586
6721,ENSG00000107537.14,0.18510513753344554
6722,ENSG00000074695.6,0.18507677866813693
6723,ENSG00000029725.17,0.18506415328703993
6724,ENSG00000073861.3,0.1850047459235082
6725,ENSG00000166925.9,0.18490680455519062
6726,ENSG00000122406.14,0.18489940234945065
6727,ENSG00000204301.6,0.1848727953090213
6728,ENSG00000184752.13,0.18475879014715815
6729,ENSG00000156006.5,0.1847419940812531
6730,ENSG00000204899.6,0.18469458846881265
6731,ENSG00000005059.16,0.18468464598369289
6732,ENSG00000145217.14,0.18464716216660565
6733,ENSG00000140990.15,0.18464659685825224
6734,ENSG00000075624.17,0.18462554086596114
6735,ENSG00000196177.13,0.18461131168103345
6736,ENSG00000152217.20,0.1845879306672116
6737,ENSG00000162636.16,0.18454418314387433
6738,ENSG00000177839.7,0.1845275680787361
6739,ENSG00000130957.5,0.18451545085475127
6740,ENSG00000101307.16,0.18447382489860545
6741,ENSG00000176531.10,0.18446608596324296
6742,ENSG00000115306.16,0.18436785027931005
6743,ENSG00000172428.11,0.18426599906515279
6744,ENSG00000072864.16,0.18425724733364984
6745,ENSG00000107566.14,0.1841655747694073
6746,ENSG00000106462.11,0.1841509078803733
6747,ENSG00000120162.10,0.18414527220112958
6748,ENSG00000059758.8,0.18408748323262514
6749,ENSG00000179456.10,0.18406847511866564
6750,ENSG00000103316.12,0.1840048916069969
6751,ENSG00000166997.8,0.18399846494117572
6752,ENSG00000164430.16,0.18397432743680736
6753,ENSG00000099821.14,0.18395805027372777
6754,ENSG00000010219.13,0.18393567554106818
6755,ENSG00000169962.5,0.1839116368556647
6756,ENSG00000178607.16,0.1838333062482521
6757,ENSG00000183346.9,0.18383290120443102
6758,ENSG00000116871.15,0.18379665831229292
6759,ENSG00000170581.14,0.1837492251415254
6760,ENSG00000178719.17,0.1837276559059456
6761,ENSG00000157637.13,0.183708898267173
6762,ENSG00000117475.14,0.18367982328536048
6763,ENSG00000141698.17,0.18361253686703907
6764,ENSG00000047634.15,0.1835889295077494
6765,ENSG00000257093.7,0.18354923680780225
6766,ENSG00000092010.15,0.18352199066716998
6767,ENSG00000095059.16,0.18350470886154102
6768,ENSG00000196700.9,0.1834169790572434
6769,ENSG00000146859.6,0.1833605869331967
6770,ENSG00000090621.15,0.18334965010339097
6771,ENSG00000136425.14,0.18334424379461162
6772,ENSG00000005893.16,0.1833388125748851
6773,ENSG00000196159.14,0.1833374663152872
6774,ENSG00000102034.17,0.18332320121932502
6775,ENSG00000115318.12,0.18331240614611596
6776,ENSG00000171843.17,0.18327619944454074
6777,ENSG00000100393.14,0.1832754203154418
6778,ENSG00000169946.14,0.18327089085185447
6779,ENSG00000108861.9,0.18324921287229234
6780,ENSG00000182557.8,0.18324105443803565
6781,ENSG00000137216.19,0.18323027188872987
6782,ENSG00000162374.18,0.18315335644869266
6783,ENSG00000001630.17,0.18314828344304537
6784,ENSG00000164823.11,0.18308924567280227
6785,ENSG00000014123.10,0.18307952641086628
6786,ENSG00000165891.16,0.18296745589107877
6787,ENSG00000229474.7,0.18295950966073365
6788,ENSG00000112290.13,0.1828697296227952
6789,ENSG00000111880.16,0.18284381890339252
6790,ENSG00000125817.8,0.18282649444548937
6791,ENSG00000168306.13,0.18276022972912068
6792,ENSG00000205356.10,0.18272224238573098
6793,ENSG00000153814.13,0.18266053878805705
6794,ENSG00000176624.12,0.18264140763971098
6795,ENSG00000117425.14,0.18262025548562452
6796,ENSG00000198443.6,0.18259255821668643
6797,ENSG00000115526.11,0.1824938311728945
6798,ENSG00000099797.15,0.18244165216737898
6799,ENSG00000128590.5,0.1824273840188541
6800,ENSG00000173531.15,0.18240040751658246
6801,ENSG00000172731.14,0.18237799271921476
6802,ENSG00000134780.10,0.18237023959294713
6803,ENSG00000144452.15,0.18234076636659777
6804,ENSG00000131876.17,0.18222568370896772
6805,ENSG00000198933.9,0.18221308852085163
6806,ENSG00000166557.14,0.1821939479759559
6807,ENSG00000105135.16,0.182159433173928
6808,ENSG00000188243.13,0.18208569513494474
6809,ENSG00000104432.14,0.18202084225808754
6810,ENSG00000163702.20,0.18198408247320458
6811,ENSG00000125247.16,0.1819327561019918
6812,ENSG00000196507.11,0.18192426686974994
6813,ENSG00000152990.14,0.18189984437128226
6814,ENSG00000197580.13,0.1818824126100003
6815,ENSG00000132661.4,0.18187166657400833
6816,ENSG00000205189.12,0.18186365704547944
6817,ENSG00000141012.13,0.18182669901522586
6818,ENSG00000145555.15,0.1818095378549657
6819,ENSG00000114107.9,0.18178868679507854
6820,ENSG00000065060.17,0.18177395108005615
6821,ENSG00000137486.17,0.18176744016939558
6822,ENSG00000170776.22,0.1817642411092485
6823,ENSG00000159708.18,0.18175082501467643
6824,ENSG00000129250.12,0.1815393829206522
6825,ENSG00000176155.19,0.1815114981269573
6826,ENSG00000269313.5,0.18149526485353779
6827,ENSG00000104427.12,0.1814599573673785
6828,ENSG00000178035.13,0.1814322603135395
6829,ENSG00000123219.13,0.1814305113446579
6830,ENSG00000160318.6,0.18140433180626095
6831,ENSG00000156869.14,0.18132389517762662
6832,ENSG00000144724.20,0.18130421107018674
6833,ENSG00000178971.16,0.18129909071316794
6834,ENSG00000126756.12,0.1812176688436932
6835,ENSG00000117360.13,0.18113821451656345
6836,ENSG00000235961.6,0.18109531909114157
6837,ENSG00000172009.15,0.18107178592138953
6838,ENSG00000184194.6,0.18106027558011015
6839,ENSG00000169169.15,0.18105496905579777
6840,ENSG00000137404.14,0.18105258642812672
6841,ENSG00000067182.8,0.181005699632815
6842,ENSG00000112144.16,0.1808514991332862
6843,ENSG00000154723.12,0.18084863725518022
6844,ENSG00000071242.12,0.18081095536774494
6845,ENSG00000104472.10,0.18079483753191786
6846,ENSG00000146411.6,0.18073845774952316
6847,ENSG00000169756.16,0.18070260601837299
6848,ENSG00000169499.15,0.18065256967806712
6849,ENSG00000177679.16,0.18063746897387162
6850,ENSG00000143545.10,0.18060039589996668
6851,ENSG00000136048.14,0.18056866831252047
6852,ENSG00000180257.14,0.18056790817273322
6853,ENSG00000141971.13,0.18056787927317058
6854,ENSG00000124479.11,0.18055264278354868
6855,ENSG00000186417.14,0.18055052011190775
6856,ENSG00000132510.10,0.18048562792743653
6857,ENSG00000198755.11,0.18048215950412896
6858,ENSG00000139117.14,0.18047547943635459
6859,ENSG00000141905.19,0.18045641776560165
6860,ENSG00000136051.15,0.18044836968006803
6861,ENSG00000139323.14,0.1804294765633736
6862,ENSG00000174851.16,0.18039143152504328
6863,ENSG00000116584.20,0.18020875480393125
6864,ENSG00000171811.14,0.18019894861291047
6865,ENSG00000141449.15,0.1801123751396647
6866,ENSG00000123143.13,0.1801021811300783
6867,ENSG00000102100.16,0.18009627546358753
6868,ENSG00000152689.18,0.18001759728104233
6869,ENSG00000125967.17,0.17999214427840637
6870,ENSG00000002016.18,0.1799866691020905
6871,ENSG00000177875.5,0.17997103727787725
6872,ENSG00000140525.19,0.17991117954004401
6873,ENSG00000168894.10,0.17981921708188367
6874,ENSG00000136856.18,0.17980188812573492
6875,ENSG00000107263.18,0.179745161709216
6876,ENSG00000130813.18,0.17973687792762608
6877,ENSG00000063322.15,0.1797092300482562
6878,ENSG00000013364.19,0.1797002823814899
6879,ENSG00000159714.12,0.17967555289050258
6880,ENSG00000167967.16,0.17967511842813158
6881,ENSG00000101132.10,0.17963225053316986
6882,ENSG00000009413.16,0.17957916532991353
6883,ENSG00000116251.11,0.17952318521798524
6884,ENSG00000171714.12,0.17952182644160872
6885,ENSG00000006459.11,0.17949482488411952
6886,ENSG00000066923.17,0.1794655679045896
6887,ENSG00000145908.12,0.17937677105790628
6888,ENSG00000085840.13,0.17935363767041806
6889,ENSG00000172725.14,0.17925130427506958
6890,ENSG00000183943.6,0.17923006338674052
6891,ENSG00000163463.13,0.17916256401553493
6892,ENSG00000188352.12,0.17913809786125406
6893,ENSG00000120318.16,0.17908815867994604
6894,ENSG00000095380.11,0.17904940440712772
6895,ENSG00000163382.12,0.17899872627044028
6896,ENSG00000147400.10,0.17898087194704138
6897,ENSG00000120725.13,0.1789649852713689
6898,ENSG00000149743.14,0.17891964002573854
6899,ENSG00000164983.7,0.17891421333472632
6900,ENSG00000187773.8,0.1788788664239015
6901,ENSG00000172586.8,0.1788619854884892
6902,ENSG00000005810.18,0.17885334453339732
6903,ENSG00000128923.11,0.17884925327277418
6904,ENSG00000111652.10,0.1787852855748718
6905,ENSG00000156411.10,0.1787741700088601
6906,ENSG00000196230.13,0.17873952472318144
6907,ENSG00000151650.8,0.17871936573678524
6908,ENSG00000198276.16,0.17869906578679728
6909,ENSG00000107829.15,0.17864274170827746
6910,ENSG00000183605.17,0.17862619602254015
6911,ENSG00000127540.12,0.17862201588517093
6912,ENSG00000139200.14,0.17861475972975957
6913,ENSG00000128040.11,0.17860624877154804
6914,ENSG00000155850.8,0.1786014635338239
6915,ENSG00000176209.12,0.17858148093155746
6916,ENSG00000157343.9,0.17853544688858816
6917,ENSG00000136237.19,0.1785324335439756
6918,ENSG00000237172.4,0.178520795362161
6919,ENSG00000169031.20,0.178444759461333
6920,ENSG00000043143.20,0.17841052520714631
6921,ENSG00000168016.15,0.1783687243276797
6922,ENSG00000138190.17,0.1783205412273658
6923,ENSG00000152601.17,0.17826785587369112
6924,ENSG00000138794.10,0.17823704264674506
6925,ENSG00000086061.16,0.17822396001494492
6926,ENSG00000173578.8,0.17820109675412824
6927,ENSG00000140557.12,0.17814468793045207
6928,ENSG00000178163.8,0.17812439549486675
6929,ENSG00000116161.18,0.1781001816787154
6930,ENSG00000177042.14,0.17806958757855146
6931,ENSG00000112695.11,0.17800727068009783
6932,ENSG00000167548.16,0.1779018124569398
6933,ENSG00000151229.13,0.1778934526510619
6934,ENSG00000107863.18,0.17781052217988738
6935,ENSG00000135100.18,0.17777622239458454
6936,ENSG00000138386.17,0.17773905221252823
6937,ENSG00000137269.15,0.17772401385217312
6938,ENSG00000100417.12,0.1777184570361368
6939,ENSG00000128245.15,0.17767348613945097
6940,ENSG00000196155.13,0.17765798773809613
6941,ENSG00000168779.20,0.17765611593907624
6942,ENSG00000122335.17,0.1776191322259585
6943,ENSG00000127022.15,0.17760181367611008
6944,ENSG00000115159.16,0.17754985224720538
6945,ENSG00000175550.8,0.17749143913925397
6946,ENSG00000180776.16,0.1774694767051921
6947,ENSG00000160087.21,0.1774102424035144
6948,ENSG00000126351.13,0.17740897369122413
6949,ENSG00000153130.17,0.17739831814473334
6950,ENSG00000152558.15,0.17735014032939728
6951,ENSG00000165568.18,0.17731871778181468
6952,ENSG00000128917.8,0.1773070846185206
6953,ENSG00000197345.13,0.1773033629704436
6954,ENSG00000180185.11,0.1772985709067096
6955,ENSG00000153113.24,0.17725914009230834
6956,ENSG00000160124.9,0.1771808563990678
6957,ENSG00000278259.4,0.17712219258202808
6958,ENSG00000108829.10,0.17701607007427383
6959,ENSG00000160233.8,0.17700525928435362
6960,ENSG00000124831.19,0.1769863010020756
6961,ENSG00000120868.14,0.17698151239686807
6962,ENSG00000129991.13,0.1769343838411007
6963,ENSG00000112320.12,0.1768720943201513
6964,ENSG00000116005.12,0.17685366901504473
6965,ENSG00000125257.16,0.17680305054710924
6966,ENSG00000188010.15,0.1767979673079467
6967,ENSG00000283632.4,0.17678382001846196
6968,ENSG00000033327.13,0.1767711718976598
6969,ENSG00000108828.16,0.1767648054142631
6970,ENSG00000196636.8,0.17675453516397108
6971,ENSG00000116539.14,0.17674509971487315
6972,ENSG00000114767.7,0.17671876178321055
6973,ENSG00000239998.6,0.17669267182849005
6974,ENSG00000183665.5,0.17667604880222976
6975,ENSG00000100416.15,0.1766539554664298
6976,ENSG00000250803.6,0.17664036243452155
6977,ENSG00000145860.12,0.1766395074630397
6978,ENSG00000143126.8,0.17662165099696758
6979,ENSG00000221983.8,0.17659679516329613
6980,ENSG00000174233.11,0.17656865334159388
6981,ENSG00000184672.12,0.17655954788921657
6982,ENSG00000114738.11,0.17654947800410392
6983,ENSG00000139636.15,0.17653452015014615
6984,ENSG00000101665.9,0.17650277864049135
6985,ENSG00000167083.7,0.17649540977471992
6986,ENSG00000125571.9,0.17643153268144326
6987,ENSG00000103152.12,0.17643109050899528
6988,ENSG00000149476.16,0.17639813619812056
6989,ENSG00000165895.19,0.17635829615097331
6990,ENSG00000187630.17,0.1763463247565777
6991,ENSG00000153561.13,0.1763293984366532
6992,ENSG00000163349.22,0.17631387220460695
6993,ENSG00000243910.8,0.17629022143088294
6994,ENSG00000064545.15,0.17628931081386842
6995,ENSG00000113555.6,0.1762873396346968
6996,ENSG00000147144.13,0.17627986101355342
6997,ENSG00000058063.16,0.176244773224943
6998,ENSG00000197448.14,0.1762135308755373
6999,ENSG00000179044.16,0.17620329242056265
7000,ENSG00000121690.11,0.17619679019774687
7001,ENSG00000100106.22,0.17617299952309728
7002,ENSG00000165716.11,0.17617201607675384
7003,ENSG00000106460.19,0.1761691068943419
7004,ENSG00000162702.8,0.1761613766371044
7005,ENSG00000182004.13,0.17607621958993294
7006,ENSG00000111432.4,0.17604789408989147
7007,ENSG00000170175.11,0.1759753200338655
7008,ENSG00000196335.13,0.17589041385810897
7009,ENSG00000173020.11,0.17574185630372555
7010,ENSG00000151090.20,0.17572727644667416
7011,ENSG00000148399.13,0.1756657720148441
7012,ENSG00000162931.12,0.17562810508327695
7013,ENSG00000059588.10,0.1756081456762898
7014,ENSG00000133243.10,0.17559195997062227
7015,ENSG00000166928.11,0.17554088263900777
7016,ENSG00000071564.17,0.17549462697676022
7017,ENSG00000125895.5,0.17544782240058335
7018,ENSG00000068305.17,0.17540927091400402
7019,ENSG00000197385.6,0.1753608337322625
7020,ENSG00000069974.16,0.17534283844738935
7021,ENSG00000153246.13,0.17533497497434336
7022,ENSG00000177303.10,0.1753167374052702
7023,ENSG00000181038.14,0.17527490033973733
7024,ENSG00000140575.13,0.17521964148830593
7025,ENSG00000159692.16,0.17514506967429222
7026,ENSG00000101150.18,0.1751284333949783
7027,ENSG00000165983.14,0.17509167009464663
7028,ENSG00000188566.14,0.17508957643905426
7029,ENSG00000179222.18,0.1750530535537163
7030,ENSG00000106278.12,0.1750362821159533
7031,ENSG00000119397.17,0.17502110533436424
7032,ENSG00000049249.9,0.17495528617307182
7033,ENSG00000144712.12,0.17493772596633736
7034,ENSG00000277149.5,0.1748946969530127
7035,ENSG00000145022.4,0.1748901020408348
7036,ENSG00000158786.5,0.17485102114584378
7037,ENSG00000130517.14,0.17483534199158476
7038,ENSG00000122642.11,0.17481748897917335
7039,ENSG00000167658.16,0.17480203298285635
7040,ENSG00000179299.17,0.1747745128176652
7041,ENSG00000146826.17,0.17476511337927414
7042,ENSG00000177025.3,0.17471236706842547
7043,ENSG00000123416.15,0.17462757194478876
7044,ENSG00000154832.15,0.17459795598053895
7045,ENSG00000107902.14,0.17457665612699372
7046,ENSG00000158042.9,0.17456362063054812
7047,ENSG00000048471.14,0.1744637491829773
7048,ENSG00000198171.13,0.17445114228070846
7049,ENSG00000106080.11,0.1744327202960895
7050,ENSG00000123144.11,0.17438203682496883
7051,ENSG00000165704.15,0.1743134857159367
7052,ENSG00000136463.8,0.1743090926076487
7053,ENSG00000172115.9,0.17429218812695785
7054,ENSG00000258484.4,0.17427307745296847
7055,ENSG00000087448.11,0.17426514998167128
7056,ENSG00000126934.14,0.17423388420208982
7057,ENSG00000137414.6,0.1742270365312651
7058,ENSG00000131019.11,0.1742267602416135
7059,ENSG00000277224.2,0.17420634770309235
7060,ENSG00000172336.5,0.17415025560707534
7061,ENSG00000170113.16,0.17409486881100492
7062,ENSG00000136161.13,0.17404583907144267
7063,ENSG00000151023.17,0.17404171603681953
7064,ENSG00000149923.14,0.17399580548080631
7065,ENSG00000256812.2,0.17395436639964854
7066,ENSG00000124789.12,0.1739135636144839
7067,ENSG00000034677.13,0.17391047322573172
7068,ENSG00000179934.7,0.17385205067824566
7069,ENSG00000148057.16,0.1738510249660639
7070,ENSG00000053702.15,0.17374296460024993
7071,ENSG00000117154.12,0.17371798549981582
7072,ENSG00000197601.13,0.17367224439038623
7073,ENSG00000130706.13,0.17366705759062012
7074,ENSG00000164088.18,0.17365123365791546
7075,ENSG00000007372.24,0.17356451987165025
7076,ENSG00000077238.14,0.17354231557286587
7077,ENSG00000204444.11,0.17351461004176877
7078,ENSG00000105738.11,0.17350619728281358
7079,ENSG00000154134.15,0.17350212449508068
7080,ENSG00000147383.11,0.1734996175947898
7081,ENSG00000188818.12,0.17343963372556978
7082,ENSG00000187796.15,0.173405227785749
7083,ENSG00000101109.12,0.1733845077201568
7084,ENSG00000159173.19,0.17333343914733856
7085,ENSG00000139793.18,0.17327187636911157
7086,ENSG00000105618.14,0.17325823878004024
7087,ENSG00000171241.9,0.17324782087688181
7088,ENSG00000136478.8,0.17317571769666532
7089,ENSG00000130725.8,0.17314449221484574
7090,ENSG00000166503.9,0.17313609947519784
7091,ENSG00000141994.16,0.17312415706224774
7092,ENSG00000140365.16,0.17306546796494665
7093,ENSG00000137547.9,0.17298261177665683
7094,ENSG00000145545.12,0.17291891312434138
7095,ENSG00000204392.11,0.17286827214541553
7096,ENSG00000204569.10,0.1728213392806399
7097,ENSG00000106686.16,0.17281966128152232
7098,ENSG00000185697.16,0.17280400926907682
7099,ENSG00000143409.15,0.1727735014315419
7100,ENSG00000114480.13,0.17275130399179117
7101,ENSG00000127329.16,0.17269951209344894
7102,ENSG00000142330.20,0.1726829512715934
7103,ENSG00000108515.18,0.1726773265081965
7104,ENSG00000132849.21,0.17266125173105998
7105,ENSG00000198431.16,0.17264847504193398
7106,ENSG00000160767.21,0.17252848402660398
7107,ENSG00000106683.15,0.17252533979736756
7108,ENSG00000109943.9,0.1724809289720195
7109,ENSG00000147475.17,0.172453431873068
7110,ENSG00000089505.18,0.17243980883786292
7111,ENSG00000162975.5,0.17243767575885238
7112,ENSG00000258890.7,0.17228575423454714
7113,ENSG00000111269.3,0.1722270477465906
7114,ENSG00000073614.13,0.1722237660948275
7115,ENSG00000111012.10,0.17221544831592295
7116,ENSG00000197381.16,0.1721936899961543
7117,ENSG00000167447.12,0.17213863028713486
7118,ENSG00000023516.9,0.17210018780303016
7119,ENSG00000093010.15,0.17207717801453543
7120,ENSG00000185305.11,0.1720737596541608
7121,ENSG00000117036.12,0.17206085165614418
7122,ENSG00000137842.7,0.17202074446024182
7123,ENSG00000088387.19,0.17197104456164797
7124,ENSG00000205133.12,0.17195459077763098
7125,ENSG00000119669.5,0.1719341041137701
7126,ENSG00000173559.14,0.17186274629642104
7127,ENSG00000001036.14,0.17181839365736412
7128,ENSG00000197081.16,0.17174481765008734
7129,ENSG00000229809.8,0.1717203583337036
7130,ENSG00000187556.7,0.17169556899338922
7131,ENSG00000173821.19,0.17164553352354373
7132,ENSG00000134825.16,0.17159388532170297
7133,ENSG00000127220.6,0.171528255996826
7134,ENSG00000104976.12,0.1714680839480224
7135,ENSG00000154839.10,0.1714599886946104
7136,ENSG00000103528.17,0.17143062154502098
7137,ENSG00000152332.16,0.17141683952200476
7138,ENSG00000179981.11,0.17141165132035882
7139,ENSG00000102189.17,0.17132938506234432
7140,ENSG00000147894.17,0.17131620686654073
7141,ENSG00000197769.6,0.17131445922258634
7142,ENSG00000100387.9,0.17131389524280047
7143,ENSG00000108518.8,0.171313670176596
7144,ENSG00000196914.9,0.17131191614938182
7145,ENSG00000134504.14,0.1712094445871037
7146,ENSG00000174788.10,0.17118179886682963
7147,ENSG00000107223.13,0.17117815818947815
7148,ENSG00000273899.5,0.1711164395473159
7149,ENSG00000115504.15,0.1711095143332173
7150,ENSG00000107438.9,0.1710012619415538
7151,ENSG00000105185.12,0.170921336035136
7152,ENSG00000116857.17,0.1708653532033939
7153,ENSG00000157470.12,0.1708561434665794
7154,ENSG00000162415.7,0.17082059711586337
7155,ENSG00000038382.20,0.17078326464786944
7156,ENSG00000132823.11,0.17078184928992554
7157,ENSG00000099785.10,0.17065829037388555
7158,ENSG00000064201.16,0.1705935545318384
7159,ENSG00000102572.15,0.17054121783893392
7160,ENSG00000007171.18,0.17051127360855775
7161,ENSG00000166682.13,0.17044899333206262
7162,ENSG00000100298.16,0.17040976881555192
7163,ENSG00000132004.13,0.1703990026068713
7164,ENSG00000101940.18,0.17030734417294505
7165,ENSG00000179295.18,0.17030199611913407
7166,ENSG00000170209.5,0.17026250128654277
7167,ENSG00000065485.20,0.17025955015256175
7168,ENSG00000183617.5,0.17023974484609583
7169,ENSG00000169752.17,0.1702265032075583
7170,ENSG00000036565.15,0.17020282727064348
7171,ENSG00000109685.19,0.1701736008836854
7172,ENSG00000178202.13,0.17016993570796046
7173,ENSG00000130396.20,0.17016041780731642
7174,ENSG00000067900.8,0.1701361228624405
7175,ENSG00000204442.4,0.17001158917284387
7176,ENSG00000144026.12,0.16995054917117725
7177,ENSG00000188921.14,0.16991529110183873
7178,ENSG00000163515.6,0.1699034819056167
7179,ENSG00000156011.17,0.1698857657545059
7180,ENSG00000151952.16,0.16987219768040923
7181,ENSG00000215440.12,0.16986004129538165
7182,ENSG00000001084.13,0.16980794880054415
7183,ENSG00000117411.17,0.16980629313564705
7184,ENSG00000138193.16,0.16977746110887923
7185,ENSG00000186918.14,0.1697446739004167
7186,ENSG00000152475.7,0.16970420826297306
7187,ENSG00000117477.12,0.16968063587693033
7188,ENSG00000214022.11,0.16968055571312177
7189,ENSG00000100596.7,0.16965597629071927
7190,ENSG00000108175.17,0.16965128987408126
7191,ENSG00000101849.17,0.16962444528974466
7192,ENSG00000155903.13,0.1696007404178186
7193,ENSG00000185274.12,0.1695981871011106
7194,ENSG00000130204.13,0.16955664101584406
7195,ENSG00000183690.13,0.16951783424204536
7196,ENSG00000161048.11,0.16945665911531677
7197,ENSG00000008130.15,0.16944186038297965
7198,ENSG00000140464.20,0.16942424197316047
7199,ENSG00000105063.19,0.16933708621027724
7200,ENSG00000183186.8,0.16933524658154112
7201,ENSG00000115607.9,0.1693307324513773
7202,ENSG00000136868.11,0.16931299505785782
7203,ENSG00000127580.17,0.1693044340215779
7204,ENSG00000217930.8,0.1692564195675093
7205,ENSG00000094975.14,0.1692406933732957
7206,ENSG00000115816.15,0.16923857772581719
7207,ENSG00000198162.12,0.1692378638527174
7208,ENSG00000144451.19,0.16920038212040592
7209,ENSG00000166394.15,0.1691702982752073
7210,ENSG00000129084.18,0.16912149155338732
7211,ENSG00000135083.16,0.1691034389881896
7212,ENSG00000091651.9,0.16910262953470312
7213,ENSG00000102531.16,0.16909294255846818
7214,ENSG00000151176.8,0.16909046498390226
7215,ENSG00000129566.13,0.1690358750565595
7216,ENSG00000164032.12,0.16900915825888724
7217,ENSG00000188306.6,0.16900031584458738
7218,ENSG00000138814.17,0.16898137559651383
7219,ENSG00000154767.15,0.1689771771871644
7220,ENSG00000184661.14,0.16894981096778794
7221,ENSG00000133019.12,0.16889182547999124
7222,ENSG00000172301.11,0.16883340290004856
7223,ENSG00000096063.16,0.16883241572758384
7224,ENSG00000140022.13,0.16883229613900874
7225,ENSG00000113273.17,0.16883113781433642
7226,ENSG00000166743.9,0.1687671840223205
7227,ENSG00000111642.16,0.16867981922336148
7228,ENSG00000132623.16,0.16866562940925106
7229,ENSG00000166439.6,0.16864453773436242
7230,ENSG00000122490.19,0.16862229802571016
7231,ENSG00000170085.18,0.168614633576338
7232,ENSG00000108448.21,0.16858846293757143
7233,ENSG00000122678.17,0.16857889283525102
7234,ENSG00000152409.9,0.16856167754480306
7235,ENSG00000095627.9,0.16853339353973346
7236,ENSG00000198934.5,0.16851960204717562
7237,ENSG00000174437.17,0.16841703078165837
7238,ENSG00000145365.11,0.16838065821716944
7239,ENSG00000134574.12,0.1683552631628889
7240,ENSG00000123124.14,0.16834188654624707
7241,ENSG00000170954.11,0.168321801280817
7242,ENSG00000100294.13,0.1683153187233221
7243,ENSG00000129173.13,0.16828528111642396
7244,ENSG00000072364.13,0.16827207034906433
7245,ENSG00000174950.11,0.1682495248432081
7246,ENSG00000248905.10,0.16821740703959853
7247,ENSG00000088812.18,0.1682008170002673
7248,ENSG00000176890.16,0.16820005453863554
7249,ENSG00000130766.5,0.1681963197881847
7250,ENSG00000116670.15,0.16810275553310827
7251,ENSG00000141503.17,0.16802182715873548
7252,ENSG00000112530.11,0.16801389398358121
7253,ENSG00000127884.5,0.16799305288950775
7254,ENSG00000143942.5,0.16790601531083943
7255,ENSG00000163637.13,0.16790262439552636
7256,ENSG00000023330.15,0.1678994109531912
7257,ENSG00000127191.18,0.16785355159313603
7258,ENSG00000128524.5,0.16785102373580119
7259,ENSG00000196547.15,0.1678464823018752
7260,ENSG00000183060.15,0.16779538114979364
7261,ENSG00000160991.16,0.16779233238328511
7262,ENSG00000085733.16,0.16771229142440192
7263,ENSG00000138594.14,0.16770225067407377
7264,ENSG00000197114.12,0.16769860366855346
7265,ENSG00000108387.15,0.1676161499209057
7266,ENSG00000148218.16,0.1675925942361913
7267,ENSG00000130305.17,0.1675813750443307
7268,ENSG00000124151.19,0.16757499039162962
7269,ENSG00000132017.10,0.16754969625695534
7270,ENSG00000129657.16,0.16751033623072106
7271,ENSG00000165046.13,0.16747364811406745
7272,ENSG00000158195.11,0.16746871114322504
7273,ENSG00000140057.9,0.1674644843159483
7274,ENSG00000256525.8,0.16743028409627628
7275,ENSG00000117335.20,0.1674233019750584
7276,ENSG00000141298.19,0.16741997454087434
7277,ENSG00000189050.16,0.16741063935429112
7278,ENSG00000123360.12,0.16739031711768299
7279,ENSG00000177917.11,0.16737135956053106
7280,ENSG00000124203.6,0.1673577021583106
7281,ENSG00000076067.13,0.16726606445981676
7282,ENSG00000204564.12,0.16721122618618317
7283,ENSG00000152495.11,0.16720101352620484
7284,ENSG00000164197.12,0.16716469660809705
7285,ENSG00000181523.13,0.16715808982330152
7286,ENSG00000084112.15,0.16714738289562991
7287,ENSG00000000005.6,0.16713213686664163
7288,ENSG00000037897.17,0.16711323666659172
7289,ENSG00000164542.13,0.1670988891598231
7290,ENSG00000155368.16,0.16706447583327666
7291,ENSG00000102218.6,0.16706035594705507
7292,ENSG00000169223.15,0.1670244184937305
7293,ENSG00000112419.14,0.16699255383974979
7294,ENSG00000177103.15,0.166928774736714
7295,ENSG00000187164.20,0.16691924097677382
7296,ENSG00000113269.14,0.16685907849902265
7297,ENSG00000148660.20,0.1668194165693169
7298,ENSG00000156110.15,0.16681786620620842
7299,ENSG00000161011.20,0.16680826588690653
7300,ENSG00000100577.19,0.16680130586697647
7301,ENSG00000154188.10,0.16679860347669614
7302,ENSG00000137310.12,0.1667812224134984
7303,ENSG00000169919.17,0.16665654094281415
7304,ENSG00000242485.6,0.16664480952255079
7305,ENSG00000143643.13,0.1666287977610128
7306,ENSG00000066322.15,0.16660148099953417
7307,ENSG00000171444.18,0.16655579319023942
7308,ENSG00000137831.15,0.16655300091040884
7309,ENSG00000179909.15,0.16654596719331613
7310,ENSG00000140932.10,0.16651772048425734
7311,ENSG00000158402.20,0.1664855297021924
7312,ENSG00000161980.6,0.16648143280550992
7313,ENSG00000132846.6,0.16645710561351967
7314,ENSG00000148288.13,0.16636538086030211
7315,ENSG00000116898.12,0.1663515367885068
7316,ENSG00000104885.18,0.16631895684943176
7317,ENSG00000110318.15,0.16622540212240086
7318,ENSG00000173113.7,0.16621627838900982
7319,ENSG00000104774.13,0.16617004610483926
7320,ENSG00000168924.15,0.16615834196789203
7321,ENSG00000198133.8,0.16609098443134443
7322,ENSG00000159231.6,0.16602034456972117
7323,ENSG00000221866.9,0.16601433330749496
7324,ENSG00000167460.17,0.16599338010962172
7325,ENSG00000256087.7,0.1659674780214077
7326,ENSG00000147548.17,0.1659619966507285
7327,ENSG00000049245.13,0.16590246734391279
7328,ENSG00000004487.17,0.16587127665165594
7329,ENSG00000126005.17,0.1658550474768879
7330,ENSG00000162104.10,0.1658255781508794
7331,ENSG00000165264.11,0.1658023779619406
7332,ENSG00000108370.17,0.16576823454588518
7333,ENSG00000119013.9,0.1657472430948656
7334,ENSG00000227877.7,0.165713066653216
7335,ENSG00000224982.4,0.1657075353380644
7336,ENSG00000198130.16,0.1656748686896409
7337,ENSG00000132692.19,0.1656299457647099
7338,ENSG00000184924.5,0.1655851555455453
7339,ENSG00000155256.17,0.16558021161759207
7340,ENSG00000138604.10,0.16556124636114825
7341,ENSG00000170456.16,0.16555469672749942
7342,ENSG00000169783.13,0.1655421553602351
7343,ENSG00000132507.18,0.16552813092770668
7344,ENSG00000169067.4,0.16552694218182196
7345,ENSG00000176125.7,0.1654547421780853
7346,ENSG00000165322.18,0.16540922192320012
7347,ENSG00000143751.10,0.165401101511519
7348,ENSG00000149600.12,0.16539607140943643
7349,ENSG00000053371.12,0.16537360249822095
7350,ENSG00000182484.15,0.1653555983875215
7351,ENSG00000133065.11,0.16528840522777646
7352,ENSG00000197324.9,0.1652353951482962
7353,ENSG00000123983.14,0.16521566592110182
7354,ENSG00000175662.18,0.1651774916364193
7355,ENSG00000172172.8,0.16517552241128677
7356,ENSG00000165752.17,0.1651111632132111
7357,ENSG00000150768.16,0.16508071305041117
7358,ENSG00000116017.11,0.16502725721639727
7359,ENSG00000189077.11,0.16501452816613774
7360,ENSG00000104983.8,0.16500163758207587
7361,ENSG00000165502.7,0.16493671318175993
7362,ENSG00000166974.13,0.16490454810391633
7363,ENSG00000116171.19,0.16488655251522144
7364,ENSG00000185010.15,0.1648432945557556
7365,ENSG00000183579.16,0.16480666595229962
7366,ENSG00000113615.13,0.1647775915318199
7367,ENSG00000105552.15,0.1647587632339279
7368,ENSG00000187735.14,0.1647496158506781
7369,ENSG00000188766.12,0.16470517622855643
7370,ENSG00000243477.6,0.16466591716091644
7371,ENSG00000080503.24,0.1646542327464575
7372,ENSG00000154252.12,0.1646254925531487
7373,ENSG00000103742.12,0.16458991281468913
7374,ENSG00000154262.13,0.16456174075517088
7375,ENSG00000100364.19,0.16455242169331433
7376,ENSG00000183751.15,0.1645508758154806
7377,ENSG00000132535.21,0.16454315293923752
7378,ENSG00000156467.10,0.16452501906808056
7379,ENSG00000163697.17,0.16451499806941447
7380,ENSG00000163507.14,0.1644746995101461
7381,ENSG00000178974.10,0.1644620618840644
7382,ENSG00000117155.17,0.16446015000527905
7383,ENSG00000204366.4,0.16440103630029565
7384,ENSG00000141522.12,0.16430176752061493
7385,ENSG00000114956.20,0.1642863217890176
7386,ENSG00000111328.7,0.16425822694875022
7387,ENSG00000134369.15,0.16423098947262552
7388,ENSG00000197961.12,0.16416876213996912
7389,ENSG00000168564.6,0.16414965066272785
7390,ENSG00000150403.18,0.16413745703717042
7391,ENSG00000015475.19,0.16410980425654528
7392,ENSG00000046889.19,0.16408900422429387
7393,ENSG00000173452.14,0.16406901631988094
7394,ENSG00000112078.14,0.16405292622245007
7395,ENSG00000156873.16,0.1640422513740671
7396,ENSG00000254858.10,0.16402259482573475
7397,ENSG00000115840.14,0.1639076672134949
7398,ENSG00000189190.10,0.16390318525762462
7399,ENSG00000102796.11,0.16390163066310817
7400,ENSG00000119559.17,0.16387845087595476
7401,ENSG00000171451.14,0.1638763627372092
7402,ENSG00000120262.10,0.16386745498690847
7403,ENSG00000198833.7,0.16384028372425583
7404,ENSG00000089220.5,0.1638298614625529
7405,ENSG00000179950.14,0.16377763147971283
7406,ENSG00000178028.14,0.1637199224370874
7407,ENSG00000196872.12,0.16371057169284461
7408,ENSG00000177119.16,0.16371007647772873
7409,ENSG00000167645.17,0.1636931945855338
7410,ENSG00000105520.10,0.16366263817571888
7411,ENSG00000125450.11,0.16363167150331748
7412,ENSG00000101752.12,0.16362525945419865
7413,ENSG00000106803.10,0.16359795838183094
7414,ENSG00000164070.12,0.16351554039269542
7415,ENSG00000187189.11,0.16345843275611785
7416,ENSG00000137177.20,0.16344818782354076
7417,ENSG00000178301.4,0.16343185704876279
7418,ENSG00000127507.18,0.16342260287788554
7419,ENSG00000089159.16,0.16342004730827975
7420,ENSG00000023287.13,0.16341274467839723
7421,ENSG00000122643.22,0.16340749346387187
7422,ENSG00000181036.14,0.16338199330492306
7423,ENSG00000129562.11,0.16336422576679646
7424,ENSG00000129353.15,0.16334588351084012
7425,ENSG00000133401.16,0.1633054726755688
7426,ENSG00000185298.13,0.16330281261289445
7427,ENSG00000142192.21,0.16326231795207277
7428,ENSG00000170876.8,0.16325876690152485
7429,ENSG00000119729.12,0.1632431024016645
7430,ENSG00000175727.14,0.16316554556416524
7431,ENSG00000104765.16,0.16312430380877416
7432,ENSG00000136240.10,0.16310406090071866
7433,ENSG00000117602.13,0.16307111079153225
7434,ENSG00000100197.22,0.16304439515050467
7435,ENSG00000167178.16,0.16303211726314226
7436,ENSG00000038002.9,0.16298552393856133
7437,ENSG00000185825.17,0.16293972556819297
7438,ENSG00000148200.17,0.16289719597658492
7439,ENSG00000203668.3,0.1628839867399366
7440,ENSG00000183091.19,0.1628246452173348
7441,ENSG00000185627.18,0.16282394387716956
7442,ENSG00000196372.13,0.1627548987272928
7443,ENSG00000180611.7,0.1627230496444871
7444,ENSG00000102898.12,0.16267490567628426
7445,ENSG00000164105.4,0.16265743593491833
7446,ENSG00000156521.14,0.16264846775281594
7447,ENSG00000088808.18,0.1626433477959091
7448,ENSG00000130159.14,0.16259872888574597
7449,ENSG00000102317.18,0.16259317957615363
7450,ENSG00000172354.10,0.16253428850544158
7451,ENSG00000108592.17,0.16248122606796536
7452,ENSG00000070047.13,0.16245876822912522
7453,ENSG00000187783.12,0.16224668466785871
7454,ENSG00000069667.16,0.1622252845869845
7455,ENSG00000162976.13,0.16221348231115057
7456,ENSG00000123091.5,0.1621826130491881
7457,ENSG00000166595.12,0.1621513165222395
7458,ENSG00000181191.12,0.1621460255037701
7459,ENSG00000164754.15,0.16213456933477746
7460,ENSG00000129680.16,0.1621327188578181
7461,ENSG00000145391.13,0.16212394440203248
7462,ENSG00000123977.10,0.1621035955249827
7463,ENSG00000224420.3,0.1620400511365751
7464,ENSG00000157600.12,0.16198753914386407
7465,ENSG00000184481.17,0.16198486216378888
7466,ENSG00000183092.16,0.16195579767147256
7467,ENSG00000178031.17,0.1619056956205895
7468,ENSG00000131759.18,0.16180147751027937
7469,ENSG00000173080.6,0.1617347914987685
7470,ENSG00000101040.19,0.1617252244150771
7471,ENSG00000171916.17,0.16171888687441432
7472,ENSG00000139597.18,0.16170563688215156
7473,ENSG00000155096.14,0.16169866728882548
7474,ENSG00000138363.15,0.1616797204545271
7475,ENSG00000144229.12,0.1616294787476053
7476,ENSG00000152102.18,0.16160772227157882
7477,ENSG00000172757.13,0.1615051684015901
7478,ENSG00000161533.12,0.16146449935167592
7479,ENSG00000176393.11,0.16145812111782665
7480,ENSG00000111276.11,0.16144413785085437
7481,ENSG00000114853.14,0.1613750910682315
7482,ENSG00000058804.12,0.16132286679964225
7483,ENSG00000215301.11,0.16131944546244853
7484,ENSG00000146592.17,0.1613100756654279
7485,ENSG00000069956.12,0.16129990635738745
7486,ENSG00000155287.11,0.16129368088389492
7487,ENSG00000197013.10,0.16128338588193916
7488,ENSG00000163686.15,0.16127505838686668
7489,ENSG00000160818.17,0.16126902052391656
7490,ENSG00000169607.13,0.16125661051029938
7491,ENSG00000091428.18,0.16116085241154995
7492,ENSG00000169976.7,0.16115075530488418
7493,ENSG00000116754.13,0.1611502681907913
7494,ENSG00000171408.14,0.16113363377491247
7495,ENSG00000099256.19,0.16107611962025606
7496,ENSG00000170011.14,0.16105849118026
7497,ENSG00000060762.19,0.1610402420885759
7498,ENSG00000131495.9,0.16102686935411545
7499,ENSG00000120254.16,0.16101463436346836
7500,ENSG00000160294.11,0.16101108408748918
7501,ENSG00000152104.12,0.1609980579651111
7502,ENSG00000196141.14,0.16097610191309808
7503,ENSG00000125319.15,0.16087884147416218
7504,ENSG00000108561.8,0.1608375972723492
7505,ENSG00000030419.16,0.16080943036617903
7506,ENSG00000170214.5,0.16080132057120236
7507,ENSG00000118007.13,0.16079991312259645
7508,ENSG00000134253.10,0.16079283317904447
7509,ENSG00000180425.11,0.1607925378784101
7510,ENSG00000117523.16,0.16077249829179274
7511,ENSG00000101236.17,0.16066021483147383
7512,ENSG00000254550.1,0.1606333014983759
7513,ENSG00000136261.15,0.1606246880777132
7514,ENSG00000196782.12,0.16060132841647004
7515,ENSG00000163449.11,0.1605635869049838
7516,ENSG00000105254.12,0.16053615616894243
7517,ENSG00000204859.13,0.16051802046110708
7518,ENSG00000040731.10,0.16046823591756132
7519,ENSG00000167283.8,0.16044717994412674
7520,ENSG00000169230.10,0.16033391319304272
7521,ENSG00000118513.19,0.16032344913263455
7522,ENSG00000177853.14,0.16031635811878672
7523,ENSG00000088986.11,0.1603023375706958
7524,ENSG00000123572.17,0.16029394661492194
7525,ENSG00000165943.5,0.16028707858973765
7526,ENSG00000204179.10,0.1602667230790663
7527,ENSG00000278318.5,0.16025778994919224
7528,ENSG00000106399.11,0.16024796726822804
7529,ENSG00000185404.17,0.16023088298078692
7530,ENSG00000149577.16,0.16022201589898946
7531,ENSG00000077454.16,0.16021378680155635
7532,ENSG00000104320.14,0.16017951622092616
7533,ENSG00000154079.6,0.1601764908419302
7534,ENSG00000105248.16,0.16014802133949615
7535,ENSG00000125611.15,0.16014606816739005
7536,ENSG00000076108.12,0.16014574198434733
7537,ENSG00000166140.17,0.1601413878125802
7538,ENSG00000100749.8,0.16012082766866698
7539,ENSG00000255112.3,0.16010041801026412
7540,ENSG00000108001.15,0.1600379390225145
7541,ENSG00000188613.7,0.1600076501303512
7542,ENSG00000105221.18,0.15996107034920742
7543,ENSG00000150712.11,0.15986913352857812
7544,ENSG00000149256.16,0.15984918689471714
7545,ENSG00000175155.11,0.15983836753560685
7546,ENSG00000188559.15,0.15983591360483657
7547,ENSG00000023697.13,0.15973475782874746
7548,ENSG00000128185.10,0.15969534351611323
7549,ENSG00000243056.2,0.15968848492609322
7550,ENSG00000107815.10,0.15968068879824668
7551,ENSG00000213639.10,0.15966617768828759
7552,ENSG00000196262.15,0.15966067178277382
7553,ENSG00000132254.13,0.15963417122923101
7554,ENSG00000164916.11,0.1596249564918195
7555,ENSG00000072501.19,0.159545977969206
7556,ENSG00000186716.21,0.15953071592177023
7557,ENSG00000144214.10,0.15951100273724889
7558,ENSG00000107897.20,0.15948067763481824
7559,ENSG00000068024.17,0.1594451722117738
7560,ENSG00000149499.12,0.15940140316295281
7561,ENSG00000149932.17,0.1593760060536684
7562,ENSG00000275023.5,0.1593710664262505
7563,ENSG00000184840.12,0.15936703599743998
7564,ENSG00000168397.17,0.15935422482836317
7565,ENSG00000255302.5,0.15932842309111617
7566,ENSG00000140986.8,0.15927594336959403
7567,ENSG00000215217.7,0.1592694246298554
7568,ENSG00000185880.13,0.15923544204249176
7569,ENSG00000106261.17,0.15923389993558879
7570,ENSG00000164935.6,0.15920869936890641
7571,ENSG00000131236.18,0.15919972876707805
7572,ENSG00000167968.13,0.1591735867176974
7573,ENSG00000047315.17,0.15917297773627656
7574,ENSG00000096092.6,0.15915246296336116
7575,ENSG00000006740.17,0.1591413947825884
7576,ENSG00000119280.17,0.15911584378711438
7577,ENSG00000141429.13,0.15908457092651676
7578,ENSG00000168994.14,0.1590805159889657
7579,ENSG00000198521.12,0.1590608268704092
7580,ENSG00000166881.10,0.1590590188659886
7581,ENSG00000197702.14,0.1590456281769756
7582,ENSG00000130940.15,0.15903194619443695
7583,ENSG00000008405.12,0.15902238205247635
7584,ENSG00000104979.9,0.159005288670536
7585,ENSG00000244405.8,0.15895040322822876
7586,ENSG00000138002.16,0.15894167944692347
7587,ENSG00000131171.13,0.15893435929983396
7588,ENSG00000171501.10,0.15884112420930402
7589,ENSG00000198964.14,0.15882991601541857
7590,ENSG00000182132.14,0.15881683119257284
7591,ENSG00000151748.15,0.15880990538934953
7592,ENSG00000023191.17,0.15880219503085702
7593,ENSG00000169105.8,0.15880059084708287
7594,ENSG00000136238.18,0.15877746405065477
7595,ENSG00000089351.14,0.15876871055730618
7596,ENSG00000166578.10,0.15869856751249156
7597,ENSG00000100201.23,0.15868163780957245
7598,ENSG00000067177.15,0.15864553296694828
7599,ENSG00000137502.10,0.15863134128961032
7600,ENSG00000127603.30,0.15858972058542714
7601,ENSG00000154914.17,0.15857963440110734
7602,ENSG00000120278.16,0.1585762342767223
7603,ENSG00000135506.16,0.15852506033131608
7604,ENSG00000150779.12,0.15852021631272412
7605,ENSG00000112658.8,0.15849128668554477
7606,ENSG00000134851.13,0.15847784557307257
7607,ENSG00000085719.13,0.1584376112074342
7608,ENSG00000204099.12,0.15841796806136008
7609,ENSG00000197483.10,0.1584178451775471
7610,ENSG00000122136.14,0.15838442342565748
7611,ENSG00000124067.17,0.15834854577302673
7612,ENSG00000133805.15,0.15832444749693783
7613,ENSG00000182963.11,0.15829690690823026
7614,ENSG00000076003.5,0.15828700602616702
7615,ENSG00000047365.12,0.15826070355537913
7616,ENSG00000198837.10,0.15825751023159393
7617,ENSG00000175309.15,0.15823588803811384
7618,ENSG00000146535.14,0.158212053787325
7619,ENSG00000163704.12,0.15817921197004717
7620,ENSG00000136816.16,0.1581679237986364
7621,ENSG00000154328.16,0.1581551266018186
7622,ENSG00000169122.11,0.15812060022074564
7623,ENSG00000137878.17,0.158070605880399
7624,ENSG00000095209.12,0.1580387756387056
7625,ENSG00000262919.8,0.15802483832585074
7626,ENSG00000138182.15,0.15796100518120246
7627,ENSG00000165138.18,0.15794339078370767
7628,ENSG00000108786.11,0.1579379490877004
7629,ENSG00000170515.14,0.15790529158265046
7630,ENSG00000149575.9,0.15789799575067048
7631,ENSG00000158352.16,0.15789375510539577
7632,ENSG00000071626.17,0.15789160164168628
7633,ENSG00000197712.12,0.1578780783053234
7634,ENSG00000175606.11,0.1578757826976482
7635,ENSG00000179364.14,0.15787254127437436
7636,ENSG00000106628.11,0.15784725969290855
7637,ENSG00000114841.17,0.1578116885037758
7638,ENSG00000169696.16,0.15780381999510906
7639,ENSG00000163354.15,0.15776022257413533
7640,ENSG00000160392.13,0.15773097806649408
7641,ENSG00000085449.15,0.15772266710226984
7642,ENSG00000213199.8,0.15769766024659038
7643,ENSG00000147533.17,0.1576871295312367
7644,ENSG00000017797.13,0.15765935281968307
7645,ENSG00000177045.10,0.15763965402956104
7646,ENSG00000130224.15,0.1575706941298691
7647,ENSG00000125531.7,0.15755588128846879
7648,ENSG00000063046.18,0.15752472597285488
7649,ENSG00000163110.15,0.15750199054574363
7650,ENSG00000151135.10,0.15747490853435614
7651,ENSG00000116396.15,0.15747232884184426
7652,ENSG00000049860.14,0.15738877885900845
7653,ENSG00000144847.13,0.15734108825793136
7654,ENSG00000172493.22,0.15733234818750255
7655,ENSG00000274641.2,0.1573094149939186
7656,ENSG00000241553.12,0.1572980815716338
7657,ENSG00000119640.9,0.15728083384640756
7658,ENSG00000278505.5,0.1572739869502255
7659,ENSG00000174332.5,0.15726041959554074
7660,ENSG00000101974.14,0.15723935943668152
7661,ENSG00000126561.17,0.15722999997629847
7662,ENSG00000178764.8,0.15722285924070284
7663,ENSG00000032444.17,0.1572141907579193
7664,ENSG00000179528.16,0.1571970381361973
7665,ENSG00000169490.17,0.15719502946718272
7666,ENSG00000146918.20,0.1571687409447781
7667,ENSG00000118855.21,0.1571565181944798
7668,ENSG00000277443.3,0.15714788438418345
7669,ENSG00000131652.14,0.157131116291203
7670,ENSG00000172465.14,0.15712673998784413
7671,ENSG00000135063.19,0.15707779644761688
7672,ENSG00000110422.12,0.15707523871126733
7673,ENSG00000179889.19,0.1570597402857089
7674,ENSG00000005882.12,0.15705044822853598
7675,ENSG00000151914.20,0.157026155815623
7676,ENSG00000162383.13,0.15696471208063426
7677,ENSG00000008311.15,0.15682956262331937
7678,ENSG00000160753.16,0.15681836972812982
7679,ENSG00000204653.10,0.1568138234203683
7680,ENSG00000188070.9,0.156780499408159
7681,ENSG00000161911.11,0.15677223326909306
7682,ENSG00000143149.12,0.15676530517655984
7683,ENSG00000165359.16,0.15676213240311615
7684,ENSG00000132938.21,0.15676032689714411
7685,ENSG00000166012.17,0.15670053479635462
7686,ENSG00000139174.12,0.15666298116364236
7687,ENSG00000156414.19,0.15665964353129325
7688,ENSG00000174177.13,0.15663720155546665
7689,ENSG00000105722.10,0.15661054856045062
7690,ENSG00000147416.11,0.15657389008332584
7691,ENSG00000091106.19,0.15655965938230357
7692,ENSG00000139197.11,0.15652389793445626
7693,ENSG00000188732.11,0.15651123325332833
7694,ENSG00000197969.14,0.15650598961533932
7695,ENSG00000095596.12,0.15646679756185783
7696,ENSG00000197557.7,0.1564513989404946
7697,ENSG00000118046.16,0.1563942681062388
7698,ENSG00000086065.14,0.1563916190178085
7699,ENSG00000166275.16,0.1563404585903588
7700,ENSG00000178789.9,0.15633680346533246
7701,ENSG00000121152.10,0.1563348712782151
7702,ENSG00000125945.15,0.15632377546971
7703,ENSG00000168884.15,0.15631363646953786
7704,ENSG00000135677.11,0.15630717349830073
7705,ENSG00000159023.22,0.15626439307451137
7706,ENSG00000138835.22,0.15623380052545024
7707,ENSG00000126464.14,0.15620413230806646
7708,ENSG00000104915.15,0.15615900255835047
7709,ENSG00000105996.7,0.1561532004093573
7710,ENSG00000177556.12,0.1561276349182813
7711,ENSG00000120910.15,0.15612271446684503
7712,ENSG00000143324.14,0.15609728556221597
7713,ENSG00000169398.19,0.15604110332762983
7714,ENSG00000169906.5,0.1560302587653501
7715,ENSG00000068001.14,0.15600523172991596
7716,ENSG00000213930.12,0.15600459284028376
7717,ENSG00000112406.5,0.15598837992674905
7718,ENSG00000120647.10,0.15595829083172844
7719,ENSG00000116761.12,0.1559456038849133
7720,ENSG00000206527.10,0.1559352046440926
7721,ENSG00000187535.14,0.1558540437731831
7722,ENSG00000170759.11,0.15583777592298215
7723,ENSG00000198856.13,0.15583669680241513
7724,ENSG00000196535.17,0.1557497736350458
7725,ENSG00000159792.10,0.15574527388670384
7726,ENSG00000198826.11,0.15568257721830475
7727,ENSG00000172936.16,0.15566581637470922
7728,ENSG00000124215.17,0.15565326232871413
7729,ENSG00000178188.14,0.15564053490347785
7730,ENSG00000178935.5,0.15562698019561774
7731,ENSG00000175877.4,0.1556019050607038
7732,ENSG00000102172.16,0.15558090790373197
7733,ENSG00000108510.10,0.15550171609326874
7734,ENSG00000151136.15,0.15545887021330418
7735,ENSG00000178033.6,0.1554512480508693
7736,ENSG00000087460.27,0.15541612174783623
7737,ENSG00000168874.13,0.1553954297458117
7738,ENSG00000080561.14,0.15539069871983108
7739,ENSG00000167272.11,0.15538647579736686
7740,ENSG00000153558.16,0.15538145530016464
7741,ENSG00000100575.14,0.15537551933723112
7742,ENSG00000085365.18,0.155371472119237
7743,ENSG00000135205.15,0.1553314508682558
7744,ENSG00000185946.16,0.15527671163204074
7745,ENSG00000163918.11,0.15526511822513797
7746,ENSG00000205339.10,0.15526278116602957
7747,ENSG00000130244.12,0.15519399643988802
7748,ENSG00000124588.21,0.15514138223957208
7749,ENSG00000131504.17,0.15513764959187018
7750,ENSG00000167566.17,0.15511973605595475
7751,ENSG00000136877.15,0.15510546453036905
7752,ENSG00000165813.20,0.15509802658490135
7753,ENSG00000023734.11,0.15509715835931215
7754,ENSG00000164465.19,0.15506304473866778
7755,ENSG00000127554.13,0.15503164138025105
7756,ENSG00000165197.5,0.1550299183102149
7757,ENSG00000173065.13,0.1550235076056737
7758,ENSG00000277363.5,0.15499430643605822
7759,ENSG00000116679.16,0.15498781552668867
7760,ENSG00000204498.11,0.15494473922858476
7761,ENSG00000198055.11,0.1549386677223618
7762,ENSG00000157985.19,0.15491246978103757
7763,ENSG00000203950.6,0.15489006756030518
7764,ENSG00000198589.14,0.15487306003030257
7765,ENSG00000106266.11,0.1548155998467073
7766,ENSG00000135924.16,0.15481382701479166
7767,ENSG00000166446.15,0.15479732434420912
7768,ENSG00000167113.11,0.1547666560731635
7769,ENSG00000167515.10,0.15476425173992653
7770,ENSG00000103876.13,0.15472290632948982
7771,ENSG00000144867.13,0.15471669733483429
7772,ENSG00000165724.6,0.1547093101237372
7773,ENSG00000182218.9,0.15469602872540647
7774,ENSG00000165495.16,0.15469156239502282
7775,ENSG00000131653.13,0.154656519991359
7776,ENSG00000141428.17,0.154654853549378
7777,ENSG00000147669.11,0.15458076437269916
7778,ENSG00000113328.19,0.1545788892988758
7779,ENSG00000099899.15,0.1545192760335011
7780,ENSG00000140691.18,0.15451370138987858
7781,ENSG00000164889.15,0.15447489489403135
7782,ENSG00000135679.25,0.15446888445316603
7783,ENSG00000148655.15,0.15445751457730264
7784,ENSG00000147677.11,0.15444245388883546
7785,ENSG00000025772.8,0.15443805548102915
7786,ENSG00000225828.1,0.15442559431110053
7787,ENSG00000205221.12,0.15441757823277644
7788,ENSG00000117748.10,0.15440314676430394
7789,ENSG00000110917.8,0.15439578468624385
7790,ENSG00000157693.15,0.154379210118152
7791,ENSG00000008294.21,0.1543540065237657
7792,ENSG00000114353.17,0.15435220876182576
7793,ENSG00000141452.10,0.15434581913449907
7794,ENSG00000173992.9,0.15434495917668697
7795,ENSG00000112578.10,0.1542929826949367
7796,ENSG00000144218.19,0.15421839956556954
7797,ENSG00000083097.14,0.15420614212269884
7798,ENSG00000204060.7,0.15412921677683286
7799,ENSG00000108091.11,0.15409681923415247
7800,ENSG00000123908.12,0.15409371553430024
7801,ENSG00000234616.9,0.15409310711930604
7802,ENSG00000111696.12,0.15407536445696063
7803,ENSG00000025770.19,0.15398373930937986
7804,ENSG00000168439.17,0.15396070188419236
7805,ENSG00000124299.15,0.1539244963279562
7806,ENSG00000153310.19,0.15390842774861616
7807,ENSG00000127054.21,0.1539067073288839
7808,ENSG00000165113.13,0.15385386493742922
7809,ENSG00000070018.9,0.15380377590008512
7810,ENSG00000159055.4,0.15379939005699464
7811,ENSG00000150995.20,0.15377786675662566
7812,ENSG00000172247.4,0.1537641608864552
7813,ENSG00000105287.13,0.15375566475080724
7814,ENSG00000122591.12,0.15374711498260826
7815,ENSG00000136352.19,0.15373325810137986
7816,ENSG00000136404.16,0.1537212220836194
7817,ENSG00000187372.11,0.15368925075764253
7818,ENSG00000122417.15,0.1536072060358253
7819,ENSG00000163840.10,0.1535856064966326
7820,ENSG00000144746.7,0.1535761870069754
7821,ENSG00000275074.2,0.1535658696352191
7822,ENSG00000143786.8,0.15355506687309828
7823,ENSG00000099331.13,0.15352806708377295
7824,ENSG00000165156.15,0.15351454454005306
7825,ENSG00000131791.8,0.1534766339435897
7826,ENSG00000116212.15,0.15347499317579114
7827,ENSG00000174327.7,0.15343822701740037
7828,ENSG00000188211.9,0.15343801039867544
7829,ENSG00000104517.13,0.1534362918784036
7830,ENSG00000087301.9,0.15336856152387954
7831,ENSG00000137845.15,0.15335641747955775
7832,ENSG00000105677.12,0.1533430178963056
7833,ENSG00000162769.13,0.15333235216126842
7834,ENSG00000155189.12,0.15325648740658396
7835,ENSG00000140451.13,0.15325282508468074
7836,ENSG00000100997.20,0.15323379990939634
7837,ENSG00000174599.5,0.15321007474812282
7838,ENSG00000196247.11,0.1531898745540581
7839,ENSG00000064102.15,0.15314656460218423
7840,ENSG00000129003.19,0.15313503269801873
7841,ENSG00000133619.17,0.15312039705371272
7842,ENSG00000130299.17,0.1530934418346073
7843,ENSG00000167077.13,0.15305379320779122
7844,ENSG00000001461.17,0.15302708463062745
7845,ENSG00000112877.8,0.15295418925965815
7846,ENSG00000123213.23,0.15294275250777944
7847,ENSG00000175556.17,0.1528832219670582
7848,ENSG00000184436.12,0.15288030825532348
7849,ENSG00000178982.10,0.15287924187438506
7850,ENSG00000121680.16,0.15278183684375335
7851,ENSG00000111726.13,0.15274870272097457
7852,ENSG00000119950.21,0.15274100673436247
7853,ENSG00000171100.15,0.15269530441806975
7854,ENSG00000064601.20,0.15265994609892578
7855,ENSG00000163728.11,0.15265325974698576
7856,ENSG00000120697.9,0.1526468782763814
7857,ENSG00000136485.15,0.15264372421068584
7858,ENSG00000102445.20,0.15260923865302897
7859,ENSG00000078246.17,0.15257296962068395
7860,ENSG00000115020.17,0.1525353755336999
7861,ENSG00000170054.16,0.15253463256547461
7862,ENSG00000213859.7,0.15251307331268008
7863,ENSG00000132589.16,0.15249216304535657
7864,ENSG00000169740.14,0.15245678785481676
7865,ENSG00000149177.13,0.15235426472291114
7866,ENSG00000134548.11,0.15234876265963115
7867,ENSG00000131773.14,0.15233570208385477
7868,ENSG00000154845.16,0.1522152746238864
7869,ENSG00000107672.15,0.1522144787142105
7870,ENSG00000151014.6,0.15216622446842834
7871,ENSG00000186765.12,0.15215745856552376
7872,ENSG00000105176.18,0.1521011097272299
7873,ENSG00000006576.16,0.152055419968991
7874,ENSG00000122359.18,0.1520540068517575
7875,ENSG00000118194.20,0.15203461582716396
7876,ENSG00000143384.14,0.15203085098797806
7877,ENSG00000054967.13,0.152011127696013
7878,ENSG00000204628.12,0.15193102380750834
7879,ENSG00000176853.16,0.15192020788246488
7880,ENSG00000183337.17,0.15189912794512633
7881,ENSG00000012232.9,0.1518441815170671
7882,ENSG00000044115.21,0.15177991411930034
7883,ENSG00000167733.14,0.1517570891860073
7884,ENSG00000107362.14,0.15166003247634746
7885,ENSG00000180667.10,0.1516543947787844
7886,ENSG00000089876.12,0.15164749454274087
7887,ENSG00000090857.14,0.15162947362293422
7888,ENSG00000143147.14,0.15162223809370579
7889,ENSG00000214253.9,0.15161487881634123
7890,ENSG00000114770.17,0.15161005516194562
7891,ENSG00000139324.12,0.151597127354758
7892,ENSG00000154305.18,0.1515812965983062
7893,ENSG00000277258.5,0.15153009041705218
7894,ENSG00000198720.13,0.15152391406539492
7895,ENSG00000139180.11,0.15146751239822687
7896,ENSG00000167371.21,0.15145635254260023
7897,ENSG00000121060.18,0.15144523789079595
7898,ENSG00000138081.21,0.15138972919078042
7899,ENSG00000186792.17,0.1513765889377847
7900,ENSG00000149084.13,0.1513308034411993
7901,ENSG00000169592.15,0.15132671437167583
7902,ENSG00000153391.16,0.15130823870755683
7903,ENSG00000157657.14,0.15130165965856462
7904,ENSG00000049247.14,0.15126224695518325
7905,ENSG00000100053.10,0.15124805792223237
7906,ENSG00000165685.8,0.1512421132365239
7907,ENSG00000106153.13,0.15123273753696562
7908,ENSG00000196116.8,0.15120066458143705
7909,ENSG00000141179.14,0.15117154038485922
7910,ENSG00000184260.6,0.15117054433891072
7911,ENSG00000160460.16,0.15116712100667445
7912,ENSG00000176473.13,0.1511523048658666
7913,ENSG00000185608.8,0.15114180612219816
7914,ENSG00000008083.14,0.1511406753894176
7915,ENSG00000134815.19,0.15112837027506076
7916,ENSG00000132471.12,0.1511012019058913
7917,ENSG00000182208.14,0.15110097687116142
7918,ENSG00000111731.12,0.15103686123466625
7919,ENSG00000096070.19,0.1510250051991432
7920,ENSG00000038210.14,0.15102356872940695
7921,ENSG00000176105.14,0.15102188540596237
7922,ENSG00000008282.9,0.1509915042316016
7923,ENSG00000103495.14,0.1509211406012145
7924,ENSG00000172086.9,0.1509155140683174
7925,ENSG00000176018.13,0.1508816787386208
7926,ENSG00000159871.15,0.15084287497162124
7927,ENSG00000138744.16,0.15079960371093698
7928,ENSG00000112624.12,0.1507181538032573
7929,ENSG00000169136.12,0.15071357991683457
7930,ENSG00000140950.16,0.1507086751672943
7931,ENSG00000149557.14,0.15070232976227813
7932,ENSG00000114796.16,0.15063259072790314
7933,ENSG00000179855.9,0.15052151506347577
7934,ENSG00000099308.10,0.15047678226380337
7935,ENSG00000111834.13,0.15045632091318903
7936,ENSG00000133818.14,0.15043621580187347
7937,ENSG00000172922.11,0.15042821146070356
7938,ENSG00000135452.10,0.1503730938659079
7939,ENSG00000128872.10,0.1503423852123097
7940,ENSG00000184227.8,0.15033413984268731
7941,ENSG00000132155.13,0.15033040257551675
7942,ENSG00000086159.13,0.1502823659037499
7943,ENSG00000166444.19,0.15028232178332565
7944,ENSG00000130779.21,0.15026123982492212
7945,ENSG00000033627.17,0.15023600727534472
7946,ENSG00000100083.19,0.15023448102570708
7947,ENSG00000161671.17,0.1501311980218006
7948,ENSG00000182628.13,0.15011273999365995
7949,ENSG00000157593.19,0.15010848837305427
7950,ENSG00000158828.8,0.1501078594621856
7951,ENSG00000177791.12,0.1500818497436881
7952,ENSG00000151117.9,0.15004447292659237
7953,ENSG00000080823.23,0.14995050136595625
7954,ENSG00000115350.12,0.149936423823457
7955,ENSG00000168569.8,0.1499252971694733
7956,ENSG00000118276.11,0.14989248266852634
7957,ENSG00000185418.16,0.14983915523199678
7958,ENSG00000169045.17,0.14982667456493792
7959,ENSG00000170881.5,0.14977936542477785
7960,ENSG00000126010.6,0.1497614054573833
7961,ENSG00000068971.14,0.1497328066593877
7962,ENSG00000196396.10,0.14973026103854806
7963,ENSG00000105662.16,0.14972228897062426
7964,ENSG00000173465.8,0.14967994633051862
7965,ENSG00000182327.8,0.1496767858800155
7966,ENSG00000110315.7,0.14967427982523585
7967,ENSG00000136908.18,0.14965957802326893
7968,ENSG00000126768.12,0.14960360023300964
7969,ENSG00000141873.11,0.14958975200072197
7970,ENSG00000156831.8,0.14958267863892785
7971,ENSG00000071054.16,0.14956769812121257
7972,ENSG00000184792.16,0.14956395686961194
7973,ENSG00000005483.21,0.14953398477630242
7974,ENSG00000113211.5,0.14953219147376096
7975,ENSG00000135625.8,0.14952421859369022
7976,ENSG00000169684.13,0.1495230028059296
7977,ENSG00000137210.14,0.14948592371607558
7978,ENSG00000139734.19,0.1494839864580473
7979,ENSG00000158805.12,0.14948171894796208
7980,ENSG00000186111.10,0.149480962325142
7981,ENSG00000133657.16,0.14943718604682743
7982,ENSG00000126391.14,0.14937350325386292
7983,ENSG00000181894.15,0.1493691697123858
7984,ENSG00000065518.8,0.14936464440675923
7985,ENSG00000089177.19,0.14933458859150125
7986,ENSG00000172890.13,0.14932019187260118
7987,ENSG00000137872.17,0.1492969715346001
7988,ENSG00000115902.11,0.14928713057728984
7989,ENSG00000143222.12,0.14915332836748632
7990,ENSG00000160055.20,0.14915160607031216
7991,ENSG00000196208.14,0.14914947253001146
7992,ENSG00000165629.20,0.14913842716939013
7993,ENSG00000067606.17,0.14911764269197406
7994,ENSG00000158623.14,0.14910688918303572
7995,ENSG00000214717.12,0.14909020340083426
7996,ENSG00000163482.12,0.14907227887568347
7997,ENSG00000119421.7,0.1490659951767985
7998,ENSG00000168234.13,0.14903887558744686
7999,ENSG00000049541.11,0.14902026938002863
8000,ENSG00000160803.8,0.14900294012456916
8001,ENSG00000118526.7,0.14899950413010843
8002,ENSG00000143815.15,0.14899020556749173
8003,ENSG00000181222.19,0.14898812722871912
8004,ENSG00000117280.13,0.14892456693470385
8005,ENSG00000158092.7,0.14892067805640413
8006,ENSG00000149489.9,0.14890561581610684
8007,ENSG00000161010.15,0.1488580377012182
8008,ENSG00000184677.18,0.14883254351713904
8009,ENSG00000186815.13,0.14882890204489918
8010,ENSG00000141985.9,0.14874820130686667
8011,ENSG00000140497.16,0.1487131978024822
8012,ENSG00000143353.12,0.14871297584448895
8013,ENSG00000143079.15,0.14865667076118733
8014,ENSG00000139921.13,0.14865635208655892
8015,ENSG00000225556.1,0.14864457392559652
8016,ENSG00000123415.15,0.14864456151122238
8017,ENSG00000135968.21,0.1486241500789791
8018,ENSG00000115310.18,0.14861969170387263
8019,ENSG00000117448.14,0.14857341991028258
8020,ENSG00000109787.13,0.1485433614965936
8021,ENSG00000141101.13,0.1485306355805918
8022,ENSG00000132341.12,0.148503161393644
8023,ENSG00000100320.23,0.14849855319888527
8024,ENSG00000105397.14,0.14849520579610373
8025,ENSG00000171291.8,0.14847245457171937
8026,ENSG00000178467.18,0.1484674509897619
8027,ENSG00000249115.9,0.14843702731718753
8028,ENSG00000100580.8,0.1484237531614919
8029,ENSG00000106733.21,0.1484205783677545
8030,ENSG00000157884.11,0.14841658636027763
8031,ENSG00000180694.14,0.14837704120962603
8032,ENSG00000168488.18,0.14835431133708718
8033,ENSG00000182827.9,0.14834895862187691
8034,ENSG00000165406.16,0.1482549619090435
8035,ENSG00000123545.6,0.1482433088608829
8036,ENSG00000119285.11,0.14820299488222674
8037,ENSG00000109066.14,0.14812272997540457
8038,ENSG00000182333.15,0.14810941436435207
8039,ENSG00000196812.5,0.14809248675370604
8040,ENSG00000121207.12,0.14803847864647274
8041,ENSG00000204131.9,0.1480266510729502
8042,ENSG00000178927.18,0.14801323645981532
8043,ENSG00000127990.19,0.14794512859614892
8044,ENSG00000186281.12,0.14792522207018793
8045,ENSG00000113790.11,0.14780878803794087
8046,ENSG00000160323.19,0.14777569761382603
8047,ENSG00000149503.13,0.14773345491088957
8048,ENSG00000167930.17,0.14772149782160085
8049,ENSG00000100632.11,0.1477177236274972
8050,ENSG00000143368.10,0.1477138246091697
8051,ENSG00000170035.16,0.1476804324023982
8052,ENSG00000136159.4,0.14767846338424606
8053,ENSG00000100138.15,0.14764939041459121
8054,ENSG00000103657.14,0.14759063516917367
8055,ENSG00000177463.15,0.14758414933467492
8056,ENSG00000083123.15,0.14757911650569502
8057,ENSG00000104946.13,0.1475500125313889
8058,ENSG00000177189.14,0.14754441196693646
8059,ENSG00000169189.17,0.14754125871519674
8060,ENSG00000144152.13,0.14753521338743988
8061,ENSG00000185133.14,0.1474890701987114
8062,ENSG00000175352.11,0.14747902582024677
8063,ENSG00000147649.10,0.14743018364502383
8064,ENSG00000173013.6,0.14741079481089484
8065,ENSG00000255150.2,0.14741016688290193
8066,ENSG00000174516.15,0.14739850657532402
8067,ENSG00000137055.15,0.1473599163278122
8068,ENSG00000135338.14,0.14735873203909416
8069,ENSG00000167130.18,0.14735683029806645
8070,ENSG00000213965.3,0.14735619500370717
8071,ENSG00000137040.10,0.14734804146345604
8072,ENSG00000163468.15,0.14733412353783373
8073,ENSG00000136628.18,0.14732406797593128
8074,ENSG00000112893.9,0.14730444628049072
8075,ENSG00000158006.14,0.14728529334632334
8076,ENSG00000070413.20,0.1472538302412495
8077,ENSG00000176177.10,0.14725163262025576
8078,ENSG00000174792.11,0.14723382098971652
8079,ENSG00000140548.10,0.1472145569510839
8080,ENSG00000164323.14,0.147183175141681
8081,ENSG00000132669.13,0.1471733577381876
8082,ENSG00000172667.11,0.14717121634723776
8083,ENSG00000167674.15,0.147166449364564
8084,ENSG00000205089.8,0.14714103525611494
8085,ENSG00000131871.15,0.1471343934663797
8086,ENSG00000115677.17,0.1471312980314707
8087,ENSG00000070495.15,0.1471288108554753
8088,ENSG00000197622.13,0.14709113581101446
8089,ENSG00000139971.15,0.1470346435228146
8090,ENSG00000132485.14,0.14700073926278912
8091,ENSG00000196456.13,0.14698444275875142
8092,ENSG00000183023.18,0.14696793571300923
8093,ENSG00000177946.6,0.14694988873695336
8094,ENSG00000127328.22,0.14693808111001133
8095,ENSG00000127914.18,0.14692812302196354
8096,ENSG00000082438.17,0.1469181853239683
8097,ENSG00000160691.19,0.14687318398191546
8098,ENSG00000133872.14,0.146838290360497
8099,ENSG00000198876.13,0.1468110343542214
8100,ENSG00000041357.16,0.1467942283353392
8101,ENSG00000173114.13,0.14671430234708754
8102,ENSG00000174306.21,0.14670187505863702
8103,ENSG00000128739.23,0.1466966508979702
8104,ENSG00000101310.17,0.1466683851372962
8105,ENSG00000136824.19,0.1466674064694602
8106,ENSG00000169021.6,0.14664702087288886
8107,ENSG00000143499.14,0.1466323107497851
8108,ENSG00000090266.13,0.14663137299358514
8109,ENSG00000130311.11,0.14662929101182548
8110,ENSG00000157500.12,0.14662281541937358
8111,ENSG00000101004.15,0.14662112878964817
8112,ENSG00000278845.5,0.14661048642031674
8113,ENSG00000171135.15,0.14654752336276958
8114,ENSG00000170379.20,0.14654014941795626
8115,ENSG00000136021.19,0.14646925723621074
8116,ENSG00000211584.14,0.14646228030705966
8117,ENSG00000140199.13,0.14644117064854997
8118,ENSG00000163521.16,0.14643207565610283
8119,ENSG00000038219.13,0.1463927154865661
8120,ENSG00000005486.17,0.14639084150603682
8121,ENSG00000176399.4,0.14637082106433102
8122,ENSG00000167985.7,0.14636388026687092
8123,ENSG00000111647.13,0.14634615744389975
8124,ENSG00000091947.10,0.1463366973565235
8125,ENSG00000169291.10,0.14625947674065315
8126,ENSG00000124496.12,0.14624939124679226
8127,ENSG00000082153.18,0.146240595487216
8128,ENSG00000108578.15,0.14620123061542548
8129,ENSG00000147255.19,0.14603616009774673
8130,ENSG00000170275.15,0.14603056465205985
8131,ENSG00000151240.17,0.1459580825881973
8132,ENSG00000133858.17,0.14593165647585782
8133,ENSG00000141562.18,0.1458793633129979
8134,ENSG00000113712.19,0.14587514932755039
8135,ENSG00000163755.9,0.14576523319414822
8136,ENSG00000147650.11,0.14576513645329672
8137,ENSG00000123684.13,0.1457521032132251
8138,ENSG00000147324.11,0.14573281179770983
8139,ENSG00000237440.9,0.14573024900794476
8140,ENSG00000139546.11,0.14571773346433872
8141,ENSG00000169083.18,0.1457161443392446
8142,ENSG00000116514.17,0.14571176903688784
8143,ENSG00000130649.10,0.1457030466422633
8144,ENSG00000088854.12,0.1456927546201243
8145,ENSG00000124159.15,0.14569082739774414
8146,ENSG00000145358.6,0.14567078731962904
8147,ENSG00000182957.16,0.1456621108247686
8148,ENSG00000197780.10,0.14565756815262826
8149,ENSG00000100462.16,0.14564918289574763
8150,ENSG00000145990.11,0.14564533388824666
8151,ENSG00000138621.12,0.1456330703408344
8152,ENSG00000096384.20,0.14559228792111945
8153,ENSG00000174371.17,0.14555467743674125
8154,ENSG00000146425.11,0.1455518999408563
8155,ENSG00000013619.14,0.14552786673636223
8156,ENSG00000283486.2,0.14546911255818556
8157,ENSG00000137168.8,0.14545655026663265
8158,ENSG00000179632.10,0.14542429165338158
8159,ENSG00000143184.5,0.14540939819933663
8160,ENSG00000171067.11,0.14539435334035686
8161,ENSG00000127995.17,0.145390276812029
8162,ENSG00000074755.15,0.14539025520794874
8163,ENSG00000111203.13,0.14535927108587485
8164,ENSG00000174547.13,0.14532758525175793
8165,ENSG00000084463.8,0.14531015245888565
8166,ENSG00000050767.17,0.14525247536950092
8167,ENSG00000055957.11,0.1451505636780679
8168,ENSG00000160282.14,0.14511411910119612
8169,ENSG00000215251.4,0.14510712585703547
8170,ENSG00000157510.14,0.14509536292182373
8171,ENSG00000167925.16,0.14506889657972263
8172,ENSG00000188493.15,0.14506291645334365
8173,ENSG00000214113.11,0.14504866348030343
8174,ENSG00000147471.12,0.14498888974053767
8175,ENSG00000153339.15,0.144972764617419
8176,ENSG00000159685.11,0.14494234810024673
8177,ENSG00000263874.2,0.14492416321454749
8178,ENSG00000183354.12,0.14490359500202366
8179,ENSG00000221916.4,0.1448854973036679
8180,ENSG00000153815.16,0.14488007036253894
8181,ENSG00000276231.5,0.1448719442661054
8182,ENSG00000108654.16,0.1448380670797641
8183,ENSG00000134222.16,0.14483365417845032
8184,ENSG00000084676.15,0.14479121899958425
8185,ENSG00000140481.15,0.1447700077944601
8186,ENSG00000140104.14,0.14475004078796197
8187,ENSG00000136770.11,0.14473211193597987
8188,ENSG00000198556.14,0.14473156733111175
8189,ENSG00000037757.14,0.14472259065431384
8190,ENSG00000165997.5,0.14468142247315846
8191,ENSG00000108840.15,0.14466698104655284
8192,ENSG00000005421.9,0.14463904782195128
8193,ENSG00000143401.15,0.14463453387425307
8194,ENSG00000105649.10,0.14459499399391795
8195,ENSG00000104067.17,0.14455653176376057
8196,ENSG00000109920.13,0.14454820127375487
8197,ENSG00000125864.14,0.14454656268766328
8198,ENSG00000131482.10,0.14446264044358031
8199,ENSG00000077232.18,0.14445151244498144
8200,ENSG00000105701.16,0.1444485305288762
8201,ENSG00000247626.5,0.14437125663755604
8202,ENSG00000256269.10,0.14436784110272982
8203,ENSG00000111644.8,0.1443372668869929
8204,ENSG00000051596.10,0.1443299599421672
8205,ENSG00000204613.11,0.14432360000223704
8206,ENSG00000164039.15,0.14431529348796307
8207,ENSG00000142731.11,0.1442403746662923
8208,ENSG00000130054.5,0.14419484777950964
8209,ENSG00000162734.13,0.14411435713961906
8210,ENSG00000004779.10,0.14410584723126954
8211,ENSG00000132517.15,0.14409826914133286
8212,ENSG00000118707.11,0.14407728259213334
8213,ENSG00000117868.17,0.14406260445363717
8214,ENSG00000072135.13,0.144060771417066
8215,ENSG00000124222.22,0.1440578176313327
8216,ENSG00000164305.19,0.14394970581042774
8217,ENSG00000011478.13,0.14389971428323403
8218,ENSG00000076513.17,0.14389640769765757
8219,ENSG00000176248.9,0.1438873583965091
8220,ENSG00000238227.8,0.14381735525790906
8221,ENSG00000010256.11,0.14377740172787243
8222,ENSG00000124160.12,0.14376542786075047
8223,ENSG00000156162.16,0.14373572433744042
8224,ENSG00000129255.16,0.1437184477222081
8225,ENSG00000134109.11,0.1437152787501081
8226,ENSG00000160075.12,0.14370097319754335
8227,ENSG00000028116.18,0.14368623903497982
8228,ENSG00000256771.4,0.1436782884376129
8229,ENSG00000171988.19,0.14366392924683183
8230,ENSG00000172613.8,0.14364193519370175
8231,ENSG00000163479.14,0.14361381427914766
8232,ENSG00000197818.12,0.14357146682728297
8233,ENSG00000121753.12,0.14355489936215812
8234,ENSG00000128510.12,0.14353999817084606
8235,ENSG00000167393.18,0.14351678362675152
8236,ENSG00000104408.11,0.14351175282138912
8237,ENSG00000050426.16,0.14350091879111276
8238,ENSG00000104964.15,0.14350060666665018
8239,ENSG00000103512.15,0.14349927883142566
8240,ENSG00000197063.11,0.14349183666518714
8241,ENSG00000132357.14,0.14348305996928312
8242,ENSG00000180787.6,0.1434701107918558
8243,ENSG00000145246.14,0.1434542515021069
8244,ENSG00000138134.12,0.14343719511178976
8245,ENSG00000061273.18,0.14341550543030837
8246,ENSG00000277161.2,0.143403882906238
8247,ENSG00000171206.15,0.14334015062383332
8248,ENSG00000185246.18,0.14332573445698094
8249,ENSG00000168283.14,0.14330888647158171
8250,ENSG00000126602.11,0.14330824639295556
8251,ENSG00000119787.14,0.14330677103545159
8252,ENSG00000047644.19,0.14328349775205104
8253,ENSG00000136327.7,0.1432644599389348
8254,ENSG00000125447.18,0.14314710541015768
8255,ENSG00000184497.13,0.14314591178832192
8256,ENSG00000185127.6,0.14309168606657446
8257,ENSG00000198538.11,0.14297851185895039
8258,ENSG00000084774.14,0.14295753518447366
8259,ENSG00000165995.22,0.1429218987322715
8260,ENSG00000171517.6,0.1429083356159649
8261,ENSG00000141959.17,0.14290011421891896
8262,ENSG00000175215.11,0.1428904585061821
8263,ENSG00000172232.10,0.14288578884148273
8264,ENSG00000114670.14,0.14283635507033332
8265,ENSG00000119574.13,0.14283571190256605
8266,ENSG00000140479.18,0.14282740846724473
8267,ENSG00000112511.18,0.1428164875718799
8268,ENSG00000131165.16,0.14280151566928595
8269,ENSG00000033178.13,0.14279159808645533
8270,ENSG00000120963.12,0.14278105126536364
8271,ENSG00000154582.17,0.1427586548599802
8272,ENSG00000131368.8,0.14275456799465006
8273,ENSG00000130734.10,0.14274306248413032
8274,ENSG00000165312.6,0.14274043081949178
8275,ENSG00000100211.10,0.14273984414713572
8276,ENSG00000145192.13,0.14268507527404453
8277,ENSG00000173930.9,0.14265414473736274
8278,ENSG00000150527.17,0.14264484755689555
8279,ENSG00000144445.17,0.14262540659941464
8280,ENSG00000158773.14,0.14258778169281436
8281,ENSG00000188523.9,0.14258747447427042
8282,ENSG00000206418.4,0.14255022366901723
8283,ENSG00000256053.9,0.1425451860904426
8284,ENSG00000189339.12,0.14249511771684792
8285,ENSG00000150722.10,0.14248727209044174
8286,ENSG00000100347.15,0.14242957276776064
8287,ENSG00000173757.10,0.14241678315673703
8288,ENSG00000203740.4,0.14241473454262107
8289,ENSG00000120690.16,0.14241317578711898
8290,ENSG00000132294.15,0.14239217282629538
8291,ENSG00000124802.12,0.1423880676905599
8292,ENSG00000158122.12,0.1423869924304714
8293,ENSG00000149091.15,0.1423810002670735
8294,ENSG00000177971.8,0.14237518671858304
8295,ENSG00000055332.18,0.14234386884035177
8296,ENSG00000196757.8,0.14234369897396548
8297,ENSG00000088543.15,0.14233488822536292
8298,ENSG00000055732.13,0.14231880098649083
8299,ENSG00000123570.4,0.14231827320160828
8300,ENSG00000105429.13,0.1423003519286781
8301,ENSG00000112473.18,0.14229211728814453
8302,ENSG00000054965.11,0.14227068272719567
8303,ENSG00000179195.16,0.14226029368825457
8304,ENSG00000133119.13,0.14221461018136025
8305,ENSG00000024526.17,0.14218528171195519
8306,ENSG00000142002.17,0.1421695221091282
8307,ENSG00000132716.19,0.142157783707262
8308,ENSG00000153930.12,0.1421064598643591
8309,ENSG00000175334.8,0.14207550604472957
8310,ENSG00000173535.15,0.14207279897120045
8311,ENSG00000072657.9,0.14206861982973987
8312,ENSG00000162627.17,0.14203580290158857
8313,ENSG00000067066.17,0.14201448945942693
8314,ENSG00000173418.12,0.142010589778289
8315,ENSG00000147852.16,0.14199972492235005
8316,ENSG00000132475.10,0.14197572933955677
8317,ENSG00000006125.18,0.14194458001864804
8318,ENSG00000110011.13,0.14193997126834004
8319,ENSG00000112697.17,0.14193518301039118
8320,ENSG00000139218.18,0.14190665415756779
8321,ENSG00000204604.12,0.14188640145607664
8322,ENSG00000172123.13,0.14188122994972477
8323,ENSG00000136280.17,0.14186651855752713
8324,ENSG00000120458.13,0.14181003597808448
8325,ENSG00000147570.10,0.14179677103477853
8326,ENSG00000160783.19,0.14179563853735996
8327,ENSG00000117620.15,0.14177412478874388
8328,ENSG00000133983.16,0.14175345910973727
8329,ENSG00000157152.17,0.14173183176858925
8330,ENSG00000135698.10,0.1417171415215477
8331,ENSG00000138778.13,0.14167260436199347
8332,ENSG00000134313.16,0.14166454212568166
8333,ENSG00000167977.9,0.1416604217362181
8334,ENSG00000235194.9,0.14163171288799578
8335,ENSG00000125445.11,0.1416228292192941
8336,ENSG00000167792.13,0.1416226789397146
8337,ENSG00000259823.6,0.14161762982857745
8338,ENSG00000177383.5,0.1416001504455502
8339,ENSG00000139517.9,0.1415123669329296
8340,ENSG00000183718.5,0.14147017992582991
8341,ENSG00000012822.16,0.14146872527776044
8342,ENSG00000162430.17,0.14146676237892278
8343,ENSG00000167173.19,0.14145525121808356
8344,ENSG00000167550.11,0.14145484072962897
8345,ENSG00000118200.14,0.1414364890993101
8346,ENSG00000158485.11,0.14142657326846597
8347,ENSG00000123395.14,0.14140344339246544
8348,ENSG00000046651.15,0.1413953535253862
8349,ENSG00000134262.13,0.14136932854391207
8350,ENSG00000126243.9,0.14133704920587495
8351,ENSG00000127588.5,0.14133474388666384
8352,ENSG00000135547.9,0.14132679511493462
8353,ENSG00000143753.13,0.1413225103233893
8354,ENSG00000139131.13,0.14131377353774746
8355,ENSG00000065978.19,0.14129154369545208
8356,ENSG00000105483.18,0.14128919953286181
8357,ENSG00000123064.13,0.141241632095032
8358,ENSG00000107290.14,0.14123459079667114
8359,ENSG00000164970.15,0.141233892885324
8360,ENSG00000158055.16,0.14118769586736557
8361,ENSG00000159377.11,0.14116966967844716
8362,ENSG00000181817.6,0.1411583989760811
8363,ENSG00000101928.13,0.14114276365326772
8364,ENSG00000027847.14,0.14113593345020056
8365,ENSG00000110693.18,0.14112527614183992
8366,ENSG00000138463.9,0.14111275713959692
8367,ENSG00000106244.13,0.1410924583729956
8368,ENSG00000147457.14,0.14108229880865833
8369,ENSG00000183401.12,0.14107452413761717
8370,ENSG00000128272.15,0.14105685171095655
8371,ENSG00000105401.9,0.14095184551236553
8372,ENSG00000155970.12,0.14088153506868878
8373,ENSG00000121671.12,0.1408565788726933
8374,ENSG00000126012.12,0.14081609271355494
8375,ENSG00000136522.14,0.14077594866787507
8376,ENSG00000155099.8,0.14069662670916777
8377,ENSG00000142507.10,0.14066448005285886
8378,ENSG00000055609.19,0.14064442471316285
8379,ENSG00000174885.13,0.14063772523712845
8380,ENSG00000160007.19,0.14061170426714967
8381,ENSG00000107560.12,0.14060935400684785
8382,ENSG00000102471.14,0.14056438157407963
8383,ENSG00000164318.18,0.14054132739009884
8384,ENSG00000144935.15,0.14051084973833616
8385,ENSG00000166436.16,0.1404315016783348
8386,ENSG00000187325.5,0.14042802535413904
8387,ENSG00000109881.17,0.14040950223033033
8388,ENSG00000011405.13,0.14038485433112502
8389,ENSG00000161682.15,0.14037808273357777
8390,ENSG00000163577.8,0.14032513684149786
8391,ENSG00000113583.8,0.14031300997447088
8392,ENSG00000078808.19,0.140277528770425
8393,ENSG00000105438.9,0.14027734139450326
8394,ENSG00000104365.16,0.14027589924772121
8395,ENSG00000137038.8,0.1402391685921077
8396,ENSG00000138468.16,0.1402230957758866
8397,ENSG00000132466.19,0.14022110559024814
8398,ENSG00000128951.14,0.1402198169173082
8399,ENSG00000172432.19,0.14021100294395453
8400,ENSG00000171490.13,0.14020206802188018
8401,ENSG00000175324.10,0.14019172940882202
8402,ENSG00000169884.14,0.14018986286955182
8403,ENSG00000118496.5,0.1401638797301603
8404,ENSG00000104904.12,0.1401626668353317
8405,ENSG00000123473.16,0.14014193640175437
8406,ENSG00000072133.11,0.14011821218580142
8407,ENSG00000155816.20,0.1401063988557372
8408,ENSG00000170802.16,0.14005759230924414
8409,ENSG00000171928.14,0.14004801917577084
8410,ENSG00000175893.12,0.1400281368841267
8411,ENSG00000163064.7,0.14000996251805767
8412,ENSG00000139572.4,0.13998488549813132
8413,ENSG00000154736.6,0.13992744331111384
8414,ENSG00000147044.22,0.1398584621673862
8415,ENSG00000122042.10,0.13985793052468096
8416,ENSG00000166189.8,0.13983047874070456
8417,ENSG00000133731.10,0.13979516682148654
8418,ENSG00000181163.14,0.1397899519025407
8419,ENSG00000104177.18,0.13978882014273847
8420,ENSG00000187624.9,0.13976102615114286
8421,ENSG00000133318.14,0.13975229703975456
8422,ENSG00000100154.14,0.1397470155314177
8423,ENSG00000105321.14,0.13973152984412374
8424,ENSG00000150045.12,0.13972252544108174
8425,ENSG00000075391.17,0.13968370315082212
8426,ENSG00000189046.11,0.1396764149120728
8427,ENSG00000178084.2,0.1396156952780713
8428,ENSG00000169084.15,0.13958138028416403
8429,ENSG00000143970.17,0.13950617303389087
8430,ENSG00000140848.17,0.13947412605521947
8431,ENSG00000143106.13,0.1394729661185243
8432,ENSG00000095777.17,0.13946877570387897
8433,ENSG00000106018.14,0.1394592543427758
8434,ENSG00000186260.17,0.139447058430188
8435,ENSG00000178171.11,0.13943496423772517
8436,ENSG00000205643.11,0.13939140473016357
8437,ENSG00000143303.12,0.1393746200827396
8438,ENSG00000254221.2,0.13934586753404174
8439,ENSG00000124181.14,0.13932564781937898
8440,ENSG00000138074.15,0.13932506202440328
8441,ENSG00000125207.7,0.13930891628797598
8442,ENSG00000151789.12,0.13930570156804709
8443,ENSG00000256537.5,0.1392741626795781
8444,ENSG00000182541.18,0.13927224337788618
8445,ENSG00000124198.9,0.13926706156811036
8446,ENSG00000146476.11,0.13925654655322392
8447,ENSG00000163156.12,0.13925307497659642
8448,ENSG00000181904.9,0.13920930992656608
8449,ENSG00000266524.3,0.1391676476526998
8450,ENSG00000112118.20,0.13915613593368129
8451,ENSG00000106479.11,0.13913760194458255
8452,ENSG00000205177.6,0.13913718786168058
8453,ENSG00000101856.10,0.13912052060766084
8454,ENSG00000134686.18,0.1390928082174701
8455,ENSG00000158985.14,0.13908744868425965
8456,ENSG00000198796.7,0.13907810479390806
8457,ENSG00000137497.18,0.13903538592552667
8458,ENSG00000101972.19,0.13901652250046362
8459,ENSG00000132963.8,0.13901359865287408
8460,ENSG00000198466.12,0.1390037621779338
8461,ENSG00000031003.10,0.1389997770503702
8462,ENSG00000184162.15,0.13896595922199267
8463,ENSG00000115307.17,0.13895874222737528
8464,ENSG00000165935.9,0.13895245634903894
8465,ENSG00000183726.11,0.1389371976090553
8466,ENSG00000114988.12,0.1389266334924629
8467,ENSG00000146955.11,0.13892349897894216
8468,ENSG00000188994.13,0.13890227794710377
8469,ENSG00000164885.13,0.13889770263196355
8470,ENSG00000116473.14,0.13889037966761486
8471,ENSG00000111144.10,0.13886559798205397
8472,ENSG00000100425.18,0.13880835188377363
8473,ENSG00000113248.6,0.13879100192738034
8474,ENSG00000183763.9,0.13876739645368247
8475,ENSG00000162385.11,0.13875442815159278
8476,ENSG00000153574.9,0.13860197229175608
8477,ENSG00000162851.8,0.138596860216601
8478,ENSG00000011566.15,0.1385940318658877
8479,ENSG00000197183.14,0.13858700008566488
8480,ENSG00000164620.9,0.13858274786184072
8481,ENSG00000167671.12,0.13857662519115824
8482,ENSG00000136982.6,0.13857140806098953
8483,ENSG00000144747.17,0.13856764728468202
8484,ENSG00000178252.18,0.13854535073217494
8485,ENSG00000134830.6,0.1385363355427402
8486,ENSG00000114127.11,0.1385242703469876
8487,ENSG00000141759.15,0.13851844617536319
8488,ENSG00000131242.18,0.1384928067219212
8489,ENSG00000100246.13,0.13840950779244401
8490,ENSG00000108946.15,0.13840061536223128
8491,ENSG00000171606.18,0.13837686966633445
8492,ENSG00000198208.12,0.1383539053515611
8493,ENSG00000089060.11,0.13831749662079945
8494,ENSG00000166734.20,0.13828403333198028
8495,ENSG00000084693.16,0.1382803404945452
8496,ENSG00000118162.14,0.1382634805277697
8497,ENSG00000154640.15,0.1382572914273719
8498,ENSG00000196544.8,0.13822745180347668
8499,ENSG00000087884.14,0.13817770682151184
8500,ENSG00000119862.13,0.13813387468634666
8501,ENSG00000132196.15,0.13812542321093435
8502,ENSG00000137504.14,0.13811692009466334
8503,ENSG00000176438.12,0.138105524343109
8504,ENSG00000087502.18,0.13810126541816106
8505,ENSG00000142230.13,0.13807602312728567
8506,ENSG00000116809.12,0.13804924485461637
8507,ENSG00000186205.13,0.13798568751689574
8508,ENSG00000099949.21,0.1379632965088411
8509,ENSG00000204272.13,0.1379410115124909
8510,ENSG00000197579.8,0.13792065518628388
8511,ENSG00000166813.16,0.1378691000279835
8512,ENSG00000169432.18,0.13786908237796175
8513,ENSG00000131473.17,0.13785882653652778
8514,ENSG00000187741.15,0.13785858105828297
8515,ENSG00000134490.14,0.1378245088241018
8516,ENSG00000182197.12,0.13781658659123053
8517,ENSG00000106829.20,0.13781146039408831
8518,ENSG00000166226.13,0.13778746601936426
8519,ENSG00000106868.17,0.1377768575433097
8520,ENSG00000071462.12,0.13777114092027506
8521,ENSG00000189043.10,0.13772023718348528
8522,ENSG00000152556.17,0.13771410801250064
8523,ENSG00000138439.12,0.1376963171140576
8524,ENSG00000197555.9,0.1376813386266066
8525,ENSG00000078487.17,0.13766031989479782
8526,ENSG00000100731.16,0.13765309422485825
8527,ENSG00000100242.15,0.13764737613416497
8528,ENSG00000137449.17,0.13761799173372874
8529,ENSG00000215218.4,0.13760647516530608
8530,ENSG00000162542.13,0.13751513809840915
8531,ENSG00000188976.11,0.13750560025898453
8532,ENSG00000146083.12,0.13749601185239796
8533,ENSG00000141446.11,0.13747972241123743
8534,ENSG00000130958.13,0.13742697117025962
8535,ENSG00000188130.14,0.13742680732204035
8536,ENSG00000177728.17,0.13741180303780742
8537,ENSG00000182903.16,0.1374009205073245
8538,ENSG00000163378.14,0.13728542162455457
8539,ENSG00000127334.11,0.13728195618372604
8540,ENSG00000115760.14,0.13725619075414014
8541,ENSG00000137478.15,0.13725559583267666
8542,ENSG00000090372.15,0.13722289050404884
8543,ENSG00000224383.8,0.13721020457922323
8544,ENSG00000171681.12,0.13717908172292245
8545,ENSG00000136044.12,0.13714729642403103
8546,ENSG00000113811.11,0.13708943595651113
8547,ENSG00000053372.5,0.13708440623426893
8548,ENSG00000103449.12,0.13707089592333477
8549,ENSG00000171914.16,0.13706767412638396
8550,ENSG00000166272.18,0.1370599290330461
8551,ENSG00000105398.4,0.13705446670775837
8552,ENSG00000076043.11,0.13704020992504895
8553,ENSG00000266412.5,0.13703785286137388
8554,ENSG00000183067.5,0.1370207218229581
8555,ENSG00000042286.15,0.137013419274636
8556,ENSG00000204348.10,0.1370128207310559
8557,ENSG00000165698.16,0.13700962508726408
8558,ENSG00000160688.19,0.13700148746426044
8559,ENSG00000163125.15,0.13696016979441356
8560,ENSG00000139370.12,0.13691325041478494
8561,ENSG00000116521.11,0.13689993651668098
8562,ENSG00000131408.15,0.13688628156008467
8563,ENSG00000133131.15,0.13687318676110155
8564,ENSG00000144191.12,0.13680875959930544
8565,ENSG00000144642.22,0.13678288722513507
8566,ENSG00000120798.17,0.13675211744511578
8567,ENSG00000085224.23,0.13675093835714933
8568,ENSG00000100360.15,0.13672134236124298
8569,ENSG00000148090.12,0.13668392383282663
8570,ENSG00000007968.7,0.13668078004909748
8571,ENSG00000126457.22,0.1366262666790721
8572,ENSG00000170222.12,0.1365881556523955
8573,ENSG00000106263.18,0.13657970635142505
8574,ENSG00000171530.15,0.13657155886426464
8575,ENSG00000120913.23,0.13650923088259986
8576,ENSG00000198948.12,0.1364995861100929
8577,ENSG00000131725.14,0.13649722751071422
8578,ENSG00000205903.7,0.13646853747848214
8579,ENSG00000186635.14,0.13638993813798492
8580,ENSG00000104953.20,0.13638288841708213
8581,ENSG00000122378.14,0.1363798742992978
8582,ENSG00000263001.7,0.13633492176824827
8583,ENSG00000115596.4,0.13632233230368818
8584,ENSG00000189068.11,0.1363220900246976
8585,ENSG00000095951.17,0.1363152182865228
8586,ENSG00000166589.13,0.13628560717703542
8587,ENSG00000129534.14,0.13626682615823113
8588,ENSG00000160218.13,0.13622578399712965
8589,ENSG00000002834.18,0.13622545692933882
8590,ENSG00000066777.9,0.13620634624272715
8591,ENSG00000169249.13,0.13613594326580775
8592,ENSG00000166479.10,0.13611430494104454
8593,ENSG00000089041.17,0.13607832599203337
8594,ENSG00000166169.17,0.13606340432712052
8595,ENSG00000044090.10,0.13601399895557145
8596,ENSG00000143337.19,0.13599959018215937
8597,ENSG00000146453.13,0.1359907168767128
8598,ENSG00000122729.19,0.1359758332943402
8599,ENSG00000128512.23,0.13596416143784193
8600,ENSG00000128394.17,0.13596045646112556
8601,ENSG00000110958.16,0.13595918884247657
8602,ENSG00000174748.22,0.1359381673378548
8603,ENSG00000139350.12,0.13590877861451295
8604,ENSG00000100207.20,0.13588878747981165
8605,ENSG00000081377.17,0.1358590085337353
8606,ENSG00000198554.12,0.13582193955671698
8607,ENSG00000080822.17,0.1358123478197108
8608,ENSG00000125863.20,0.13578861295346545
8609,ENSG00000124207.17,0.1357726247998725
8610,ENSG00000176182.6,0.13574305887139396
8611,ENSG00000130045.16,0.13573743809938174
8612,ENSG00000152953.13,0.13570531487652132
8613,ENSG00000116489.13,0.1356946591077171
8614,ENSG00000072042.13,0.1356456595200737
8615,ENSG00000213995.11,0.1356056489670364
8616,ENSG00000175792.12,0.13559551683921983
8617,ENSG00000067704.10,0.13557542116995425
8618,ENSG00000083799.18,0.13556953732098354
8619,ENSG00000106785.15,0.13556669480085817
8620,ENSG00000053108.17,0.1355361301774252
8621,ENSG00000184898.7,0.13552300851131438
8622,ENSG00000103245.14,0.13548730642346882
8623,ENSG00000066557.6,0.13545994369549622
8624,ENSG00000090975.13,0.13543504115225213
8625,ENSG00000165512.5,0.13539164183473537
8626,ENSG00000118307.20,0.135388780883011
8627,ENSG00000071051.14,0.13537295986404516
8628,ENSG00000147224.13,0.13535212867569754
8629,ENSG00000278540.5,0.13534730369928644
8630,ENSG00000158615.9,0.13529508153687272
8631,ENSG00000090565.17,0.13527569711709655
8632,ENSG00000139880.19,0.13525683029486424
8633,ENSG00000104679.12,0.13525123355413668
8634,ENSG00000119650.13,0.13524301807840608
8635,ENSG00000124688.14,0.13524276149451145
8636,ENSG00000178462.12,0.13519580769402864
8637,ENSG00000124098.10,0.13516729134478986
8638,ENSG00000168172.9,0.13516665465112615
8639,ENSG00000166889.14,0.13515670155013879
8640,ENSG00000064313.12,0.13514559770456916
8641,ENSG00000234965.2,0.13513692920467021
8642,ENSG00000100243.21,0.1351330798236562
8643,ENSG00000118242.16,0.13511396901657818
8644,ENSG00000024862.18,0.1351138704629533
8645,ENSG00000164144.16,0.13505738311719348
8646,ENSG00000148985.20,0.13504206378362443
8647,ENSG00000171861.11,0.13503899068698605
8648,ENSG00000144118.14,0.13500407740156586
8649,ENSG00000169019.11,0.13499880993567934
8650,ENSG00000153048.11,0.13499210250597823
8651,ENSG00000096717.12,0.1349308547157681
8652,ENSG00000150977.10,0.134838260205978
8653,ENSG00000183624.14,0.13481405659948684
8654,ENSG00000167085.13,0.13481183991213055
8655,ENSG00000134864.10,0.13476826305541983
8656,ENSG00000110881.12,0.1347645259938789
8657,ENSG00000205808.7,0.13475631263093835
8658,ENSG00000178691.11,0.13472897795302807
8659,ENSG00000151366.13,0.1346808398997167
8660,ENSG00000187231.14,0.13465850164545545
8661,ENSG00000138593.9,0.13463284005863013
8662,ENSG00000040487.13,0.13462443537033972
8663,ENSG00000273045.7,0.1346121727895573
8664,ENSG00000130772.14,0.13460071338289023
8665,ENSG00000173409.14,0.1345988624575905
8666,ENSG00000137161.17,0.13458320817351704
8667,ENSG00000123240.17,0.1345476090909839
8668,ENSG00000168300.14,0.1345361470182063
8669,ENSG00000174032.17,0.13451581539611127
8670,ENSG00000166068.13,0.13450961127132727
8671,ENSG00000135446.17,0.13450187949005898
8672,ENSG00000100567.13,0.13441249291436175
8673,ENSG00000197860.10,0.1344026471387566
8674,ENSG00000166900.17,0.13439043200680673
8675,ENSG00000173327.8,0.13437906160620225
8676,ENSG00000134982.17,0.13437805563285382
8677,ENSG00000228716.7,0.13436628269328643
8678,ENSG00000100034.14,0.13432672287825131
8679,ENSG00000164758.7,0.13430110786582036
8680,ENSG00000116237.16,0.13428103977140451
8681,ENSG00000274211.6,0.13427278001610693
8682,ENSG00000079432.7,0.13425229769631514
8683,ENSG00000109466.14,0.13422602655327975
8684,ENSG00000068438.15,0.13417357088412868
8685,ENSG00000103544.15,0.1341700543475391
8686,ENSG00000107372.13,0.1341389486681471
8687,ENSG00000163808.17,0.13411788374178768
8688,ENSG00000128563.13,0.13406900106376698
8689,ENSG00000167751.13,0.13405883538427332
8690,ENSG00000164048.14,0.13403039818121124
8691,ENSG00000017260.20,0.13401834419547165
8692,ENSG00000141367.12,0.134002123014102
8693,ENSG00000089289.16,0.13398683145250093
8694,ENSG00000076924.12,0.13398422391339632
8695,ENSG00000130726.12,0.1339827773188511
8696,ENSG00000055483.19,0.1339827389552531
8697,ENSG00000177694.16,0.1339746067381596
8698,ENSG00000184743.13,0.13396784605642376
8699,ENSG00000102385.12,0.13395870074557253
8700,ENSG00000117713.20,0.1339523847780295
8701,ENSG00000081181.8,0.13394636841733806
8702,ENSG00000134058.12,0.1339250623905831
8703,ENSG00000072736.19,0.1339116401346043
8704,ENSG00000197217.13,0.13387913741693333
8705,ENSG00000089163.4,0.13384712858546938
8706,ENSG00000122778.10,0.13384252872536326
8707,ENSG00000164187.7,0.13384208747423587
8708,ENSG00000110171.20,0.1338342262880927
8709,ENSG00000185532.20,0.13381388402922598
8710,ENSG00000129515.20,0.13381167943316183
8711,ENSG00000147180.17,0.1337943013048371
8712,ENSG00000196482.18,0.13378937562789442
8713,ENSG00000089335.21,0.13376894410761986
8714,ENSG00000171155.8,0.13370837113335904
8715,ENSG00000152291.14,0.1336909999963864
8716,ENSG00000184271.17,0.1336686496118053
8717,ENSG00000181778.5,0.13366353687068794
8718,ENSG00000169727.12,0.13363847452982844
8719,ENSG00000111732.11,0.1336383616693653
8720,ENSG00000136925.15,0.13360120684114626
8721,ENSG00000156515.24,0.13358279733168027
8722,ENSG00000168003.17,0.13357278500723713
8723,ENSG00000163795.14,0.1335592472406987
8724,ENSG00000164506.14,0.13354028549791705
8725,ENSG00000115128.7,0.1335328305581237
8726,ENSG00000136114.17,0.1335032941910617
8727,ENSG00000130829.18,0.1334902145443764
8728,ENSG00000161981.11,0.13345291869639458
8729,ENSG00000175216.15,0.13340145999736436
8730,ENSG00000037241.7,0.13336029820007603
8731,ENSG00000101421.4,0.13333551666905027
8732,ENSG00000129595.14,0.13330820679904293
8733,ENSG00000112640.16,0.133291594719037
8734,ENSG00000072134.15,0.1332623895679878
8735,ENSG00000143390.18,0.13321756591226094
8736,ENSG00000164124.11,0.13321556760065417
8737,ENSG00000184937.16,0.13316440296477447
8738,ENSG00000168481.9,0.13315252118358842
8739,ENSG00000166598.15,0.13314684124423898
8740,ENSG00000185808.14,0.13314545358779983
8741,ENSG00000170473.17,0.13312614474803716
8742,ENSG00000177990.12,0.13312541648369883
8743,ENSG00000157350.13,0.13310745407324695
8744,ENSG00000131149.19,0.13301649234000298
8745,ENSG00000141569.12,0.13299482456482756
8746,ENSG00000177054.14,0.13294887603811656
8747,ENSG00000196104.11,0.132922223728484
8748,ENSG00000005471.19,0.1328780277282014
8749,ENSG00000006607.14,0.13286167162080284
8750,ENSG00000132382.15,0.13286070155128887
8751,ENSG00000165244.7,0.1328053548607827
8752,ENSG00000179051.14,0.13276610360242388
8753,ENSG00000159210.10,0.1327545306256361
8754,ENSG00000182307.14,0.13273675240570154
8755,ENSG00000085185.15,0.13273249375493398
8756,ENSG00000178662.16,0.13271588389073388
8757,ENSG00000101350.8,0.13268975940034797
8758,ENSG00000065911.13,0.1326767668738417
8759,ENSG00000120251.21,0.13265115927765683
8760,ENSG00000090263.16,0.1326470996185719
8761,ENSG00000182732.18,0.13261904114687514
8762,ENSG00000174007.9,0.13261607455834376
8763,ENSG00000112305.15,0.1326020512004098
8764,ENSG00000155158.20,0.1325970479242724
8765,ENSG00000068028.17,0.1325481582696307
8766,ENSG00000134049.6,0.13250840569837094
8767,ENSG00000196659.10,0.13249060260247147
8768,ENSG00000170270.5,0.13248735771192968
8769,ENSG00000137575.12,0.1324814018536316
8770,ENSG00000138688.15,0.13244484872879617
8771,ENSG00000048392.12,0.13244406971426795
8772,ENSG00000280670.3,0.1324375640813436
8773,ENSG00000159352.16,0.13240597315420713
8774,ENSG00000131409.13,0.1324025749203132
8775,ENSG00000142599.19,0.1323808002849993
8776,ENSG00000180549.8,0.13238068210097648
8777,ENSG00000102780.17,0.13234368179593237
8778,ENSG00000169964.8,0.13229839565610735
8779,ENSG00000196867.8,0.13229235628792452
8780,ENSG00000153406.14,0.13226128014255922
8781,ENSG00000255398.3,0.13225631372254498
8782,ENSG00000102119.11,0.1322439158975146
8783,ENSG00000117407.17,0.1321926668664079
8784,ENSG00000102977.17,0.1321911181356467
8785,ENSG00000170619.10,0.13219018554087536
8786,ENSG00000126790.12,0.13216255133935906
8787,ENSG00000047410.14,0.1321610656038411
8788,ENSG00000006652.15,0.1321465662604208
8789,ENSG00000109390.13,0.13212603047467583
8790,ENSG00000213281.5,0.13207124367002634
8791,ENSG00000109929.10,0.13205194639444387
8792,ENSG00000104660.19,0.13201710976356149
8793,ENSG00000138071.14,0.1320077742099319
8794,ENSG00000127955.17,0.1320032315816406
8795,ENSG00000164346.10,0.13194286126197688
8796,ENSG00000106780.9,0.1319407749091067
8797,ENSG00000221886.4,0.13192055329205254
8798,ENSG00000119408.17,0.13190958592400928
8799,ENSG00000055950.16,0.13186964147437635
8800,ENSG00000068383.19,0.13183679972656107
8801,ENSG00000254726.3,0.13182450234059745
8802,ENSG00000130158.14,0.1318201913271182
8803,ENSG00000133142.18,0.13179170680958652
8804,ENSG00000173040.13,0.13178558948856453
8805,ENSG00000174151.15,0.13178387255416818
8806,ENSG00000140263.15,0.13177959684251464
8807,ENSG00000013563.14,0.13175373855915914
8808,ENSG00000171634.18,0.13172257750820782
8809,ENSG00000121851.13,0.13172021988428348
8810,ENSG00000101871.16,0.1316917910494803
8811,ENSG00000170310.15,0.13169123002657962
8812,ENSG00000081026.19,0.13162420778451203
8813,ENSG00000111911.7,0.13158274856404292
8814,ENSG00000131446.17,0.13153707598312894
8815,ENSG00000066379.15,0.13151839340793323
8816,ENSG00000086712.13,0.13150848773229573
8817,ENSG00000174744.14,0.1315045878289842
8818,ENSG00000196227.11,0.13149492385564673
8819,ENSG00000129103.19,0.13147750496953214
8820,ENSG00000159761.15,0.1313403664630074
8821,ENSG00000066084.13,0.13133317865610308
8822,ENSG00000126249.8,0.13131607018072808
8823,ENSG00000111802.14,0.13131025889427717
8824,ENSG00000144199.12,0.13130979995468317
8825,ENSG00000197705.10,0.13126911748993342
8826,ENSG00000196313.11,0.13119155094605928
8827,ENSG00000126106.14,0.13118552693380042
8828,ENSG00000101489.20,0.13117338598388556
8829,ENSG00000083937.10,0.13117286017653348
8830,ENSG00000139914.6,0.13116657216022246
8831,ENSG00000099385.12,0.13113366055424233
8832,ENSG00000126214.21,0.13112793409754595
8833,ENSG00000100528.12,0.13112011550232797
8834,ENSG00000136270.14,0.1311112821208113
8835,ENSG00000157916.20,0.13111127996697422
8836,ENSG00000165271.17,0.13111088444313343
8837,ENSG00000100099.21,0.13107368326464075
8838,ENSG00000116221.15,0.13107195752635503
8839,ENSG00000111670.16,0.13105498116809433
8840,ENSG00000154370.16,0.13103883888778983
8841,ENSG00000132694.19,0.13103486419450755
8842,ENSG00000185163.10,0.13099021083877146
8843,ENSG00000198825.15,0.13098915046480722
8844,ENSG00000116209.12,0.13094390843299844
8845,ENSG00000183347.15,0.13093353994979925
8846,ENSG00000138801.9,0.13089973901542576
8847,ENSG00000125637.16,0.1308953042362651
8848,ENSG00000104093.14,0.13087217386985509
8849,ENSG00000015171.20,0.13085072768653164
8850,ENSG00000168060.16,0.13084557817205272
8851,ENSG00000173473.11,0.13084382502876662
8852,ENSG00000159733.14,0.13084369138904123
8853,ENSG00000145780.8,0.130746602833488
8854,ENSG00000088832.18,0.13074298312396648
8855,ENSG00000179941.9,0.1306993080764962
8856,ENSG00000116675.16,0.13068394113489695
8857,ENSG00000158552.13,0.13066711594647387
8858,ENSG00000105617.4,0.1306353434880418
8859,ENSG00000170921.15,0.13063474047187568
8860,ENSG00000162377.6,0.1306177945945618
8861,ENSG00000157077.15,0.1306137504482635
8862,ENSG00000131779.11,0.130581692727771
8863,ENSG00000136878.14,0.13057790216130025
8864,ENSG00000035687.10,0.13056878733501853
8865,ENSG00000066583.12,0.13056304694005993
8866,ENSG00000105227.16,0.1305529533037133
8867,ENSG00000237190.4,0.13054864370705083
8868,ENSG00000187091.14,0.13054014053455948
8869,ENSG00000205707.11,0.13049872973563753
8870,ENSG00000087338.5,0.13046941735704984
8871,ENSG00000171160.18,0.13046209963045138
8872,ENSG00000196588.20,0.13044745542666758
8873,ENSG00000066855.16,0.13042978686907042
8874,ENSG00000139613.12,0.13042974895799037
8875,ENSG00000204673.11,0.1304180476586731
8876,ENSG00000138078.16,0.13041017937787835
8877,ENSG00000132549.18,0.130348195625238
8878,ENSG00000104228.13,0.13031653828126533
8879,ENSG00000103591.13,0.1302806825985836
8880,ENSG00000196074.13,0.1302623201021771
8881,ENSG00000188263.10,0.13025902968695766
8882,ENSG00000076351.13,0.1301967688777018
8883,ENSG00000184575.12,0.13019600703992257
8884,ENSG00000127337.7,0.1301935533870337
8885,ENSG00000225973.4,0.13019052759961616
8886,ENSG00000122140.11,0.1301629300698337
8887,ENSG00000174749.6,0.1301607269200198
8888,ENSG00000140332.17,0.13015628845106833
8889,ENSG00000171793.16,0.13013917317734058
8890,ENSG00000010361.14,0.1300761297114112
8891,ENSG00000262246.6,0.13006605453186512
8892,ENSG00000177868.12,0.13004114214005513
8893,ENSG00000173653.8,0.13003803280975115
8894,ENSG00000102302.8,0.13003321412814903
8895,ENSG00000169925.17,0.13001030758384288
8896,ENSG00000100592.16,0.1299869754962049
8897,ENSG00000048707.15,0.1299660310640331
8898,ENSG00000174370.11,0.12990187527105324
8899,ENSG00000171984.15,0.12984582324874236
8900,ENSG00000187758.8,0.12980883380283217
8901,ENSG00000165661.17,0.12980541966500903
8902,ENSG00000214941.8,0.1297945686008887
8903,ENSG00000162694.14,0.12978040038387773
8904,ENSG00000101745.17,0.12977113728404116
8905,ENSG00000157326.19,0.1297459564466314
8906,ENSG00000100473.18,0.1297437918079252
8907,ENSG00000143183.18,0.12973677779099613
8908,ENSG00000171421.13,0.12972239418480883
8909,ENSG00000137312.15,0.12971481916361607
8910,ENSG00000013523.11,0.1297086274403945
8911,ENSG00000204922.5,0.1297029778126328
8912,ENSG00000179886.6,0.12970042872558252
8913,ENSG00000100650.16,0.1296956922596465
8914,ENSG00000138670.18,0.1296949507265233
8915,ENSG00000186973.11,0.12968978017777485
8916,ENSG00000105866.15,0.12965990086418505
8917,ENSG00000160216.21,0.12965664893657444
8918,ENSG00000185361.9,0.12964755865767452
8919,ENSG00000065526.12,0.12961795012395338
8920,ENSG00000142687.18,0.1296159383635232
8921,ENSG00000047579.20,0.1296094803913712
8922,ENSG00000248333.9,0.12960197113381405
8923,ENSG00000198900.6,0.12960110341481879
8924,ENSG00000255639.3,0.1295507453407308
8925,ENSG00000116685.16,0.1295409248960577
8926,ENSG00000103126.15,0.12952318621833353
8927,ENSG00000113494.17,0.12948538883241098
8928,ENSG00000090273.14,0.12946960824744339
8929,ENSG00000149636.16,0.12946396903478855
8930,ENSG00000167670.16,0.12938420073903473
8931,ENSG00000130349.10,0.12937365035030163
8932,ENSG00000154642.11,0.12936927543473753
8933,ENSG00000158104.11,0.1293633071282446
8934,ENSG00000131023.13,0.12935641908505333
8935,ENSG00000151835.16,0.129354405437986
8936,ENSG00000100084.14,0.12931952099992353
8937,ENSG00000181284.3,0.12929850883975832
8938,ENSG00000165684.4,0.12928859069663806
8939,ENSG00000196476.12,0.12928610664456444
8940,ENSG00000226887.8,0.12928079450850075
8941,ENSG00000072401.15,0.12927599624118377
8942,ENSG00000143771.12,0.1292405880651389
8943,ENSG00000171467.16,0.1292150739458182
8944,ENSG00000186479.5,0.12920792561136188
8945,ENSG00000008018.9,0.12920433043633817
8946,ENSG00000163218.15,0.1292010591162757
8947,ENSG00000177239.15,0.1291942829490033
8948,ENSG00000161896.12,0.12919052754898402
8949,ENSG00000119707.14,0.12916945774927702
8950,ENSG00000181744.9,0.12916481226542695
8951,ENSG00000167207.14,0.12908314914308092
8952,ENSG00000174780.17,0.12907858568548622
8953,ENSG00000046647.13,0.129075161431939
8954,ENSG00000144362.12,0.12906352173166846
8955,ENSG00000171314.9,0.1290344794193343
8956,ENSG00000108381.11,0.12902406894546878
8957,ENSG00000143179.16,0.12899493282997265
8958,ENSG00000149308.17,0.12899193372947748
8959,ENSG00000185515.15,0.12898841746802409
8960,ENSG00000118473.22,0.12891837169172285
8961,ENSG00000198887.9,0.12890517037724875
8962,ENSG00000134962.7,0.12889418320901228
8963,ENSG00000114405.11,0.12888328744273783
8964,ENSG00000053501.13,0.12887293299464125
8965,ENSG00000149927.18,0.12884731071081745
8966,ENSG00000159086.15,0.12884516577198912
8967,ENSG00000133661.17,0.128806155153622
8968,ENSG00000181481.14,0.12878930559427723
8969,ENSG00000186063.13,0.1287295403586707
8970,ENSG00000028203.18,0.12872759190775251
8971,ENSG00000159216.19,0.1287208219870693
8972,ENSG00000204356.14,0.12871054402726176
8973,ENSG00000160094.15,0.128666178773505
8974,ENSG00000183570.16,0.12866600259390476
8975,ENSG00000188706.13,0.12864470339308828
8976,ENSG00000103769.10,0.12864153152517177
8977,ENSG00000154165.5,0.12860847428906652
8978,ENSG00000198315.11,0.12858370414103157
8979,ENSG00000175395.16,0.12857429240151538
8980,ENSG00000117862.13,0.12857380909730978
8981,ENSG00000164463.12,0.1285623009763151
8982,ENSG00000101294.18,0.1285464605083281
8983,ENSG00000103966.11,0.12854344390358802
8984,ENSG00000106355.10,0.12853980072090665
8985,ENSG00000166295.9,0.12853596106476806
8986,ENSG00000133030.22,0.1285147368406458
8987,ENSG00000170703.15,0.12847251678286653
8988,ENSG00000104325.7,0.12846904382715746
8989,ENSG00000085377.15,0.12846314190288383
8990,ENSG00000136938.9,0.12845023564168312
8991,ENSG00000266074.10,0.128446906423275
8992,ENSG00000130024.15,0.12838362041520665
8993,ENSG00000203952.9,0.12837085791126646
8994,ENSG00000184445.12,0.12825064289766783
8995,ENSG00000110723.12,0.12825018861471815
8996,ENSG00000151470.13,0.12824846422025613
8997,ENSG00000156052.11,0.12823658970123641
8998,ENSG00000169567.13,0.1282141334433273
8999,ENSG00000185664.14,0.12820617947648794
9000,ENSG00000254901.8,0.12820609725308957
9001,ENSG00000198715.13,0.1281414088271363
9002,ENSG00000075945.13,0.12813854040978012
9003,ENSG00000140598.15,0.12808632712810197
9004,ENSG00000129158.11,0.12808025708492826
9005,ENSG00000177105.10,0.12806793667221697
9006,ENSG00000173674.11,0.12806608589818105
9007,ENSG00000160226.16,0.12806366019563087
9008,ENSG00000147854.17,0.12805145859880265
9009,ENSG00000162063.13,0.12803660896698574
9010,ENSG00000113719.16,0.12795597123995825
9011,ENSG00000111843.14,0.12795182794850815
9012,ENSG00000164045.12,0.12791220331723752
9013,ENSG00000127947.16,0.12789992047157756
9014,ENSG00000099901.17,0.12789268617403732
9015,ENSG00000175390.15,0.12785194339611686
9016,ENSG00000128000.17,0.1278432343261494
9017,ENSG00000164683.18,0.12782484459562776
9018,ENSG00000102057.10,0.12777800940367484
9019,ENSG00000165637.13,0.12776411478494643
9020,ENSG00000135476.12,0.12775112804703048
9021,ENSG00000104731.14,0.1277432870400011
9022,ENSG00000075702.18,0.1277432028930621
9023,ENSG00000160877.6,0.12764611475021545
9024,ENSG00000235173.7,0.12761678260491588
9025,ENSG00000112679.14,0.12760835747322183
9026,ENSG00000180822.12,0.12755586841918476
9027,ENSG00000008324.12,0.1275200150025681
9028,ENSG00000145335.17,0.127514920731591
9029,ENSG00000181467.5,0.12750261698649398
9030,ENSG00000120733.14,0.1274352080743828
9031,ENSG00000198018.7,0.1274288787026729
9032,ENSG00000131096.10,0.12738039229289255
9033,ENSG00000232237.3,0.1273759959457757
9034,ENSG00000106299.8,0.12735465297841528
9035,ENSG00000143443.10,0.12733359121857812
9036,ENSG00000100647.8,0.12728687473840747
9037,ENSG00000186591.13,0.12727901535887146
9038,ENSG00000165417.12,0.12726166155251045
9039,ENSG00000196653.12,0.1272170062621546
9040,ENSG00000145741.16,0.12721175722326303
9041,ENSG00000125871.14,0.12720964515385885
9042,ENSG00000147439.13,0.12720878812469752
9043,ENSG00000145817.17,0.12720083573872568
9044,ENSG00000173258.13,0.12719743000083938
9045,ENSG00000060971.19,0.12718743400913615
9046,ENSG00000197111.16,0.1271856113417943
9047,ENSG00000197948.11,0.12716867265311887
9048,ENSG00000124333.16,0.1271528992195004
9049,ENSG00000143924.19,0.12712560310536153
9050,ENSG00000108010.12,0.12711229311904249
9051,ENSG00000153936.17,0.12710232653823078
9052,ENSG00000170855.4,0.12708261266260337
9053,ENSG00000158417.11,0.12705760844458738
9054,ENSG00000204946.10,0.12705214913665752
9055,ENSG00000143811.19,0.1270501502689342
9056,ENSG00000205581.11,0.12704670500519916
9057,ENSG00000105708.9,0.1270070686507985
9058,ENSG00000114439.19,0.12700416845728613
9059,ENSG00000104055.16,0.12699500438186048
9060,ENSG00000081870.12,0.12698831225487622
9061,ENSG00000135049.16,0.12698655187486166
9062,ENSG00000143624.14,0.1269806181320721
9063,ENSG00000111906.18,0.1269759731979155
9064,ENSG00000115548.17,0.12689983560254475
9065,ENSG00000105486.14,0.12683905462307057
9066,ENSG00000235109.7,0.12682271713705429
9067,ENSG00000150753.12,0.12682107639792778
9068,ENSG00000100412.17,0.12680400258297503
9069,ENSG00000130956.14,0.12678560791750257
9070,ENSG00000152465.18,0.1267480265459635
9071,ENSG00000177425.11,0.12666448675056854
9072,ENSG00000063127.16,0.12665585333398968
9073,ENSG00000090432.7,0.12663925017017122
9074,ENSG00000160917.15,0.12663287995064684
9075,ENSG00000132423.12,0.1266324282684274
9076,ENSG00000155363.18,0.12655542564522565
9077,ENSG00000111727.12,0.12652022535482552
9078,ENSG00000112039.5,0.12650847162257695
9079,ENSG00000140948.13,0.12650713954624312
9080,ENSG00000140157.15,0.126461074106583
9081,ENSG00000101182.15,0.12645544009451037
9082,ENSG00000100216.6,0.12644632766677658
9083,ENSG00000162607.13,0.12644609610259702
9084,ENSG00000163902.12,0.12642345281516468
9085,ENSG00000198093.11,0.12639906260929304
9086,ENSG00000160404.18,0.1263972439926731
9087,ENSG00000173264.15,0.12632100215473147
9088,ENSG00000196689.12,0.12628377574436075
9089,ENSG00000110906.13,0.1262788514433432
9090,ENSG00000138777.20,0.1262515691679049
9091,ENSG00000103035.11,0.12624081964344788
9092,ENSG00000143933.19,0.1262182531384256
9093,ENSG00000165832.6,0.12618820887740234
9094,ENSG00000140044.13,0.12618550090249148
9095,ENSG00000178057.15,0.12618091683525842
9096,ENSG00000137434.11,0.1261685778485027
9097,ENSG00000168792.5,0.12613909281510077
9098,ENSG00000197102.12,0.1261306442196504
9099,ENSG00000100348.10,0.1261132481672276
9100,ENSG00000066697.15,0.1261126336023764
9101,ENSG00000130413.15,0.12610454280966762
9102,ENSG00000130703.17,0.12605088949586912
9103,ENSG00000140299.13,0.12604569241299413
9104,ENSG00000179314.14,0.12604021056422396
9105,ENSG00000186908.14,0.1259780994274972
9106,ENSG00000182986.14,0.1259576033476865
9107,ENSG00000115652.15,0.12595417301761108
9108,ENSG00000065183.16,0.1258633000669329
9109,ENSG00000107960.11,0.12585298876290765
9110,ENSG00000108854.16,0.12578401232465375
9111,ENSG00000154727.11,0.12577580620741421
9112,ENSG00000141560.15,0.12574100283513642
9113,ENSG00000163053.11,0.12569368049124605
9114,ENSG00000102897.10,0.1256877660021502
9115,ENSG00000088320.4,0.12566579613245055
9116,ENSG00000121594.12,0.12564335754110273
9117,ENSG00000227500.10,0.12563807510077926
9118,ENSG00000196776.17,0.12562995142211236
9119,ENSG00000203896.10,0.12560099856693943
9120,ENSG00000164081.13,0.12558730846682942
9121,ENSG00000144306.15,0.12552684987232895
9122,ENSG00000112282.18,0.12552389537497752
9123,ENSG00000125249.7,0.12552267421892607
9124,ENSG00000108576.10,0.12552054136356613
9125,ENSG00000006007.12,0.12550342596769823
9126,ENSG00000163788.14,0.12546390848452432
9127,ENSG00000178966.17,0.1254540642362812
9128,ENSG00000198455.4,0.1254360853889177
9129,ENSG00000135999.12,0.12543483927768936
9130,ENSG00000173542.9,0.1254060025660888
9131,ENSG00000068745.15,0.1253964693984651
9132,ENSG00000110395.7,0.1253963325020832
9133,ENSG00000107771.17,0.1253930555380694
9134,ENSG00000102103.17,0.12533191569367683
9135,ENSG00000144406.19,0.12532077198737612
9136,ENSG00000159140.21,0.12531471548916537
9137,ENSG00000059573.9,0.1253146870934934
9138,ENSG00000166888.12,0.12530297196672852
9139,ENSG00000167325.15,0.12529159382094135
9140,ENSG00000111860.14,0.12527620705570222
9141,ENSG00000176108.9,0.1252738454892509
9142,ENSG00000100941.9,0.1252604649370689
9143,ENSG00000077514.9,0.12521784307333222
9144,ENSG00000166257.9,0.12521407496038747
9145,ENSG00000135392.18,0.12516600016671559
9146,ENSG00000137100.16,0.12515388592324095
9147,ENSG00000169379.16,0.12514745014184112
9148,ENSG00000144036.16,0.1251268694013616
9149,ENSG00000107020.10,0.12511176656468775
9150,ENSG00000164548.11,0.1251034806815519
9151,ENSG00000140367.12,0.12508512971981586
9152,ENSG00000140382.15,0.1250749127192632
9153,ENSG00000049759.19,0.125058414908914
9154,ENSG00000179218.14,0.12504630771858527
9155,ENSG00000126107.15,0.12502912021308646
9156,ENSG00000127445.14,0.12499959008895004
9157,ENSG00000166199.13,0.12499600496719991
9158,ENSG00000117500.13,0.12498258017496848
9159,ENSG00000125457.15,0.12497898564443337
9160,ENSG00000061676.15,0.12497675934213648
9161,ENSG00000117305.15,0.12497255783394913
9162,ENSG00000157106.17,0.1249632330008558
9163,ENSG00000196337.12,0.1249450912851566
9164,ENSG00000157181.16,0.12491618183670773
9165,ENSG00000142459.8,0.12488439505080404
9166,ENSG00000241852.10,0.1248824670214053
9167,ENSG00000085999.13,0.12483899697720419
9168,ENSG00000156642.17,0.12478126843143053
9169,ENSG00000103429.11,0.12476786275292479
9170,ENSG00000114302.16,0.12474977734218552
9171,ENSG00000128805.15,0.1247476624483108
9172,ENSG00000240230.6,0.12473577337898295
9173,ENSG00000121350.16,0.12472068305396782
9174,ENSG00000115183.15,0.12471410176142217
9175,ENSG00000063587.15,0.12469933802631773
9176,ENSG00000148290.10,0.12468715857925726
9177,ENSG00000204186.10,0.12468071198285746
9178,ENSG00000083168.11,0.12464768298479668
9179,ENSG00000087008.16,0.12464385409860432
9180,ENSG00000170340.11,0.12461704870199376
9181,ENSG00000139644.13,0.12459261496774075
9182,ENSG00000079277.22,0.12458965806224194
9183,ENSG00000144647.6,0.1245850319439984
9184,ENSG00000131943.18,0.12457542337712715
9185,ENSG00000143839.15,0.12450466153016586
9186,ENSG00000131323.16,0.12447073761104077
9187,ENSG00000167965.18,0.12446442754590457
9188,ENSG00000143067.5,0.12445485671255033
9189,ENSG00000152492.15,0.12444977109082402
9190,ENSG00000133138.20,0.12443779117655344
9191,ENSG00000185722.18,0.12439487989511487
9192,ENSG00000115993.13,0.12434916848772867
9193,ENSG00000132478.10,0.12434087010662245
9194,ENSG00000167632.18,0.12432740139266854
9195,ENSG00000134812.8,0.1243249063769188
9196,ENSG00000175115.13,0.12431905834920566
9197,ENSG00000144554.12,0.12428954031840736
9198,ENSG00000115365.12,0.12428755643192572
9199,ENSG00000198604.11,0.12427057116048057
9200,ENSG00000104497.14,0.12426156779957226
9201,ENSG00000110711.10,0.12424383971850976
9202,ENSG00000166321.14,0.12421774507537944
9203,ENSG00000054611.14,0.12421573633146817
9204,ENSG00000108671.11,0.12421406035043434
9205,ENSG00000198730.9,0.1242101859941461
9206,ENSG00000144711.16,0.12420745823245546
9207,ENSG00000115687.14,0.12419240519139982
9208,ENSG00000011243.18,0.12416725254225873
9209,ENSG00000159873.10,0.12415291547338882
9210,ENSG00000086967.10,0.12411556940357553
9211,ENSG00000075914.13,0.12406998263867894
9212,ENSG00000140374.16,0.12404931151995259
9213,ENSG00000116288.13,0.12403736672755415
9214,ENSG00000160305.18,0.12403464065947561
9215,ENSG00000175048.17,0.12403348238117126
9216,ENSG00000134744.14,0.12399024221236234
9217,ENSG00000275700.5,0.12397315912125323
9218,ENSG00000105953.15,0.12392483716370384
9219,ENSG00000123066.9,0.12386887289608652
9220,ENSG00000120645.12,0.12385182181104425
9221,ENSG00000099284.15,0.12384345122836522
9222,ENSG00000060069.17,0.12383212323563121
9223,ENSG00000089723.10,0.12383005717413825
9224,ENSG00000090054.15,0.12380890841187461
9225,ENSG00000104231.11,0.12380014262880551
9226,ENSG00000153214.11,0.12378244600091312
9227,ENSG00000177485.7,0.1237701530939041
9228,ENSG00000101654.18,0.12376238778204611
9229,ENSG00000165527.7,0.12374669262801682
9230,ENSG00000079313.15,0.12372430634644252
9231,ENSG00000153774.9,0.123719276620474
9232,ENSG00000114120.14,0.1236944545331073
9233,ENSG00000247077.7,0.12368609763483313
9234,ENSG00000147488.11,0.1236561417849926
9235,ENSG00000162961.14,0.12364548868901791
9236,ENSG00000180233.11,0.12361889337469992
9237,ENSG00000138175.9,0.12360016372216126
9238,ENSG00000204614.9,0.12359399099565686
9239,ENSG00000196954.14,0.1235533024705854
9240,ENSG00000067369.14,0.1235462328270398
9241,ENSG00000139428.12,0.12354427288447659
9242,ENSG00000196660.11,0.12353105255844868
9243,ENSG00000160716.6,0.12351229393701646
9244,ENSG00000125454.12,0.12348275795398876
9245,ENSG00000102271.14,0.12346576949152235
9246,ENSG00000283297.2,0.12343637168434525
9247,ENSG00000154114.12,0.1234074538261566
9248,ENSG00000152503.10,0.12335479579894172
9249,ENSG00000213186.8,0.12334926645591
9250,ENSG00000170043.12,0.12333685988549323
9251,ENSG00000087589.16,0.12332010114672708
9252,ENSG00000153707.17,0.12331720992071611
9253,ENSG00000117560.8,0.1233092038925604
9254,ENSG00000086717.18,0.12329020364165102
9255,ENSG00000011454.18,0.12324524534388454
9256,ENSG00000167770.11,0.12321989510023572
9257,ENSG00000139625.13,0.12321704439011155
9258,ENSG00000153029.14,0.12318010116723603
9259,ENSG00000131374.14,0.12317404460497317
9260,ENSG00000184402.15,0.12317081565824509
9261,ENSG00000143434.16,0.12316251365607642
9262,ENSG00000109320.13,0.12316247500536681
9263,ENSG00000234409.7,0.12311752898172441
9264,ENSG00000112110.10,0.12311011703220252
9265,ENSG00000038358.15,0.12309888166938511
9266,ENSG00000162390.18,0.12309829261340395
9267,ENSG00000188171.16,0.12309723998891649
9268,ENSG00000100439.10,0.12308937152858516
9269,ENSG00000164051.14,0.12303965385239175
9270,ENSG00000132749.11,0.12301634097060966
9271,ENSG00000181035.14,0.12300929351431078
9272,ENSG00000116731.22,0.12300163772600493
9273,ENSG00000164054.15,0.12299868407350006
9274,ENSG00000176887.7,0.12297796485978431
9275,ENSG00000078902.16,0.12294344285345014
9276,ENSG00000156858.12,0.122939292290392
9277,ENSG00000182670.13,0.12291435001802896
9278,ENSG00000149016.16,0.1228925783294786
9279,ENSG00000111224.14,0.1228851545817045
9280,ENSG00000087903.13,0.12288095989305646
9281,ENSG00000144730.19,0.12287225565631743
9282,ENSG00000137054.16,0.12284266370358371
9283,ENSG00000162601.11,0.12283012118968502
9284,ENSG00000176222.9,0.12281399416861892
9285,ENSG00000138613.14,0.12280965961083498
9286,ENSG00000176953.12,0.12279910015755516
9287,ENSG00000111254.8,0.12279906197818011
9288,ENSG00000168491.10,0.12279241931373469
9289,ENSG00000196263.8,0.12278673419345924
9290,ENSG00000178184.16,0.12278258263476084
9291,ENSG00000105991.10,0.12273387399157674
9292,ENSG00000152234.16,0.12272715088731022
9293,ENSG00000155100.11,0.12271937493895801
9294,ENSG00000242498.8,0.12269809249330375
9295,ENSG00000197150.13,0.12267431323834552
9296,ENSG00000138018.18,0.12265793125494212
9297,ENSG00000140521.17,0.12261868643974788
9298,ENSG00000118939.18,0.12259043226548348
9299,ENSG00000104388.15,0.1225467141154844
9300,ENSG00000161813.22,0.12252929601019483
9301,ENSG00000205090.9,0.12252322428392724
9302,ENSG00000153094.24,0.12252082502904403
9303,ENSG00000164347.18,0.12251517808324913
9304,ENSG00000197837.3,0.12248294093542758
9305,ENSG00000171649.12,0.12240696187053822
9306,ENSG00000100271.17,0.12238166547393932
9307,ENSG00000141570.11,0.12236391747958328
9308,ENSG00000139531.13,0.12233306046762413
9309,ENSG00000198952.8,0.1222938064722563
9310,ENSG00000157353.17,0.12224352136989959
9311,ENSG00000166707.12,0.12223146989038879
9312,ENSG00000145734.19,0.12220670732133233
9313,ENSG00000157168.20,0.12220170699407949
9314,ENSG00000146373.16,0.12217721462034752
9315,ENSG00000179542.16,0.12217348294479861
9316,ENSG00000186575.19,0.12214865692720248
9317,ENSG00000120324.9,0.122145760556851
9318,ENSG00000149474.14,0.12211259417008273
9319,ENSG00000101152.11,0.12210999453343778
9320,ENSG00000162191.14,0.12210150738782811
9321,ENSG00000110955.9,0.12207925206230438
9322,ENSG00000004660.15,0.12205341206020286
9323,ENSG00000119866.22,0.12202950959431709
9324,ENSG00000116213.16,0.12201029648902335
9325,ENSG00000164402.14,0.12199184436221411
9326,ENSG00000123080.12,0.12198711304651975
9327,ENSG00000120509.11,0.12195658415980698
9328,ENSG00000197296.6,0.12194592157900093
9329,ENSG00000068120.15,0.12188162833854338
9330,ENSG00000136003.16,0.12185180445796065
9331,ENSG00000143452.16,0.12184386977318286
9332,ENSG00000198561.15,0.12182255881787915
9333,ENSG00000170871.12,0.12181192735859996
9334,ENSG00000115170.15,0.12180929115194454
9335,ENSG00000124104.19,0.12174475765088529
9336,ENSG00000162892.16,0.12173943726059373
9337,ENSG00000174231.17,0.12172384598807834
9338,ENSG00000107036.12,0.12171331203348111
9339,ENSG00000136696.11,0.1217121042631333
9340,ENSG00000196365.12,0.12165194404389675
9341,ENSG00000129473.11,0.12162400823505468
9342,ENSG00000173638.19,0.12161900133526947
9343,ENSG00000213123.11,0.1216160361770153
9344,ENSG00000148358.20,0.12160559308274074
9345,ENSG00000198830.11,0.12154323563028366
9346,ENSG00000152413.15,0.12152938195671059
9347,ENSG00000065029.15,0.12147970689862835
9348,ENSG00000179922.6,0.12143353058675654
9349,ENSG00000180964.17,0.12143266595813021
9350,ENSG00000173812.11,0.12142640570561222
9351,ENSG00000146701.12,0.12138966343287479
9352,ENSG00000112977.16,0.12138296146328412
9353,ENSG00000110921.14,0.12131019372851307
9354,ENSG00000004864.14,0.12130349598516423
9355,ENSG00000106049.9,0.12125257036432979
9356,ENSG00000213079.10,0.1212127020704051
9357,ENSG00000168438.15,0.12118240741011564
9358,ENSG00000170166.6,0.121175767210081
9359,ENSG00000145911.6,0.12116637003676771
9360,ENSG00000108055.10,0.1211572561192224
9361,ENSG00000204308.8,0.12114649388791164
9362,ENSG00000197713.15,0.12112636954409677
9363,ENSG00000135931.18,0.12111310764001887
9364,ENSG00000187398.12,0.12110718075839401
9365,ENSG00000040933.16,0.12110015484527083
9366,ENSG00000133835.17,0.12109872657639649
9367,ENSG00000248099.4,0.12106764492577755
9368,ENSG00000164164.17,0.12106454365241925
9369,ENSG00000132964.12,0.1210181690502365
9370,ENSG00000100714.17,0.1209730264152549
9371,ENSG00000116819.8,0.1209603198636825
9372,ENSG00000131080.15,0.12095629392631876
9373,ENSG00000101363.12,0.12094329399380105
9374,ENSG00000157766.19,0.12093001349396258
9375,ENSG00000166340.17,0.12092458374493084
9376,ENSG00000100815.12,0.12092345330811116
9377,ENSG00000109016.17,0.12091746003842548
9378,ENSG00000132326.12,0.12090447023537289
9379,ENSG00000140262.18,0.12090442194243288
9380,ENSG00000116786.13,0.120898221983498
9381,ENSG00000175854.14,0.12088487145917079
9382,ENSG00000100403.12,0.12080677877474244
9383,ENSG00000182372.10,0.1207788984678678
9384,ENSG00000174106.3,0.12075623575403711
9385,ENSG00000133773.12,0.12069977795622941
9386,ENSG00000164236.12,0.12067979253512072
9387,ENSG00000169255.15,0.12066077272437484
9388,ENSG00000105383.15,0.12064855068350909
9389,ENSG00000112159.12,0.12061118234276111
9390,ENSG00000146833.16,0.12060166742134266
9391,ENSG00000091483.7,0.12058856082179961
9392,ENSG00000105676.14,0.1205857981796839
9393,ENSG00000132970.14,0.12056654050402114
9394,ENSG00000155324.10,0.1205639809049347
9395,ENSG00000137714.3,0.12054935631349786
9396,ENSG00000123268.9,0.12054788323855067
9397,ENSG00000133704.10,0.12052367817035868
9398,ENSG00000143322.21,0.12052123584684939
9399,ENSG00000172458.4,0.12048613353248873
9400,ENSG00000166225.9,0.12048048808031185
9401,ENSG00000112308.13,0.12047939607391135
9402,ENSG00000134852.15,0.12046910473974512
9403,ENSG00000128011.5,0.12046043152707167
9404,ENSG00000151746.15,0.12045945672095107
9405,ENSG00000134020.8,0.12045192048127074
9406,ENSG00000108389.9,0.12043461707657492
9407,ENSG00000159256.13,0.12043431218660003
9408,ENSG00000080618.17,0.12042670269016259
9409,ENSG00000187550.9,0.12041413547115981
9410,ENSG00000165102.15,0.12039217075876398
9411,ENSG00000119383.20,0.12038798256053221
9412,ENSG00000144455.14,0.1203622130036056
9413,ENSG00000084073.10,0.12033034325025908
9414,ENSG00000196305.18,0.12029515120455828
9415,ENSG00000131373.15,0.12029204517476343
9416,ENSG00000157193.18,0.12026705404532204
9417,ENSG00000099910.17,0.1202361747092576
9418,ENSG00000183020.14,0.12022723360243248
9419,ENSG00000111196.10,0.12021281851923946
9420,ENSG00000197451.12,0.12020677576526745
9421,ENSG00000059145.19,0.1201893518611407
9422,ENSG00000167118.11,0.12010990355918354
9423,ENSG00000258818.4,0.12010610073670194
9424,ENSG00000021852.13,0.12008797858760474
9425,ENSG00000102241.12,0.12007015582197991
9426,ENSG00000165792.18,0.12006729957975561
9427,ENSG00000006638.13,0.12004121453750774
9428,ENSG00000108262.16,0.12003590651634337
9429,ENSG00000034971.17,0.12002953450646338
9430,ENSG00000132334.17,0.1200246328397133
9431,ENSG00000011590.14,0.11999550122485841
9432,ENSG00000116863.11,0.11999167058511526
9433,ENSG00000187109.15,0.11991031125280716
9434,ENSG00000124562.10,0.11989271052184679
9435,ENSG00000186472.20,0.11988693018020215
9436,ENSG00000121073.15,0.11988329770946723
9437,ENSG00000162148.11,0.11986734919742784
9438,ENSG00000160208.13,0.1198268164396219
9439,ENSG00000168101.14,0.11981784097229606
9440,ENSG00000109083.14,0.11980156189751824
9441,ENSG00000165525.18,0.11979790809382197
9442,ENSG00000183291.17,0.11978634106386134
9443,ENSG00000112237.13,0.11978520455672342
9444,ENSG00000183837.9,0.11977583188654212
9445,ENSG00000186222.5,0.11974991277603596
9446,ENSG00000135090.14,0.11972299009089156
9447,ENSG00000156171.15,0.11971012719778548
9448,ENSG00000158711.14,0.11970589742166753
9449,ENSG00000143156.14,0.11969397379669956
9450,ENSG00000123815.13,0.11968991213703348
9451,ENSG00000164934.14,0.11967670391883035
9452,ENSG00000196670.14,0.11965628153485373
9453,ENSG00000182544.9,0.11964049423575995
9454,ENSG00000082641.16,0.11963817244469893
9455,ENSG00000186106.11,0.1196258291127516
9456,ENSG00000240344.9,0.11962552734907596
9457,ENSG00000105325.15,0.11956164706960817
9458,ENSG00000178951.9,0.11953175994235704
9459,ENSG00000125656.11,0.11953043915168536
9460,ENSG00000141127.15,0.11951475470614342
9461,ENSG00000165916.8,0.11947807551862946
9462,ENSG00000162434.13,0.1194726150373122
9463,ENSG00000134153.10,0.11943616405844162
9464,ENSG00000196368.5,0.1194160486695123
9465,ENSG00000123427.17,0.11940668175031871
9466,ENSG00000105726.17,0.11940541309801417
9467,ENSG00000147853.17,0.11937793342340015
9468,ENSG00000129691.16,0.11936978174559132
9469,ENSG00000265681.7,0.11935302704459703
9470,ENSG00000175213.3,0.1192733331307493
9471,ENSG00000214114.9,0.11926689185886874
9472,ENSG00000177000.13,0.11924944439471147
9473,ENSG00000100353.18,0.11924512822188434
9474,ENSG00000188315.8,0.11921000682150684
9475,ENSG00000174915.12,0.11917496193641408
9476,ENSG00000150510.17,0.11915866194280027
9477,ENSG00000264364.3,0.11914049199249387
9478,ENSG00000166260.13,0.119127839671018
9479,ENSG00000117593.12,0.11911827978836874
9480,ENSG00000130584.12,0.11909395925706748
9481,ENSG00000112304.11,0.11909343006958431
9482,ENSG00000196510.12,0.11908979407182989
9483,ENSG00000103066.13,0.11906622439061801
9484,ENSG00000178075.20,0.11904102973054054
9485,ENSG00000146021.15,0.11902634206983817
9486,ENSG00000259417.3,0.11901991489014621
9487,ENSG00000198668.13,0.11901534800092943
9488,ENSG00000172824.16,0.11898859763905859
9489,ENSG00000165023.7,0.118988096119145
9490,ENSG00000187778.14,0.11898466367149349
9491,ENSG00000065989.16,0.11897699479676524
9492,ENSG00000124795.17,0.11896844526011127
9493,ENSG00000129128.13,0.11896167001276205
9494,ENSG00000124787.14,0.11891042104688429
9495,ENSG00000186364.12,0.11891024153884171
9496,ENSG00000104872.11,0.11889276575484944
9497,ENSG00000159842.15,0.11888551899126121
9498,ENSG00000179761.12,0.11888012969817245
9499,ENSG00000165898.14,0.1188773524580489
9500,ENSG00000142686.8,0.1188743416261512
9501,ENSG00000152315.5,0.11886029071021707
9502,ENSG00000124019.10,0.11883908458446124
9503,ENSG00000103227.19,0.11883826136121828
9504,ENSG00000138757.15,0.11878681645249184
9505,ENSG00000172057.10,0.11877502561331801
9506,ENSG00000169093.16,0.11876529950972937
9507,ENSG00000077713.19,0.11872954916838899
9508,ENSG00000197971.16,0.1186767197149167
9509,ENSG00000104044.16,0.11866973762373713
9510,ENSG00000134265.13,0.11866598567244391
9511,ENSG00000111875.8,0.11864862094523197
9512,ENSG00000170949.17,0.11861902976994576
9513,ENSG00000165006.14,0.11861239928020872
9514,ENSG00000115233.12,0.11859517632544143
9515,ENSG00000128383.13,0.11858293676702297
9516,ENSG00000165097.16,0.11855088942590193
9517,ENSG00000096080.12,0.11847966142155852
9518,ENSG00000103549.22,0.11847437569551476
9519,ENSG00000127423.11,0.11847176260983579
9520,ENSG00000185728.17,0.11839828806514112
9521,ENSG00000078687.17,0.1183815920025201
9522,ENSG00000084444.14,0.11835134035543855
9523,ENSG00000081913.14,0.11834872593188786
9524,ENSG00000171596.7,0.11832222710823989
9525,ENSG00000146247.14,0.11831302146977897
9526,ENSG00000170145.5,0.11831071633178772
9527,ENSG00000136897.8,0.11830136151264654
9528,ENSG00000162105.19,0.11828086766466431
9529,ENSG00000160469.17,0.11826605444702923
9530,ENSG00000100591.8,0.11824615006062386
9531,ENSG00000148672.9,0.11819260811070423
9532,ENSG00000099822.3,0.11817231381063972
9533,ENSG00000025156.13,0.1181659932421498
9534,ENSG00000155959.12,0.11815847665787747
9535,ENSG00000130348.11,0.11815729671351699
9536,ENSG00000132792.19,0.1181496342278166
9537,ENSG00000144120.13,0.11812397931224568
9538,ENSG00000106536.21,0.11806990934760402
9539,ENSG00000153789.13,0.11806322760681963
9540,ENSG00000198408.14,0.11802513374159626
9541,ENSG00000204370.13,0.11801631270000995
9542,ENSG00000128928.10,0.11799166182996082
9543,ENSG00000135686.13,0.11798830168695323
9544,ENSG00000172687.13,0.11795389751429267
9545,ENSG00000134905.17,0.11789626446643305
9546,ENSG00000160271.16,0.11789495350087825
9547,ENSG00000154027.19,0.11780554271933913
9548,ENSG00000172992.12,0.11777432515520288
9549,ENSG00000151327.13,0.1177565778904042
9550,ENSG00000153922.11,0.11775248268956164
9551,ENSG00000148444.16,0.11774042773429515
9552,ENSG00000067829.19,0.11773419596978826
9553,ENSG00000132591.12,0.1177308800907236
9554,ENSG00000132768.14,0.11770760343395568
9555,ENSG00000132109.10,0.11770533507100574
9556,ENSG00000196526.10,0.11770247044415648
9557,ENSG00000130254.12,0.11769373484052867
9558,ENSG00000171777.16,0.11764815163146557
9559,ENSG00000178222.13,0.11764205737468678
9560,ENSG00000109079.10,0.11763632610124547
9561,ENSG00000172500.13,0.11761580939907439
9562,ENSG00000109576.14,0.11759446820164086
9563,ENSG00000115598.10,0.11759409498983202
9564,ENSG00000117362.13,0.11758627330603379
9565,ENSG00000146433.9,0.11757871982717089
9566,ENSG00000108021.20,0.11757787391944052
9567,ENSG00000115325.13,0.11751919461942845
9568,ENSG00000123374.11,0.11751581851451312
9569,ENSG00000213762.12,0.11751264759018948
9570,ENSG00000175166.17,0.11750568555885567
9571,ENSG00000169641.13,0.11750419932436235
9572,ENSG00000144357.18,0.1174577519487815
9573,ENSG00000102393.14,0.11745675916173341
9574,ENSG00000166398.14,0.1174524507809641
9575,ENSG00000100105.18,0.11743121145042917
9576,ENSG00000127463.15,0.11741200211408971
9577,ENSG00000180938.6,0.1173838500268273
9578,ENSG00000133943.21,0.11738254455539367
9579,ENSG00000168748.14,0.1173505186438187
9580,ENSG00000186104.11,0.11732715661165545
9581,ENSG00000104695.13,0.11732415345127109
9582,ENSG00000130638.17,0.11732090803261903
9583,ENSG00000164244.21,0.11728333976585002
9584,ENSG00000214194.9,0.11728309316368297
9585,ENSG00000106245.11,0.1172789659757214
9586,ENSG00000111846.19,0.11727710428494069
9587,ENSG00000131475.7,0.11727397681622305
9588,ENSG00000107669.18,0.11725558244611733
9589,ENSG00000063601.17,0.11724066912401698
9590,ENSG00000082175.15,0.11720613153132166
9591,ENSG00000130826.18,0.11714930744290263
9592,ENSG00000110063.10,0.11714580289376868
9593,ENSG00000142207.7,0.117139319007673
9594,ENSG00000157445.15,0.11713653960430671
9595,ENSG00000154518.10,0.11712970718785891
9596,ENSG00000175087.10,0.11712892883215315
9597,ENSG00000108344.15,0.11711960593837854
9598,ENSG00000113552.16,0.11707991055434445
9599,ENSG00000102781.14,0.11707859628816403
9600,ENSG00000115484.15,0.11707371983690035
9601,ENSG00000101222.12,0.11707254635281582
9602,ENSG00000176402.6,0.11706965380461361
9603,ENSG00000206190.12,0.11705585634036021
9604,ENSG00000101811.14,0.11703919824410688
9605,ENSG00000144230.16,0.11702851791633119
9606,ENSG00000154620.6,0.1169768489245248
9607,ENSG00000185008.17,0.11695486262532435
9608,ENSG00000101911.13,0.11694926114616591
9609,ENSG00000150459.12,0.1169288019684504
9610,ENSG00000143575.15,0.11690556688848945
9611,ENSG00000178093.14,0.11687655978780671
9612,ENSG00000101888.12,0.11685925532239437
9613,ENSG00000166797.11,0.11685400136228327
9614,ENSG00000089280.19,0.1168450506868121
9615,ENSG00000009307.16,0.1168187287412021
9616,ENSG00000115866.11,0.1167572943135539
9617,ENSG00000133111.4,0.11674702941345495
9618,ENSG00000052749.14,0.11669650146243417
9619,ENSG00000138660.12,0.11667491903698879
9620,ENSG00000143799.14,0.11667199487340557
9621,ENSG00000147586.10,0.11666380231449912
9622,ENSG00000196724.13,0.11666324537835528
9623,ENSG00000127511.10,0.11665167108464258
9624,ENSG00000119688.21,0.11662781453802817
9625,ENSG00000100983.12,0.11662650069120475
9626,ENSG00000001629.10,0.11662063308046162
9627,ENSG00000106028.11,0.11660677475079613
9628,ENSG00000197561.7,0.11659112614915959
9629,ENSG00000126003.7,0.11658578892606138
9630,ENSG00000197128.12,0.11658144569116273
9631,ENSG00000113391.19,0.11656064233424746
9632,ENSG00000141391.14,0.11655931092905039
9633,ENSG00000197363.9,0.11655020433111558
9634,ENSG00000106852.15,0.11651696194964173
9635,ENSG00000143612.21,0.1164955502525814
9636,ENSG00000198585.12,0.11648150079390406
9637,ENSG00000111237.19,0.11647621854804974
9638,ENSG00000163395.17,0.11646297047199805
9639,ENSG00000168843.14,0.11644012947599504
9640,ENSG00000125970.12,0.11643674524692946
9641,ENSG00000147419.19,0.1163607854209184
9642,ENSG00000146757.14,0.11631492757891462
9643,ENSG00000118193.12,0.11628057570923425
9644,ENSG00000174109.5,0.11623843822838743
9645,ENSG00000119673.14,0.11622998480176824
9646,ENSG00000247746.4,0.11622675909357895
9647,ENSG00000078070.13,0.11620383371409503
9648,ENSG00000253719.4,0.11619607912450533
9649,ENSG00000172939.9,0.11618930533658138
9650,ENSG00000100029.18,0.11617214907902497
9651,ENSG00000113407.14,0.11616854202213592
9652,ENSG00000144648.16,0.11615225242507912
9653,ENSG00000122218.16,0.11615151772875319
9654,ENSG00000138095.19,0.1161429310066534
9655,ENSG00000204568.12,0.11612345221687437
9656,ENSG00000188986.9,0.11611818319789532
9657,ENSG00000161526.15,0.11609870844410984
9658,ENSG00000261701.7,0.11609464090780468
9659,ENSG00000176401.6,0.11608810921569657
9660,ENSG00000180628.15,0.11606012900434229
9661,ENSG00000127616.19,0.11603861009831111
9662,ENSG00000178700.9,0.11601967513752541
9663,ENSG00000151503.13,0.11601582508093639
9664,ENSG00000198231.13,0.11597375685204198
9665,ENSG00000081665.14,0.11594244745731828
9666,ENSG00000198951.12,0.11593128660147282
9667,ENSG00000106723.17,0.1159245671050343
9668,ENSG00000086102.19,0.11589100905883906
9669,ENSG00000243147.8,0.11587410147990483
9670,ENSG00000172175.15,0.11586174804545052
9671,ENSG00000142784.16,0.11583999148533775
9672,ENSG00000069188.17,0.1157959144934363
9673,ENSG00000125686.12,0.11578560239175918
9674,ENSG00000116885.18,0.11576927625175046
9675,ENSG00000185420.19,0.11575762104493918
9676,ENSG00000168116.14,0.1157556904850291
9677,ENSG00000109689.18,0.11573674799782126
9678,ENSG00000172466.16,0.11572722023797269
9679,ENSG00000135723.14,0.11565896382022874
9680,ENSG00000165209.19,0.11564927123078259
9681,ENSG00000120837.8,0.11563945351695795
9682,ENSG00000085433.16,0.11562982336659582
9683,ENSG00000189007.16,0.11560174683244513
9684,ENSG00000117906.14,0.11554843186403138
9685,ENSG00000138308.6,0.11553894252584108
9686,ENSG00000170965.10,0.1155048227690534
9687,ENSG00000102580.15,0.11550079590576724
9688,ENSG00000109220.11,0.11547496406403175
9689,ENSG00000177888.8,0.11544477156279098
9690,ENSG00000132773.12,0.11542267632394738
9691,ENSG00000004059.11,0.11540870003475591
9692,ENSG00000203879.12,0.11536714737389064
9693,ENSG00000065882.16,0.11531958021487376
9694,ENSG00000135776.5,0.11531806033692599
9695,ENSG00000124786.12,0.11531788130632954
9696,ENSG00000178752.16,0.1152603206248083
9697,ENSG00000176390.12,0.1151892472353858
9698,ENSG00000141349.8,0.11517391364811959
9699,ENSG00000171150.9,0.11512141349049021
9700,ENSG00000203880.12,0.11511324795865088
9701,ENSG00000067221.14,0.11511015237405402
9702,ENSG00000141380.14,0.11509264879915788
9703,ENSG00000116030.17,0.11506709654581791
9704,ENSG00000110756.18,0.1150420376310301
9705,ENSG00000086598.11,0.11503324073375946
9706,ENSG00000167635.12,0.11503173086453743
9707,ENSG00000070366.14,0.11502627228422224
9708,ENSG00000172869.14,0.11502118244825672
9709,ENSG00000184719.12,0.11500012577880481
9710,ENSG00000134318.14,0.11497594837201525
9711,ENSG00000144426.18,0.11493553193076787
9712,ENSG00000107745.19,0.11493060562010868
9713,ENSG00000099974.8,0.11492621846251447
9714,ENSG00000183527.12,0.11492332700870692
9715,ENSG00000160050.15,0.11492154464898639
9716,ENSG00000065802.12,0.11492099970797962
9717,ENSG00000117000.9,0.11491547020766515
9718,ENSG00000170291.15,0.11491483951710467
9719,ENSG00000110046.13,0.11489930986333662
9720,ENSG00000079102.16,0.1148659202140964
9721,ENSG00000051382.9,0.1148627801088422
9722,ENSG00000164258.12,0.11485758505454179
9723,ENSG00000141279.17,0.11485746191469225
9724,ENSG00000137812.20,0.11484313783562014
9725,ENSG00000101557.15,0.11480321604258123
9726,ENSG00000137103.20,0.11477001074349676
9727,ENSG00000159111.13,0.11474112115226351
9728,ENSG00000047056.16,0.11474076864611145
9729,ENSG00000130811.12,0.1147296730085276
9730,ENSG00000154359.13,0.11472240011196481
9731,ENSG00000124788.19,0.11472094448423581
9732,ENSG00000158850.15,0.11471883512850287
9733,ENSG00000173276.14,0.11464364683402618
9734,ENSG00000012211.13,0.11463717025158654
9735,ENSG00000283288.1,0.11461281936918058
9736,ENSG00000103642.12,0.11461083766123677
9737,ENSG00000081760.17,0.11460752315564961
9738,ENSG00000100142.16,0.11457848753399179
9739,ENSG00000039123.16,0.1145737374587041
9740,ENSG00000171365.17,0.11456468604632343
9741,ENSG00000090615.15,0.11456352125797116
9742,ENSG00000159658.14,0.11456179715583333
9743,ENSG00000116747.13,0.11453610782176744
9744,ENSG00000187730.9,0.11452706096011604
9745,ENSG00000100711.14,0.114523262498696
9746,ENSG00000130939.20,0.11451566841555416
9747,ENSG00000157911.11,0.11450558574689045
9748,ENSG00000075151.21,0.11450540259389613
9749,ENSG00000180357.9,0.11449539314433207
9750,ENSG00000023608.5,0.1144882225140065
9751,ENSG00000008382.16,0.11448301926208802
9752,ENSG00000165672.7,0.11447412948883381
9753,ENSG00000261934.2,0.11445495352050468
9754,ENSG00000163960.12,0.11443015696833574
9755,ENSG00000167103.12,0.11442277981436437
9756,ENSG00000189266.13,0.11441475907315433
9757,ENSG00000055211.14,0.11439449206953416
9758,ENSG00000100441.10,0.11437774633348866
9759,ENSG00000015532.10,0.11437407910655635
9760,ENSG00000085872.15,0.11435603748283736
9761,ENSG00000175220.12,0.1143403880550455
9762,ENSG00000153404.14,0.1143396023069123
9763,ENSG00000161547.17,0.11431700563950209
9764,ENSG00000143442.22,0.1142931980604785
9765,ENSG00000092054.13,0.11429052159561702
9766,ENSG00000080298.15,0.11427722155733189
9767,ENSG00000090581.10,0.11427201191458736
9768,ENSG00000134056.12,0.11423909069648151
9769,ENSG00000163939.18,0.11422553258453214
9770,ENSG00000151881.15,0.11421423941039115
9771,ENSG00000137955.16,0.11419976202092362
9772,ENSG00000184117.12,0.1141671311843914
9773,ENSG00000091127.14,0.11412419356718226
9774,ENSG00000130733.11,0.11411447780342751
9775,ENSG00000151079.7,0.11411255852064464
9776,ENSG00000089248.7,0.11410350549751926
9777,ENSG00000119392.15,0.11410019363923703
9778,ENSG00000133597.11,0.11408859031574772
9779,ENSG00000120696.9,0.11408025760662469
9780,ENSG00000173517.10,0.11404135253047107
9781,ENSG00000135148.12,0.11404028346475863
9782,ENSG00000067992.16,0.11403841167074345
9783,ENSG00000146410.12,0.11401717880221132
9784,ENSG00000162441.12,0.1139981108886149
9785,ENSG00000186889.10,0.11399549639188149
9786,ENSG00000184209.15,0.11399079092557472
9787,ENSG00000112851.15,0.11397773587329015
9788,ENSG00000112249.14,0.11397246447477334
9789,ENSG00000165275.10,0.11395712152554525
9790,ENSG00000179933.6,0.11389554380437018
9791,ENSG00000105771.14,0.11387170511734032
9792,ENSG00000148840.11,0.11382417456079091
9793,ENSG00000100410.8,0.11379946633875222
9794,ENSG00000162144.10,0.11378862182600155
9795,ENSG00000008952.17,0.11377935382685722
9796,ENSG00000283992.2,0.11377241625221673
9797,ENSG00000140563.15,0.11376866745453701
9798,ENSG00000167842.16,0.11376710498644423
9799,ENSG00000145781.9,0.11375843195476497
9800,ENSG00000103018.17,0.11375166155063916
9801,ENSG00000165646.14,0.11375094721249417
9802,ENSG00000166548.17,0.11374789940313643
9803,ENSG00000198890.9,0.113717167422744
9804,ENSG00000142892.15,0.1136686057896011
9805,ENSG00000149089.13,0.11365736569802183
9806,ENSG00000103222.20,0.11364471272022228
9807,ENSG00000078674.18,0.11362202897381925
9808,ENSG00000104805.16,0.11356539619531587
9809,ENSG00000108100.18,0.11355766580631851
9810,ENSG00000137073.23,0.11353602844639879
9811,ENSG00000174173.7,0.11352662603136272
9812,ENSG00000111832.13,0.1134995982861336
9813,ENSG00000039319.17,0.11348105991256406
9814,ENSG00000170860.4,0.11348011079657068
9815,ENSG00000000419.13,0.1134670977467118
9816,ENSG00000151065.14,0.1134669045838812
9817,ENSG00000154803.13,0.11344771619041308
9818,ENSG00000089048.14,0.11344721223716073
9819,ENSG00000111845.5,0.1134408573181123
9820,ENSG00000033100.16,0.11343753817529667
9821,ENSG00000048828.17,0.11343498609609162
9822,ENSG00000174574.16,0.11341281108480436
9823,ENSG00000158941.16,0.11341009105989612
9824,ENSG00000135837.16,0.11339379185240142
9825,ENSG00000111752.11,0.11335168300930039
9826,ENSG00000148541.13,0.11333054976386797
9827,ENSG00000115275.14,0.11332751018935953
9828,ENSG00000187566.6,0.11332515293321765
9829,ENSG00000154016.14,0.11329462744936317
9830,ENSG00000100697.15,0.11328319601268717
9831,ENSG00000182551.14,0.11327257036774449
9832,ENSG00000197782.14,0.11324412564319183
9833,ENSG00000142655.13,0.11321782633741406
9834,ENSG00000113460.13,0.11321164942424798
9835,ENSG00000116266.11,0.11318538030997397
9836,ENSG00000156265.16,0.11317358217914647
9837,ENSG00000183955.13,0.1131606518002022
9838,ENSG00000089195.15,0.1131501246526333
9839,ENSG00000197894.11,0.11313248139713213
9840,ENSG00000145220.14,0.11311413256825735
9841,ENSG00000183496.6,0.11311323829130233
9842,ENSG00000160710.17,0.11309904023074578
9843,ENSG00000180098.9,0.11308775079863874
9844,ENSG00000254986.7,0.11308650304783602
9845,ENSG00000128346.11,0.11307465767075023
9846,ENSG00000134255.14,0.11306295966671044
9847,ENSG00000183760.11,0.11305288615308295
9848,ENSG00000148719.15,0.11302374766370464
9849,ENSG00000148484.18,0.11302163878817491
9850,ENSG00000175806.15,0.11299251484620657
9851,ENSG00000182621.18,0.11295623710906409
9852,ENSG00000011260.14,0.11295446359375887
9853,ENSG00000144488.15,0.11295430137269748
9854,ENSG00000075539.15,0.11295118537015456
9855,ENSG00000174695.10,0.11294511076323059
9856,ENSG00000114125.14,0.11292591296780831
9857,ENSG00000011132.12,0.1129216350910906
9858,ENSG00000108733.11,0.1129085128240544
9859,ENSG00000143252.16,0.11289801227680073
9860,ENSG00000025800.14,0.11288724800112507
9861,ENSG00000134779.15,0.11288632100060937
9862,ENSG00000164776.10,0.11288341042288622
9863,ENSG00000165730.16,0.112832571067084
9864,ENSG00000171503.12,0.11281650140857245
9865,ENSG00000034693.15,0.11280173818100143
9866,ENSG00000185129.8,0.11280021245590235
9867,ENSG00000214046.9,0.11279510243173253
9868,ENSG00000139547.7,0.11277167402598252
9869,ENSG00000144619.15,0.11275847635699805
9870,ENSG00000011523.14,0.11273228346219534
9871,ENSG00000153993.13,0.11262370288316777
9872,ENSG00000113240.13,0.11259229064046379
9873,ENSG00000171453.20,0.11256528599510457
9874,ENSG00000204740.11,0.11255063233041881
9875,ENSG00000125304.10,0.11252951173032869
9876,ENSG00000184863.11,0.11252042523145324
9877,ENSG00000135124.15,0.11251424376193016
9878,ENSG00000226479.4,0.11246443466263986
9879,ENSG00000261609.8,0.11245275230387024
9880,ENSG00000176273.15,0.11244538722121607
9881,ENSG00000100124.15,0.11243592368561674
9882,ENSG00000159527.3,0.11239665000961124
9883,ENSG00000100350.15,0.11238585360627201
9884,ENSG00000198677.12,0.11238049929225738
9885,ENSG00000077549.19,0.11236085941433167
9886,ENSG00000140688.17,0.11233191060048767
9887,ENSG00000188612.12,0.11231810867441103
9888,ENSG00000135828.11,0.11231129401025941
9889,ENSG00000083290.20,0.11229410141964975
9890,ENSG00000197879.17,0.11228909124509154
9891,ENSG00000126067.12,0.11225635989197603
9892,ENSG00000136147.18,0.11223915899360047
9893,ENSG00000205084.11,0.11221592225163105
9894,ENSG00000204116.11,0.1122064810688969
9895,ENSG00000047346.12,0.11216880946217749
9896,ENSG00000131013.4,0.11216595375507277
9897,ENSG00000120949.15,0.1121379080846751
9898,ENSG00000113356.13,0.11208267900980007
9899,ENSG00000176641.11,0.11207201094022391
9900,ENSG00000136141.15,0.11206581012391441
9901,ENSG00000173894.11,0.11206552404419758
9902,ENSG00000183864.5,0.11206158765758213
9903,ENSG00000155561.15,0.11202319494757293
9904,ENSG00000161551.14,0.11196479847903396
9905,ENSG00000115392.12,0.11192691367992583
9906,ENSG00000171960.12,0.11192575976020905
9907,ENSG00000163412.13,0.11189236892019085
9908,ENSG00000163634.12,0.11188915710977146
9909,ENSG00000133424.22,0.11188170177385828
9910,ENSG00000013375.16,0.1118535277250137
9911,ENSG00000152061.23,0.11183477152877566
9912,ENSG00000119314.16,0.11182476306252029
9913,ENSG00000136731.13,0.1117977452184838
9914,ENSG00000149639.15,0.1117601879833098
9915,ENSG00000176871.9,0.11174238619564891
9916,ENSG00000146729.10,0.1117214270774534
9917,ENSG00000158321.18,0.11167559842384624
9918,ENSG00000091844.8,0.11167357228569748
9919,ENSG00000204052.4,0.11166052262361477
9920,ENSG00000133059.17,0.11164224348910816
9921,ENSG00000234465.11,0.11163259057919717
9922,ENSG00000104442.10,0.1115746219985889
9923,ENSG00000135521.9,0.11156709993843131
9924,ENSG00000241127.8,0.11153503218471131
9925,ENSG00000198862.14,0.11152596593953173
9926,ENSG00000170892.12,0.1114172290744312
9927,ENSG00000081019.13,0.11141085677412242
9928,ENSG00000196715.7,0.11140233303471654
9929,ENSG00000198169.9,0.11140197482457935
9930,ENSG00000116688.18,0.111377967599815
9931,ENSG00000183153.7,0.1113765888461054
9932,ENSG00000198049.7,0.11137251916493532
9933,ENSG00000277632.2,0.1113683256420448
9934,ENSG00000146085.8,0.1113616957932614
9935,ENSG00000141294.10,0.11132552360615208
9936,ENSG00000148158.17,0.11130411869483224
9937,ENSG00000125977.7,0.11129949156955064
9938,ENSG00000173085.15,0.11129226430268871
9939,ENSG00000111664.11,0.11128043642689207
9940,ENSG00000123810.9,0.11127962283849907
9941,ENSG00000151150.22,0.11127124911732758
9942,ENSG00000103978.16,0.11124734627272292
9943,ENSG00000065328.17,0.11121731660737459
9944,ENSG00000130023.16,0.11120336765483964
9945,ENSG00000010803.16,0.11118184209081544
9946,ENSG00000153944.12,0.11117595247551178
9947,ENSG00000132881.12,0.11115538626684306
9948,ENSG00000196072.12,0.11115479129512587
9949,ENSG00000116752.6,0.11113140944613695
9950,ENSG00000101493.11,0.11112142741788796
9951,ENSG00000188725.8,0.11110555198864065
9952,ENSG00000110172.12,0.11109797422214408
9953,ENSG00000112852.7,0.11108480189193036
9954,ENSG00000168036.18,0.11106500249387909
9955,ENSG00000100814.18,0.11106484728403915
9956,ENSG00000162704.16,0.11102790020288567
9957,ENSG00000197863.9,0.11102266159875183
9958,ENSG00000031691.7,0.11099471182663699
9959,ENSG00000168395.16,0.11097316741780328
9960,ENSG00000182446.14,0.11093195546305912
9961,ENSG00000174943.11,0.11093056994294732
9962,ENSG00000174446.13,0.11091894767620884
9963,ENSG00000156096.14,0.11086294336221914
9964,ENSG00000168404.13,0.1108605657483699
9965,ENSG00000123728.10,0.11081657540094193
9966,ENSG00000168216.13,0.11079472788452445
9967,ENSG00000086758.16,0.11075124850696566
9968,ENSG00000103249.18,0.11072952031528895
9969,ENSG00000188419.14,0.11070397613884493
9970,ENSG00000088888.18,0.11066303074507039
9971,ENSG00000111358.14,0.11062615602411739
9972,ENSG00000105186.16,0.11060921183113151
9973,ENSG00000112335.15,0.1105630481717856
9974,ENSG00000196338.13,0.11056095648443076
9975,ENSG00000174529.7,0.110533165754671
9976,ENSG00000117758.14,0.11051325884771042
9977,ENSG00000197057.10,0.11050453714531142
9978,ENSG00000058799.15,0.11050104182200883
9979,ENSG00000135469.14,0.11049653279695089
9980,ENSG00000175198.17,0.11047008621418852
9981,ENSG00000204469.13,0.11045764487005554
9982,ENSG00000137824.16,0.11045214997482232
9983,ENSG00000177885.15,0.11043509959011652
9984,ENSG00000175267.15,0.11042630580786449
9985,ENSG00000127980.16,0.11042623330623455
9986,ENSG00000186510.12,0.11040506465892522
9987,ENSG00000112212.12,0.11035861357954396
9988,ENSG00000256223.6,0.1103540287891482
9989,ENSG00000083223.18,0.11032505423822495
9990,ENSG00000064490.14,0.11027671036130417
9991,ENSG00000115507.10,0.11025786147579629
9992,ENSG00000138650.9,0.11021602957107635
9993,ENSG00000174015.10,0.11020802217156678
9994,ENSG00000273542.2,0.11019734385235488
9995,ENSG00000157191.20,0.11019450820311132
9996,ENSG00000118482.12,0.11018686610729589
9997,ENSG00000101574.15,0.11017376263437695
9998,ENSG00000115525.18,0.11017041543659549
9999,ENSG00000100485.12,0.11013836579687417
10000,ENSG00000165118.15,0.11013792414169782
10001,ENSG00000143224.18,0.11002180754366161
10002,ENSG00000133739.16,0.10999949881581393
10003,ENSG00000138079.14,0.10996797805220904
10004,ENSG00000130935.10,0.10994986325134913
10005,ENSG00000204351.12,0.1099151956959372
10006,ENSG00000165240.20,0.10989844848332188
10007,ENSG00000197121.15,0.10986797581942812
10008,ENSG00000166411.14,0.109861930953259
10009,ENSG00000005700.15,0.10984737040269993
10010,ENSG00000124659.7,0.10984534447363153
10011,ENSG00000126903.16,0.1098294359438719
10012,ENSG00000150760.13,0.10982867013015521
10013,ENSG00000145332.14,0.10981923098834102
10014,ENSG00000197467.16,0.10981771419458537
10015,ENSG00000132122.12,0.10981685364446153
10016,ENSG00000197361.8,0.10978935825152135
10017,ENSG00000072803.17,0.10978234020277765
10018,ENSG00000159259.8,0.10976228850121998
10019,ENSG00000168447.11,0.10974401567525903
10020,ENSG00000073536.18,0.10974031445590182
10021,ENSG00000144909.8,0.1097049896152236
10022,ENSG00000104853.16,0.10969944623434058
10023,ENSG00000076201.15,0.10968705088112181
10024,ENSG00000138674.17,0.10967103207920738
10025,ENSG00000113384.14,0.10966627467315594
10026,ENSG00000100554.12,0.10966025293892309
10027,ENSG00000170142.12,0.10965554131792091
10028,ENSG00000101365.21,0.10964744371087977
10029,ENSG00000105497.8,0.10963788135229363
10030,ENSG00000072506.13,0.10962675420732972
10031,ENSG00000170681.7,0.1095736925029739
10032,ENSG00000134996.12,0.10955261784962728
10033,ENSG00000056972.20,0.10954345288878417
10034,ENSG00000013392.8,0.10953578018567063
10035,ENSG00000177663.14,0.1095252460395025
10036,ENSG00000144283.22,0.1095138487648931
10037,ENSG00000102316.17,0.10950841605391802
10038,ENSG00000196792.12,0.10947928507140532
10039,ENSG00000114446.5,0.10947185881399905
10040,ENSG00000100445.17,0.1094661352563297
10041,ENSG00000196323.14,0.10944885938842373
10042,ENSG00000112619.8,0.10944408922170247
10043,ENSG00000186132.15,0.10943973638036819
10044,ENSG00000131931.8,0.1094395020435319
10045,ENSG00000270647.6,0.10943620245640988
10046,ENSG00000125122.15,0.10940552861205351
10047,ENSG00000111481.10,0.10937561254305887
10048,ENSG00000185875.13,0.10936798755939477
10049,ENSG00000159082.18,0.10936406193371483
10050,ENSG00000167110.18,0.10935826875381521
10051,ENSG00000147050.16,0.1093424852052881
10052,ENSG00000214872.8,0.10933894129520931
10053,ENSG00000117016.10,0.10931368994455883
10054,ENSG00000101361.17,0.10929780231341676
10055,ENSG00000103852.13,0.10928864019266708
10056,ENSG00000111412.6,0.10928431618748084
10057,ENSG00000170265.12,0.10926522304339495
10058,ENSG00000011275.19,0.10924648842399001
10059,ENSG00000109458.8,0.10921937473365657
10060,ENSG00000108984.15,0.10921734332945543
10061,ENSG00000078369.18,0.10921728045122822
10062,ENSG00000167840.13,0.10921685288132522
10063,ENSG00000005889.16,0.1092153994302604
10064,ENSG00000100031.19,0.10921487832279976
10065,ENSG00000100280.16,0.10918269395347113
10066,ENSG00000152464.15,0.1091476038298288
10067,ENSG00000109534.17,0.10913747377209801
10068,ENSG00000154237.13,0.10913088560076459
10069,ENSG00000143512.13,0.10911857371673442
10070,ENSG00000169193.12,0.10908038783431522
10071,ENSG00000198612.11,0.10906029495875563
10072,ENSG00000102309.15,0.10905035149705083
10073,ENSG00000071205.12,0.10902415985347017
10074,ENSG00000103021.9,0.10899619593286297
10075,ENSG00000178074.6,0.10898487660655164
10076,ENSG00000105568.18,0.10897731563041989
10077,ENSG00000044446.12,0.10897318252108518
10078,ENSG00000146109.5,0.10892786240433766
10079,ENSG00000103415.12,0.10890521653762888
10080,ENSG00000070831.17,0.1088885926081509
10081,ENSG00000125755.19,0.1088535185113623
10082,ENSG00000027001.10,0.10884873433113414
10083,ENSG00000100804.19,0.10882342169533436
10084,ENSG00000040275.17,0.10880994029347024
10085,ENSG00000134684.11,0.10879953255598494
10086,ENSG00000129197.14,0.10879690368816056
10087,ENSG00000070778.13,0.10877883713516649
10088,ENSG00000170791.18,0.10877014803122974
10089,ENSG00000097046.13,0.1087686925927455
10090,ENSG00000090674.16,0.10876653492040995
10091,ENSG00000175348.11,0.10874044289056663
10092,ENSG00000177879.17,0.1087399549773769
10093,ENSG00000152904.11,0.10872186944883676
10094,ENSG00000189376.12,0.1087184294438811
10095,ENSG00000175581.14,0.10868245593636221
10096,ENSG00000143549.21,0.10864441973819736
10097,ENSG00000112992.18,0.10862066781325097
10098,ENSG00000163811.12,0.10861753914386492
10099,ENSG00000083312.17,0.10861723678625398
10100,ENSG00000134698.11,0.10859740030554961
10101,ENSG00000129219.14,0.10857569874493954
10102,ENSG00000274322.1,0.1085722012005971
10103,ENSG00000175283.8,0.10856869143548352
10104,ENSG00000213619.11,0.10856462350107686
10105,ENSG00000149179.14,0.10854577786558697
10106,ENSG00000243335.10,0.10854534965896967
10107,ENSG00000139641.13,0.10853089259254331
10108,ENSG00000221838.10,0.10852591088137523
10109,ENSG00000150456.11,0.10849988710590311
10110,ENSG00000197776.8,0.10849969700393115
10111,ENSG00000177889.10,0.10849850878192764
10112,ENSG00000050438.17,0.10848681730103675
10113,ENSG00000135932.11,0.10847941285303049
10114,ENSG00000100028.12,0.10846026816602443
10115,ENSG00000175931.13,0.10845462024665928
10116,ENSG00000104969.11,0.10842788981506205
10117,ENSG00000107854.6,0.1084218135460076
10118,ENSG00000175573.7,0.10840449207453705
10119,ENSG00000092094.11,0.10840032564064722
10120,ENSG00000156398.13,0.10839206536352575
10121,ENSG00000144591.19,0.10836296721789632
10122,ENSG00000124783.14,0.10828522585242431
10123,ENSG00000049192.15,0.10826871534739178
10124,ENSG00000177150.13,0.10825006435204577
10125,ENSG00000090447.12,0.10824517318936296
10126,ENSG00000177200.17,0.10820631453173574
10127,ENSG00000166823.5,0.10819901172815397
10128,ENSG00000105877.18,0.10818774765243447
10129,ENSG00000104331.9,0.1081833728119091
10130,ENSG00000165731.20,0.10818246512016798
10131,ENSG00000116120.11,0.10811171087948956
10132,ENSG00000127481.15,0.10811147890400205
10133,ENSG00000181924.7,0.10810051961167204
10134,ENSG00000243896.4,0.10807805398733167
10135,ENSG00000181264.9,0.10803425820950303
10136,ENSG00000108599.15,0.10802428314060643
10137,ENSG00000163625.16,0.10802080786548272
10138,ENSG00000077458.13,0.10801829418115332
10139,ENSG00000168763.16,0.10799487599258027
10140,ENSG00000139579.13,0.10795752066046244
10141,ENSG00000124177.15,0.1079442359866903
10142,ENSG00000055208.19,0.10793134288554888
10143,ENSG00000105612.9,0.10792451402906729
10144,ENSG00000171862.11,0.10783784032173067
10145,ENSG00000113194.13,0.10780981618576319
10146,ENSG00000166435.15,0.10780805034585753
10147,ENSG00000169857.9,0.1077910498125964
10148,ENSG00000143622.11,0.10778814714229744
10149,ENSG00000170469.11,0.10776902264135273
10150,ENSG00000196655.12,0.10776739175593182
10151,ENSG00000156795.8,0.1077534441395866
10152,ENSG00000178796.13,0.10772764521290276
10153,ENSG00000159588.15,0.10772633064160517
10154,ENSG00000116128.11,0.10771635275937312
10155,ENSG00000148459.16,0.10770978039120868
10156,ENSG00000161203.13,0.10770971863565786
10157,ENSG00000159625.15,0.10769267683995884
10158,ENSG00000111364.16,0.10769137874649924
10159,ENSG00000173818.17,0.10766098842453638
10160,ENSG00000145901.16,0.10763668016275145
10161,ENSG00000135749.19,0.10763440025343111
10162,ENSG00000155252.13,0.10763156623311702
10163,ENSG00000163938.17,0.10761173527952685
10164,ENSG00000144320.14,0.10760893175329925
10165,ENSG00000143479.17,0.10759992459634303
10166,ENSG00000203326.12,0.10758068018157337
10167,ENSG00000204852.16,0.1075786285386992
10168,ENSG00000205784.4,0.10755080092996175
10169,ENSG00000167323.11,0.10754489918773345
10170,ENSG00000164485.15,0.10753448631545576
10171,ENSG00000186866.17,0.10753304601180329
10172,ENSG00000169299.14,0.10750393744452662
10173,ENSG00000124201.15,0.107488097155907
10174,ENSG00000013293.6,0.10746844935849423
10175,ENSG00000181610.13,0.10746492218450983
10176,ENSG00000198369.10,0.10745001700334181
10177,ENSG00000143207.21,0.10744955876852125
10178,ENSG00000013288.9,0.10742498294236646
10179,ENSG00000160539.6,0.10741754722941564
10180,ENSG00000106052.13,0.10741137140750488
10181,ENSG00000070718.12,0.1074095568126261
10182,ENSG00000090520.11,0.10738060576116285
10183,ENSG00000176009.3,0.10735550284785669
10184,ENSG00000159346.13,0.10734719877426296
10185,ENSG00000171492.14,0.10734588331469709
10186,ENSG00000119711.13,0.10734421351479922
10187,ENSG00000114388.14,0.10733949074306345
10188,ENSG00000130449.6,0.10732555921251175
10189,ENSG00000204315.4,0.10731177896984245
10190,ENSG00000156261.13,0.10730407043729007
10191,ENSG00000155542.12,0.10729403086352723
10192,ENSG00000114867.22,0.10728778204795467
10193,ENSG00000131844.16,0.10726468167581392
10194,ENSG00000219545.11,0.107249528660177
10195,ENSG00000154118.13,0.1072409312043362
10196,ENSG00000131724.11,0.10722532446614934
10197,ENSG00000133958.13,0.1072187384389867
10198,ENSG00000108819.11,0.10720809898354303
10199,ENSG00000104722.14,0.10717712205153801
10200,ENSG00000169871.13,0.10713961877242524
10201,ENSG00000167881.15,0.10711567451254221
10202,ENSG00000175093.5,0.10709111915696105
10203,ENSG00000134375.11,0.10705246416829207
10204,ENSG00000187122.17,0.10704295377160641
10205,ENSG00000183309.12,0.10702886693974875
10206,ENSG00000130518.17,0.10700905593576332
10207,ENSG00000139154.16,0.10700275217103482
10208,ENSG00000118402.6,0.10699966285561802
10209,ENSG00000141027.21,0.10699420412773643
10210,ENSG00000166938.13,0.10696917451785982
10211,ENSG00000260230.5,0.10695218332495623
10212,ENSG00000173950.16,0.10694587740554613
10213,ENSG00000038274.17,0.10693659373898957
10214,ENSG00000113272.14,0.10692416362861915
10215,ENSG00000119929.13,0.10691092913568179
10216,ENSG00000173726.11,0.1069073662821614
10217,ENSG00000100156.10,0.10688602260052148
10218,ENSG00000148925.11,0.10687846584782713
10219,ENSG00000143633.13,0.10686979784632458
10220,ENSG00000082212.13,0.10685527663369099
10221,ENSG00000132005.9,0.10683948792106454
10222,ENSG00000092871.17,0.10682860258272121
10223,ENSG00000225190.11,0.10680435913195128
10224,ENSG00000114850.7,0.10680053651336872
10225,ENSG00000160908.15,0.10680030827657643
10226,ENSG00000112739.17,0.10674347068648737
10227,ENSG00000196363.9,0.10674244111439217
10228,ENSG00000001167.14,0.10673449239539973
10229,ENSG00000102743.15,0.10672778822091523
10230,ENSG00000155506.18,0.10670727208444686
10231,ENSG00000076321.11,0.10669757125957735
10232,ENSG00000206530.11,0.1066910458255575
10233,ENSG00000188343.13,0.10668128581308758
10234,ENSG00000136986.10,0.10667851167183967
10235,ENSG00000100505.13,0.10667811656456096
10236,ENSG00000165841.11,0.1066215658912688
10237,ENSG00000102763.18,0.10661460870869072
10238,ENSG00000158296.14,0.10660331940803063
10239,ENSG00000078668.14,0.10659114631513228
10240,ENSG00000135185.12,0.10657184348739347
10241,ENSG00000177030.17,0.1065576919853992
10242,ENSG00000105887.11,0.10655122980723573
10243,ENSG00000101935.10,0.10653950544857725
10244,ENSG00000166188.2,0.10645973762585288
10245,ENSG00000092470.12,0.1064428852215886
10246,ENSG00000257923.12,0.10643814178390659
10247,ENSG00000113205.5,0.10642040836184923
10248,ENSG00000101161.8,0.1064160999818748
10249,ENSG00000241058.4,0.10639910255855572
10250,ENSG00000035928.16,0.10639545562691526
10251,ENSG00000156345.18,0.10638784645421605
10252,ENSG00000080815.19,0.1063861718741403
10253,ENSG00000140323.6,0.10638226992577687
10254,ENSG00000284691.1,0.10637237906397767
10255,ENSG00000113441.16,0.10636105794420958
10256,ENSG00000152944.9,0.10635696551988703
10257,ENSG00000163636.11,0.10634342975218981
10258,ENSG00000107021.16,0.10632987450524985
10259,ENSG00000155545.20,0.10632559037698147
10260,ENSG00000010017.13,0.10631848502213133
10261,ENSG00000080819.9,0.10631290964312025
10262,ENSG00000244274.8,0.10630730093376298
10263,ENSG00000159322.17,0.10630595158994086
10264,ENSG00000243943.10,0.1063034718717593
10265,ENSG00000198728.11,0.1062941288307212
10266,ENSG00000137727.12,0.10627410582288796
10267,ENSG00000099817.12,0.10627385842874043
10268,ENSG00000137601.17,0.10624542484774305
10269,ENSG00000196781.16,0.10622512557601954
10270,ENSG00000240682.10,0.1062031858255514
10271,ENSG00000064195.7,0.10620214384875838
10272,ENSG00000021645.20,0.1061979054083075
10273,ENSG00000101290.14,0.1061914016811528
10274,ENSG00000113387.12,0.10615927032378818
10275,ENSG00000151304.6,0.10615662810322198
10276,ENSG00000163428.4,0.10614977188452586
10277,ENSG00000104133.15,0.10614138791072752
10278,ENSG00000180346.4,0.10613710915321778
10279,ENSG00000091656.19,0.10613674623573893
10280,ENSG00000103148.17,0.10612028127870055
10281,ENSG00000144407.9,0.10610527272649271
10282,ENSG00000249915.8,0.1061008990927042
10283,ENSG00000148335.15,0.10609887196507055
10284,ENSG00000139083.11,0.10607637423612801
10285,ENSG00000088356.6,0.10607140738446398
10286,ENSG00000163754.18,0.10606360084740542
10287,ENSG00000162600.12,0.10601961780510084
10288,ENSG00000101331.17,0.10601030905904398
10289,ENSG00000132824.14,0.10600491448480126
10290,ENSG00000150401.15,0.10599742892136677
10291,ENSG00000151694.14,0.10598257659538271
10292,ENSG00000213672.8,0.10596357709342479
10293,ENSG00000114054.14,0.1059466501974945
10294,ENSG00000121486.12,0.10594514269643171
10295,ENSG00000162391.12,0.10591760627347035
10296,ENSG00000145041.15,0.10589715806970108
10297,ENSG00000171723.16,0.10580229012901168
10298,ENSG00000119523.10,0.10580095579982099
10299,ENSG00000118407.15,0.10578557125114484
10300,ENSG00000167721.11,0.10578367230967071
10301,ENSG00000130816.17,0.105782950255806
10302,ENSG00000167281.19,0.10576335982532827
10303,ENSG00000165501.17,0.10571200693684411
10304,ENSG00000128789.21,0.10568120966757338
10305,ENSG00000140319.11,0.10567400042624374
10306,ENSG00000085832.17,0.10564257244787341
10307,ENSG00000092148.13,0.10561520371975257
10308,ENSG00000102401.20,0.10559665738395313
10309,ENSG00000054523.18,0.10559533402280605
10310,ENSG00000115353.11,0.10551467941170307
10311,ENSG00000149243.16,0.10551097407854107
10312,ENSG00000130695.16,0.10549091688042193
10313,ENSG00000137574.11,0.10547507117632059
10314,ENSG00000175536.7,0.10546560432429522
10315,ENSG00000181826.10,0.1054563348439771
10316,ENSG00000176476.9,0.10544615684399995
10317,ENSG00000275066.5,0.10544476475002512
10318,ENSG00000160111.14,0.10543777472717145
10319,ENSG00000241878.11,0.10542159892232955
10320,ENSG00000076248.11,0.10541874395266054
10321,ENSG00000204815.10,0.10541003839635434
10322,ENSG00000205531.13,0.10539803625429368
10323,ENSG00000101337.16,0.10539773288144655
10324,ENSG00000090861.17,0.10539606734593873
10325,ENSG00000120805.14,0.1053344919558066
10326,ENSG00000108406.10,0.10531474803080812
10327,ENSG00000155008.14,0.10531002098248471
10328,ENSG00000182700.5,0.10530853797045124
10329,ENSG00000175354.20,0.10530539173505048
10330,ENSG00000178104.19,0.10528036687485799
10331,ENSG00000107518.18,0.10524777461258805
10332,ENSG00000143621.17,0.10522266760507035
10333,ENSG00000084092.7,0.10519497502816226
10334,ENSG00000118096.10,0.10517074750187319
10335,ENSG00000163689.20,0.10514000720976319
10336,ENSG00000149716.13,0.10512674818108936
10337,ENSG00000085982.14,0.10509436844300832
10338,ENSG00000120699.13,0.10502528642034163
10339,ENSG00000105671.12,0.10502396205295461
10340,ENSG00000169446.5,0.10500979638518271
10341,ENSG00000108509.21,0.10496433467258688
10342,ENSG00000152154.11,0.10494186081421047
10343,ENSG00000171847.11,0.10492093693376205
10344,ENSG00000103507.14,0.1049123410062535
10345,ENSG00000066027.12,0.10491069984218505
10346,ENSG00000106105.15,0.10489752614331095
10347,ENSG00000136444.10,0.10489440794083918
10348,ENSG00000112139.16,0.10488564743374663
10349,ENSG00000170836.12,0.1048661957080868
10350,ENSG00000003400.15,0.10484400817924666
10351,ENSG00000185787.15,0.1048366167018844
10352,ENSG00000175073.8,0.10480513658139881
10353,ENSG00000198265.12,0.10480177055904763
10354,ENSG00000128973.13,0.10477639747166992
10355,ENSG00000175826.12,0.10476458051239283
10356,ENSG00000166401.15,0.10475651553241401
10357,ENSG00000125991.20,0.10475245424973333
10358,ENSG00000138760.10,0.1047372793453216
10359,ENSG00000066185.13,0.10470848651253385
10360,ENSG00000003402.20,0.10470034233697753
10361,ENSG00000087995.16,0.10468165933068492
10362,ENSG00000134882.16,0.10465897840199405
10363,ENSG00000173064.13,0.10465197841230316
10364,ENSG00000173163.10,0.10464533824983427
10365,ENSG00000198399.15,0.10464464619902998
10366,ENSG00000009709.12,0.10464293003281541
10367,ENSG00000166986.15,0.10463739068012252
10368,ENSG00000155367.15,0.10463248525756255
10369,ENSG00000080608.10,0.10462260908555203
10370,ENSG00000196961.13,0.10461302543864769
10371,ENSG00000116273.6,0.10460139711328395
10372,ENSG00000133742.14,0.10455348684765138
10373,ENSG00000173171.14,0.1045280509160608
10374,ENSG00000166343.10,0.10452295284751369
10375,ENSG00000182872.16,0.1045211597441952
10376,ENSG00000108506.13,0.104510079217374
10377,ENSG00000162819.12,0.10450456677905687
10378,ENSG00000196968.11,0.10445913123200254
10379,ENSG00000187514.17,0.10445703527241589
10380,ENSG00000206535.8,0.10445245635027543
10381,ENSG00000003096.14,0.1044415812159144
10382,ENSG00000196391.11,0.10444078470728523
10383,ENSG00000124155.18,0.1044400091237042
10384,ENSG00000111181.12,0.10443986691489959
10385,ENSG00000087157.19,0.10441078422191195
10386,ENSG00000154719.14,0.10441061525853976
10387,ENSG00000135334.9,0.10438532187666394
10388,ENSG00000128059.8,0.10437374908169723
10389,ENSG00000104142.11,0.1043708544150785
10390,ENSG00000170027.7,0.10434724754922058
10391,ENSG00000185220.12,0.10434607665561661
10392,ENSG00000186951.16,0.10434235692915093
10393,ENSG00000131507.11,0.10433366592137878
10394,ENSG00000138768.15,0.10432917650918286
10395,ENSG00000118113.12,0.10432240365335002
10396,ENSG00000170266.16,0.10430505091239993
10397,ENSG00000179119.15,0.10427438926501655
10398,ENSG00000197852.12,0.10426116000975183
10399,ENSG00000204463.13,0.10422040013540607
10400,ENSG00000162736.17,0.10420896161582825
10401,ENSG00000033800.14,0.1041961160458475
10402,ENSG00000197928.10,0.1041757027159276
10403,ENSG00000102858.13,0.10416060362469878
10404,ENSG00000124357.13,0.10415229963156891
10405,ENSG00000143847.15,0.10410965095529784
10406,ENSG00000143498.18,0.10407892376801924
10407,ENSG00000137207.12,0.10405054067095909
10408,ENSG00000118900.15,0.1040164412315683
10409,ENSG00000009335.18,0.10401165701476207
10410,ENSG00000063169.11,0.10400525431229507
10411,ENSG00000114859.16,0.10400315492021006
10412,ENSG00000186501.14,0.10398969582584049
10413,ENSG00000159445.13,0.10398101318004342
10414,ENSG00000146250.7,0.10394143140947097
10415,ENSG00000179361.18,0.1039318646595094
10416,ENSG00000136930.13,0.10392980199008026
10417,ENSG00000181135.16,0.1039240878885219
10418,ENSG00000163870.16,0.10390924559830346
10419,ENSG00000105364.14,0.1038946899401761
10420,ENSG00000115109.14,0.10389467006449912
10421,ENSG00000168778.12,0.10388691750856772
10422,ENSG00000161920.11,0.10388268783944386
10423,ENSG00000196981.4,0.1038663662519513
10424,ENSG00000116604.18,0.1038570502777668
10425,ENSG00000229833.10,0.10381075198166018
10426,ENSG00000115289.14,0.10375962127880604
10427,ENSG00000124469.12,0.10374590358378184
10428,ENSG00000120860.11,0.1037443389367465
10429,ENSG00000111245.17,0.10374414508079169
10430,ENSG00000118217.6,0.10370782558418418
10431,ENSG00000139645.10,0.10369287679197085
10432,ENSG00000184634.16,0.10365472982057511
10433,ENSG00000172531.16,0.10364308908224737
10434,ENSG00000087087.20,0.10363041070379772
10435,ENSG00000139908.15,0.10361037069168649
10436,ENSG00000025796.14,0.10360691074666277
10437,ENSG00000165494.11,0.1035909182245165
10438,ENSG00000171295.13,0.10358979415033504
10439,ENSG00000115904.14,0.10358083687545391
10440,ENSG00000225968.7,0.10355634719155037
10441,ENSG00000244754.9,0.10354823570411185
10442,ENSG00000088970.16,0.10354762550924103
10443,ENSG00000107521.19,0.10353526902353107
10444,ENSG00000175203.17,0.10352735872866305
10445,ENSG00000164331.10,0.10351950786179477
10446,ENSG00000273749.5,0.10348990770163702
10447,ENSG00000186038.9,0.1034889134194413
10448,ENSG00000147202.18,0.10348523617910259
10449,ENSG00000136279.21,0.103484509159638
10450,ENSG00000162695.12,0.10347850664590286
10451,ENSG00000151474.23,0.10347296113070008
10452,ENSG00000116830.12,0.10346641180000793
10453,ENSG00000100479.13,0.10346050454077381
10454,ENSG00000069869.16,0.10343567326245777
10455,ENSG00000167858.13,0.10343251701380433
10456,ENSG00000172053.18,0.10341320193373506
10457,ENSG00000150787.8,0.10340423376060717
10458,ENSG00000160097.20,0.10337829168441869
10459,ENSG00000112599.9,0.10335203932743306
10460,ENSG00000112685.14,0.10332173132915484
10461,ENSG00000198839.10,0.10331923715339607
10462,ENSG00000164163.11,0.10330698049540814
10463,ENSG00000141551.14,0.10330520186498048
10464,ENSG00000168301.13,0.10328460296949218
10465,ENSG00000104833.12,0.10326544169900236
10466,ENSG00000148143.13,0.10322409639504763
10467,ENSG00000173928.4,0.10319298699226583
10468,ENSG00000188039.16,0.10318989279772263
10469,ENSG00000073050.12,0.10316675971519393
10470,ENSG00000180626.10,0.10315738813514763
10471,ENSG00000115966.17,0.10314721824716658
10472,ENSG00000204160.12,0.10314469741625171
10473,ENSG00000069275.13,0.10313744726949949
10474,ENSG00000133703.13,0.10312803626343953
10475,ENSG00000213523.10,0.10310295730299614
10476,ENSG00000122223.13,0.10308645439383991
10477,ENSG00000113595.15,0.10308399131783802
10478,ENSG00000156471.13,0.10307197254892668
10479,ENSG00000148396.18,0.10306570839389802
10480,ENSG00000118965.16,0.1030578860401126
10481,ENSG00000125703.15,0.10304870420843829
10482,ENSG00000123739.11,0.10303159709322599
10483,ENSG00000152256.14,0.10302529809533102
10484,ENSG00000188803.15,0.10300543007944289
10485,ENSG00000160584.16,0.10299907422184791
10486,ENSG00000005007.13,0.10299723276743424
10487,ENSG00000184786.6,0.10299253512538446
10488,ENSG00000171817.17,0.10296339783401195
10489,ENSG00000164168.8,0.10294163703860101
10490,ENSG00000148483.9,0.10293010219246068
10491,ENSG00000272602.6,0.10289370879837365
10492,ENSG00000168002.12,0.10288931286165195
10493,ENSG00000129347.21,0.10287807449748657
10494,ENSG00000142279.13,0.10287106563912796
10495,ENSG00000186868.16,0.10285170246195514
10496,ENSG00000173692.14,0.1028337763988611
10497,ENSG00000115685.15,0.1028325478126044
10498,ENSG00000110987.9,0.10283102094953597
10499,ENSG00000181192.12,0.10282651688661983
10500,ENSG00000113946.4,0.10280143728361175
10501,ENSG00000136518.17,0.10279565801398827
10502,ENSG00000158816.15,0.1027638252129996
10503,ENSG00000170486.11,0.10275507585231164
10504,ENSG00000157833.13,0.1027364418023382
10505,ENSG00000130150.12,0.10271015374613912
10506,ENSG00000178409.14,0.1026861114538069
10507,ENSG00000132801.7,0.10266604071449756
10508,ENSG00000161277.11,0.1026624240170239
10509,ENSG00000089050.16,0.10263867112220813
10510,ENSG00000088305.18,0.10260035522407221
10511,ENSG00000117395.13,0.10259905650027688
10512,ENSG00000012174.12,0.10259596415954608
10513,ENSG00000239789.6,0.10258967033584111
10514,ENSG00000219200.12,0.1025895196585746
10515,ENSG00000141030.13,0.10256467907748003
10516,ENSG00000196460.14,0.10254949993527945
10517,ENSG00000151917.18,0.10244731601946076
10518,ENSG00000185267.10,0.1024251466712296
10519,ENSG00000204764.14,0.10242371749970133
10520,ENSG00000204843.12,0.10240806666069663
10521,ENSG00000118412.13,0.10238092589797772
10522,ENSG00000136888.8,0.10232546097745673
10523,ENSG00000025293.17,0.10231988044261547
10524,ENSG00000171161.13,0.10225448681623649
10525,ENSG00000118363.12,0.10222716364828494
10526,ENSG00000155876.6,0.102212533108574
10527,ENSG00000108379.10,0.10216759862031902
10528,ENSG00000272047.3,0.10216501996995574
10529,ENSG00000144566.11,0.10214630060347708
10530,ENSG00000225805.4,0.10213610031006207
10531,ENSG00000184470.21,0.10212931602685214
10532,ENSG00000214655.11,0.10212558110467314
10533,ENSG00000113658.18,0.10212267805130643
10534,ENSG00000116918.15,0.10212247389589801
10535,ENSG00000171103.11,0.10210996088592833
10536,ENSG00000120925.16,0.10208490648515384
10537,ENSG00000125734.15,0.10204822339133192
10538,ENSG00000004961.15,0.10204607853759741
10539,ENSG00000161036.13,0.10203439467404113
10540,ENSG00000117543.21,0.10202745058470275
10541,ENSG00000163900.11,0.10201281835120894
10542,ENSG00000079335.20,0.10200770916161578
10543,ENSG00000122126.17,0.10199249961250005
10544,ENSG00000189180.16,0.10197779242249908
10545,ENSG00000124596.17,0.10196518407466543
10546,ENSG00000197933.13,0.10195504946383799
10547,ENSG00000167619.13,0.1019485528627077
10548,ENSG00000120526.12,0.10194031971702319
10549,ENSG00000196388.8,0.1019349765369695
10550,ENSG00000012983.11,0.1019243991461691
10551,ENSG00000204619.8,0.10188548897761261
10552,ENSG00000099341.11,0.10186767736806529
10553,ENSG00000030066.13,0.10186241049744273
10554,ENSG00000155313.15,0.10185677961331584
10555,ENSG00000140307.11,0.10181084295135513
10556,ENSG00000143742.14,0.10180601295089342
10557,ENSG00000185591.10,0.10178407319182259
10558,ENSG00000198160.15,0.1017808693508707
10559,ENSG00000164091.12,0.10173591248119002
10560,ENSG00000197724.11,0.10173306513193059
10561,ENSG00000166451.13,0.1017307477313415
10562,ENSG00000048544.6,0.10170645711502899
10563,ENSG00000182134.16,0.10170249492090108
10564,ENSG00000198860.13,0.10168183441685794
10565,ENSG00000123200.17,0.10166631340371945
10566,ENSG00000075188.9,0.10166601823089597
10567,ENSG00000099992.16,0.10159357928110026
10568,ENSG00000086232.13,0.10158125588299294
10569,ENSG00000101193.8,0.10157694634419757
10570,ENSG00000187889.13,0.10157210456093978
10571,ENSG00000143669.14,0.10156951392011646
10572,ENSG00000108423.15,0.10156793859985572
10573,ENSG00000156531.17,0.10156680957611676
10574,ENSG00000141576.16,0.10156414358145131
10575,ENSG00000136144.12,0.1015597263502985
10576,ENSG00000141425.18,0.10155627361293738
10577,ENSG00000094916.16,0.10149790369779535
10578,ENSG00000224470.8,0.10146957064580953
10579,ENSG00000005339.15,0.10146734905763534
10580,ENSG00000048140.18,0.10146265851943584
10581,ENSG00000183283.16,0.10144917057412377
10582,ENSG00000116062.17,0.10142411588322045
10583,ENSG00000141456.16,0.10141824431543323
10584,ENSG00000165458.14,0.10140176113483997
10585,ENSG00000233198.4,0.10138919865391227
10586,ENSG00000114650.20,0.10137724822288652
10587,ENSG00000085978.22,0.10137409563331565
10588,ENSG00000105698.16,0.10137273046608533
10589,ENSG00000101346.14,0.10134135506414076
10590,ENSG00000172766.19,0.10133998803148067
10591,ENSG00000105750.15,0.10130019806409041
10592,ENSG00000160194.18,0.10129578878664483
10593,ENSG00000139718.11,0.10126210647050027
10594,ENSG00000147654.15,0.10126139939948944
10595,ENSG00000204371.11,0.10125847389128888
10596,ENSG00000223609.11,0.10124840397783962
10597,ENSG00000107789.16,0.10124593067476684
10598,ENSG00000072609.18,0.10123723211379501
10599,ENSG00000047621.12,0.10121059639831737
10600,ENSG00000156239.12,0.10118345829025381
10601,ENSG00000256060.3,0.10114954118228593
10602,ENSG00000143374.17,0.10114765823398492
10603,ENSG00000188647.13,0.10113501200366551
10604,ENSG00000186184.19,0.10108197752571714
10605,ENSG00000163041.13,0.10106813191528072
10606,ENSG00000064652.11,0.10106405381629505
10607,ENSG00000026652.15,0.10105112117596839
10608,ENSG00000278023.7,0.10102255642096196
10609,ENSG00000197208.6,0.1010205905743349
10610,ENSG00000178921.14,0.10097366207300894
10611,ENSG00000182771.19,0.10093839153565429
10612,ENSG00000181789.14,0.10093437509816523
10613,ENSG00000244165.2,0.10092802303006988
10614,ENSG00000106100.11,0.10092587254296338
10615,ENSG00000174132.9,0.10092335517430008
10616,ENSG00000161960.16,0.1008655245569045
10617,ENSG00000147905.18,0.10080076751546399
10618,ENSG00000145979.18,0.10077120646307113
10619,ENSG00000186283.14,0.10075884872412993
10620,ENSG00000126524.10,0.10073917989193495
10621,ENSG00000138867.17,0.10073501904959559
10622,ENSG00000011083.9,0.10071449489239019
10623,ENSG00000125870.11,0.10068810240229172
10624,ENSG00000101413.12,0.10068173177261361
10625,ENSG00000119335.17,0.1006724691973712
10626,ENSG00000205269.6,0.10067223654075193
10627,ENSG00000126545.14,0.10067044543862218
10628,ENSG00000167654.18,0.10066527194028552
10629,ENSG00000184156.17,0.10065852968590451
10630,ENSG00000197157.11,0.10065725456286231
10631,ENSG00000181788.4,0.10064630032512235
10632,ENSG00000130340.16,0.10064358727787506
10633,ENSG00000164597.15,0.10062231832083729
10634,ENSG00000120029.13,0.10062196467523411
10635,ENSG00000115649.16,0.10060693579745288
10636,ENSG00000159131.17,0.10060412262596401
10637,ENSG00000138802.11,0.10059646812715399
10638,ENSG00000157259.8,0.10058045792613028
10639,ENSG00000146457.16,0.10054863861544155
10640,ENSG00000023839.12,0.10053635509189378
10641,ENSG00000162402.14,0.10053513933644248
10642,ENSG00000112242.15,0.10053153829072778
10643,ENSG00000124193.16,0.10052521020129346
10644,ENSG00000120656.12,0.1005043534195895
10645,ENSG00000107807.13,0.10050067907907266
10646,ENSG00000049769.14,0.10044055872656718
10647,ENSG00000115091.12,0.10044020585640238
10648,ENSG00000111790.14,0.10042245552464965
10649,ENSG00000185896.11,0.10039875674241694
10650,ENSG00000117153.16,0.1003321692041022
10651,ENSG00000121904.17,0.10031434825752947
10652,ENSG00000115241.11,0.1003087259895805
10653,ENSG00000176244.7,0.10029332996461769
10654,ENSG00000074201.9,0.10028011835190873
10655,ENSG00000136783.10,0.10027580168897977
10656,ENSG00000166046.11,0.10026554940485222
10657,ENSG00000152240.13,0.10026285010450689
10658,ENSG00000171316.12,0.10023992625208687
10659,ENSG00000020129.16,0.10023913571665613
10660,ENSG00000165775.18,0.10023861354338193
10661,ENSG00000131944.10,0.10023156548265798
10662,ENSG00000153495.11,0.10020501262465774
10663,ENSG00000010165.20,0.1001988173340442
10664,ENSG00000108474.17,0.10019482831676856
10665,ENSG00000273820.2,0.10017911012951512
10666,ENSG00000164117.14,0.10017238025570874
10667,ENSG00000113593.12,0.10014208945295115
10668,ENSG00000058262.10,0.10012988056039311
10669,ENSG00000161904.12,0.1001264234944136
10670,ENSG00000060642.11,0.10011113448361046
10671,ENSG00000221944.9,0.10001416543198821
10672,ENSG00000077097.15,0.10000299369422025
10673,ENSG00000167311.14,0.09997824406944873
10674,ENSG00000180953.11,0.09997693954811683
10675,ENSG00000142494.13,0.09997418811449411
10676,ENSG00000166946.14,0.0999693543936193
10677,ENSG00000172296.13,0.0999686813046296
10678,ENSG00000139675.12,0.09994477053291187
10679,ENSG00000146834.14,0.09992657385509245
10680,ENSG00000154920.15,0.0999100317725827
10681,ENSG00000011258.16,0.09989742824420902
10682,ENSG00000137876.11,0.0998887590581916
10683,ENSG00000173320.12,0.09988460868443816
10684,ENSG00000272333.7,0.09987547003510146
10685,ENSG00000079950.14,0.09985273569745269
10686,ENSG00000198824.7,0.09982581602001035
10687,ENSG00000197299.12,0.09982469875482745
10688,ENSG00000131437.16,0.09982291128469815
10689,ENSG00000118518.16,0.0998117939838702
10690,ENSG00000113732.9,0.09978840571665289
10691,ENSG00000110619.18,0.09978086679268665
10692,ENSG00000138614.15,0.09976536592656976
10693,ENSG00000007047.15,0.09975347822155109
10694,ENSG00000087111.21,0.09975005159119793
10695,ENSG00000127870.17,0.09969653324377205
10696,ENSG00000174442.12,0.0996944344211115
10697,ENSG00000143315.8,0.09967236497173412
10698,ENSG00000169914.6,0.09966440575037933
10699,ENSG00000117592.9,0.09963931737509149
10700,ENSG00000182141.10,0.0996310599411611
10701,ENSG00000160959.8,0.09961471228769221
10702,ENSG00000008869.12,0.09960329198995704
10703,ENSG00000085998.14,0.09958551524388119
10704,ENSG00000132581.10,0.0995761413661932
10705,ENSG00000113212.7,0.09957284710169202
10706,ENSG00000149657.20,0.0995727434624554
10707,ENSG00000188342.12,0.09957273776267969
10708,ENSG00000184831.14,0.0995400559301438
10709,ENSG00000115762.16,0.09953354612142169
10710,ENSG00000174840.9,0.09951158492952446
10711,ENSG00000131355.15,0.09949937201995178
10712,ENSG00000069998.12,0.0994834831717695
10713,ENSG00000130427.3,0.09947401460233675
10714,ENSG00000165195.16,0.09947076289328606
10715,ENSG00000156504.16,0.09946865614156356
10716,ENSG00000171311.13,0.09944801306814847
10717,ENSG00000133678.14,0.09943945887744353
10718,ENSG00000177830.18,0.09943440011385109
10719,ENSG00000257727.6,0.09941688464299557
10720,ENSG00000091157.14,0.09941377749289665
10721,ENSG00000138085.17,0.09940764512098778
10722,ENSG00000130382.9,0.0993936081749323
10723,ENSG00000159348.13,0.09936873019181766
10724,ENSG00000158669.11,0.09936210396324786
10725,ENSG00000133316.15,0.09935160750316152
10726,ENSG00000120265.18,0.09934135896318284
10727,ENSG00000174996.12,0.09933484324763928
10728,ENSG00000175467.15,0.09932484014264457
10729,ENSG00000254093.9,0.0993187878782422
10730,ENSG00000115271.11,0.09931505511506898
10731,ENSG00000103174.13,0.09930379142035597
10732,ENSG00000127483.19,0.09929074319491449
10733,ENSG00000120158.12,0.099289737690549
10734,ENSG00000056586.16,0.09928338023894699
10735,ENSG00000241973.11,0.09928318303892832
10736,ENSG00000089597.18,0.09927129113106602
10737,ENSG00000165689.17,0.09924702058019608
10738,ENSG00000134371.14,0.09921281772180271
10739,ENSG00000197565.16,0.09920308481579561
10740,ENSG00000198783.6,0.0991684987913528
10741,ENSG00000198818.10,0.09916264553279017
10742,ENSG00000152076.19,0.09912511541209443
10743,ENSG00000063854.13,0.09909322042144444
10744,ENSG00000103671.10,0.0990908845852491
10745,ENSG00000159147.18,0.09907049037206594
10746,ENSG00000007923.16,0.09903634899496384
10747,ENSG00000100209.11,0.09903374253537975
10748,ENSG00000112146.17,0.09895545566227258
10749,ENSG00000167522.16,0.09894171351030391
10750,ENSG00000119403.15,0.09893640474602086
10751,ENSG00000232593.7,0.09891305283281986
10752,ENSG00000188738.15,0.09890296700315175
10753,ENSG00000123505.19,0.09889771230157277
10754,ENSG00000253352.10,0.09887884965920314
10755,ENSG00000121417.14,0.098832580065925
10756,ENSG00000166685.12,0.09882251011973385
10757,ENSG00000163541.12,0.09878778407915113
10758,ENSG00000117899.11,0.09878755073387237
10759,ENSG00000153201.16,0.09877305068617032
10760,ENSG00000235106.10,0.09877292118853358
10761,ENSG00000160602.14,0.09876379249514457
10762,ENSG00000247315.4,0.09875317941033537
10763,ENSG00000110583.13,0.09875198458808249
10764,ENSG00000163935.14,0.09874242710052288
10765,ENSG00000163956.13,0.09873862613475429
10766,ENSG00000038295.8,0.09872508130052714
10767,ENSG00000108774.15,0.09871241853104644
10768,ENSG00000148824.19,0.09869863815438587
10769,ENSG00000215271.9,0.09866806810100287
10770,ENSG00000071553.18,0.098665978053765
10771,ENSG00000143157.12,0.09859554344391078
10772,ENSG00000165678.21,0.09854996714916192
10773,ENSG00000132256.19,0.09851140869867908
10774,ENSG00000100325.15,0.09851060100267708
10775,ENSG00000154781.16,0.09849441078599218
10776,ENSG00000167554.15,0.09848697125380507
10777,ENSG00000116353.16,0.09848594505090438
10778,ENSG00000156958.15,0.09847735545046768
10779,ENSG00000171174.15,0.09845114987234681
10780,ENSG00000114544.17,0.09844325917071813
10781,ENSG00000162924.15,0.09842966119102368
10782,ENSG00000166801.16,0.09842250284591401
10783,ENSG00000204209.13,0.09839471815515657
10784,ENSG00000265808.4,0.09837075573618455
10785,ENSG00000244038.11,0.09836928941578851
10786,ENSG00000109519.13,0.09836685227359661
10787,ENSG00000272886.6,0.09827710605929947
10788,ENSG00000070182.21,0.09827083552624238
10789,ENSG00000186910.4,0.09825815649307179
10790,ENSG00000187650.4,0.098231268175704
10791,ENSG00000148384.14,0.09822989838904751
10792,ENSG00000186130.5,0.09821004827387118
10793,ENSG00000108799.13,0.09819261278534001
10794,ENSG00000099999.15,0.09817177814168827
10795,ENSG00000134186.12,0.0981443922927806
10796,ENSG00000128654.14,0.09814437795930363
10797,ENSG00000032219.19,0.09813824926584302
10798,ENSG00000117597.18,0.09811457136955087
10799,ENSG00000160993.4,0.09811417839663741
10800,ENSG00000065427.15,0.09809394308657626
10801,ENSG00000128683.14,0.09809015641783772
10802,ENSG00000128487.17,0.09805137741379125
10803,ENSG00000101442.10,0.09805093599635835
10804,ENSG00000006047.13,0.09804412398850192
10805,ENSG00000196748.10,0.09803260342570888
10806,ENSG00000188763.5,0.09802269576653416
10807,ENSG00000129646.14,0.09801887974857774
10808,ENSG00000138430.16,0.0980186830554147
10809,ENSG00000159596.7,0.09801723114699501
10810,ENSG00000168522.13,0.09800474566328159
10811,ENSG00000197323.12,0.09800443305559711
10812,ENSG00000166788.10,0.09798367639675225
10813,ENSG00000254685.6,0.09796489049323906
10814,ENSG00000135299.17,0.09793612089275143
10815,ENSG00000147133.16,0.09793201173606307
10816,ENSG00000135486.19,0.09792149740826617
10817,ENSG00000182512.5,0.09790619936084476
10818,ENSG00000177084.18,0.09790067102381005
10819,ENSG00000137944.18,0.09789376017645549
10820,ENSG00000179454.14,0.09787771954553814
10821,ENSG00000129055.13,0.09787376883310771
10822,ENSG00000105229.7,0.09785617211448527
10823,ENSG00000164291.17,0.09785492021491099
10824,ENSG00000126777.18,0.0978489501935182
10825,ENSG00000215012.9,0.09784040767070945
10826,ENSG00000123106.10,0.09783133258702029
10827,ENSG00000143756.12,0.09781783681558996
10828,ENSG00000134538.3,0.0978168524530837
10829,ENSG00000170632.14,0.09780736500696022
10830,ENSG00000124657.1,0.09779541238797013
10831,ENSG00000108559.12,0.09777818119792432
10832,ENSG00000167011.9,0.0977776384915628
10833,ENSG00000119242.9,0.09775738439881028
10834,ENSG00000177938.5,0.09774613840012299
10835,ENSG00000035141.8,0.09773638431170506
10836,ENSG00000170468.8,0.09773321800427431
10837,ENSG00000164610.9,0.09769156979865408
10838,ENSG00000213366.13,0.09768542532986496
10839,ENSG00000137221.14,0.09768314446073109
10840,ENSG00000047230.15,0.09766543427825923
10841,ENSG00000149634.4,0.0976580644644731
10842,ENSG00000104643.10,0.09764870641576812
10843,ENSG00000156976.17,0.09764619373427984
10844,ENSG00000106038.13,0.09763678854509243
10845,ENSG00000223501.9,0.09760049218728126
10846,ENSG00000146215.14,0.09758509872950878
10847,ENSG00000137947.12,0.09757450905968366
10848,ENSG00000119541.10,0.09756769253655986
10849,ENSG00000265354.4,0.097549727916606
10850,ENSG00000205363.6,0.09754791395253276
10851,ENSG00000164024.12,0.09754069441963457
10852,ENSG00000091527.16,0.0974838979916931
10853,ENSG00000157617.17,0.09745681823932643
10854,ENSG00000125818.18,0.09744096461708192
10855,ENSG00000124574.15,0.09742359241917689
10856,ENSG00000163527.10,0.09738729336402245
10857,ENSG00000080845.18,0.09737873072509341
10858,ENSG00000113013.16,0.09737384268486869
10859,ENSG00000116984.14,0.09736874628290255
10860,ENSG00000108039.18,0.0973657797523655
10861,ENSG00000119599.17,0.09735407096158163
10862,ENSG00000160551.12,0.09732293698029945
10863,ENSG00000158764.7,0.0973190551649948
10864,ENSG00000144228.9,0.09731369678960285
10865,ENSG00000152672.8,0.09726670968079007
10866,ENSG00000122008.15,0.09726313351214076
10867,ENSG00000111142.14,0.09725489947977232
10868,ENSG00000165794.10,0.09724859228202254
10869,ENSG00000138032.21,0.09723099757433334
10870,ENSG00000142453.12,0.09719181713831804
10871,ENSG00000103064.15,0.09718414344784959
10872,ENSG00000138617.16,0.097166013377449
10873,ENSG00000139330.6,0.09715507664932935
10874,ENSG00000101997.13,0.09713989195547672
10875,ENSG00000177302.15,0.0971340519257502
10876,ENSG00000174485.16,0.09707215171130013
10877,ENSG00000112343.11,0.09706296304496316
10878,ENSG00000165572.8,0.09705244926099663
10879,ENSG00000178913.8,0.09704849471808899
10880,ENSG00000186895.4,0.09704638588719113
10881,ENSG00000183161.6,0.09701629463259819
10882,ENSG00000179409.11,0.09700656873047621
10883,ENSG00000168876.9,0.09700200459155343
10884,ENSG00000134910.14,0.09696349056684098
10885,ENSG00000128585.18,0.09695973056271924
10886,ENSG00000196704.13,0.0969469173988449
10887,ENSG00000102390.11,0.09689934157078692
10888,ENSG00000104980.8,0.09687339489193662
10889,ENSG00000184185.10,0.0968473408339311
10890,ENSG00000180071.20,0.09683720537180962
10891,ENSG00000168589.15,0.09681802250309811
10892,ENSG00000072849.11,0.09680481659933966
10893,ENSG00000163635.20,0.09680191187507162
10894,ENSG00000111707.12,0.0968018497320905
10895,ENSG00000148356.14,0.09678964388799778
10896,ENSG00000135632.12,0.09676807694912998
10897,ENSG00000102178.13,0.09676719636077419
10898,ENSG00000138629.16,0.09672527341154312
10899,ENSG00000070814.22,0.09671873835867902
10900,ENSG00000172071.14,0.09668530709193693
10901,ENSG00000196800.6,0.09664027028641364
10902,ENSG00000139173.10,0.09663126834827954
10903,ENSG00000132429.10,0.09661562330812423
10904,ENSG00000227057.10,0.09661066251186277
10905,ENSG00000197951.10,0.09660935228311109
10906,ENSG00000077380.16,0.09660652611406513
10907,ENSG00000100023.19,0.09659984058664392
10908,ENSG00000159374.17,0.09659810524055548
10909,ENSG00000213676.13,0.09657631771465496
10910,ENSG00000182901.17,0.09656668412182352
10911,ENSG00000149292.17,0.09656210725146874
10912,ENSG00000164327.13,0.09654861233440089
10913,ENSG00000101558.14,0.09653233498029204
10914,ENSG00000168710.18,0.0965267199083518
10915,ENSG00000132376.20,0.09652619009514851
10916,ENSG00000198464.14,0.09648615725683417
10917,ENSG00000204310.13,0.09648024326841896
10918,ENSG00000212916.4,0.09647813855025539
10919,ENSG00000156253.7,0.09647671107221976
10920,ENSG00000154358.22,0.09647385911590302
10921,ENSG00000170832.13,0.0964704780683894
10922,ENSG00000164062.13,0.09646286332681236
10923,ENSG00000143033.18,0.09646046891207123
10924,ENSG00000188554.15,0.09643938184491162
10925,ENSG00000196605.7,0.09642780002206995
10926,ENSG00000185475.11,0.09642580389376337
10927,ENSG00000170248.15,0.09642045268510975
10928,ENSG00000112357.14,0.09640010213800419
10929,ENSG00000164089.9,0.09639638877471489
10930,ENSG00000101639.18,0.09637304614895056
10931,ENSG00000166224.17,0.09637242519161406
10932,ENSG00000251369.9,0.09635489062836712
10933,ENSG00000169139.12,0.09635160802420174
10934,ENSG00000090989.18,0.09634722023820924
10935,ENSG00000007202.15,0.09632928397932505
10936,ENSG00000136099.13,0.09631075951177644
10937,ENSG00000131845.15,0.09629342031466594
10938,ENSG00000116874.12,0.09629111913157132
10939,ENSG00000258839.4,0.09627412255079724
10940,ENSG00000054267.22,0.09627168080431112
10941,ENSG00000196449.4,0.09626406926616886
10942,ENSG00000125484.12,0.09625843280339365
10943,ENSG00000124784.9,0.09624534742509505
10944,ENSG00000196972.9,0.09623677330486925
10945,ENSG00000184007.22,0.09621525307121491
10946,ENSG00000116455.14,0.0961912667739811
10947,ENSG00000166471.11,0.09616567109547408
10948,ENSG00000102158.20,0.09612022620675996
10949,ENSG00000136710.10,0.0960679398305638
10950,ENSG00000119906.13,0.09606074212259451
10951,ENSG00000198331.11,0.09604819626248137
10952,ENSG00000096872.17,0.09600299475694318
10953,ENSG00000156030.13,0.09600265517194714
10954,ENSG00000074582.15,0.09599984788278985
10955,ENSG00000143436.11,0.09599863375008606
10956,ENSG00000105053.11,0.09596521625012606
10957,ENSG00000135778.12,0.09594573576245814
10958,ENSG00000067560.13,0.09593749803867134
10959,ENSG00000164096.13,0.09593505398239087
10960,ENSG00000132952.12,0.09593165813473395
10961,ENSG00000168310.11,0.09592550512717027
10962,ENSG00000160746.13,0.09592028665160103
10963,ENSG00000184787.19,0.09591683499439725
10964,ENSG00000087470.18,0.09591011012857019
10965,ENSG00000122545.20,0.09590425147188411
10966,ENSG00000065000.19,0.09588639472962258
10967,ENSG00000078725.13,0.09588022727339739
10968,ENSG00000197965.12,0.09587789382048773
10969,ENSG00000197147.15,0.09587399174078505
10970,ENSG00000103723.16,0.09584263647881731
10971,ENSG00000174405.14,0.09579014777427693
10972,ENSG00000163602.11,0.09578830049126753
10973,ENSG00000196419.13,0.09578435056923594
10974,ENSG00000151948.12,0.09577403320844398
10975,ENSG00000114383.10,0.09574492478793213
10976,ENSG00000181074.4,0.0957372386662178
10977,ENSG00000072958.9,0.0957297659734089
10978,ENSG00000151461.20,0.09571996602159825
10979,ENSG00000101945.17,0.09570884066987147
10980,ENSG00000157020.18,0.09569641900587368
10981,ENSG00000115355.17,0.0956730065629135
10982,ENSG00000102239.5,0.09566006016702268
10983,ENSG00000119318.13,0.09562390925997151
10984,ENSG00000155111.15,0.09559349610223576
10985,ENSG00000005812.11,0.09558530451592201
10986,ENSG00000100380.14,0.09558143909438206
10987,ENSG00000152795.17,0.09550339838180376
10988,ENSG00000171016.13,0.09549634611150863
10989,ENSG00000137337.15,0.09549528767456875
10990,ENSG00000113119.13,0.09547982535221555
10991,ENSG00000120709.11,0.09547957495894226
10992,ENSG00000186687.16,0.09545973827305994
10993,ENSG00000130227.17,0.09543345228048389
10994,ENSG00000214787.10,0.0954252493725282
10995,ENSG00000005302.19,0.0954217691275982
10996,ENSG00000136928.7,0.09541236715885205
10997,ENSG00000140577.16,0.09539253825996982
10998,ENSG00000176386.9,0.09538989561684715
10999,ENSG00000135766.9,0.09538181812612335
11000,ENSG00000169359.16,0.09537763714944682
11001,ENSG00000269343.9,0.09536225316944424
11002,ENSG00000136451.9,0.09535651751244575
11003,ENSG00000153485.6,0.09532923873018315
11004,ENSG00000173933.21,0.09532871123303342
11005,ENSG00000144034.16,0.09532660059934114
11006,ENSG00000178385.15,0.09532633977796916
11007,ENSG00000137218.10,0.09532124130037531
11008,ENSG00000042062.13,0.09531273552257502
11009,ENSG00000134717.18,0.09530336744870677
11010,ENSG00000155438.12,0.09529150672002844
11011,ENSG00000204304.12,0.09526248354441771
11012,ENSG00000127125.9,0.09524344435920226
11013,ENSG00000136381.13,0.09523261552431139
11014,ENSG00000101474.12,0.0952225584982492
11015,ENSG00000162944.11,0.09516465672890329
11016,ENSG00000109756.9,0.09513170910945834
11017,ENSG00000084623.12,0.0951244775200198
11018,ENSG00000121775.18,0.09511762597525353
11019,ENSG00000023228.14,0.09508444236532476
11020,ENSG00000065150.21,0.09507466586258378
11021,ENSG00000136271.10,0.09506648293671681
11022,ENSG00000112941.14,0.09506593521988142
11023,ENSG00000107679.14,0.09503010655836037
11024,ENSG00000169251.13,0.09502021588159183
11025,ENSG00000097033.14,0.09499902525780013
11026,ENSG00000114423.23,0.09497612086823574
11027,ENSG00000122482.21,0.09497008601325911
11028,ENSG00000141642.9,0.09493398448130136
11029,ENSG00000085644.14,0.09492695511287588
11030,ENSG00000150990.8,0.09492160500730787
11031,ENSG00000173456.5,0.09491658675201425
11032,ENSG00000140941.14,0.09491482338153905
11033,ENSG00000113734.18,0.0949063244097134
11034,ENSG00000156103.16,0.09488673744284054
11035,ENSG00000196663.16,0.09488262134255031
11036,ENSG00000119969.15,0.09486423205027027
11037,ENSG00000132906.18,0.0948617517877174
11038,ENSG00000018189.13,0.09485670366697693
11039,ENSG00000112365.5,0.09482991890031996
11040,ENSG00000162980.17,0.09482225098818295
11041,ENSG00000136811.16,0.0948116304336902
11042,ENSG00000008516.17,0.09479289764904904
11043,ENSG00000100220.12,0.09478125404364061
11044,ENSG00000005801.18,0.0947771300869165
11045,ENSG00000102226.10,0.09476382296852397
11046,ENSG00000159459.12,0.09475603650212379
11047,ENSG00000107341.5,0.09475114930880627
11048,ENSG00000139505.11,0.09473289604566128
11049,ENSG00000102753.10,0.09471803808837144
11050,ENSG00000234444.10,0.09470698151735576
11051,ENSG00000095574.12,0.09464752986848624
11052,ENSG00000160193.12,0.09462606800499916
11053,ENSG00000055044.11,0.09462288378044222
11054,ENSG00000100442.11,0.09459032747714981
11055,ENSG00000285938.1,0.09458113974280753
11056,ENSG00000122390.19,0.09456308434398254
11057,ENSG00000070367.16,0.09456117447952711
11058,ENSG00000139910.20,0.09455365923764601
11059,ENSG00000175137.11,0.09454349841937744
11060,ENSG00000182810.7,0.09453884893054092
11061,ENSG00000185453.13,0.09453104625624986
11062,ENSG00000178307.10,0.09451000478222213
11063,ENSG00000132323.9,0.0944898799273922
11064,ENSG00000158423.17,0.09447989383014992
11065,ENSG00000105298.14,0.09446950947061819
11066,ENSG00000170348.9,0.09445879869266934
11067,ENSG00000126970.16,0.09443911508437079
11068,ENSG00000171806.12,0.09441343024059211
11069,ENSG00000169018.6,0.09438590513320236
11070,ENSG00000104321.11,0.09438071441663372
11071,ENSG00000066827.16,0.09437825748106
11072,ENSG00000170846.17,0.09437725400496616
11073,ENSG00000104164.12,0.0943655813255585
11074,ENSG00000148296.7,0.09436100175000905
11075,ENSG00000162521.19,0.09435905733927924
11076,ENSG00000174010.9,0.09434896979347444
11077,ENSG00000123562.18,0.09434847079635723
11078,ENSG00000163170.12,0.09431858342701513
11079,ENSG00000138246.17,0.09430476529373441
11080,ENSG00000119185.13,0.09429281897856862
11081,ENSG00000114416.18,0.09428973736586913
11082,ENSG00000076984.18,0.09422247875522467
11083,ENSG00000128573.26,0.09421605996705525
11084,ENSG00000180332.6,0.09421576298085958
11085,ENSG00000115520.8,0.09420657013966918
11086,ENSG00000104812.15,0.09414060605559209
11087,ENSG00000171307.19,0.09413778582477482
11088,ENSG00000166477.13,0.09413514964490977
11089,ENSG00000214309.5,0.09413219593235483
11090,ENSG00000166484.20,0.09412407892551142
11091,ENSG00000092201.10,0.09412193261493293
11092,ENSG00000162852.14,0.09412141230230166
11093,ENSG00000117569.19,0.09411810270689655
11094,ENSG00000154945.7,0.09408962584677513
11095,ENSG00000180210.15,0.09407079428677367
11096,ENSG00000103540.16,0.0940424579737221
11097,ENSG00000125834.13,0.09402326166645981
11098,ENSG00000124486.13,0.09400448589307044
11099,ENSG00000100865.15,0.09396440986177303
11100,ENSG00000105447.13,0.09395741789891313
11101,ENSG00000104064.18,0.0939174193056046
11102,ENSG00000155980.13,0.09390882947817902
11103,ENSG00000108064.11,0.09389061481473565
11104,ENSG00000148225.16,0.09388131464862423
11105,ENSG00000082996.20,0.09387334742009444
11106,ENSG00000164031.17,0.09386497106784916
11107,ENSG00000198420.10,0.09385688538931779
11108,ENSG00000167778.9,0.09385416293025595
11109,ENSG00000160953.16,0.09384494027085402
11110,ENSG00000196367.14,0.09384376836903809
11111,ENSG00000104375.17,0.09382598094629774
11112,ENSG00000019995.6,0.09382562003893026
11113,ENSG00000139405.16,0.09382236996158468
11114,ENSG00000131849.12,0.09380542437929382
11115,ENSG00000032389.13,0.09380495840910479
11116,ENSG00000158864.13,0.0937982183182333
11117,ENSG00000198894.8,0.09379424819805014
11118,ENSG00000197265.9,0.09376646724244314
11119,ENSG00000164151.12,0.09375949368712129
11120,ENSG00000114904.13,0.0937441237619216
11121,ENSG00000112167.10,0.0937311365700497
11122,ENSG00000133794.20,0.09369319906749422
11123,ENSG00000135953.11,0.09368259935093626
11124,ENSG00000168944.17,0.09367089697612836
11125,ENSG00000141543.12,0.0936702500101794
11126,ENSG00000196199.14,0.09364782355283288
11127,ENSG00000134575.13,0.0936437126054676
11128,ENSG00000130175.10,0.0936368307504367
11129,ENSG00000198498.10,0.09362309779287711
11130,ENSG00000147912.13,0.09360584948244477
11131,ENSG00000141219.15,0.09358975027257213
11132,ENSG00000123700.5,0.09358178343594313
11133,ENSG00000230873.9,0.09357036170184035
11134,ENSG00000174197.16,0.0935602348573303
11135,ENSG00000198081.11,0.09355967733065187
11136,ENSG00000099991.18,0.09355866762235167
11137,ENSG00000144224.17,0.09355118113448173
11138,ENSG00000158411.11,0.09354095119900586
11139,ENSG00000092439.16,0.09353332539134505
11140,ENSG00000123612.16,0.0935315988757291
11141,ENSG00000151553.15,0.0935121196117979
11142,ENSG00000185115.6,0.0935105585504189
11143,ENSG00000092445.12,0.09349133112992265
11144,ENSG00000168118.12,0.09349002376193982
11145,ENSG00000113318.11,0.0934895575929283
11146,ENSG00000154655.16,0.09344085254214471
11147,ENSG00000139697.14,0.0934318202840128
11148,ENSG00000135912.11,0.09342654202850234
11149,ENSG00000111445.14,0.09340965777639368
11150,ENSG00000110871.15,0.09340666903690792
11151,ENSG00000057757.10,0.09339870694756429
11152,ENSG00000104221.13,0.09339462212694784
11153,ENSG00000185900.11,0.09339005986754419
11154,ENSG00000125434.11,0.09338133522576479
11155,ENSG00000183765.23,0.09336750369846654
11156,ENSG00000115286.20,0.0933652509401436
11157,ENSG00000154263.17,0.09334704751788206
11158,ENSG00000198865.10,0.09333949646109867
11159,ENSG00000186907.8,0.09333387572943569
11160,ENSG00000213588.6,0.09333138507483071
11161,ENSG00000205726.15,0.09332806662513798
11162,ENSG00000112763.17,0.09330456930685495
11163,ENSG00000135241.17,0.09328213119775275
11164,ENSG00000125846.15,0.09328031167861679
11165,ENSG00000180370.10,0.09327217892141075
11166,ENSG00000187522.16,0.09326237317301367
11167,ENSG00000110074.11,0.0932505328835066
11168,ENSG00000168159.14,0.093237175641453
11169,ENSG00000170049.9,0.09323214767888413
11170,ENSG00000130640.13,0.09323004729517397
11171,ENSG00000130559.19,0.0932086042144378
11172,ENSG00000169288.18,0.09318745576436287
11173,ENSG00000089154.11,0.09317774711507935
11174,ENSG00000125459.17,0.09317443756418634
11175,ENSG00000140740.11,0.09315332366059981
11176,ENSG00000159079.19,0.09314453074317786
11177,ENSG00000152684.11,0.09311981446904471
11178,ENSG00000119772.17,0.09311019447627433
11179,ENSG00000078900.15,0.09309717678409889
11180,ENSG00000119682.17,0.09306568831660487
11181,ENSG00000151320.11,0.09305875849706763
11182,ENSG00000089682.16,0.09304105745749118
11183,ENSG00000070476.15,0.0930047566799599
11184,ENSG00000101052.13,0.09299609517031783
11185,ENSG00000151500.15,0.0929809997633194
11186,ENSG00000163606.11,0.09298031149493192
11187,ENSG00000148730.7,0.09297266809318652
11188,ENSG00000113966.10,0.09292648800439192
11189,ENSG00000103197.18,0.09291461270597066
11190,ENSG00000189241.8,0.09289053124468344
11191,ENSG00000106006.6,0.09288536572479192
11192,ENSG00000084093.19,0.09287199273992505
11193,ENSG00000250312.8,0.09287032533725331
11194,ENSG00000178567.8,0.0928233009724892
11195,ENSG00000128191.16,0.09281611770732043
11196,ENSG00000163159.14,0.09280179602671104
11197,ENSG00000198001.14,0.09278262233868594
11198,ENSG00000076258.10,0.09274652088048234
11199,ENSG00000160741.17,0.09274065619107444
11200,ENSG00000062725.10,0.09273209293872281
11201,ENSG00000115084.15,0.09272811272689346
11202,ENSG00000125814.17,0.09271587293661088
11203,ENSG00000174282.12,0.09270039998542429
11204,ENSG00000151151.6,0.09269992899655356
11205,ENSG00000108953.17,0.09268995800201994
11206,ENSG00000213593.10,0.0926543198792043
11207,ENSG00000269964.3,0.092650427959408
11208,ENSG00000273841.5,0.0926364356825708
11209,ENSG00000104129.10,0.092635393085066
11210,ENSG00000242259.9,0.09263229690130681
11211,ENSG00000134308.14,0.0926286017876311
11212,ENSG00000143493.13,0.09262801274554115
11213,ENSG00000109323.11,0.09260233405805393
11214,ENSG00000108468.15,0.09259080929532221
11215,ENSG00000178952.11,0.09256713071564243
11216,ENSG00000173226.17,0.09254016221649841
11217,ENSG00000092051.17,0.09253755570534279
11218,ENSG00000114331.15,0.0924940561325251
11219,ENSG00000166912.17,0.09249356235287869
11220,ENSG00000100949.14,0.09248625146688691
11221,ENSG00000147679.12,0.0924823342682381
11222,ENSG00000183798.5,0.09246857478365762
11223,ENSG00000061936.10,0.09246778287544155
11224,ENSG00000168246.6,0.09246190576889476
11225,ENSG00000108788.12,0.09245952652682755
11226,ENSG00000169062.15,0.09245682338631156
11227,ENSG00000040531.16,0.09244755889883803
11228,ENSG00000105929.16,0.09242222045909426
11229,ENSG00000035664.11,0.09239792057518895
11230,ENSG00000196505.11,0.09237599139181407
11231,ENSG00000120438.12,0.09236458765816247
11232,ENSG00000143514.17,0.09235826343436881
11233,ENSG00000135519.8,0.09235244775430755
11234,ENSG00000084110.11,0.09233917454750444
11235,ENSG00000109133.13,0.09233409600150928
11236,ENSG00000099290.17,0.09230111064531911
11237,ENSG00000039139.9,0.09229950324695103
11238,ENSG00000104691.16,0.09227775337949572
11239,ENSG00000148948.8,0.092240537044887
11240,ENSG00000186812.13,0.09223991956745188
11241,ENSG00000184178.16,0.09223698704763364
11242,ENSG00000168610.16,0.09221788790836277
11243,ENSG00000117614.10,0.09221339441418998
11244,ENSG00000054277.14,0.09220168556311928
11245,ENSG00000147509.14,0.09219953355311734
11246,ENSG00000168591.16,0.09218759216406126
11247,ENSG00000134256.12,0.09218226118522374
11248,ENSG00000173585.16,0.09217066091543187
11249,ENSG00000158793.14,0.09216787915736066
11250,ENSG00000125352.6,0.09216631866425501
11251,ENSG00000165309.14,0.09213602506161553
11252,ENSG00000093217.11,0.09212336638081337
11253,ENSG00000127837.10,0.09209776870440001
11254,ENSG00000127804.13,0.0920953275281085
11255,ENSG00000088930.8,0.09207972602739949
11256,ENSG00000105849.6,0.0920755208405298
11257,ENSG00000122203.15,0.09207538677886537
11258,ENSG00000131051.24,0.09199006804307343
11259,ENSG00000204314.12,0.09197044600521669
11260,ENSG00000168795.5,0.09194796767544826
11261,ENSG00000124391.5,0.0919366763371745
11262,ENSG00000151743.11,0.09190459368670058
11263,ENSG00000150316.12,0.09189574316183394
11264,ENSG00000162298.19,0.09189171142006464
11265,ENSG00000152404.15,0.09188234237982162
11266,ENSG00000168675.19,0.09187125509227576
11267,ENSG00000137806.10,0.09186473463064224
11268,ENSG00000213614.10,0.09186235005211871
11269,ENSG00000143862.8,0.09185781532954797
11270,ENSG00000163617.11,0.09184722647724346
11271,ENSG00000099995.19,0.0918383636699491
11272,ENSG00000168214.20,0.09183125376923719
11273,ENSG00000177628.16,0.09183097717479186
11274,ENSG00000188848.16,0.09179637352775039
11275,ENSG00000174628.16,0.09177732886858932
11276,ENSG00000135913.11,0.09176799977093718
11277,ENSG00000117118.10,0.09175920144477484
11278,ENSG00000204851.7,0.09175858542259867
11279,ENSG00000188611.16,0.09175635324450816
11280,ENSG00000215114.10,0.09175333312763438
11281,ENSG00000197008.10,0.09172778438281928
11282,ENSG00000179152.20,0.09172189756390596
11283,ENSG00000091640.8,0.09170773503444342
11284,ENSG00000156603.19,0.09170688854837346
11285,ENSG00000168090.10,0.09169813800910552
11286,ENSG00000197136.4,0.09168734670724382
11287,ENSG00000100426.7,0.09168433318257986
11288,ENSG00000184465.16,0.09165399050171084
11289,ENSG00000171611.10,0.09164620923865364
11290,ENSG00000136936.11,0.09163500002495796
11291,ENSG00000173406.16,0.0916236350992322
11292,ENSG00000156469.9,0.09161482756335997
11293,ENSG00000122068.13,0.09160870273398544
11294,ENSG00000223496.3,0.09159536966315628
11295,ENSG00000047849.21,0.09159111829715647
11296,ENSG00000146842.17,0.0915891235629977
11297,ENSG00000213625.9,0.09158105221614338
11298,ENSG00000171612.7,0.09157535614962688
11299,ENSG00000163528.13,0.09156055149525118
11300,ENSG00000116560.11,0.0915594089188412
11301,ENSG00000135763.10,0.09154621420173162
11302,ENSG00000135336.15,0.09153486157546252
11303,ENSG00000122565.19,0.09152978438765445
11304,ENSG00000164743.5,0.0914889417639441
11305,ENSG00000168517.10,0.09147722297907139
11306,ENSG00000266028.7,0.0914642461873681
11307,ENSG00000163946.13,0.09146354163180324
11308,ENSG00000174799.11,0.09144952183100091
11309,ENSG00000088727.13,0.0914441160312404
11310,ENSG00000114686.9,0.09143406614860197
11311,ENSG00000085511.20,0.09143029617585388
11312,ENSG00000203722.8,0.09139546624028885
11313,ENSG00000176293.20,0.09139105397996156
11314,ENSG00000136156.15,0.09138242183313873
11315,ENSG00000197283.17,0.09138202821917805
11316,ENSG00000066926.12,0.09135487373385491
11317,ENSG00000169895.6,0.09132197066466426
11318,ENSG00000011114.15,0.09131621754437097
11319,ENSG00000101901.12,0.09129117749478222
11320,ENSG00000221914.11,0.09126855227005314
11321,ENSG00000149547.15,0.09125816214149593
11322,ENSG00000166839.17,0.09120695421429866
11323,ENSG00000138075.14,0.09119892487160813
11324,ENSG00000129315.11,0.09119230365573346
11325,ENSG00000184005.11,0.09117884459238224
11326,ENSG00000160613.14,0.09116364898568535
11327,ENSG00000175105.8,0.09109441204847493
11328,ENSG00000126858.18,0.09109204141533497
11329,ENSG00000184307.16,0.09108875932718893
11330,ENSG00000146216.13,0.09108874013443741
11331,ENSG00000106290.15,0.09108113837222119
11332,ENSG00000124233.12,0.09106857490069081
11333,ENSG00000124571.18,0.0910577002705239
11334,ENSG00000143420.19,0.09105409146448754
11335,ENSG00000179630.11,0.09105247250349817
11336,ENSG00000140945.17,0.0910350133116734
11337,ENSG00000078124.12,0.09099121295458464
11338,ENSG00000204856.12,0.09097083224688486
11339,ENSG00000167904.15,0.09093592647301062
11340,ENSG00000188917.15,0.09090373603095628
11341,ENSG00000178149.17,0.09088785175917706
11342,ENSG00000184058.14,0.0908770737002404
11343,ENSG00000105821.15,0.09087516826238493
11344,ENSG00000159202.18,0.09085865886840276
11345,ENSG00000083457.12,0.09083179809365129
11346,ENSG00000168781.22,0.09082147885147981
11347,ENSG00000188282.12,0.09079376297845299
11348,ENSG00000012048.23,0.09079293580044324
11349,ENSG00000179532.13,0.09078344854423681
11350,ENSG00000198924.8,0.09077277186444148
11351,ENSG00000093000.19,0.09076076270060301
11352,ENSG00000068903.20,0.09074538383891785
11353,ENSG00000118705.17,0.0907381557587278
11354,ENSG00000010404.18,0.09072670001777496
11355,ENSG00000189420.8,0.0907177334273775
11356,ENSG00000130812.10,0.0906986201636039
11357,ENSG00000100030.15,0.09065941709086472
11358,ENSG00000165671.21,0.09065102126796153
11359,ENSG00000181004.10,0.0906491384578561
11360,ENSG00000103404.14,0.09064376212183584
11361,ENSG00000132780.17,0.0906372158936516
11362,ENSG00000174579.4,0.09061912482857763
11363,ENSG00000116337.19,0.0906188048547049
11364,ENSG00000115053.17,0.09057058647297699
11365,ENSG00000182473.22,0.09056977054253675
11366,ENSG00000139372.15,0.09056477223784452
11367,ENSG00000188938.17,0.09054203085390244
11368,ENSG00000180182.11,0.09053644416881759
11369,ENSG00000176909.12,0.0905182090145581
11370,ENSG00000113621.15,0.09051300881228325
11371,ENSG00000172732.12,0.09046939446381815
11372,ENSG00000204071.10,0.09044089970949869
11373,ENSG00000180901.11,0.09044001290044919
11374,ENSG00000155906.19,0.0904348121093986
11375,ENSG00000099203.7,0.09038899558006948
11376,ENSG00000121749.15,0.09036820710372014
11377,ENSG00000250317.8,0.09036555063221895
11378,ENSG00000107758.16,0.09035917056876851
11379,ENSG00000108395.14,0.09034865178545483
11380,ENSG00000145882.11,0.09033753798711526
11381,ENSG00000165828.15,0.09033709643770356
11382,ENSG00000106993.12,0.09032879010764105
11383,ENSG00000197170.10,0.09030906393091116
11384,ENSG00000158882.15,0.0903056034643874
11385,ENSG00000095139.14,0.09030102740499239
11386,ENSG00000132676.16,0.09029900041868917
11387,ENSG00000106638.17,0.09029761951942288
11388,ENSG00000125255.7,0.09026277953952476
11389,ENSG00000115561.16,0.09023880505503735
11390,ENSG00000175582.20,0.09021578459511022
11391,ENSG00000160633.13,0.09019843343343673
11392,ENSG00000166133.18,0.09018768606636118
11393,ENSG00000180488.15,0.09016803683063192
11394,ENSG00000100362.13,0.0901389082979689
11395,ENSG00000114279.13,0.09013507001802455
11396,ENSG00000155229.21,0.09012083190580016
11397,ENSG00000185798.8,0.09009033178596178
11398,ENSG00000143125.6,0.0900869494937286
11399,ENSG00000136169.16,0.0900712301427664
11400,ENSG00000204138.13,0.09005824119898155
11401,ENSG00000134987.11,0.09004723134597159
11402,ENSG00000126870.16,0.08995992115473458
11403,ENSG00000103264.18,0.08995567088609567
11404,ENSG00000162231.14,0.08995410131858966
11405,ENSG00000144659.13,0.08993219326709152
11406,ENSG00000100359.21,0.08992875130184429
11407,ENSG00000197498.13,0.08992795240478653
11408,ENSG00000154473.18,0.08992786050367196
11409,ENSG00000143761.16,0.08990410116675479
11410,ENSG00000140839.11,0.08987488512511566
11411,ENSG00000168137.18,0.08986812714444606
11412,ENSG00000089818.18,0.0898558892346063
11413,ENSG00000126088.14,0.08984890774360263
11414,ENSG00000067798.16,0.08982172385269414
11415,ENSG00000205309.14,0.0898126651333595
11416,ENSG00000070759.17,0.08977635105231606
11417,ENSG00000274286.2,0.08976481258647845
11418,ENSG00000145491.12,0.08969939362135754
11419,ENSG00000130177.16,0.08969145919377003
11420,ENSG00000148229.13,0.08967877240100465
11421,ENSG00000173273.16,0.08965306282263781
11422,ENSG00000126246.10,0.08963261711964518
11423,ENSG00000132603.15,0.08963211830514396
11424,ENSG00000181027.11,0.08962869270666218
11425,ENSG00000185024.17,0.08962206828626794
11426,ENSG00000119771.15,0.08956775737263899
11427,ENSG00000243317.8,0.08956544340192696
11428,ENSG00000036257.13,0.08956215213356532
11429,ENSG00000105939.13,0.089561992005778
11430,ENSG00000162086.16,0.08952482349006106
11431,ENSG00000130165.10,0.08951243303001989
11432,ENSG00000135249.8,0.0895061342792792
11433,ENSG00000167595.15,0.08950438629824346
11434,ENSG00000151883.19,0.08949326937327769
11435,ENSG00000133069.17,0.08948600922963944
11436,ENSG00000204120.16,0.08945166839904724
11437,ENSG00000167528.13,0.0893368388364259
11438,ENSG00000198040.11,0.08929314000521987
11439,ENSG00000135346.9,0.08928729547642313
11440,ENSG00000126261.13,0.08927030944528898
11441,ENSG00000108528.14,0.08926450664049364
11442,ENSG00000106305.10,0.08925978592896813
11443,ENSG00000081154.12,0.08924705191444031
11444,ENSG00000185917.14,0.08923719172853176
11445,ENSG00000149136.9,0.08921392859746168
11446,ENSG00000178338.11,0.08920513476196285
11447,ENSG00000135622.13,0.0892049581427312
11448,ENSG00000078699.22,0.08920332849157417
11449,ENSG00000115514.12,0.08918273171405745
11450,ENSG00000186376.15,0.08915989674533231
11451,ENSG00000126698.11,0.0891575105780272
11452,ENSG00000183340.7,0.0891505307343831
11453,ENSG00000130347.13,0.08912116075298442
11454,ENSG00000078898.7,0.08912039860887447
11455,ENSG00000175182.15,0.08908654642987253
11456,ENSG00000106635.8,0.08907291912042435
11457,ENSG00000141519.15,0.08906669514342978
11458,ENSG00000154309.9,0.08906615936180377
11459,ENSG00000087269.16,0.08903889972177587
11460,ENSG00000116698.21,0.08903384140091959
11461,ENSG00000160679.13,0.08903203498678507
11462,ENSG00000135541.21,0.08899563524702597
11463,ENSG00000105778.19,0.08899283266095766
11464,ENSG00000131061.14,0.0889917129211848
11465,ENSG00000198176.13,0.08897877152676115
11466,ENSG00000178397.13,0.0889748454706024
11467,ENSG00000164929.17,0.08896813470852884
11468,ENSG00000132406.12,0.08894897917230553
11469,ENSG00000124532.15,0.08894208847863952
11470,ENSG00000104884.16,0.08893250139663696
11471,ENSG00000137098.14,0.08893148269947271
11472,ENSG00000082146.13,0.08890976202258769
11473,ENSG00000121481.11,0.0889093581595943
11474,ENSG00000156860.16,0.08890383461976101
11475,ENSG00000007545.16,0.08889546370980757
11476,ENSG00000145777.15,0.08889017099629465
11477,ENSG00000100221.10,0.08885972933558192
11478,ENSG00000187713.7,0.08885906722009008
11479,ENSG00000166896.9,0.08884085676987924
11480,ENSG00000179021.10,0.08881567628802511
11481,ENSG00000028310.18,0.08879668058152242
11482,ENSG00000112234.9,0.08877877247845752
11483,ENSG00000140350.15,0.08874969499960773
11484,ENSG00000163001.12,0.08873531451120217
11485,ENSG00000164742.16,0.0887343034079816
11486,ENSG00000121989.15,0.08872631537584069
11487,ENSG00000088205.13,0.08872485648572385
11488,ENSG00000140612.14,0.08871187043122374
11489,ENSG00000108523.16,0.0887114020495491
11490,ENSG00000175029.17,0.08870232065692592
11491,ENSG00000129437.11,0.08866115163966637
11492,ENSG00000188215.10,0.08865886161087502
11493,ENSG00000180532.10,0.08862032656068665
11494,ENSG00000196911.11,0.0886137665446731
11495,ENSG00000196998.19,0.08861000007453325
11496,ENSG00000172765.17,0.08860657121030878
11497,ENSG00000137200.13,0.088603173015378
11498,ENSG00000184432.11,0.08858789084023216
11499,ENSG00000153140.9,0.08857274464259127
11500,ENSG00000172888.12,0.08855827465862696
11501,ENSG00000135070.15,0.08855344026212907
11502,ENSG00000146731.11,0.08852349892559107
11503,ENSG00000078304.19,0.08852343710302048
11504,ENSG00000123595.8,0.08851607850574135
11505,ENSG00000215595.2,0.08851084444036955
11506,ENSG00000269858.6,0.08847040898634145
11507,ENSG00000185800.12,0.08844844060046546
11508,ENSG00000165819.12,0.08843977558829896
11509,ENSG00000148110.16,0.08843670289327134
11510,ENSG00000143458.12,0.08839455302690355
11511,ENSG00000154240.17,0.08838640711224445
11512,ENSG00000083828.16,0.08835849723717695
11513,ENSG00000137474.22,0.08833870110314536
11514,ENSG00000113048.17,0.08832003770764923
11515,ENSG00000110104.13,0.08831910164861172
11516,ENSG00000128699.14,0.08829562226545488
11517,ENSG00000135316.19,0.08828912154937146
11518,ENSG00000185651.15,0.08828655001808354
11519,ENSG00000256806.6,0.08827349467949627
11520,ENSG00000149357.10,0.08824685991516713
11521,ENSG00000101405.3,0.08824405435954465
11522,ENSG00000277157.2,0.08823171493362884
11523,ENSG00000182934.12,0.08821873815634096
11524,ENSG00000116044.16,0.08820297940610589
11525,ENSG00000171132.14,0.08820290263314272
11526,ENSG00000188305.6,0.0881336757507391
11527,ENSG00000097096.9,0.08812642385245789
11528,ENSG00000155666.12,0.08811840727296848
11529,ENSG00000178425.14,0.0881158174150429
11530,ENSG00000185947.15,0.08810081014724247
11531,ENSG00000002919.15,0.0880973236558747
11532,ENSG00000122779.18,0.0880952618964224
11533,ENSG00000063015.20,0.08805653230266308
11534,ENSG00000206172.8,0.08802836714030224
11535,ENSG00000131558.15,0.0880223683127019
11536,ENSG00000253159.3,0.08801804985477293
11537,ENSG00000162928.9,0.08800673142556638
11538,ENSG00000164494.12,0.08800662917646859
11539,ENSG00000106615.10,0.08800203652664487
11540,ENSG00000181555.21,0.08799883261372905
11541,ENSG00000068912.14,0.08797965139440501
11542,ENSG00000180011.7,0.08797644361956969
11543,ENSG00000139291.14,0.08794850629191144
11544,ENSG00000094914.14,0.0879453606409629
11545,ENSG00000162517.13,0.08792747466376503
11546,ENSG00000196666.6,0.08791771574197604
11547,ENSG00000108439.11,0.08791714212879172
11548,ENSG00000101751.10,0.08790412537388813
11549,ENSG00000149930.18,0.08790403457590097
11550,ENSG00000196329.11,0.08789788723472872
11551,ENSG00000119328.12,0.08788874933754108
11552,ENSG00000163539.17,0.08787491328663635
11553,ENSG00000189079.17,0.08786144927220764
11554,ENSG00000148187.18,0.08783742744548277
11555,ENSG00000204104.12,0.08781664425237369
11556,ENSG00000151233.11,0.08780136465232624
11557,ENSG00000110367.13,0.08779378208196008
11558,ENSG00000065600.13,0.08779276221608208
11559,ENSG00000136247.15,0.0877789954582444
11560,ENSG00000196793.14,0.08777651510813965
11561,ENSG00000100664.11,0.08775426763424993
11562,ENSG00000120742.11,0.08774869633814676
11563,ENSG00000177951.17,0.0877459780314171
11564,ENSG00000155827.12,0.08773769132645864
11565,ENSG00000117419.16,0.08773071543286683
11566,ENSG00000111581.10,0.08772870699955869
11567,ENSG00000110911.16,0.08772803558117792
11568,ENSG00000099246.17,0.08771895829218439
11569,ENSG00000122873.12,0.08770620784899605
11570,ENSG00000116906.13,0.08768999451057782
11571,ENSG00000066739.12,0.08768383653381549
11572,ENSG00000066455.13,0.08768332091336069
11573,ENSG00000142039.4,0.08765338946185934
11574,ENSG00000186298.12,0.08764376833759331
11575,ENSG00000152620.13,0.08764162064606372
11576,ENSG00000134480.16,0.08762011032912129
11577,ENSG00000008838.20,0.08761184207298765
11578,ENSG00000125821.13,0.08760787965592656
11579,ENSG00000102225.16,0.0876025850118837
11580,ENSG00000078269.15,0.08757936578223609
11581,ENSG00000154978.13,0.0875792281242348
11582,ENSG00000198898.14,0.08755994953876908
11583,ENSG00000180855.16,0.08753000671648375
11584,ENSG00000135045.7,0.08749766876162111
11585,ENSG00000151572.18,0.08748851018835083
11586,ENSG00000081721.12,0.08748622668766028
11587,ENSG00000177932.7,0.0874641489281972
11588,ENSG00000162378.13,0.0874406948567064
11589,ENSG00000243156.9,0.08742688049041959
11590,ENSG00000162367.11,0.08742065813486366
11591,ENSG00000162688.17,0.0874106553614054
11592,ENSG00000204713.11,0.08740869115863466
11593,ENSG00000141564.15,0.08739173629419408
11594,ENSG00000165887.12,0.08738810616667239
11595,ENSG00000197362.15,0.08738541215049733
11596,ENSG00000095319.14,0.08735801168528756
11597,ENSG00000010704.18,0.08735148096643701
11598,ENSG00000130560.9,0.0873455776282687
11599,ENSG00000142444.7,0.08731742586429704
11600,ENSG00000109674.4,0.08729954860152567
11601,ENSG00000152767.17,0.08728270465539396
11602,ENSG00000128594.8,0.08727836905798227
11603,ENSG00000120253.14,0.08726903216018359
11604,ENSG00000241945.8,0.08725926881458347
11605,ENSG00000141627.14,0.08723426766140431
11606,ENSG00000158290.18,0.08722459956511594
11607,ENSG00000134444.15,0.08721759178517645
11608,ENSG00000070785.17,0.0872164384820805
11609,ENSG00000072518.21,0.08721553394046479
11610,ENSG00000103051.20,0.08721440678179071
11611,ENSG00000172375.14,0.08720210167119462
11612,ENSG00000126062.4,0.08718016465580566
11613,ENSG00000137338.5,0.08717261131371012
11614,ENSG00000118873.16,0.08717142330053868
11615,ENSG00000106524.9,0.08717044809013227
11616,ENSG00000168385.18,0.08715372034779906
11617,ENSG00000189001.11,0.08714855500109653
11618,ENSG00000131966.14,0.08714481789199625
11619,ENSG00000154889.17,0.08705503944705678
11620,ENSG00000213699.9,0.08704927978820728
11621,ENSG00000131148.9,0.08702860492491826
11622,ENSG00000104290.11,0.08702740702479873
11623,ENSG00000139624.14,0.08701738032962232
11624,ENSG00000267680.5,0.0869830882910958
11625,ENSG00000154813.10,0.08696497514521609
11626,ENSG00000138303.18,0.08695609134293314
11627,ENSG00000144895.12,0.08694621096876046
11628,ENSG00000225921.7,0.08693090781711216
11629,ENSG00000276293.4,0.08691957353420884
11630,ENSG00000067208.14,0.08690428462717027
11631,ENSG00000124370.11,0.08689264509293594
11632,ENSG00000084733.11,0.08688838029648199
11633,ENSG00000173889.16,0.08688698463632386
11634,ENSG00000168890.14,0.08684794474570884
11635,ENSG00000197912.16,0.08684325663503384
11636,ENSG00000145687.16,0.0868143853631815
11637,ENSG00000107874.11,0.08679050835057708
11638,ENSG00000172534.14,0.08677919097588724
11639,ENSG00000118058.23,0.08677274036756474
11640,ENSG00000143919.15,0.08673090465639495
11641,ENSG00000185730.8,0.08671922662195698
11642,ENSG00000163466.16,0.08671427957595453
11643,ENSG00000285476.1,0.0867120076362764
11644,ENSG00000138600.10,0.0866941396658978
11645,ENSG00000186160.5,0.08668786599875451
11646,ENSG00000148331.12,0.08667286295339105
11647,ENSG00000127252.7,0.08667247425152115
11648,ENSG00000182518.13,0.08666772907519807
11649,ENSG00000146700.9,0.08666116632467795
11650,ENSG00000135845.10,0.0866194873139918
11651,ENSG00000183513.9,0.08660303776885363
11652,ENSG00000173548.9,0.08657066803110472
11653,ENSG00000111231.9,0.08656730216144046
11654,ENSG00000197045.13,0.08650089398628805
11655,ENSG00000167889.13,0.08649901539670735
11656,ENSG00000127663.15,0.08649878458634538
11657,ENSG00000100823.12,0.08648959837403349
11658,ENSG00000130363.12,0.08646813371900747
11659,ENSG00000143398.20,0.08645563209936799
11660,ENSG00000131127.14,0.08645563111558975
11661,ENSG00000265241.7,0.08644395358131984
11662,ENSG00000256713.8,0.0864418899910947
11663,ENSG00000101966.13,0.08642345680354202
11664,ENSG00000110786.18,0.08641743085021975
11665,ENSG00000183495.14,0.08641266458300524
11666,ENSG00000142408.6,0.08640967965983706
11667,ENSG00000267221.3,0.0864089455771145
11668,ENSG00000180773.15,0.08640580821134984
11669,ENSG00000253598.3,0.08640536189189087
11670,ENSG00000069329.18,0.08639489532729072
11671,ENSG00000166004.15,0.08637254845058552
11672,ENSG00000114902.14,0.08632957042060749
11673,ENSG00000175066.16,0.08632162297412022
11674,ENSG00000164512.18,0.08628961251880814
11675,ENSG00000204227.5,0.08627865220341933
11676,ENSG00000115850.10,0.08627641971153445
11677,ENSG00000179335.18,0.08622094482533767
11678,ENSG00000113068.10,0.08621302604759827
11679,ENSG00000164466.13,0.0861974914574282
11680,ENSG00000054392.13,0.08616833520142242
11681,ENSG00000096401.8,0.08615933116240217
11682,ENSG00000121879.6,0.08615030240263845
11683,ENSG00000148082.10,0.0861180298557014
11684,ENSG00000115896.16,0.08607743710165369
11685,ENSG00000074319.13,0.08604230678234
11686,ENSG00000188396.4,0.08604192413318913
11687,ENSG00000183439.9,0.08602690800963851
11688,ENSG00000172361.6,0.08602103285862474
11689,ENSG00000174842.17,0.08601882955109623
11690,ENSG00000135414.10,0.08600444570657678
11691,ENSG00000068784.13,0.08600293278981956
11692,ENSG00000174460.4,0.08600266563074088
11693,ENSG00000135457.10,0.0859989200166072
11694,ENSG00000198793.13,0.08598683762656698
11695,ENSG00000120370.13,0.08593062874751224
11696,ENSG00000183530.14,0.08591707974245999
11697,ENSG00000123154.12,0.08590574526086289
11698,ENSG00000108443.14,0.08589679229772731
11699,ENSG00000183379.9,0.08589290557493283
11700,ENSG00000113649.11,0.08586924896025122
11701,ENSG00000005175.10,0.08586446980005462
11702,ENSG00000133398.4,0.08585868992173354
11703,ENSG00000120727.13,0.08585339374070043
11704,ENSG00000164904.18,0.08584326918173213
11705,ENSG00000120662.16,0.08582264774664464
11706,ENSG00000119777.20,0.08581019013641548
11707,ENSG00000109103.12,0.0857861488250833
11708,ENSG00000049656.14,0.0857713319225157
11709,ENSG00000254004.7,0.08576259324947003
11710,ENSG00000134697.13,0.08574452205512659
11711,ENSG00000174165.8,0.08572534657590512
11712,ENSG00000105146.13,0.08569536756820023
11713,ENSG00000136861.18,0.08567282104119608
11714,ENSG00000143178.13,0.08567154196641541
11715,ENSG00000040199.18,0.08566187841538124
11716,ENSG00000111300.10,0.0856525324674391
11717,ENSG00000245680.11,0.08564503954856827
11718,ENSG00000147166.11,0.08557931571867658
11719,ENSG00000146007.11,0.0855645081776733
11720,ENSG00000125676.20,0.08554934898077003
11721,ENSG00000179813.7,0.08552450741714117
11722,ENSG00000163781.14,0.08552161887632985
11723,ENSG00000152147.11,0.08551283184948841
11724,ENSG00000198346.11,0.08551142397973342
11725,ENSG00000164068.16,0.08550862965282437
11726,ENSG00000102452.18,0.08550555991485945
11727,ENSG00000172007.7,0.08550007744239282
11728,ENSG00000093144.19,0.08549065700446948
11729,ENSG00000105732.13,0.08549051487617713
11730,ENSG00000171475.14,0.08549016869705237
11731,ENSG00000162408.11,0.08548780549550362
11732,ENSG00000161914.10,0.08548749184920498
11733,ENSG00000121058.5,0.08548371399370042
11734,ENSG00000113300.13,0.08547197473139918
11735,ENSG00000268279.4,0.08543897702039108
11736,ENSG00000152782.16,0.08543329121238662
11737,ENSG00000186566.13,0.08539423907940971
11738,ENSG00000123352.18,0.08537768526876402
11739,ENSG00000223547.10,0.08537112660692375
11740,ENSG00000079134.12,0.08533566235707825
11741,ENSG00000011295.16,0.08532342629044253
11742,ENSG00000205937.12,0.08531613578489253
11743,ENSG00000140995.17,0.08531105730649824
11744,ENSG00000100418.8,0.08529288893627739
11745,ENSG00000149792.9,0.08529232980132376
11746,ENSG00000145743.17,0.08528588828116518
11747,ENSG00000137976.7,0.08528082570235858
11748,ENSG00000135702.14,0.08526523302693094
11749,ENSG00000197599.12,0.08526507257892658
11750,ENSG00000197647.11,0.08525945545333267
11751,ENSG00000088833.17,0.08525401689391822
11752,ENSG00000134287.10,0.08524029298453649
11753,ENSG00000170242.19,0.08523876547056417
11754,ENSG00000184378.3,0.08523673466535907
11755,ENSG00000160310.18,0.08523500956974574
11756,ENSG00000110925.7,0.08523403089119302
11757,ENSG00000171202.7,0.08518710025866912
11758,ENSG00000178947.9,0.08518252876649665
11759,ENSG00000184860.10,0.08516418135542118
11760,ENSG00000116748.21,0.08515933000347552
11761,ENSG00000065135.12,0.085158883832802
11762,ENSG00000204344.14,0.08514755401995563
11763,ENSG00000109270.13,0.08514745517580646
11764,ENSG00000188859.7,0.08510666304636758
11765,ENSG00000101216.11,0.0850961108780284
11766,ENSG00000134440.12,0.08508767092365618
11767,ENSG00000141404.17,0.08506809729205002
11768,ENSG00000124767.7,0.08504187693346305
11769,ENSG00000071127.17,0.08503338557310558
11770,ENSG00000234127.9,0.08499702775168103
11771,ENSG00000260916.7,0.0849648784655342
11772,ENSG00000102870.6,0.08495800750175854
11773,ENSG00000116199.12,0.08494707607712387
11774,ENSG00000082258.13,0.08493658153318308
11775,ENSG00000103319.12,0.08492948682714721
11776,ENSG00000012061.16,0.08491406365958087
11777,ENSG00000105723.13,0.08490152124625922
11778,ENSG00000178234.13,0.08490068962636677
11779,ENSG00000081985.13,0.08490012995593808
11780,ENSG00000088298.13,0.08488502926295405
11781,ENSG00000105341.19,0.08487475497397137
11782,ENSG00000073803.14,0.08487238072579563
11783,ENSG00000172409.6,0.08486666103151289
11784,ENSG00000162623.16,0.08484263432540462
11785,ENSG00000273559.5,0.0848381727274165
11786,ENSG00000182093.16,0.08483640949029332
11787,ENSG00000164535.15,0.0848324466242838
11788,ENSG00000130764.10,0.08482706600386387
11789,ENSG00000065559.15,0.08481370675540774
11790,ENSG00000056291.17,0.08480326836295803
11791,ENSG00000139433.11,0.08479026823068146
11792,ENSG00000144524.18,0.08478014075410305
11793,ENSG00000160299.17,0.08476758768615904
11794,ENSG00000078177.14,0.08473709204147914
11795,ENSG00000132321.17,0.08473646978283315
11796,ENSG00000023318.8,0.08473058735186782
11797,ENSG00000250305.9,0.0847271115609354
11798,ENSG00000100764.14,0.08472457666585233
11799,ENSG00000157881.16,0.08467687924883542
11800,ENSG00000187714.7,0.08466466089279168
11801,ENSG00000196378.13,0.08466289581663727
11802,ENSG00000152443.13,0.08459623383538149
11803,ENSG00000116254.18,0.08458980962668514
11804,ENSG00000114126.18,0.08454501722957486
11805,ENSG00000163002.13,0.08453225039344
11806,ENSG00000183323.13,0.0845258784225867
11807,ENSG00000009780.16,0.08451127811384382
11808,ENSG00000006634.8,0.08450762695562818
11809,ENSG00000147124.12,0.08449621084038521
11810,ENSG00000169813.16,0.08448426944511754
11811,ENSG00000197798.9,0.08447296905504992
11812,ENSG00000103353.16,0.084458334922795
11813,ENSG00000179029.15,0.08442372411328593
11814,ENSG00000188428.20,0.08441615102395791
11815,ENSG00000186814.14,0.08441143999288206
11816,ENSG00000135372.9,0.08440140455886662
11817,ENSG00000153827.14,0.08439197081128876
11818,ENSG00000111737.12,0.08433145704018824
11819,ENSG00000172661.19,0.084324100610817
11820,ENSG00000156853.13,0.08431693762009902
11821,ENSG00000197044.11,0.08431633583670903
11822,ENSG00000065970.9,0.08431566268743221
11823,ENSG00000056050.7,0.08431125945312204
11824,ENSG00000145879.11,0.08430578692164009
11825,ENSG00000103496.15,0.08429871855815514
11826,ENSG00000109667.12,0.08429454569728566
11827,ENSG00000161040.16,0.0842890560496421
11828,ENSG00000008086.13,0.08427345787538432
11829,ENSG00000203705.11,0.08426965284022683
11830,ENSG00000205765.9,0.08421239328042683
11831,ENSG00000197124.12,0.08419536545903676
11832,ENSG00000101843.19,0.08419234215312431
11833,ENSG00000143294.15,0.08418787759561427
11834,ENSG00000124702.18,0.08417922338133314
11835,ENSG00000163104.18,0.08415877228974784
11836,ENSG00000273706.5,0.08413956158380669
11837,ENSG00000113231.14,0.08412132604667291
11838,ENSG00000108256.9,0.08410440953039426
11839,ENSG00000186660.15,0.08410095031239462
11840,ENSG00000112079.9,0.08408486972589083
11841,ENSG00000068697.7,0.0840751270114938
11842,ENSG00000169155.10,0.08403278694511139
11843,ENSG00000138829.12,0.08402452103712453
11844,ENSG00000163162.9,0.0840072807956723
11845,ENSG00000082516.9,0.0839951613577488
11846,ENSG00000163714.18,0.08399093394301203
11847,ENSG00000141034.10,0.08398864451307624
11848,ENSG00000215041.10,0.08397899352245244
11849,ENSG00000176261.15,0.08397117526043729
11850,ENSG00000135956.9,0.08397024955552247
11851,ENSG00000132842.14,0.08396625686011365
11852,ENSG00000136122.18,0.08394689901121341
11853,ENSG00000124228.14,0.0839448640049484
11854,ENSG00000179902.13,0.0839203553513122
11855,ENSG00000125630.16,0.0839196876006581
11856,ENSG00000132388.12,0.0839109134844182
11857,ENSG00000101190.13,0.08389803272893
11858,ENSG00000145354.12,0.08389801521628625
11859,ENSG00000177181.15,0.08389456652881713
11860,ENSG00000103356.18,0.08386327111978824
11861,ENSG00000165028.12,0.08386046170986682
11862,ENSG00000080345.18,0.08384663319758053
11863,ENSG00000024048.11,0.08382804223472866
11864,ENSG00000065615.14,0.08380375064261168
11865,ENSG00000102466.16,0.083786705072475
11866,ENSG00000170088.14,0.08378120103818358
11867,ENSG00000172954.14,0.0837683996493494
11868,ENSG00000153207.16,0.0837520249336381
11869,ENSG00000004897.12,0.08374556259677565
11870,ENSG00000230124.8,0.08373971272106237
11871,ENSG00000138382.15,0.08371766930275752
11872,ENSG00000124356.16,0.08370546584479627
11873,ENSG00000179262.10,0.08368951340621417
11874,ENSG00000136436.15,0.08368692213147114
11875,ENSG00000082515.18,0.08368400213814235
11876,ENSG00000135409.11,0.0836688362248604
11877,ENSG00000129083.13,0.08364578817592361
11878,ENSG00000108830.10,0.08363977014558836
11879,ENSG00000117139.18,0.08362751735645087
11880,ENSG00000100227.18,0.08361732569132864
11881,ENSG00000196151.11,0.08361698077748127
11882,ENSG00000168913.7,0.08358771708134453
11883,ENSG00000154342.6,0.08358663640845049
11884,ENSG00000075415.13,0.08356439302952406
11885,ENSG00000154928.18,0.08356378886862363
11886,ENSG00000132825.7,0.08355874642552716
11887,ENSG00000150756.14,0.08354922908861503
11888,ENSG00000035681.9,0.08353561027062217
11889,ENSG00000169032.10,0.08351291184069472
11890,ENSG00000047188.16,0.08350621987147239
11891,ENSG00000166716.10,0.08349924571766874
11892,ENSG00000164751.15,0.08347389724527286
11893,ENSG00000214782.7,0.08347275221513596
11894,ENSG00000011021.23,0.0834605609207814
11895,ENSG00000241186.10,0.08345999031958085
11896,ENSG00000170606.15,0.08344575877577774
11897,ENSG00000156256.15,0.0834339802556584
11898,ENSG00000102221.14,0.08342609109440625
11899,ENSG00000160014.17,0.08342326095074429
11900,ENSG00000107937.19,0.08341156685985524
11901,ENSG00000166452.12,0.08340820161202976
11902,ENSG00000163827.13,0.08340667145786937
11903,ENSG00000018510.17,0.08340580829618369
11904,ENSG00000181666.18,0.08339164569693402
11905,ENSG00000127452.9,0.08336516757875229
11906,ENSG00000102384.13,0.0833618298499109
11907,ENSG00000134644.16,0.0833534261463361
11908,ENSG00000085231.14,0.0833426719259763
11909,ENSG00000033050.9,0.08331762013587923
11910,ENSG00000164190.19,0.08330342647689737
11911,ENSG00000272031.3,0.08328948041929131
11912,ENSG00000154222.15,0.08325861157900928
11913,ENSG00000163389.12,0.08325634100413928
11914,ENSG00000177683.14,0.08324840122026393
11915,ENSG00000106701.13,0.08324192936765201
11916,ENSG00000167536.14,0.0832379180918633
11917,ENSG00000137802.14,0.08322946578462383
11918,ENSG00000183258.12,0.08319053919331217
11919,ENSG00000143603.19,0.08319015516496492
11920,ENSG00000116954.8,0.08314470931191724
11921,ENSG00000138433.16,0.08313065950451064
11922,ENSG00000121644.19,0.08312213227278033
11923,ENSG00000104626.15,0.0831189183703265
11924,ENSG00000127743.6,0.08310842862864982
11925,ENSG00000100483.14,0.08310839050834307
11926,ENSG00000105784.15,0.08310645297615671
11927,ENSG00000145495.16,0.08305251476983366
11928,ENSG00000198522.14,0.08304731143921992
11929,ENSG00000164944.12,0.08304334426336211
11930,ENSG00000109180.15,0.08302872222005554
11931,ENSG00000164134.13,0.08301227410037236
11932,ENSG00000168539.4,0.0830098699059989
11933,ENSG00000172943.20,0.08300880433270938
11934,ENSG00000099942.13,0.08298767215742126
11935,ENSG00000115808.12,0.08295439895587377
11936,ENSG00000133895.17,0.0829447250785728
11937,ENSG00000176894.10,0.08293201383495373
11938,ENSG00000100897.18,0.08288115767853826
11939,ENSG00000109762.16,0.0828740267214747
11940,ENSG00000074054.20,0.08286809834180625
11941,ENSG00000205302.7,0.08285871249262954
11942,ENSG00000198863.7,0.08284589090728424
11943,ENSG00000047932.14,0.08283143056260206
11944,ENSG00000156564.9,0.08281081128694712
11945,ENSG00000122783.17,0.08279540614006861
11946,ENSG00000180329.14,0.08278915840917725
11947,ENSG00000137757.11,0.08277638322085036
11948,ENSG00000148337.21,0.08276929464961508
11949,ENSG00000198791.12,0.08273717609451871
11950,ENSG00000168434.13,0.08268582836540082
11951,ENSG00000113638.14,0.08268252239147708
11952,ENSG00000160131.13,0.0826641261486039
11953,ENSG00000163872.16,0.08266132388834091
11954,ENSG00000176148.16,0.08264346048487294
11955,ENSG00000204519.11,0.0826386317501059
11956,ENSG00000117133.11,0.08263562962163157
11957,ENSG00000251247.11,0.08261346068886301
11958,ENSG00000043591.6,0.08259819337786256
11959,ENSG00000154144.13,0.08259596977734518
11960,ENSG00000115694.15,0.08259013269169117
11961,ENSG00000164615.6,0.08257531878123413
11962,ENSG00000138036.18,0.08255966855018261
11963,ENSG00000124120.11,0.0825512919006643
11964,ENSG00000151876.13,0.08253931027407735
11965,ENSG00000101464.11,0.08253688756687065
11966,ENSG00000120942.14,0.0825247749416481
11967,ENSG00000156671.15,0.08252109051575035
11968,ENSG00000161265.15,0.0825195013449497
11969,ENSG00000125166.13,0.08251889206841795
11970,ENSG00000169627.9,0.08251701157899013
11971,ENSG00000273611.5,0.08251473032479546
11972,ENSG00000164172.20,0.08250926869035866
11973,ENSG00000079974.18,0.08249149610363839
11974,ENSG00000163535.18,0.08244152995540226
11975,ENSG00000181638.20,0.08243517421974353
11976,ENSG00000137764.20,0.08242801931696356
11977,ENSG00000153015.16,0.0824096741653189
11978,ENSG00000143869.7,0.08240124527483306
11979,ENSG00000137185.13,0.08238878386697196
11980,ENSG00000189362.12,0.08237721620514687
11981,ENSG00000168887.11,0.08236673049140188
11982,ENSG00000119048.8,0.08235476687731266
11983,ENSG00000161202.20,0.08234700876667732
11984,ENSG00000167378.8,0.08234696939414439
11985,ENSG00000142208.17,0.08233495974440974
11986,ENSG00000171497.5,0.08231413069992788
11987,ENSG00000175879.9,0.08231151348396615
11988,ENSG00000196584.3,0.08230931227542006
11989,ENSG00000130717.13,0.08229994301971856
11990,ENSG00000258472.9,0.08229021579925357
11991,ENSG00000108424.11,0.08228462329554886
11992,ENSG00000115539.14,0.08227835019932019
11993,ENSG00000048028.11,0.08226448238330501
11994,ENSG00000184903.10,0.08225457212199815
11995,ENSG00000153790.12,0.08225155043140565
11996,ENSG00000164040.18,0.08224683210232789
11997,ENSG00000170502.13,0.08224169974134084
11998,ENSG00000100433.16,0.0822407080693731
11999,ENSG00000064012.22,0.0822394181423079
12000,ENSG00000168411.14,0.08222297384464346
12001,ENSG00000118564.15,0.08221711781796509
12002,ENSG00000114573.10,0.08216389219810077
12003,ENSG00000196453.8,0.08216055831400054
12004,ENSG00000177034.17,0.08211615542016003
12005,ENSG00000117640.18,0.0821102638215389
12006,ENSG00000152520.14,0.08209983116842727
12007,ENSG00000165688.12,0.08207836301012346
12008,ENSG00000088682.14,0.08207501566544832
12009,ENSG00000122692.9,0.08207395017661405
12010,ENSG00000153046.18,0.082057094372616
12011,ENSG00000121766.16,0.08203766567482529
12012,ENSG00000110442.12,0.08203660153556457
12013,ENSG00000162613.17,0.08201526319164977
12014,ENSG00000118369.13,0.08200859551479359
12015,ENSG00000079246.16,0.08199298446711527
12016,ENSG00000137492.8,0.08196388689439305
12017,ENSG00000133107.15,0.08194078607236906
12018,ENSG00000073578.17,0.08193890876927223
12019,ENSG00000170185.10,0.08192719113293058
12020,ENSG00000165609.13,0.08192227980291979
12021,ENSG00000118960.13,0.08188897319762771
12022,ENSG00000100395.15,0.08187358165760475
12023,ENSG00000062485.19,0.081869039177527
12024,ENSG00000135624.16,0.0818307062393684
12025,ENSG00000141837.21,0.0818246276866974
12026,ENSG00000100335.15,0.08182263216506501
12027,ENSG00000091542.9,0.0818074681776209
12028,ENSG00000181472.5,0.0817756823613472
12029,ENSG00000174156.15,0.08172290959408196
12030,ENSG00000091140.14,0.08167356172340626
12031,ENSG00000089006.17,0.08165770496207526
12032,ENSG00000172456.18,0.08163665068921237
12033,ENSG00000138709.19,0.08162619839864071
12034,ENSG00000080839.12,0.08162234179116257
12035,ENSG00000140854.13,0.08161441248214786
12036,ENSG00000013374.16,0.08161044769582845
12037,ENSG00000112659.14,0.08156319001465394
12038,ENSG00000103091.15,0.08155116685654773
12039,ENSG00000100014.20,0.08155027319302828
12040,ENSG00000120314.18,0.08153384436826154
12041,ENSG00000262484.1,0.08152474700347874
12042,ENSG00000165338.17,0.08152464092164709
12043,ENSG00000135018.14,0.08152092928732978
12044,ENSG00000157625.15,0.08150791085295586
12045,ENSG00000112701.18,0.08150241718655682
12046,ENSG00000155744.9,0.08148914316456322
12047,ENSG00000156304.15,0.08147016378806682
12048,ENSG00000177981.11,0.0814555314933259
12049,ENSG00000188508.11,0.08143085968617798
12050,ENSG00000161649.13,0.08140992160374637
12051,ENSG00000176946.12,0.08139670824658667
12052,ENSG00000153066.13,0.08139314281536654
12053,ENSG00000151062.15,0.08139279636822865
12054,ENSG00000157450.16,0.081372234485485
12055,ENSG00000104613.12,0.08135903211988654
12056,ENSG00000071994.11,0.08135207324642979
12057,ENSG00000181704.12,0.08134520482440069
12058,ENSG00000061987.16,0.08133302117479103
12059,ENSG00000160049.12,0.08128777903023439
12060,ENSG00000141867.18,0.08126590852374233
12061,ENSG00000170260.9,0.08125643558464628
12062,ENSG00000140743.8,0.08124694938610462
12063,ENSG00000163029.16,0.08122995035411923
12064,ENSG00000152382.6,0.08122991213682204
12065,ENSG00000101343.15,0.0812005719723671
12066,ENSG00000179912.20,0.08120013852530118
12067,ENSG00000152457.18,0.08119561659833593
12068,ENSG00000169612.4,0.08119362854506305
12069,ENSG00000164975.15,0.08117358928699639
12070,ENSG00000186665.10,0.0811640791327347
12071,ENSG00000132383.12,0.08115742999609511
12072,ENSG00000134001.15,0.08112279211036974
12073,ENSG00000113648.16,0.08110502665029169
12074,ENSG00000137672.13,0.08107945762545993
12075,ENSG00000070886.12,0.08107103496504366
12076,ENSG00000216588.9,0.08106898885542657
12077,ENSG00000132600.17,0.08105601950551966
12078,ENSG00000029363.17,0.08104611526007306
12079,ENSG00000166783.22,0.0810350487288707
12080,ENSG00000149313.11,0.08103482985374547
12081,ENSG00000111537.5,0.08102368456545304
12082,ENSG00000122033.14,0.08100660924419535
12083,ENSG00000120539.15,0.08099096410654255
12084,ENSG00000130714.18,0.08098247685786282
12085,ENSG00000163605.15,0.08097881756200251
12086,ENSG00000123411.15,0.08095953924131818
12087,ENSG00000106636.9,0.08095674178018114
12088,ENSG00000174903.16,0.08094845040429666
12089,ENSG00000198945.8,0.08094436330850459
12090,ENSG00000090905.19,0.08092525152043994
12091,ENSG00000112584.14,0.0809223768578466
12092,ENSG00000155508.14,0.08089783465163565
12093,ENSG00000134330.19,0.08088395605191634
12094,ENSG00000132286.12,0.0808773478173937
12095,ENSG00000074935.14,0.08087453244502961
12096,ENSG00000184220.12,0.08084508351807132
12097,ENSG00000160445.11,0.08084005291648892
12098,ENSG00000170365.10,0.08083252492305779
12099,ENSG00000196233.14,0.08079583983627439
12100,ENSG00000083844.10,0.08079309942585663
12101,ENSG00000118655.7,0.08078149452620678
12102,ENSG00000126001.16,0.08077350839860852
12103,ENSG00000104356.11,0.08073442987580222
12104,ENSG00000011451.21,0.0806878572687806
12105,ENSG00000106144.20,0.08066155840724833
12106,ENSG00000122435.10,0.08064899585308634
12107,ENSG00000101349.17,0.08063757103102312
12108,ENSG00000165526.9,0.0806256510294789
12109,ENSG00000137713.16,0.08061536888674668
12110,ENSG00000172728.16,0.08060885973255395
12111,ENSG00000179115.11,0.08059395267120123
12112,ENSG00000188321.13,0.08058340689125792
12113,ENSG00000115459.18,0.08057925823837067
12114,ENSG00000197694.18,0.08057922228233315
12115,ENSG00000263956.6,0.08057192259633954
12116,ENSG00000206560.11,0.08054889671146219
12117,ENSG00000173545.5,0.08052793659232271
12118,ENSG00000132670.20,0.08052306602635653
12119,ENSG00000084090.13,0.08051024271008488
12120,ENSG00000138346.15,0.0804990806259961
12121,ENSG00000086475.15,0.08048110563298641
12122,ENSG00000139620.13,0.08048012816064316
12123,ENSG00000170464.10,0.08047818537374818
12124,ENSG00000172845.17,0.08047646002956386
12125,ENSG00000142920.17,0.08045748365031273
12126,ENSG00000155097.12,0.0804521502270173
12127,ENSG00000230989.7,0.08044214233287453
12128,ENSG00000111785.21,0.08036929662154507
12129,ENSG00000151422.13,0.08036237252897728
12130,ENSG00000189114.8,0.08035926340807109
12131,ENSG00000100938.18,0.08033331508544525
12132,ENSG00000198042.11,0.08032743789310676
12133,ENSG00000213901.11,0.08030441064820565
12134,ENSG00000041988.15,0.0802689504284031
12135,ENSG00000167232.14,0.08024878833662177
12136,ENSG00000089063.15,0.08022377687817826
12137,ENSG00000152133.16,0.08021612939931405
12138,ENSG00000133226.17,0.08020716285900356
12139,ENSG00000171735.19,0.08020522561901203
12140,ENSG00000114354.15,0.08017670325220241
12141,ENSG00000169905.13,0.08014203147104376
12142,ENSG00000167525.14,0.0801379451149351
12143,ENSG00000087302.9,0.08013178306253468
12144,ENSG00000125633.11,0.08012709241509126
12145,ENSG00000089053.13,0.08011320410556079
12146,ENSG00000176142.13,0.08010984255690794
12147,ENSG00000128482.16,0.08010568178011519
12148,ENSG00000108666.10,0.08009849930251496
12149,ENSG00000119616.11,0.08009742944673318
12150,ENSG00000183155.5,0.08009450144038749
12151,ENSG00000170364.12,0.08007874009898813
12152,ENSG00000148248.14,0.08007523982650504
12153,ENSG00000100813.14,0.0800717672265103
12154,ENSG00000005469.12,0.08006356847437207
12155,ENSG00000163512.14,0.08002529818455077
12156,ENSG00000114999.8,0.08002162913849656
12157,ENSG00000000457.14,0.08000928171850841
12158,ENSG00000179399.15,0.08000795682728465
12159,ENSG00000141556.21,0.07999671220489357
12160,ENSG00000133460.19,0.07998005869870474
12161,ENSG00000126804.13,0.07997879962034417
12162,ENSG00000198646.14,0.07992714499596865
12163,ENSG00000055917.16,0.07991161613562191
12164,ENSG00000009954.11,0.07990530776107237
12165,ENSG00000177613.9,0.079873595056422
12166,ENSG00000120533.13,0.0798523714604657
12167,ENSG00000088038.19,0.07984723462669478
12168,ENSG00000181396.13,0.0798465332517104
12169,ENSG00000110048.12,0.07984110723231751
12170,ENSG00000056097.16,0.07982259512623001
12171,ENSG00000075340.23,0.07981572128554584
12172,ENSG00000197226.13,0.07980845413168007
12173,ENSG00000196712.18,0.07980385188506861
12174,ENSG00000101367.9,0.0798038093959466
12175,ENSG00000127774.7,0.07980245415150647
12176,ENSG00000165985.10,0.07979543659886086
12177,ENSG00000134086.8,0.07978406794735679
12178,ENSG00000169375.16,0.07977677617126434
12179,ENSG00000114209.15,0.07977358746993084
12180,ENSG00000134759.14,0.07974696427028832
12181,ENSG00000121067.19,0.079722306932069
12182,ENSG00000101191.17,0.07971148669572108
12183,ENSG00000135655.16,0.07967680294191669
12184,ENSG00000103351.13,0.07966972483217413
12185,ENSG00000214517.10,0.079655530978027
12186,ENSG00000243232.6,0.07963550613133086
12187,ENSG00000162994.16,0.07962539767109676
12188,ENSG00000169371.14,0.0796152353707782
12189,ENSG00000123349.15,0.07960105878105563
12190,ENSG00000171148.13,0.07959411938230172
12191,ENSG00000151465.14,0.07958243770357772
12192,ENSG00000176410.8,0.07957512900560752
12193,ENSG00000135597.19,0.07957248592611883
12194,ENSG00000163848.20,0.07952673965143404
12195,ENSG00000129673.10,0.07952247496434028
12196,ENSG00000148843.15,0.07949530456287138
12197,ENSG00000110108.10,0.07946983769059834
12198,ENSG00000159720.12,0.07946752670011126
12199,ENSG00000115946.8,0.07946076521257997
12200,ENSG00000168288.13,0.07945438000572606
12201,ENSG00000164808.17,0.0794507295137027
12202,ENSG00000183808.11,0.07944861418769994
12203,ENSG00000144028.15,0.07944290137302039
12204,ENSG00000173575.22,0.07943968827698238
12205,ENSG00000117505.13,0.07943045572332276
12206,ENSG00000166848.7,0.07942725341600133
12207,ENSG00000174953.14,0.07942596594343448
12208,ENSG00000119396.11,0.07941798695148596
12209,ENSG00000182220.15,0.0794162692667052
12210,ENSG00000084754.12,0.07940528334820142
12211,ENSG00000197429.11,0.07940368566777187
12212,ENSG00000119801.13,0.07940047579557578
12213,ENSG00000159479.17,0.07938194525460902
12214,ENSG00000101407.13,0.07937447581572654
12215,ENSG00000085760.15,0.07936068460467821
12216,ENSG00000184056.15,0.07934989494796216
12217,ENSG00000170653.19,0.07934928170262368
12218,ENSG00000163818.17,0.07934146995690183
12219,ENSG00000163141.20,0.07932392887107546
12220,ENSG00000055147.19,0.07932124099779443
12221,ENSG00000170482.17,0.07931478171597847
12222,ENSG00000119401.11,0.079301428954821
12223,ENSG00000152207.7,0.07928546982525309
12224,ENSG00000107077.19,0.07928154806407993
12225,ENSG00000170631.15,0.07928130577316075
12226,ENSG00000158796.17,0.0792502245240436
12227,ENSG00000213516.10,0.07919856074221983
12228,ENSG00000144741.18,0.07919165049789353
12229,ENSG00000186871.7,0.07917949978893905
12230,ENSG00000144589.22,0.07915430294328013
12231,ENSG00000115750.17,0.07915404295960361
12232,ENSG00000067955.15,0.07914195346747899
12233,ENSG00000092036.18,0.07913787274337226
12234,ENSG00000196358.11,0.07913209031134312
12235,ENSG00000130741.11,0.07912685676273835
12236,ENSG00000140259.7,0.07907979661952663
12237,ENSG00000166860.3,0.07907552204944042
12238,ENSG00000115661.14,0.0790726291604012
12239,ENSG00000198815.9,0.07906843541052914
12240,ENSG00000162814.11,0.07905989973509943
12241,ENSG00000160336.16,0.07904899462689857
12242,ENSG00000165533.19,0.07904130870446074
12243,ENSG00000095485.18,0.07904034269615592
12244,ENSG00000168546.11,0.07901410572889747
12245,ENSG00000205809.9,0.07901301941265804
12246,ENSG00000160714.10,0.07900059002968482
12247,ENSG00000112062.11,0.07899989567870752
12248,ENSG00000138756.18,0.07899907253907107
12249,ENSG00000162642.14,0.07897918655613931
12250,ENSG00000135775.14,0.07895939296156251
12251,ENSG00000185640.6,0.07894797412882645
12252,ENSG00000161999.13,0.07894649895122474
12253,ENSG00000174562.13,0.07893868346267685
12254,ENSG00000112541.17,0.07893008131181946
12255,ENSG00000168070.12,0.07892753038861335
12256,ENSG00000197375.13,0.07892300287449125
12257,ENSG00000135900.4,0.07892117302991672
12258,ENSG00000152223.15,0.07891936191726791
12259,ENSG00000173540.14,0.07890441159767624
12260,ENSG00000171865.10,0.07890092751205896
12261,ENSG00000166579.16,0.07889825881515404
12262,ENSG00000141076.18,0.07888625147271565
12263,ENSG00000135250.17,0.07885678738888431
12264,ENSG00000064419.13,0.07884625694795515
12265,ENSG00000204084.13,0.0788381785864221
12266,ENSG00000155975.10,0.07883689683154019
12267,ENSG00000157045.9,0.07881800558350095
12268,ENSG00000186153.17,0.07881484581871843
12269,ENSG00000048342.17,0.07877012467905026
12270,ENSG00000140463.14,0.07876591910179541
12271,ENSG00000214654.8,0.078750620679304
12272,ENSG00000164941.14,0.07874037399640141
12273,ENSG00000174243.10,0.07873011159762493
12274,ENSG00000157823.17,0.07871159838907822
12275,ENSG00000127314.18,0.07871032831595423
12276,ENSG00000133393.13,0.07870251514932212
12277,ENSG00000135387.21,0.07868738876355934
12278,ENSG00000187980.7,0.07868159218826278
12279,ENSG00000115145.10,0.07867389061339572
12280,ENSG00000104412.8,0.07865514269471045
12281,ENSG00000136940.14,0.07861581270544775
12282,ENSG00000168280.18,0.0785838592665566
12283,ENSG00000124613.8,0.07857635500018142
12284,ENSG00000124535.16,0.07857616558613124
12285,ENSG00000204231.11,0.0785662909872339
12286,ENSG00000175414.7,0.07852200997470987
12287,ENSG00000138138.13,0.07848811109951256
12288,ENSG00000131375.10,0.0784786666529469
12289,ENSG00000149196.16,0.07847322734675169
12290,ENSG00000164818.16,0.07847052017419338
12291,ENSG00000174989.13,0.07846309772419227
12292,ENSG00000124214.20,0.07846167424265928
12293,ENSG00000168556.7,0.07845437465236663
12294,ENSG00000141699.11,0.07840647771941947
12295,ENSG00000254470.3,0.07835230218215242
12296,ENSG00000115540.15,0.07834367402475755
12297,ENSG00000103043.15,0.07834262545727223
12298,ENSG00000124275.15,0.0783398066692957
12299,ENSG00000152700.14,0.07831433701210264
12300,ENSG00000115073.8,0.07829399202114347
12301,ENSG00000130429.15,0.07829326464560309
12302,ENSG00000135454.14,0.07826380531022173
12303,ENSG00000140386.13,0.07825754195204317
12304,ENSG00000175634.15,0.07825346113120892
12305,ENSG00000164167.12,0.07821775010236742
12306,ENSG00000109272.4,0.07821438895767724
12307,ENSG00000124733.5,0.07820972751655268
12308,ENSG00000120800.5,0.07820297308861049
12309,ENSG00000254999.4,0.0781394111411663
12310,ENSG00000041802.11,0.07813463125998084
12311,ENSG00000129071.10,0.07811971561678013
12312,ENSG00000143553.11,0.07810427997378304
12313,ENSG00000105402.8,0.07807450258686043
12314,ENSG00000139726.11,0.0780544048229582
12315,ENSG00000124523.16,0.07804724417809644
12316,ENSG00000163320.12,0.07803720296079734
12317,ENSG00000175279.22,0.07801615013869603
12318,ENSG00000224531.6,0.07801340147965403
12319,ENSG00000155329.12,0.07801278566408927
12320,ENSG00000113845.10,0.07800727557913946
12321,ENSG00000125944.21,0.07798655673692358
12322,ENSG00000161021.13,0.07797500961483263
12323,ENSG00000127366.5,0.07797343789015303
12324,ENSG00000236104.3,0.0779686153599275
12325,ENSG00000185838.14,0.0779296062417845
12326,ENSG00000196511.14,0.07791409904408099
12327,ENSG00000237765.8,0.07790085796055429
12328,ENSG00000263465.4,0.07789914242642713
12329,ENSG00000130749.10,0.07788697053397868
12330,ENSG00000189337.17,0.07787966194797634
12331,ENSG00000197062.11,0.07787387512663722
12332,ENSG00000001460.18,0.07783039417633951
12333,ENSG00000176715.17,0.07782149940416036
12334,ENSG00000015676.18,0.07781344739680839
12335,ENSG00000161542.17,0.07781288556835914
12336,ENSG00000284194.3,0.07781089830049283
12337,ENSG00000171827.11,0.07777276740829953
12338,ENSG00000171055.15,0.07775367377853812
12339,ENSG00000142188.17,0.07771591278145956
12340,ENSG00000196581.11,0.0777093585039123
12341,ENSG00000183814.15,0.0776999878908745
12342,ENSG00000148308.18,0.077695125548475
12343,ENSG00000162631.19,0.07769036331179467
12344,ENSG00000185238.13,0.07768782983466059
12345,ENSG00000161558.11,0.07768647546407487
12346,ENSG00000182870.13,0.07767904611225447
12347,ENSG00000123119.12,0.07764219386850615
12348,ENSG00000169180.12,0.07761876874701092
12349,ENSG00000211456.13,0.07760914117615367
12350,ENSG00000218739.10,0.07760659085692935
12351,ENSG00000145293.16,0.07760202256904658
12352,ENSG00000167491.17,0.07759205467860326
12353,ENSG00000004142.12,0.07756008865984831
12354,ENSG00000132950.19,0.07754659798216294
12355,ENSG00000123636.18,0.07753942629540252
12356,ENSG00000158435.8,0.0775267492327979
12357,ENSG00000169598.17,0.07752190248462842
12358,ENSG00000205981.8,0.07750611099936434
12359,ENSG00000130876.11,0.07750533910353011
12360,ENSG00000164576.12,0.07750255243524162
12361,ENSG00000013503.10,0.07748383861290628
12362,ENSG00000177519.4,0.07748155962503535
12363,ENSG00000179841.8,0.07747581331533257
12364,ENSG00000022840.16,0.07746920344672396
12365,ENSG00000168538.16,0.07745785367465781
12366,ENSG00000119596.18,0.07744744466135949
12367,ENSG00000122481.17,0.07744725428886702
12368,ENSG00000198373.13,0.07736429869447882
12369,ENSG00000100532.12,0.07736358193950298
12370,ENSG00000273259.3,0.07736154347429243
12371,ENSG00000083093.10,0.0773293089346779
12372,ENSG00000066933.16,0.07731367215468558
12373,ENSG00000145919.11,0.07730226734312513
12374,ENSG00000182504.11,0.07728239165528908
12375,ENSG00000157927.17,0.077266134351652
12376,ENSG00000165355.7,0.07726164225648086
12377,ENSG00000143258.16,0.07723454625094026
12378,ENSG00000168256.18,0.07721188140813266
12379,ENSG00000185352.8,0.07720773013541352
12380,ENSG00000104343.21,0.07718800847263403
12381,ENSG00000121406.9,0.07718298763715967
12382,ENSG00000062650.19,0.07716522295982328
12383,ENSG00000185634.12,0.07713423420030796
12384,ENSG00000158578.21,0.07711667598656223
12385,ENSG00000156170.13,0.07709013823820975
12386,ENSG00000160785.13,0.07707965277637867
12387,ENSG00000187257.16,0.07707286204182799
12388,ENSG00000005100.13,0.07706784251502587
12389,ENSG00000103042.9,0.07706659802280555
12390,ENSG00000140553.18,0.07705247990263324
12391,ENSG00000076650.7,0.07704473440279892
12392,ENSG00000262152.7,0.07704413252882164
12393,ENSG00000142166.13,0.07702226530110927
12394,ENSG00000181773.7,0.07700311021119302
12395,ENSG00000018699.13,0.07699226291539375
12396,ENSG00000141499.17,0.07696957322270787
12397,ENSG00000066654.14,0.07696913810757176
12398,ENSG00000020426.11,0.07696051967027781
12399,ENSG00000100056.12,0.07695429707794504
12400,ENSG00000163807.6,0.07694629859323783
12401,ENSG00000137106.18,0.07694047873833149
12402,ENSG00000270806.2,0.07693792386550098
12403,ENSG00000167112.10,0.07690024349456115
12404,ENSG00000110107.9,0.0768820192819801
12405,ENSG00000196455.8,0.07687560572062414
12406,ENSG00000142856.17,0.07685811751925635
12407,ENSG00000197020.11,0.07683858504025652
12408,ENSG00000121579.13,0.07683058763615172
12409,ENSG00000124194.17,0.07681423382604509
12410,ENSG00000130713.16,0.07680811956772535
12411,ENSG00000118620.13,0.07675774191006723
12412,ENSG00000119537.18,0.07674724457612622
12413,ENSG00000108061.12,0.07674493432305107
12414,ENSG00000109606.13,0.07674169361774585
12415,ENSG00000112029.10,0.07673695155128031
12416,ENSG00000180720.7,0.07671929669769571
12417,ENSG00000167461.12,0.07670725591367447
12418,ENSG00000166902.5,0.07669828147107857
12419,ENSG00000163719.20,0.07667185811544064
12420,ENSG00000109919.10,0.07664105648541847
12421,ENSG00000188895.12,0.0766244716380818
12422,ENSG00000196296.14,0.07661604823414571
12423,ENSG00000135211.6,0.07660981042089647
12424,ENSG00000138050.15,0.07660369531399364
12425,ENSG00000136807.14,0.07657484994198858
12426,ENSG00000095587.9,0.07656880997556467
12427,ENSG00000163348.4,0.07655812882364899
12428,ENSG00000213096.11,0.07655606382736294
12429,ENSG00000139436.21,0.07654479063276226
12430,ENSG00000171262.11,0.0765359818892132
12431,ENSG00000092931.11,0.07652186041127684
12432,ENSG00000133812.16,0.07652003985235693
12433,ENSG00000143373.18,0.0765164866244494
12434,ENSG00000120784.16,0.0765135389796607
12435,ENSG00000184988.8,0.07648126040685893
12436,ENSG00000145907.16,0.0764791812034215
12437,ENSG00000109189.13,0.07645948744541961
12438,ENSG00000138385.16,0.07643012665807725
12439,ENSG00000014919.13,0.07641194490324625
12440,ENSG00000110330.8,0.07640960212074902
12441,ENSG00000105058.12,0.07634096543876163
12442,ENSG00000167065.14,0.07631015490888397
12443,ENSG00000119203.14,0.0763076372506816
12444,ENSG00000119844.15,0.0762928180541295
12445,ENSG00000055070.17,0.07628139610643345
12446,ENSG00000159433.12,0.07628112307238001
12447,ENSG00000080371.6,0.07627180498838843
12448,ENSG00000104299.15,0.0762696919802683
12449,ENSG00000185250.16,0.07626576521240855
12450,ENSG00000168566.13,0.07623768959718756
12451,ENSG00000167258.15,0.07623113006727963
12452,ENSG00000166913.13,0.07616932762772081
12453,ENSG00000165675.16,0.0761658796686875
12454,ENSG00000100281.14,0.0761454036841432
12455,ENSG00000128581.17,0.07610817850355257
12456,ENSG00000121274.14,0.07604918585286884
12457,ENSG00000011485.15,0.0760349448291429
12458,ENSG00000179242.16,0.07600855912491353
12459,ENSG00000134014.17,0.07598992376411721
12460,ENSG00000204438.11,0.07597083679410131
12461,ENSG00000138398.17,0.07597082165494273
12462,ENSG00000171853.16,0.0759690783790446
12463,ENSG00000100226.16,0.07596846533591943
12464,ENSG00000144031.12,0.0759605980587485
12465,ENSG00000156599.11,0.07595546311784158
12466,ENSG00000205629.12,0.07595262341347882
12467,ENSG00000148481.14,0.07591894832562654
12468,ENSG00000074621.14,0.07591786100815379
12469,ENSG00000167182.15,0.07591127576860769
12470,ENSG00000103342.13,0.07588514002990561
12471,ENSG00000117174.11,0.0758831414813762
12472,ENSG00000196943.14,0.07587209369310384
12473,ENSG00000161956.13,0.07583649224759288
12474,ENSG00000145439.12,0.07582540597942138
12475,ENSG00000162384.14,0.07580737074328019
12476,ENSG00000188811.14,0.07576396765191828
12477,ENSG00000153832.12,0.07573219593707493
12478,ENSG00000162396.6,0.07570515947349402
12479,ENSG00000136754.18,0.07568887044564006
12480,ENSG00000256683.7,0.07568291987462358
12481,ENSG00000136738.15,0.07566842369153139
12482,ENSG00000156650.14,0.0756433045079261
12483,ENSG00000177646.19,0.0756096621393621
12484,ENSG00000198855.7,0.07560440868620064
12485,ENSG00000188295.15,0.07558662040225717
12486,ENSG00000154743.18,0.07557633301622771
12487,ENSG00000103502.14,0.07556877442727152
12488,ENSG00000083750.13,0.07556409243365857
12489,ENSG00000163257.11,0.07555483414991586
12490,ENSG00000198841.4,0.07552849318412069
12491,ENSG00000156017.13,0.0755138968447581
12492,ENSG00000105948.13,0.0754843811461207
12493,ENSG00000132953.16,0.0754785231094108
12494,ENSG00000155858.6,0.0754658456300673
12495,ENSG00000131480.9,0.07546196769668916
12496,ENSG00000139714.12,0.07545822661504976
12497,ENSG00000083807.10,0.0754536775659897
12498,ENSG00000138459.9,0.07541347621237666
12499,ENSG00000110321.19,0.07539846730454383
12500,ENSG00000155761.14,0.075395357972111
12501,ENSG00000106682.15,0.075381170687924
12502,ENSG00000187605.15,0.07537678957370945
12503,ENSG00000054282.16,0.07537299537593783
12504,ENSG00000198382.9,0.07536670528847378
12505,ENSG00000048649.13,0.0753489117139415
12506,ENSG00000160703.16,0.0753436908543909
12507,ENSG00000143376.14,0.07533476470928363
12508,ENSG00000221909.3,0.07532998738743203
12509,ENSG00000198626.17,0.07531457987990568
12510,ENSG00000198105.15,0.07530360181544973
12511,ENSG00000198026.8,0.0752954407865106
12512,ENSG00000022277.13,0.07520474380052322
12513,ENSG00000078747.16,0.07520430508269103
12514,ENSG00000143379.12,0.07520068778114564
12515,ENSG00000147164.12,0.07516578399839105
12516,ENSG00000257218.6,0.07515825558456984
12517,ENSG00000131263.13,0.07515019164122118
12518,ENSG00000198663.17,0.07513791257027226
12519,ENSG00000148429.14,0.0751286668787492
12520,ENSG00000129810.15,0.07512365902125467
12521,ENSG00000141568.21,0.07511903852161539
12522,ENSG00000136560.14,0.07511756019047892
12523,ENSG00000136758.19,0.07507407482893091
12524,ENSG00000182952.5,0.0750665226897448
12525,ENSG00000111981.5,0.07504544028041286
12526,ENSG00000172062.17,0.07502994534135421
12527,ENSG00000213047.13,0.07502902189895183
12528,ENSG00000067533.6,0.07502301818962824
12529,ENSG00000182180.14,0.07502211090836898
12530,ENSG00000165632.8,0.07498853464701823
12531,ENSG00000158691.14,0.07497321023942978
12532,ENSG00000132394.11,0.07497028771333715
12533,ENSG00000136100.14,0.07496320382791538
12534,ENSG00000182168.15,0.07495395421557086
12535,ENSG00000109917.11,0.07494378503003579
12536,ENSG00000164221.13,0.07493927229411251
12537,ENSG00000137760.15,0.07492480582384976
12538,ENSG00000171448.9,0.07491181156366933
12539,ENSG00000144567.11,0.07490096150064723
12540,ENSG00000219481.10,0.07489570005137601
12541,ENSG00000129636.13,0.07485412397423728
12542,ENSG00000167333.13,0.07485395274636461
12543,ENSG00000167193.8,0.07484367935697094
12544,ENSG00000122965.11,0.07481429258118674
12545,ENSG00000180815.14,0.07481081395449644
12546,ENSG00000128829.12,0.07480481939011671
12547,ENSG00000073921.18,0.07479843696438401
12548,ENSG00000187742.15,0.07479092958009845
12549,ENSG00000149929.16,0.07478606966032014
12550,ENSG00000197619.14,0.0747832963807993
12551,ENSG00000167523.14,0.07477899812499249
12552,ENSG00000183208.12,0.07477515330449952
12553,ENSG00000050130.18,0.0747489525217911
12554,ENSG00000211460.12,0.07472983910507174
12555,ENSG00000118804.8,0.07471917363209964
12556,ENSG00000204590.12,0.07468883128883638
12557,ENSG00000140320.12,0.07468716058760495
12558,ENSG00000057608.17,0.07465460082681401
12559,ENSG00000139651.11,0.0746511824019099
12560,ENSG00000187676.8,0.07462297002839106
12561,ENSG00000099365.11,0.07461432821479376
12562,ENSG00000215045.8,0.07460963724911515
12563,ENSG00000144596.13,0.07459834348694834
12564,ENSG00000111786.9,0.07454616558671179
12565,ENSG00000283071.1,0.0745428833483026
12566,ENSG00000105983.22,0.07453345286312603
12567,ENSG00000145283.8,0.07453202344911489
12568,ENSG00000167005.14,0.07452902233048256
12569,ENSG00000166961.15,0.0745288726215946
12570,ENSG00000156697.13,0.07451102016487919
12571,ENSG00000106554.13,0.07448152190540264
12572,ENSG00000179562.3,0.07447346346028537
12573,ENSG00000243678.12,0.0744443413893193
12574,ENSG00000181982.19,0.07442243758788544
12575,ENSG00000186187.12,0.0744162710378763
12576,ENSG00000168818.10,0.07441147143111694
12577,ENSG00000153914.16,0.07440671004422561
12578,ENSG00000174013.8,0.0743949884779813
12579,ENSG00000168661.15,0.07435621650974668
12580,ENSG00000132612.16,0.07433179681888682
12581,ENSG00000009830.12,0.07432065000401501
12582,ENSG00000204070.10,0.07430981663069468
12583,ENSG00000072415.10,0.07425434737735423
12584,ENSG00000118197.14,0.07424515851552063
12585,ENSG00000196437.12,0.074239471017493
12586,ENSG00000069966.19,0.0742323800493209
12587,ENSG00000123178.15,0.07423151235413543
12588,ENSG00000125741.5,0.07423060439849698
12589,ENSG00000149054.16,0.07420775323743263
12590,ENSG00000126775.9,0.07420723285111361
12591,ENSG00000163481.8,0.07420397461317066
12592,ENSG00000107593.17,0.0742020530797527
12593,ENSG00000082213.18,0.07417048804089911
12594,ENSG00000028839.10,0.07416877869847183
12595,ENSG00000037474.15,0.07416832654396088
12596,ENSG00000174606.14,0.07414056035386947
12597,ENSG00000159592.11,0.07412729526653858
12598,ENSG00000156928.5,0.07412335019512342
12599,ENSG00000142794.19,0.0741207459782708
12600,ENSG00000103275.21,0.07411586004469742
12601,ENSG00000080189.15,0.07408056021926773
12602,ENSG00000105323.17,0.07407380734221457
12603,ENSG00000159461.15,0.07407288001071156
12604,ENSG00000137996.13,0.07407163436080941
12605,ENSG00000117877.11,0.07405060912239526
12606,ENSG00000118816.11,0.07404741346299266
12607,ENSG00000104671.8,0.07404514302999844
12608,ENSG00000124541.7,0.07403362529683533
12609,ENSG00000054116.12,0.0740092951870246
12610,ENSG00000167580.8,0.07398565317318839
12611,ENSG00000156232.7,0.073966312527667
12612,ENSG00000131095.13,0.07394875526114364
12613,ENSG00000172269.19,0.07394135436760736
12614,ENSG00000111530.13,0.07393535775512992
12615,ENSG00000139684.15,0.0739341978359777
12616,ENSG00000114021.12,0.07392485459584383
12617,ENSG00000204347.4,0.07391245839306837
12618,ENSG00000146463.12,0.07391181168468273
12619,ENSG00000148300.12,0.07390619729439746
12620,ENSG00000171502.15,0.07390041352890273
12621,ENSG00000040341.18,0.07389447957781001
12622,ENSG00000117625.14,0.0738943841264599
12623,ENSG00000151116.17,0.07387799720620164
12624,ENSG00000170903.11,0.07385932782945215
12625,ENSG00000162999.13,0.07384830415101917
12626,ENSG00000136819.15,0.07383209596186434
12627,ENSG00000070444.15,0.07381600873302398
12628,ENSG00000143319.17,0.07379524504958551
12629,ENSG00000067248.10,0.07377676676741493
12630,ENSG00000120685.20,0.073768800520732
12631,ENSG00000063761.16,0.07376239860011673
12632,ENSG00000153147.6,0.07375658703558084
12633,ENSG00000112651.12,0.07374134293489257
12634,ENSG00000107779.14,0.07374076518966192
12635,ENSG00000185105.5,0.07373486635234892
12636,ENSG00000183833.16,0.07373124887024114
12637,ENSG00000036448.10,0.07373118150620142
12638,ENSG00000117408.11,0.0736994400391529
12639,ENSG00000164182.12,0.07368386457838495
12640,ENSG00000129187.14,0.0736682048312207
12641,ENSG00000176095.12,0.07365402513489425
12642,ENSG00000168005.9,0.07364815844497975
12643,ENSG00000136146.15,0.07363621106712408
12644,ENSG00000052723.12,0.07362035912123702
12645,ENSG00000154957.14,0.07358277350040937
12646,ENSG00000064726.10,0.07356700806314809
12647,ENSG00000165934.13,0.07353665577584752
12648,ENSG00000185272.14,0.07353508307005353
12649,ENSG00000122674.12,0.0735283542065811
12650,ENSG00000137275.15,0.07351508807478127
12651,ENSG00000164011.18,0.0735146553202748
12652,ENSG00000166037.11,0.0735067379448515
12653,ENSG00000196865.4,0.07349221016355156
12654,ENSG00000137441.8,0.07347685897201804
12655,ENSG00000109618.12,0.07347518325004845
12656,ENSG00000179083.6,0.07344476105819264
12657,ENSG00000113163.18,0.07344154747171606
12658,ENSG00000071243.16,0.07343175164452963
12659,ENSG00000132467.4,0.0734140074916427
12660,ENSG00000023572.10,0.07340348824656732
12661,ENSG00000198885.10,0.07337475471256133
12662,ENSG00000178175.12,0.07336713129793032
12663,ENSG00000163239.12,0.07334997689215005
12664,ENSG00000143164.15,0.07334942620100461
12665,ENSG00000188021.9,0.07334411171734077
12666,ENSG00000102081.15,0.07331122729593957
12667,ENSG00000023041.11,0.07328721933661073
12668,ENSG00000164253.14,0.07327261711205897
12669,ENSG00000085415.16,0.07326546635601913
12670,ENSG00000197312.12,0.07323946207217506
12671,ENSG00000217128.12,0.0732199195049655
12672,ENSG00000129518.9,0.07321430689547219
12673,ENSG00000100916.14,0.07320466014934601
12674,ENSG00000184908.18,0.0731829126809033
12675,ENSG00000103005.12,0.07316268563275465
12676,ENSG00000066651.20,0.07316025052251834
12677,ENSG00000185658.14,0.07315717574494139
12678,ENSG00000188735.13,0.07315436619476055
12679,ENSG00000096654.15,0.07315107998101805
12680,ENSG00000124608.5,0.07313986911897565
12681,ENSG00000058056.9,0.07312474187468819
12682,ENSG00000224578.5,0.07311697136922417
12683,ENSG00000075043.19,0.0731020286347195
12684,ENSG00000122741.16,0.07309887624246807
12685,ENSG00000068400.13,0.0730929474006412
12686,ENSG00000241484.10,0.07309059235366465
12687,ENSG00000075303.13,0.07308986282241382
12688,ENSG00000167562.13,0.07306393729400538
12689,ENSG00000115042.10,0.07304993452942621
12690,ENSG00000197937.13,0.07302140826997844
12691,ENSG00000140650.12,0.07301543888798856
12692,ENSG00000146963.18,0.07298667321658613
12693,ENSG00000088247.17,0.07298501618841659
12694,ENSG00000125875.14,0.07297101721140102
12695,ENSG00000168412.6,0.07296986804976563
12696,ENSG00000119689.15,0.07296849558737348
12697,ENSG00000124313.18,0.07292692064292677
12698,ENSG00000166200.15,0.07292200362683504
12699,ENSG00000116750.14,0.07286615674447698
12700,ENSG00000136944.19,0.07286603037414884
12701,ENSG00000110436.13,0.07283929365723228
12702,ENSG00000184110.15,0.07278949053002408
12703,ENSG00000101266.19,0.0727709308367161
12704,ENSG00000008118.10,0.07276551213230652
12705,ENSG00000068878.15,0.07275731815696806
12706,ENSG00000110713.17,0.07273260752822329
12707,ENSG00000136932.14,0.07273041598097343
12708,ENSG00000180884.10,0.07271888218421418
12709,ENSG00000153989.8,0.07269732480847874
12710,ENSG00000275052.5,0.07269599888220254
12711,ENSG00000134452.20,0.0726228171078118
12712,ENSG00000163374.19,0.0725857682537329
12713,ENSG00000102054.18,0.07258553056290773
12714,ENSG00000130985.17,0.0725796606503413
12715,ENSG00000214226.9,0.07257882780114384
12716,ENSG00000173744.18,0.07257492657262177
12717,ENSG00000129484.14,0.07256875783180004
12718,ENSG00000121964.14,0.0725131467844198
12719,ENSG00000232859.10,0.07246321038382061
12720,ENSG00000091664.9,0.07246179975681652
12721,ENSG00000172046.19,0.07244596857669044
12722,ENSG00000182944.18,0.07244346258188937
12723,ENSG00000182674.6,0.07242388770886095
12724,ENSG00000123600.20,0.07241094449764367
12725,ENSG00000124226.11,0.0723771176210506
12726,ENSG00000205476.9,0.07237659454594872
12727,ENSG00000140006.11,0.07236573605583782
12728,ENSG00000087299.12,0.07235834396250183
12729,ENSG00000157426.14,0.07235826598284403
12730,ENSG00000203666.12,0.07232964846129483
12731,ENSG00000101844.18,0.072265755144414
12732,ENSG00000249853.8,0.0722387302305296
12733,ENSG00000185721.13,0.07223497977384383
12734,ENSG00000255423.1,0.07220378635531793
12735,ENSG00000075568.17,0.07218554717302181
12736,ENSG00000070950.10,0.07218281041596748
12737,ENSG00000146872.18,0.07217761295584273
12738,ENSG00000136143.16,0.07217161585607938
12739,ENSG00000164609.10,0.07216857119172486
12740,ENSG00000164209.17,0.07216268683575704
12741,ENSG00000066117.15,0.07215127896200524
12742,ENSG00000213390.11,0.07214768432828927
12743,ENSG00000159063.13,0.07214147714979449
12744,ENSG00000115875.19,0.07213773538600017
12745,ENSG00000134046.12,0.07210574493053398
12746,ENSG00000109775.11,0.07210068190496532
12747,ENSG00000264522.6,0.07209437728167752
12748,ENSG00000168026.18,0.0720814367205449
12749,ENSG00000142961.15,0.072079279143862
12750,ENSG00000107959.17,0.0720765472578036
12751,ENSG00000161664.7,0.07207198664920444
12752,ENSG00000198843.13,0.07205583816870174
12753,ENSG00000052841.15,0.07202566383689737
12754,ENSG00000081386.12,0.07201882457678664
12755,ENSG00000136699.19,0.07198921292277907
12756,ENSG00000166167.18,0.0719881572451765
12757,ENSG00000120686.12,0.07192889495355505
12758,ENSG00000115977.20,0.07192767208536482
12759,ENSG00000236287.8,0.07192286899394663
12760,ENSG00000116459.11,0.07192133078850484
12761,ENSG00000165861.14,0.07191146102587316
12762,ENSG00000138029.14,0.07183876393334769
12763,ENSG00000177479.20,0.0718267338205702
12764,ENSG00000197771.13,0.07182137638349559
12765,ENSG00000104131.13,0.07176867556802992
12766,ENSG00000074603.19,0.07175479504107468
12767,ENSG00000157014.11,0.0717530306120518
12768,ENSG00000107929.15,0.07175271701218375
12769,ENSG00000168807.16,0.07170541040529166
12770,ENSG00000075089.9,0.07169277490717967
12771,ENSG00000184083.12,0.07168983584746094
12772,ENSG00000170509.12,0.07168843838053036
12773,ENSG00000231824.4,0.07166093226474653
12774,ENSG00000090686.16,0.07165514866031687
12775,ENSG00000077254.14,0.07165155597127956
12776,ENSG00000163655.16,0.07165114949914668
12777,ENSG00000108641.19,0.0716468687697833
12778,ENSG00000188690.15,0.07164627927435882
12779,ENSG00000215305.10,0.07164360933249943
12780,ENSG00000183621.15,0.07161973876764352
12781,ENSG00000140465.14,0.071572642003826
12782,ENSG00000131467.11,0.07156870419033645
12783,ENSG00000155729.13,0.07156831360953929
12784,ENSG00000169221.14,0.07155517171032845
12785,ENSG00000111271.15,0.07155347462070097
12786,ENSG00000145191.15,0.07153612900646224
12787,ENSG00000167992.13,0.0715326261493327
12788,ENSG00000172878.14,0.071520136219813
12789,ENSG00000111052.7,0.07151901982311402
12790,ENSG00000198056.15,0.07143523913162407
12791,ENSG00000197763.19,0.07142666819990748
12792,ENSG00000162869.16,0.07141427146717313
12793,ENSG00000113558.19,0.07140708188816405
12794,ENSG00000164332.8,0.07140394899216093
12795,ENSG00000253251.3,0.07139717452855442
12796,ENSG00000132436.11,0.07138753869085024
12797,ENSG00000239306.5,0.071372297272603
12798,ENSG00000143363.17,0.07136230879052347
12799,ENSG00000164953.16,0.07133551507491218
12800,ENSG00000123992.20,0.07132053756632413
12801,ENSG00000159267.15,0.07130708725926034
12802,ENSG00000143486.16,0.07130679007226073
12803,ENSG00000183150.8,0.07128734642640375
12804,ENSG00000241258.7,0.07127069736425402
12805,ENSG00000116903.7,0.07125127239756256
12806,ENSG00000101391.21,0.07124821600133274
12807,ENSG00000109944.11,0.07123234064202995
12808,ENSG00000170322.14,0.07122091741143508
12809,ENSG00000260903.3,0.07121063916406882
12810,ENSG00000128710.6,0.0712045923625074
12811,ENSG00000133103.17,0.0711983804770011
12812,ENSG00000135972.9,0.07119530599491586
12813,ENSG00000198015.14,0.0711805945994553
12814,ENSG00000128463.13,0.0711747212583126
12815,ENSG00000176714.10,0.07116589024464857
12816,ENSG00000070010.19,0.0711641175193429
12817,ENSG00000143028.9,0.0711493852828581
12818,ENSG00000125888.15,0.071135140945665
12819,ENSG00000215712.11,0.07113391361485788
12820,ENSG00000144504.15,0.07112544373916924
12821,ENSG00000168229.4,0.07111039286760586
12822,ENSG00000107164.16,0.07110377890605435
12823,ENSG00000144744.17,0.0710940078397026
12824,ENSG00000197162.10,0.0710710215129776
12825,ENSG00000136536.15,0.07106453423147803
12826,ENSG00000165506.15,0.0710625996319413
12827,ENSG00000110060.9,0.07105302932669488
12828,ENSG00000179151.13,0.07104284497376098
12829,ENSG00000163875.16,0.07104065879844619
12830,ENSG00000173805.16,0.07102210581907965
12831,ENSG00000170549.4,0.07100451232519189
12832,ENSG00000168658.19,0.07099941087517476
12833,ENSG00000189403.15,0.07099159373285745
12834,ENSG00000196504.19,0.07098184608614339
12835,ENSG00000119446.14,0.07097172638063032
12836,ENSG00000117222.14,0.07097146026098276
12837,ENSG00000139725.8,0.0709659182797462
12838,ENSG00000184635.16,0.07092152691037712
12839,ENSG00000100109.17,0.07091436637262244
12840,ENSG00000063244.13,0.07089396390487783
12841,ENSG00000241370.6,0.07087345478269932
12842,ENSG00000148297.16,0.07087342935353037
12843,ENSG00000117682.17,0.07086634128067011
12844,ENSG00000089022.14,0.07086039001407228
12845,ENSG00000092140.16,0.07084600963042795
12846,ENSG00000140455.17,0.07084049902305402
12847,ENSG00000089847.12,0.07083985490951519
12848,ENSG00000075407.18,0.07082987519008914
12849,ENSG00000196428.12,0.07081819854645117
12850,ENSG00000108883.13,0.0707862572000273
12851,ENSG00000169599.13,0.07078193660601226
12852,ENSG00000091732.17,0.07078068260662497
12853,ENSG00000163873.10,0.07077356216204284
12854,ENSG00000167394.13,0.07076687479726591
12855,ENSG00000156876.10,0.07075397455434651
12856,ENSG00000111554.14,0.07074999616965205
12857,ENSG00000204361.10,0.07074560655140472
12858,ENSG00000158156.9,0.07071639340806503
12859,ENSG00000164815.11,0.07071400944690753
12860,ENSG00000113971.20,0.0706678607883785
12861,ENSG00000119718.11,0.07065030747989669
12862,ENSG00000151575.14,0.07063363890141963
12863,ENSG00000083544.16,0.0706048956647516
12864,ENSG00000173041.12,0.0705924214056297
12865,ENSG00000197386.12,0.0705719678149518
12866,ENSG00000180304.14,0.07052373014830486
12867,ENSG00000164284.15,0.07050656495234901
12868,ENSG00000213551.7,0.07050090325865231
12869,ENSG00000198252.12,0.07048703322387874
12870,ENSG00000113312.11,0.07047269042880647
12871,ENSG00000135341.18,0.0704660613615174
12872,ENSG00000181991.16,0.07046264195466245
12873,ENSG00000173120.15,0.07045822574313718
12874,ENSG00000163930.10,0.07042897092014425
12875,ENSG00000168303.9,0.07042835879104072
12876,ENSG00000147588.7,0.07042138543400898
12877,ENSG00000170037.14,0.07041526456396442
12878,ENSG00000204390.10,0.07040302015644614
12879,ENSG00000187049.10,0.07039931965364252
12880,ENSG00000168612.4,0.07036636538634979
12881,ENSG00000167380.16,0.07035802008549033
12882,ENSG00000137770.14,0.07035725437135823
12883,ENSG00000087274.17,0.07035592670748071
12884,ENSG00000067596.12,0.07035369972981131
12885,ENSG00000133961.20,0.07035133795185253
12886,ENSG00000187037.8,0.07033713035602257
12887,ENSG00000033011.13,0.07033122267315225
12888,ENSG00000135119.15,0.07031666309945653
12889,ENSG00000093183.14,0.07030295372690648
12890,ENSG00000089775.12,0.07029011187533081
12891,ENSG00000113716.13,0.07028949042691991
12892,ENSG00000122958.15,0.0702888844066271
12893,ENSG00000156709.15,0.07027046813918547
12894,ENSG00000108219.15,0.07026376649547722
12895,ENSG00000204001.9,0.07021208486718991
12896,ENSG00000120333.4,0.07020251914115758
12897,ENSG00000154429.11,0.07019283108826903
12898,ENSG00000147874.11,0.07016750046097343
12899,ENSG00000138231.13,0.07015919022823354
12900,ENSG00000167785.9,0.07015581960752021
12901,ENSG00000122483.17,0.07013944637633976
12902,ENSG00000244617.2,0.07013061938040516
12903,ENSG00000155393.13,0.07011714183576463
12904,ENSG00000164077.14,0.07011595242677574
12905,ENSG00000090863.12,0.07010874496030581
12906,ENSG00000138411.13,0.07008991672861915
12907,ENSG00000122912.15,0.07006623798278452
12908,ENSG00000125812.16,0.06998711650500689
12909,ENSG00000126945.9,0.06998073927051184
12910,ENSG00000177602.5,0.0699723007187547
12911,ENSG00000165516.11,0.06996279587200699
12912,ENSG00000066422.5,0.06993248741081338
12913,ENSG00000138668.19,0.06992983864301483
12914,ENSG00000175497.17,0.06992818728676047
12915,ENSG00000166847.10,0.06992378093858988
12916,ENSG00000042088.14,0.0699042954052646
12917,ENSG00000032742.18,0.0698668919663093
12918,ENSG00000101417.12,0.06985802522254933
12919,ENSG00000128989.11,0.06985561849971367
12920,ENSG00000198270.13,0.0698539885913866
12921,ENSG00000133640.20,0.06984655177097912
12922,ENSG00000060749.16,0.0698256394512017
12923,ENSG00000139168.9,0.06982439835531037
12924,ENSG00000215717.7,0.0698022960134234
12925,ENSG00000204316.13,0.06980054363593453
12926,ENSG00000086827.9,0.0697947828344396
12927,ENSG00000114861.23,0.06979465751846192
12928,ENSG00000198513.13,0.06979215179735644
12929,ENSG00000197841.15,0.06978546477988044
12930,ENSG00000151348.15,0.06977111863110698
12931,ENSG00000140395.9,0.06976309372432082
12932,ENSG00000132740.10,0.06975025434434344
12933,ENSG00000130307.12,0.06974987128205729
12934,ENSG00000164265.9,0.06972595518411964
12935,ENSG00000123130.17,0.06971692257130296
12936,ENSG00000150627.16,0.06971620484221787
12937,ENSG00000125351.12,0.0697082535838649
12938,ENSG00000204514.10,0.06969475558897001
12939,ENSG00000086666.19,0.06968088713624326
12940,ENSG00000241343.10,0.06965765018870354
12941,ENSG00000100796.17,0.06965473833714164
12942,ENSG00000090470.15,0.06964101008625984
12943,ENSG00000149100.13,0.06963395733890938
12944,ENSG00000176407.18,0.06962104203801872
12945,ENSG00000198205.6,0.0696110683510055
12946,ENSG00000068796.19,0.06960163079415439
12947,ENSG00000140632.17,0.06958559228314379
12948,ENSG00000101473.17,0.06957637713062143
12949,ENSG00000138442.10,0.06955641534677354
12950,ENSG00000213463.5,0.06955503278687698
12951,ENSG00000130338.13,0.06954737990361737
12952,ENSG00000131100.13,0.06953939653483135
12953,ENSG00000179943.8,0.0695320953369929
12954,ENSG00000135966.13,0.06950964736987231
12955,ENSG00000153006.16,0.06949730090332842
12956,ENSG00000188234.13,0.06946917740623744
12957,ENSG00000011198.10,0.06946910524419901
12958,ENSG00000172461.11,0.0694591252629026
12959,ENSG00000165487.14,0.06945596954661416
12960,ENSG00000168255.20,0.06939574794131662
12961,ENSG00000196236.13,0.06938233763735022
12962,ENSG00000142556.19,0.0693800286281421
12963,ENSG00000115944.15,0.06937892624329846
12964,ENSG00000185621.11,0.06934891674968374
12965,ENSG00000132763.15,0.06930708910050891
12966,ENSG00000120451.11,0.06929299508130825
12967,ENSG00000081014.11,0.06928253483489617
12968,ENSG00000105819.14,0.06926832794350081
12969,ENSG00000177352.10,0.06925490502875863
12970,ENSG00000169762.17,0.06925334176728246
12971,ENSG00000148690.12,0.06925010243675359
12972,ENSG00000155846.17,0.06924289132418363
12973,ENSG00000158545.16,0.06924252425374594
12974,ENSG00000179598.6,0.06923448184118891
12975,ENSG00000086200.17,0.0691993373683358
12976,ENSG00000169967.16,0.0691985873224707
12977,ENSG00000138399.18,0.06916693215086564
12978,ENSG00000085721.13,0.06916602173572937
12979,ENSG00000115524.17,0.06914849469062952
12980,ENSG00000107443.16,0.06914388109345727
12981,ENSG00000178802.18,0.06912706263748793
12982,ENSG00000115234.11,0.06912244259295111
12983,ENSG00000185753.13,0.06909768106326585
12984,ENSG00000206052.11,0.0690721582828458
12985,ENSG00000095002.15,0.06905411588786428
12986,ENSG00000185019.17,0.0690377934929887
12987,ENSG00000084652.16,0.06902575397127399
12988,ENSG00000122550.18,0.06901987326576922
12989,ENSG00000174456.15,0.06897883551005807
12990,ENSG00000234602.9,0.06894182451477403
12991,ENSG00000124444.16,0.06894163929084644
12992,ENSG00000105700.11,0.06892307454995149
12993,ENSG00000168769.14,0.068919787037619
12994,ENSG00000223658.8,0.06890580202312523
12995,ENSG00000079999.14,0.06890480692505833
12996,ENSG00000047249.18,0.06890208153907314
12997,ENSG00000111011.18,0.06889301046886898
12998,ENSG00000141664.10,0.06885987342505136
12999,ENSG00000157796.18,0.06885953096383225
13000,ENSG00000232838.4,0.06884786425945727
13001,ENSG00000048405.10,0.06884774685692294
13002,ENSG00000172239.14,0.0688444516830766
13003,ENSG00000141314.13,0.06882923444604387
13004,ENSG00000197021.9,0.06882411517422116
13005,ENSG00000068885.15,0.06876187487779781
13006,ENSG00000110514.19,0.06875377559697053
13007,ENSG00000198912.11,0.06875246933953771
13008,ENSG00000116745.7,0.06874361322676573
13009,ENSG00000166762.19,0.06874031435347383
13010,ENSG00000154814.14,0.06873404900297947
13011,ENSG00000166266.14,0.06873283060312924
13012,ENSG00000156313.15,0.0687321063788804
13013,ENSG00000147614.4,0.06869629606933436
13014,ENSG00000075131.10,0.06865784064915346
13015,ENSG00000189045.15,0.068655045596293
13016,ENSG00000156639.12,0.06865144234981015
13017,ENSG00000006715.16,0.06864966741530848
13018,ENSG00000107864.15,0.06862730882885212
13019,ENSG00000164440.15,0.06862497157245105
13020,ENSG00000153933.10,0.06862386481891242
13021,ENSG00000187147.18,0.06862352306870266
13022,ENSG00000171574.18,0.06862309893627597
13023,ENSG00000165288.11,0.06859013604598634
13024,ENSG00000101158.15,0.06858670212369644
13025,ENSG00000185306.13,0.0685701700837302
13026,ENSG00000104147.9,0.06855968071011044
13027,ENSG00000116977.19,0.06854893929996791
13028,ENSG00000173786.17,0.0685405870838305
13029,ENSG00000075336.12,0.06852928195797768
13030,ENSG00000143393.16,0.06852626563769759
13031,ENSG00000164306.11,0.06851036333570582
13032,ENSG00000167196.14,0.06846674536472164
13033,ENSG00000144043.12,0.06846414528123196
13034,ENSG00000129167.9,0.06841953668285022
13035,ENSG00000169814.16,0.06840792897162637
13036,ENSG00000147789.15,0.068404571185546
13037,ENSG00000186141.9,0.06840332349959845
13038,ENSG00000170734.12,0.0683914606109251
13039,ENSG00000167264.18,0.06836392878802121
13040,ENSG00000145833.16,0.06836385571003083
13041,ENSG00000184900.16,0.06833629099696939
13042,ENSG00000160563.14,0.06832005598943112
13043,ENSG00000173614.14,0.06830993939813725
13044,ENSG00000137776.17,0.06830391285183232
13045,ENSG00000197223.12,0.0683037175536067
13046,ENSG00000177565.18,0.06826757848522869
13047,ENSG00000152484.14,0.06826274900557354
13048,ENSG00000148943.12,0.06826012505680089
13049,ENSG00000176055.10,0.06825819572175994
13050,ENSG00000204574.14,0.06825582130156393
13051,ENSG00000214140.11,0.06825326969638455
13052,ENSG00000176623.12,0.06824558108667994
13053,ENSG00000111361.13,0.06820988206062954
13054,ENSG00000126500.3,0.06819923956692461
13055,ENSG00000154548.9,0.06818904714328654
13056,ENSG00000145740.19,0.06816745920655941
13057,ENSG00000121236.21,0.06813007029072644
13058,ENSG00000105792.19,0.0681252764652174
13059,ENSG00000240053.8,0.06811287686097035
13060,ENSG00000148680.16,0.06810330282750483
13061,ENSG00000122696.14,0.06806456717970563
13062,ENSG00000173039.19,0.06806036329917452
13063,ENSG00000129460.16,0.06805731707457338
13064,ENSG00000182400.15,0.06804791663229318
13065,ENSG00000155868.8,0.0680323432652235
13066,ENSG00000205250.9,0.06802691642819812
13067,ENSG00000130810.20,0.06801757350145445
13068,ENSG00000153982.11,0.06800971718655828
13069,ENSG00000163630.11,0.06800616670198417
13070,ENSG00000254585.5,0.06799923624263751
13071,ENSG00000003393.15,0.06796400328597291
13072,ENSG00000130818.12,0.0679515313998874
13073,ENSG00000114784.4,0.06794984231198471
13074,ENSG00000167646.14,0.06794479714572083
13075,ENSG00000138435.16,0.06793082892835474
13076,ENSG00000173230.15,0.06792485945045575
13077,ENSG00000101181.17,0.0678961314344613
13078,ENSG00000198874.13,0.06789195442468367
13079,ENSG00000129933.21,0.06788252191301065
13080,ENSG00000136874.11,0.06788190544520992
13081,ENSG00000120705.13,0.06787568794347285
13082,ENSG00000124459.12,0.06784396239265761
13083,ENSG00000196353.11,0.06784229904639966
13084,ENSG00000242252.2,0.06784179782456369
13085,ENSG00000104714.14,0.06782729573487273
13086,ENSG00000100324.14,0.06781350403849082
13087,ENSG00000148408.13,0.06781341172887363
13088,ENSG00000196459.14,0.0678103809346945
13089,ENSG00000162735.19,0.06778574181178633
13090,ENSG00000059769.20,0.06777740237055822
13091,ENSG00000092531.10,0.06777657064566307
13092,ENSG00000076053.12,0.06777416944862812
13093,ENSG00000163785.13,0.06777061821423348
13094,ENSG00000246922.9,0.06776736204777804
13095,ENSG00000089116.4,0.06776268391024623
13096,ENSG00000159556.10,0.06772233468690221
13097,ENSG00000205085.12,0.06770641367324251
13098,ENSG00000099783.12,0.06767461838979764
13099,ENSG00000135930.14,0.06764732902963966
13100,ENSG00000144579.8,0.06761566403090467
13101,ENSG00000067334.14,0.06761338957701518
13102,ENSG00000242114.6,0.0676037384749874
13103,ENSG00000136937.13,0.067601056467269
13104,ENSG00000068654.16,0.06759468782820764
13105,ENSG00000101544.9,0.06758777568355392
13106,ENSG00000146267.12,0.06755992518225734
13107,ENSG00000265491.5,0.06752743337543132
13108,ENSG00000166704.11,0.06752114428084056
13109,ENSG00000089737.17,0.06751997671334448
13110,ENSG00000166170.10,0.06751355364815832
13111,ENSG00000151093.8,0.0675122818201707
13112,ENSG00000255529.9,0.06750979778642124
13113,ENSG00000116350.17,0.06748388498560869
13114,ENSG00000061455.11,0.06747635269463934
13115,ENSG00000165392.11,0.06743225026808562
13116,ENSG00000100319.13,0.06740733010036601
13117,ENSG00000107651.13,0.06740464555727047
13118,ENSG00000014138.9,0.06738460930354442
13119,ENSG00000142864.15,0.06735392120612299
13120,ENSG00000169087.11,0.06734373838063701
13121,ENSG00000169570.10,0.06733347651254007
13122,ENSG00000092203.15,0.067325670476185
13123,ENSG00000083099.11,0.06732133450545374
13124,ENSG00000137815.14,0.06731350447381569
13125,ENSG00000151292.17,0.06730921489580363
13126,ENSG00000102230.14,0.06730293106831682
13127,ENSG00000154124.5,0.06730036078898997
13128,ENSG00000112339.15,0.06728354317195782
13129,ENSG00000160678.12,0.06728080479462485
13130,ENSG00000105879.12,0.0672425073862593
13131,ENSG00000135945.10,0.06723708251009713
13132,ENSG00000261582.1,0.06722298505150105
13133,ENSG00000135437.10,0.06721409217766472
13134,ENSG00000196678.14,0.06720915487416737
13135,ENSG00000166526.18,0.06719482563376974
13136,ENSG00000163596.16,0.06719388046234614
13137,ENSG00000144597.14,0.0671920090894228
13138,ENSG00000143569.19,0.06718176472519444
13139,ENSG00000094880.11,0.06716616757613861
13140,ENSG00000078237.7,0.06716605107136107
13141,ENSG00000107949.17,0.0671449660606044
13142,ENSG00000116141.17,0.06711841969379588
13143,ENSG00000168291.13,0.06710747708469551
13144,ENSG00000109171.15,0.06706191534297673
13145,ENSG00000103194.16,0.06704010514710594
13146,ENSG00000077522.14,0.06701538549155019
13147,ENSG00000040633.13,0.06701518501691177
13148,ENSG00000141644.17,0.06700186089818091
13149,ENSG00000215193.13,0.0669886067011953
13150,ENSG00000074356.17,0.06694419306194156
13151,ENSG00000129028.9,0.06693348994813647
13152,ENSG00000182890.5,0.06691733613627653
13153,ENSG00000155974.12,0.06691628713619681
13154,ENSG00000146576.13,0.06690549300025743
13155,ENSG00000120519.15,0.06690020930435459
13156,ENSG00000172315.6,0.06689941401010421
13157,ENSG00000099968.18,0.06689570736100396
13158,ENSG00000103423.14,0.06687462741812104
13159,ENSG00000170633.16,0.06685002015390858
13160,ENSG00000104848.1,0.06684477327723481
13161,ENSG00000109445.11,0.06681290210973677
13162,ENSG00000257987.6,0.06681216772561482
13163,ENSG00000070761.8,0.06680623480890911
13164,ENSG00000112996.11,0.06680346854784737
13165,ENSG00000136688.11,0.06679708009702699
13166,ENSG00000101079.21,0.06678121722044314
13167,ENSG00000188177.14,0.06677409030146074
13168,ENSG00000196152.10,0.06675878130637952
13169,ENSG00000100583.4,0.06675555959065664
13170,ENSG00000176542.10,0.06675506420680978
13171,ENSG00000147576.17,0.06675266254259692
13172,ENSG00000278053.5,0.06674470132637908
13173,ENSG00000132153.15,0.06673981705403176
13174,ENSG00000168495.13,0.06672995297918591
13175,ENSG00000087095.13,0.06672735349736374
13176,ENSG00000158161.16,0.06672624039187446
13177,ENSG00000133740.11,0.0667259049672584
13178,ENSG00000186451.2,0.06672150394311568
13179,ENSG00000138400.13,0.06671480173940196
13180,ENSG00000115207.13,0.06671302203181217
13181,ENSG00000183783.7,0.06669381546360459
13182,ENSG00000099625.13,0.06669359293963162
13183,ENSG00000004975.12,0.06668970247126241
13184,ENSG00000187997.11,0.06667954461087257
13185,ENSG00000114520.11,0.0666700568260337
13186,ENSG00000021776.11,0.06665647965585186
13187,ENSG00000129493.15,0.06665030542065133
13188,ENSG00000126581.13,0.06658780298789471
13189,ENSG00000196418.12,0.06658346533320486
13190,ENSG00000010270.14,0.0665830559844415
13191,ENSG00000151025.11,0.06656319441498786
13192,ENSG00000115216.14,0.06654309944261556
13193,ENSG00000103932.12,0.06651539296479028
13194,ENSG00000109536.12,0.06650945518741404
13195,ENSG00000274523.5,0.06650375012061059
13196,ENSG00000133997.12,0.066494804943331
13197,ENSG00000123444.14,0.06648121183108158
13198,ENSG00000162929.14,0.06647967652283136
13199,ENSG00000167578.18,0.06647267896188022
13200,ENSG00000171962.18,0.06643883605118689
13201,ENSG00000129317.15,0.06642516592168257
13202,ENSG00000178919.9,0.06640957483040676
13203,ENSG00000110931.19,0.06640635079556331
13204,ENSG00000196220.16,0.06637143268177502
13205,ENSG00000136448.13,0.06636973427392183
13206,ENSG00000182612.10,0.06636806524205585
13207,ENSG00000184857.8,0.0663632301014491
13208,ENSG00000102910.14,0.06635762006348367
13209,ENSG00000196440.11,0.06635473667735932
13210,ENSG00000145241.11,0.06634776967825859
13211,ENSG00000223573.7,0.0663218638299648
13212,ENSG00000168286.3,0.06630754386789016
13213,ENSG00000160051.12,0.06630143006374611
13214,ENSG00000105656.13,0.06630062201771003
13215,ENSG00000181827.15,0.06629792440747163
13216,ENSG00000174238.15,0.06629205227312723
13217,ENSG00000134152.11,0.0662860028002135
13218,ENSG00000140829.12,0.06628550422598471
13219,ENSG00000144827.9,0.06628276944173202
13220,ENSG00000119812.19,0.0662551214131674
13221,ENSG00000164591.14,0.06624890037764271
13222,ENSG00000119522.16,0.0662182128120565
13223,ENSG00000118961.15,0.06620928373698899
13224,ENSG00000092199.18,0.06620165039346661
13225,ENSG00000144182.17,0.06619696712620048
13226,ENSG00000255837.1,0.0661931311411932
13227,ENSG00000156990.14,0.06618037146956883
13228,ENSG00000228727.9,0.0661652579752158
13229,ENSG00000221988.13,0.06614749526552773
13230,ENSG00000062370.17,0.06613023145910872
13231,ENSG00000104824.17,0.06613009704718865
13232,ENSG00000138279.16,0.06610737615860461
13233,ENSG00000137494.14,0.06608734950334222
13234,ENSG00000118454.13,0.06606635982580876
13235,ENSG00000150967.18,0.06606514062586631
13236,ENSG00000129245.12,0.0660632880190371
13237,ENSG00000115282.21,0.06602888468392866
13238,ENSG00000179477.11,0.06602156210138554
13239,ENSG00000163093.12,0.06600508611850756
13240,ENSG00000078618.22,0.06600283215691931
13241,ENSG00000188452.14,0.06599960250895327
13242,ENSG00000174473.16,0.06598083210226315
13243,ENSG00000116580.18,0.06597871601448364
13244,ENSG00000078061.13,0.06596829889499099
13245,ENSG00000125037.12,0.0659546110505315
13246,ENSG00000148153.14,0.06595446558956096
13247,ENSG00000170854.18,0.06593061532294953
13248,ENSG00000173868.12,0.06591727238571911
13249,ENSG00000187048.13,0.06591532365274225
13250,ENSG00000103248.19,0.06587929544421167
13251,ENSG00000139800.8,0.06582078232176335
13252,ENSG00000089123.16,0.0658115028632293
13253,ENSG00000205060.11,0.06580887873935061
13254,ENSG00000060688.13,0.06580177005418403
13255,ENSG00000173436.15,0.06580024288380704
13256,ENSG00000186666.6,0.06578264980548569
13257,ENSG00000185278.15,0.06578182255922689
13258,ENSG00000162650.16,0.0657147961212377
13259,ENSG00000116032.5,0.06570610128242964
13260,ENSG00000181929.13,0.06570609719489996
13261,ENSG00000233670.7,0.06569877207770437
13262,ENSG00000136213.10,0.06569863557964928
13263,ENSG00000128708.13,0.06568511518007011
13264,ENSG00000115446.12,0.06565928152550943
13265,ENSG00000133101.10,0.0656437490086147
13266,ENSG00000178295.15,0.06564012275773068
13267,ENSG00000143614.10,0.06563788937767481
13268,ENSG00000170417.16,0.06563447826360304
13269,ENSG00000162889.11,0.06561145498444179
13270,ENSG00000214753.4,0.0655933334232951
13271,ENSG00000165914.15,0.06559175294450775
13272,ENSG00000139974.16,0.06557642070038436
13273,ENSG00000131351.15,0.0655561587151967
13274,ENSG00000186532.12,0.06554592389301817
13275,ENSG00000133193.12,0.06553041470094849
13276,ENSG00000198746.13,0.06551223566964068
13277,ENSG00000166326.7,0.0655078416863742
13278,ENSG00000126653.18,0.06550255881708954
13279,ENSG00000114978.18,0.06548670115177968
13280,ENSG00000029364.12,0.06547730259352552
13281,ENSG00000126767.18,0.06545046116500818
13282,ENSG00000129472.15,0.06544388206409558
13283,ENSG00000117009.12,0.06543610070288963
13284,ENSG00000124782.20,0.06541598185177765
13285,ENSG00000136933.17,0.06541267842401274
13286,ENSG00000121871.4,0.06539318261213542
13287,ENSG00000095261.14,0.06539272619312395
13288,ENSG00000158604.15,0.0653913273177733
13289,ENSG00000146143.19,0.06537972873212476
13290,ENSG00000164329.13,0.06536889305829832
13291,ENSG00000161692.18,0.06532801599513091
13292,ENSG00000178904.19,0.06530514331847198
13293,ENSG00000189091.13,0.06527098561028163
13294,ENSG00000039987.7,0.0652702449298718
13295,ENSG00000142065.14,0.0652560611146699
13296,ENSG00000103226.19,0.06525434314745264
13297,ENSG00000089094.19,0.06523603228016814
13298,ENSG00000137274.13,0.06522269059273696
13299,ENSG00000145016.16,0.06521575347428371
13300,ENSG00000144791.10,0.06521501529296485
13301,ENSG00000014641.21,0.0652134178217644
13302,ENSG00000120071.15,0.06521173006586807
13303,ENSG00000068323.17,0.06519821855101517
13304,ENSG00000119778.15,0.06519710363526963
13305,ENSG00000188817.8,0.0651798539748692
13306,ENSG00000175711.8,0.06517412199730743
13307,ENSG00000186862.20,0.06517039351772885
13308,ENSG00000081051.8,0.06516564583162592
13309,ENSG00000113838.13,0.06511969684139479
13310,ENSG00000134207.17,0.06510870831965652
13311,ENSG00000145916.19,0.06510178072672257
13312,ENSG00000188807.13,0.06508433713746391
13313,ENSG00000087053.20,0.06503591295453275
13314,ENSG00000105251.11,0.06502199019653897
13315,ENSG00000198182.13,0.06497024636685317
13316,ENSG00000100883.13,0.0649629936870152
13317,ENSG00000119231.11,0.0649627479553715
13318,ENSG00000100372.15,0.06492624385028457
13319,ENSG00000162714.12,0.06492450463759233
13320,ENSG00000175764.14,0.06491020833110887
13321,ENSG00000136045.12,0.0649088808116476
13322,ENSG00000176783.15,0.06490827901949316
13323,ENSG00000010282.15,0.06488045253619891
13324,ENSG00000134108.14,0.06487882996041014
13325,ENSG00000148634.16,0.06485580831326448
13326,ENSG00000151849.15,0.06484274490643724
13327,ENSG00000139496.16,0.06483253260538555
13328,ENSG00000132570.15,0.06478509082346537
13329,ENSG00000165782.11,0.06478336615172682
13330,ENSG00000178226.11,0.06469154101195143
13331,ENSG00000197372.10,0.06468271717208067
13332,ENSG00000154040.21,0.06467866342439602
13333,ENSG00000160963.14,0.06466411887565907
13334,ENSG00000165055.16,0.0646574236950749
13335,ENSG00000137992.14,0.06464668967133667
13336,ENSG00000053900.11,0.06463867993362142
13337,ENSG00000143952.20,0.06463847588718112
13338,ENSG00000009844.16,0.06462920989066251
13339,ENSG00000092853.14,0.06462697146080422
13340,ENSG00000197050.11,0.06462462949781912
13341,ENSG00000213714.1,0.0646093373393338
13342,ENSG00000102904.15,0.06460492574955934
13343,ENSG00000122735.16,0.06460271055344186
13344,ENSG00000169900.8,0.06457216545207231
13345,ENSG00000036549.13,0.06455664222490623
13346,ENSG00000100490.9,0.06452556113504435
13347,ENSG00000149658.18,0.0645190017036664
13348,ENSG00000170454.6,0.06450518160292618
13349,ENSG00000186073.14,0.06448839825680955
13350,ENSG00000138376.11,0.06448160265047734
13351,ENSG00000122966.17,0.06448107474746763
13352,ENSG00000198920.11,0.06447012978749161
13353,ENSG00000136011.15,0.06446850395826102
13354,ENSG00000116497.18,0.0644624618863084
13355,ENSG00000156042.18,0.06444326788325809
13356,ENSG00000139842.15,0.0644377703493443
13357,ENSG00000121741.16,0.06443263479906444
13358,ENSG00000138271.6,0.06442334231088913
13359,ENSG00000106591.4,0.06441873520381343
13360,ENSG00000162687.19,0.06439068985828955
13361,ENSG00000143155.13,0.06438101686833386
13362,ENSG00000173208.4,0.06435230673931797
13363,ENSG00000171943.12,0.06434690634409276
13364,ENSG00000133606.11,0.06434523861081111
13365,ENSG00000125375.16,0.0643398628843409
13366,ENSG00000099956.20,0.06428623075552069
13367,ENSG00000146282.18,0.06425840342394161
13368,ENSG00000156973.14,0.06425739149803276
13369,ENSG00000010318.21,0.06425559040256887
13370,ENSG00000181790.11,0.06425098968198109
13371,ENSG00000198780.12,0.06424882526983217
13372,ENSG00000198198.17,0.06423480270208609
13373,ENSG00000124209.4,0.06423284354417198
13374,ENSG00000120008.16,0.06423171403467134
13375,ENSG00000133115.12,0.06423144595893732
13376,ENSG00000205464.12,0.06422948444120699
13377,ENSG00000162972.10,0.06420351767856385
13378,ENSG00000128731.18,0.06418868303000759
13379,ENSG00000198060.10,0.06416864435743135
13380,ENSG00000182687.4,0.06416027301148529
13381,ENSG00000187595.16,0.06414876242365104
13382,ENSG00000137513.10,0.06414569708228961
13383,ENSG00000167987.11,0.06414268386980683
13384,ENSG00000050393.11,0.0641319891061617
13385,ENSG00000196387.9,0.06412809980494347
13386,ENSG00000142700.12,0.06410517117206303
13387,ENSG00000100122.7,0.06410068374571898
13388,ENSG00000160058.19,0.06409936656332833
13389,ENSG00000123552.18,0.06409019942890856
13390,ENSG00000240857.2,0.06402636249151143
13391,ENSG00000250673.2,0.06402055000458831
13392,ENSG00000213024.12,0.06401396024583353
13393,ENSG00000168806.8,0.06398783180890599
13394,ENSG00000180035.13,0.06397836691286142
13395,ENSG00000146399.2,0.06396528785958838
13396,ENSG00000156502.14,0.06394992769127085
13397,ENSG00000144134.18,0.0639471702927867
13398,ENSG00000114316.13,0.06394295868186176
13399,ENSG00000156374.16,0.06393855835706638
13400,ENSG00000180957.18,0.06392638174876987
13401,ENSG00000268043.7,0.06392362372355534
13402,ENSG00000119041.11,0.06389935839173447
13403,ENSG00000135298.14,0.0638887732005382
13404,ENSG00000216490.4,0.06386761093713256
13405,ENSG00000060339.14,0.06385158828578842
13406,ENSG00000179168.15,0.06385113044359539
13407,ENSG00000171456.20,0.06384277710877775
13408,ENSG00000113643.9,0.06383447305521231
13409,ENSG00000169714.17,0.06383378091619832
13410,ENSG00000139233.7,0.06383164846210906
13411,ENSG00000123575.9,0.06383006182456069
13412,ENSG00000126773.13,0.06380621744032776
13413,ENSG00000129625.13,0.06379556751292928
13414,ENSG00000135801.10,0.06379295887957283
13415,ENSG00000140471.17,0.06377536765152553
13416,ENSG00000204842.18,0.0637520248269314
13417,ENSG00000163026.12,0.06375055475866258
13418,ENSG00000144029.12,0.06373457159976734
13419,ENSG00000138698.15,0.06372947486725616
13420,ENSG00000136243.17,0.0637118658065842
13421,ENSG00000127526.15,0.06369541114021726
13422,ENSG00000053770.12,0.06365952105301641
13423,ENSG00000204954.10,0.06365908217090534
13424,ENSG00000083642.19,0.06364760741010447
13425,ENSG00000108963.19,0.06363249000963157
13426,ENSG00000186638.16,0.06363209512822145
13427,ENSG00000081177.18,0.06363018940649331
13428,ENSG00000109956.13,0.06361427317138864
13429,ENSG00000071189.21,0.06360453378611716
13430,ENSG00000108556.10,0.06360232413689308
13431,ENSG00000070371.16,0.06356649885577045
13432,ENSG00000138780.15,0.06355594588568356
13433,ENSG00000100354.21,0.0635527711168649
13434,ENSG00000175787.17,0.06351331357702
13435,ENSG00000179965.12,0.0634996650695384
13436,ENSG00000177370.5,0.06348508732834496
13437,ENSG00000172382.10,0.06347479811148782
13438,ENSG00000112592.14,0.0634719270961998
13439,ENSG00000128609.16,0.0634357868365797
13440,ENSG00000129480.13,0.06339547124687572
13441,ENSG00000127903.14,0.06338737781314287
13442,ENSG00000162065.14,0.06336270043537169
13443,ENSG00000182489.9,0.06336167637693015
13444,ENSG00000157542.11,0.06335719943848257
13445,ENSG00000146909.8,0.06335387060643179
13446,ENSG00000147130.14,0.06334081984997135
13447,ENSG00000136521.13,0.06331592548117501
13448,ENSG00000233954.6,0.06329649665129002
13449,ENSG00000113569.16,0.06329085221283154
13450,ENSG00000116198.14,0.06328377794420424
13451,ENSG00000168970.22,0.06327759063607016
13452,ENSG00000006744.19,0.06327686217576765
13453,ENSG00000184203.8,0.06326950951140667
13454,ENSG00000204410.16,0.06325606686555421
13455,ENSG00000099381.18,0.0632505609710459
13456,ENSG00000140093.10,0.0632385254087321
13457,ENSG00000180008.9,0.06322504214530959
13458,ENSG00000174136.13,0.06321902456161317
13459,ENSG00000121022.14,0.06321360650543942
13460,ENSG00000134986.14,0.0632051052303988
13461,ENSG00000186001.14,0.06320423228106195
13462,ENSG00000119698.12,0.06320154079316526
13463,ENSG00000144468.17,0.06320054598890748
13464,ENSG00000104154.7,0.06319249184462222
13465,ENSG00000168264.10,0.06317813186337415
13466,ENSG00000214415.4,0.06315576746333336
13467,ENSG00000146223.16,0.06315397344833606
13468,ENSG00000016864.18,0.06314303958525826
13469,ENSG00000173166.18,0.063135210861522
13470,ENSG00000163803.13,0.06313421974761184
13471,ENSG00000198336.9,0.0631189013711029
13472,ENSG00000151445.16,0.06308225399223273
13473,ENSG00000101680.15,0.0630658299129908
13474,ENSG00000073969.18,0.06306067404913773
13475,ENSG00000231767.4,0.06305457767705804
13476,ENSG00000164010.15,0.06303697165725895
13477,ENSG00000186648.15,0.06302210947016543
13478,ENSG00000019485.13,0.062981215332477
13479,ENSG00000144040.13,0.06297165735051463
13480,ENSG00000078403.17,0.06293057871962839
13481,ENSG00000198492.16,0.06289031023105114
13482,ENSG00000127989.14,0.06288969312891807
13483,ENSG00000185104.20,0.0628882334348046
13484,ENSG00000116922.14,0.06286247661520235
13485,ENSG00000100276.10,0.06285820343154294
13486,ENSG00000186432.10,0.06285031802215084
13487,ENSG00000158019.21,0.0628426330186272
13488,ENSG00000198298.13,0.06284046658707727
13489,ENSG00000108591.10,0.06283850978832864
13490,ENSG00000132434.9,0.06283310707550747
13491,ENSG00000100147.14,0.06283196214016872
13492,ENSG00000140992.19,0.06282273401301058
13493,ENSG00000100614.18,0.06279609783136819
13494,ENSG00000183576.13,0.06279241641946157
13495,ENSG00000109118.14,0.06279064608739227
13496,ENSG00000119820.11,0.0627535916672139
13497,ENSG00000157837.16,0.06273704822998158
13498,ENSG00000173588.15,0.06273681970600384
13499,ENSG00000119042.17,0.06273463212097567
13500,ENSG00000124641.16,0.06272071856738387
13501,ENSG00000188785.12,0.06267688398341942
13502,ENSG00000174837.15,0.06264555708441259
13503,ENSG00000162139.10,0.06264126045249545
13504,ENSG00000102893.16,0.06260480891740829
13505,ENSG00000176697.20,0.0625953669981418
13506,ENSG00000168092.14,0.062567949368942
13507,ENSG00000118260.15,0.06256398655810252
13508,ENSG00000151806.14,0.0625409291980253
13509,ENSG00000185716.12,0.062495577055175874
13510,ENSG00000196290.16,0.06248827470480846
13511,ENSG00000105613.10,0.062478597741027604
13512,ENSG00000183426.17,0.062454642982786183
13513,ENSG00000117751.18,0.06244782822845786
13514,ENSG00000137814.12,0.06242691581959774
13515,ENSG00000100413.17,0.06239606653190612
13516,ENSG00000132128.16,0.062391259356201774
13517,ENSG00000170852.11,0.06236216015340437
13518,ENSG00000135951.16,0.062322823707538076
13519,ENSG00000064703.12,0.06231411562438749
13520,ENSG00000126226.22,0.06231111894608981
13521,ENSG00000106608.17,0.062272945864894666
13522,ENSG00000163913.12,0.06226486269500362
13523,ENSG00000102001.13,0.06225418409459678
13524,ENSG00000087206.17,0.062252499468914535
13525,ENSG00000150637.9,0.06224251037012787
13526,ENSG00000108018.15,0.062228798073308625
13527,ENSG00000166135.14,0.06221050159727891
13528,ENSG00000204439.4,0.062208414657824944
13529,ENSG00000197992.7,0.062152686669843686
13530,ENSG00000135317.13,0.062135508579397945
13531,ENSG00000057663.16,0.06209893145594435
13532,ENSG00000094631.21,0.06207426711790066
13533,ENSG00000068354.16,0.062073319822872265
13534,ENSG00000146063.20,0.0620632251803051
13535,ENSG00000139826.6,0.06204594718369648
13536,ENSG00000169635.10,0.062041139258333544
13537,ENSG00000158079.16,0.06199856555940116
13538,ENSG00000198551.10,0.06199815715520858
13539,ENSG00000172795.17,0.061976430650966675
13540,ENSG00000167524.16,0.06192569239958501
13541,ENSG00000180104.16,0.06190951394365241
13542,ENSG00000175984.15,0.061905343155008515
13543,ENSG00000132275.11,0.06189771984045133
13544,ENSG00000137413.16,0.061893523040624905
13545,ENSG00000204428.12,0.061890147817473554
13546,ENSG00000155463.14,0.06187657442821822
13547,ENSG00000130414.13,0.06183891767471876
13548,ENSG00000198960.11,0.06179856217203525
13549,ENSG00000065665.21,0.06176948661387271
13550,ENSG00000132912.13,0.061712623126015144
13551,ENSG00000083817.9,0.06170774151266076
13552,ENSG00000159496.14,0.06170737729755779
13553,ENSG00000155755.19,0.06169431913812443
13554,ENSG00000103313.13,0.06169201695544958
13555,ENSG00000167384.10,0.06169178108989116
13556,ENSG00000112983.18,0.06168471916097839
13557,ENSG00000136718.10,0.06167756422951158
13558,ENSG00000091009.8,0.06167355205554519
13559,ENSG00000198356.12,0.061644262236202056
13560,ENSG00000274290.3,0.061591085273679715
13561,ENSG00000186446.12,0.06158494899869119
13562,ENSG00000196268.12,0.06156996333501548
13563,ENSG00000102967.12,0.061569953738603043
13564,ENSG00000145725.20,0.06153017717580042
13565,ENSG00000014824.14,0.06151473335265244
13566,ENSG00000163281.12,0.06151095458188989
13567,ENSG00000175175.6,0.06150378495348346
13568,ENSG00000135315.12,0.0614929461410353
13569,ENSG00000125482.13,0.061476586902175785
13570,ENSG00000196172.9,0.061471822775019884
13571,ENSG00000226124.8,0.061409700556875606
13572,ENSG00000269713.7,0.06138430127826961
13573,ENSG00000108651.10,0.06137354351567872
13574,ENSG00000171109.19,0.061285533280111826
13575,ENSG00000197935.7,0.06127964184262748
13576,ENSG00000125124.13,0.06127927761392158
13577,ENSG00000167257.11,0.061277166369320644
13578,ENSG00000048991.16,0.06126923000198694
13579,ENSG00000188878.19,0.06126359614656377
13580,ENSG00000178988.11,0.061261842794303786
13581,ENSG00000168175.15,0.061248756720676985
13582,ENSG00000146574.16,0.06122675626075599
13583,ENSG00000137571.11,0.06122551201693834
13584,ENSG00000165186.12,0.06122156382513924
13585,ENSG00000153975.10,0.061219775579019385
13586,ENSG00000115211.16,0.06120195115727724
13587,ENSG00000158987.22,0.06120071431747621
13588,ENSG00000102349.18,0.0611925656554141
13589,ENSG00000121892.15,0.061183498550439426
13590,ENSG00000105607.13,0.0611731739446581
13591,ENSG00000139537.11,0.061168540393864664
13592,ENSG00000171763.20,0.0611540466395832
13593,ENSG00000164241.13,0.06114932243236365
13594,ENSG00000171824.14,0.06112095104313629
13595,ENSG00000122557.11,0.061117004598944376
13596,ENSG00000114742.14,0.06111269381015897
13597,ENSG00000164093.17,0.06109314870702387
13598,ENSG00000169057.24,0.06109089627235204
13599,ENSG00000178761.15,0.06108587651933355
13600,ENSG00000138035.15,0.06108556310388545
13601,ENSG00000103037.12,0.06107988412878115
13602,ENSG00000100982.12,0.061066686840673345
13603,ENSG00000196591.12,0.061058847681166185
13604,ENSG00000185739.13,0.061047484713323684
13605,ENSG00000178015.5,0.06102654599693922
13606,ENSG00000160349.10,0.06097966914110266
13607,ENSG00000184517.12,0.0609720144567849
13608,ENSG00000100888.15,0.06096924065239173
13609,ENSG00000172530.20,0.06094337516790363
13610,ENSG00000131732.12,0.060909968872876065
13611,ENSG00000179915.24,0.060895046615209045
13612,ENSG00000091164.13,0.060853047430850786
13613,ENSG00000257365.8,0.060811741683791
13614,ENSG00000258102.5,0.06080089364296528
13615,ENSG00000163792.6,0.06079902462644162
13616,ENSG00000102900.13,0.06079690077316752
13617,ENSG00000204256.14,0.06078379754093354
13618,ENSG00000234719.9,0.060775741531548313
13619,ENSG00000100218.12,0.06070684317454083
13620,ENSG00000153767.10,0.06069560899997921
13621,ENSG00000117859.19,0.060687774513837285
13622,ENSG00000143195.13,0.06068323244717368
13623,ENSG00000124279.12,0.06067703286033496
13624,ENSG00000173145.11,0.060676940364654666
13625,ENSG00000110851.12,0.060670275707596234
13626,ENSG00000051341.14,0.06066485343545757
13627,ENSG00000157741.15,0.06066411110996578
13628,ENSG00000163964.17,0.060643151890275256
13629,ENSG00000141026.6,0.06063592199511083
13630,ENSG00000204560.10,0.06062149676672473
13631,ENSG00000170234.13,0.06061115625173175
13632,ENSG00000092020.10,0.06060954649755585
13633,ENSG00000152242.11,0.06059908680726887
13634,ENSG00000172775.17,0.060584443364393975
13635,ENSG00000145414.9,0.0605691363312675
13636,ENSG00000099940.12,0.060557991325581144
13637,ENSG00000086189.10,0.06055473509380628
13638,ENSG00000250565.7,0.06055042882900984
13639,ENSG00000135829.17,0.06051998513002487
13640,ENSG00000118894.15,0.06051902327852297
13641,ENSG00000186787.9,0.06051505954049109
13642,ENSG00000113575.10,0.06051285945126334
13643,ENSG00000185344.15,0.060473317417926484
13644,ENSG00000107882.12,0.06044520592305684
13645,ENSG00000152942.19,0.060427708634700934
13646,ENSG00000109670.16,0.060426703425745014
13647,ENSG00000011304.22,0.06039342930804543
13648,ENSG00000163249.13,0.060383389094624415
13649,ENSG00000221995.5,0.060370488444364594
13650,ENSG00000077935.17,0.06036461191024486
13651,ENSG00000134461.16,0.060357675869837306
13652,ENSG00000147174.11,0.06034263831997374
13653,ENSG00000079387.14,0.06032596316067831
13654,ENSG00000174721.10,0.06028356478220809
13655,ENSG00000144278.15,0.06027551756072862
13656,ENSG00000116525.14,0.06027312130201673
13657,ENSG00000224940.9,0.06027214983660975
13658,ENSG00000174891.13,0.060270502737809886
13659,ENSG00000095787.23,0.060268380328572374
13660,ENSG00000033030.15,0.060245928381526564
13661,ENSG00000140830.9,0.060238359836976514
13662,ENSG00000090061.17,0.0602371194915719
13663,ENSG00000175470.20,0.06021941563591068
13664,ENSG00000171657.6,0.06020932246402228
13665,ENSG00000115204.15,0.06020262788825108
13666,ENSG00000163832.16,0.06019375199609297
13667,ENSG00000197885.11,0.06015367075107905
13668,ENSG00000135870.12,0.06013878612688688
13669,ENSG00000156284.6,0.06013398743606309
13670,ENSG00000142751.15,0.06011455779606309
13671,ENSG00000138663.9,0.06011426848112004
13672,ENSG00000102595.20,0.06007983619285723
13673,ENSG00000188529.15,0.0600797032496181
13674,ENSG00000280071.4,0.06006248926660452
13675,ENSG00000180917.18,0.06006126180783482
13676,ENSG00000155034.19,0.06004672891135599
13677,ENSG00000127124.16,0.06002764693904568
13678,ENSG00000116035.4,0.06002566321399155
13679,ENSG00000184154.15,0.060008865006378406
13680,ENSG00000164136.17,0.060000147473763095
13681,ENSG00000283361.2,0.05999977630893937
13682,ENSG00000165699.15,0.05997952067704438
13683,ENSG00000078967.13,0.05996473978924366
13684,ENSG00000182858.14,0.059946119199304156
13685,ENSG00000115486.12,0.05993032139069645
13686,ENSG00000122970.16,0.05992921741438932
13687,ENSG00000196705.8,0.05989442045608636
13688,ENSG00000144161.13,0.05988208663026881
13689,ENSG00000136813.14,0.05987923122780899
13690,ENSG00000128655.18,0.0598646168214129
13691,ENSG00000089234.16,0.0598586623952092
13692,ENSG00000166796.12,0.05984426391618648
13693,ENSG00000135823.14,0.05984264793311355
13694,ENSG00000111540.16,0.059841394774669786
13695,ENSG00000104974.12,0.05983990296864671
13696,ENSG00000169131.13,0.05983409803012473
13697,ENSG00000135040.16,0.05982506459409059
13698,ENSG00000213341.11,0.05978509621707606
13699,ENSG00000104938.18,0.05975872508082639
13700,ENSG00000177125.5,0.05974167676874043
13701,ENSG00000142082.15,0.05971183804132037
13702,ENSG00000173914.12,0.05970816560346455
13703,ENSG00000043093.15,0.05968257983460061
13704,ENSG00000153721.19,0.05965413680298307
13705,ENSG00000177963.14,0.05964167741500437
13706,ENSG00000088035.18,0.059630529115485005
13707,ENSG00000092208.17,0.059625762507399045
13708,ENSG00000196646.12,0.059624036890456776
13709,ENSG00000102931.8,0.05960151514754442
13710,ENSG00000151148.14,0.0595915932342995
13711,ENSG00000197603.15,0.05958851724370728
13712,ENSG00000158480.11,0.059584896011005924
13713,ENSG00000077327.16,0.05956947118746731
13714,ENSG00000134453.16,0.05956866495532823
13715,ENSG00000163904.13,0.0595583842068995
13716,ENSG00000100523.16,0.05951940483485004
13717,ENSG00000105705.16,0.05949950447994794
13718,ENSG00000102078.16,0.05949683527765348
13719,ENSG00000116641.18,0.05949574919014094
13720,ENSG00000145996.11,0.05948899660752831
13721,ENSG00000068097.15,0.059487864070861596
13722,ENSG00000092330.18,0.05948640075774562
13723,ENSG00000124164.16,0.05947671218680333
13724,ENSG00000169410.10,0.059455753663867704
13725,ENSG00000187492.9,0.059452223632944834
13726,ENSG00000196458.11,0.059449276451933666
13727,ENSG00000223802.8,0.05942852076472418
13728,ENSG00000188227.13,0.05941988826040829
13729,ENSG00000165714.11,0.05940375332168648
13730,ENSG00000232119.8,0.05939127424659985
13731,ENSG00000152359.15,0.05938485649878965
13732,ENSG00000122257.20,0.05937703578923328
13733,ENSG00000154678.18,0.059376279066350075
13734,ENSG00000136875.13,0.05935150667927
13735,ENSG00000198586.14,0.05935128255989231
13736,ENSG00000174373.16,0.05934209445974493
13737,ENSG00000254505.11,0.05933408308895248
13738,ENSG00000167487.12,0.05932878178652768
13739,ENSG00000122507.21,0.05931429483736176
13740,ENSG00000198301.12,0.05930598657172053
13741,ENSG00000137692.12,0.059262910835518774
13742,ENSG00000140718.21,0.059253831407999856
13743,ENSG00000073331.18,0.0592102417106294
13744,ENSG00000147364.17,0.05920954117721666
13745,ENSG00000248383.5,0.05920809273483996
13746,ENSG00000125962.14,0.05920239297478862
13747,ENSG00000115942.9,0.059155901199972
13748,ENSG00000183520.12,0.059138233162143825
13749,ENSG00000147421.18,0.059137581711876476
13750,ENSG00000176049.16,0.05911758803361793
13751,ENSG00000139437.18,0.059104424642051526
13752,ENSG00000109184.15,0.059097545789102195
13753,ENSG00000143494.15,0.059092022050798804
13754,ENSG00000138375.13,0.05909055539640349
13755,ENSG00000137880.6,0.059088241162605734
13756,ENSG00000179869.15,0.05905538390392576
13757,ENSG00000126953.8,0.059025263685452745
13758,ENSG00000198718.13,0.05900634897216559
13759,ENSG00000081692.12,0.05898988595846947
13760,ENSG00000175946.8,0.05898391338737296
13761,ENSG00000133706.19,0.05897380453903605
13762,ENSG00000131828.14,0.05895900836947705
13763,ENSG00000166183.16,0.058935448632587734
13764,ENSG00000168826.16,0.0589297462178119
13765,ENSG00000214652.6,0.05892302812814539
13766,ENSG00000083635.8,0.05890443228557158
13767,ENSG00000104205.16,0.05889662496055444
13768,ENSG00000166575.17,0.05889408018747253
13769,ENSG00000115827.14,0.05885237250466382
13770,ENSG00000140265.12,0.05884879276368691
13771,ENSG00000134283.18,0.05884367366606054
13772,ENSG00000108384.15,0.05884158161562038
13773,ENSG00000147274.14,0.05880415946719628
13774,ENSG00000104879.5,0.058780920943165685
13775,ENSG00000184508.12,0.05877729213101527
13776,ENSG00000104043.15,0.05876955372548321
13777,ENSG00000261678.3,0.0587676476557591
13778,ENSG00000198574.6,0.058765435874158826
13779,ENSG00000103510.20,0.05872765548991463
13780,ENSG00000018610.15,0.058720429642183054
13781,ENSG00000036054.13,0.05871485527374011
13782,ENSG00000130528.12,0.05871128607215083
13783,ENSG00000078140.14,0.05870210671996935
13784,ENSG00000105556.11,0.058700132410575555
13785,ENSG00000114745.13,0.058663061948645456
13786,ENSG00000069248.12,0.05863510199156618
13787,ENSG00000181852.18,0.058604435857128497
13788,ENSG00000108349.17,0.05859897482696197
13789,ENSG00000075856.12,0.058592910747406114
13790,ENSG00000276234.5,0.05854684964296807
13791,ENSG00000134897.14,0.05852077225088215
13792,ENSG00000088538.13,0.05850354585637574
13793,ENSG00000176732.7,0.05850306096961004
13794,ENSG00000130173.13,0.05849783240281519
13795,ENSG00000166529.15,0.058471289738986625
13796,ENSG00000149483.12,0.05846956927140886
13797,ENSG00000138738.11,0.05845634449003852
13798,ENSG00000100564.9,0.05844661914727289
13799,ENSG00000140876.11,0.058443579273553536
13800,ENSG00000175691.9,0.058412514573864
13801,ENSG00000204178.11,0.058390685157804316
13802,ENSG00000284024.4,0.058388886082057924
13803,ENSG00000183431.12,0.058388507801197004
13804,ENSG00000185009.13,0.058382706931232674
13805,ENSG00000081791.9,0.05836706868437388
13806,ENSG00000184939.16,0.05835663283974731
13807,ENSG00000174928.16,0.05834976487593719
13808,ENSG00000108839.12,0.058337548172060424
13809,ENSG00000003987.14,0.05832678646375612
13810,ENSG00000183826.18,0.05829364546014472
13811,ENSG00000137409.19,0.05829330890469044
13812,ENSG00000123472.12,0.058286779371460415
13813,ENSG00000168038.11,0.05828475675655154
13814,ENSG00000187866.10,0.05827709877941568
13815,ENSG00000196345.13,0.05825690226713552
13816,ENSG00000010072.16,0.0582508046517423
13817,ENSG00000164080.13,0.058241087523362864
13818,ENSG00000275835.5,0.05822712451633487
13819,ENSG00000148123.15,0.058212916226330416
13820,ENSG00000182552.15,0.05821107273331142
13821,ENSG00000079482.13,0.058209563751325764
13822,ENSG00000103274.11,0.05820309010972199
13823,ENSG00000124493.14,0.0581908733074722
13824,ENSG00000220201.7,0.0581741158134704
13825,ENSG00000164061.5,0.05816657414589605
13826,ENSG00000156222.12,0.05815962995156529
13827,ENSG00000288658.1,0.05815522521434312
13828,ENSG00000178229.8,0.058121109257857066
13829,ENSG00000168827.15,0.05809701335983328
13830,ENSG00000088179.9,0.05808676469690246
13831,ENSG00000143437.21,0.058078112767749095
13832,ENSG00000161610.1,0.05806477622786367
13833,ENSG00000136152.15,0.05805303440017245
13834,ENSG00000051825.15,0.05804061453257857
13835,ENSG00000156050.10,0.05801837068630512
13836,ENSG00000058600.16,0.05801566476376284
13837,ENSG00000178105.11,0.05801312702020669
13838,ENSG00000085382.12,0.057995957223031865
13839,ENSG00000110844.14,0.05799367833891712
13840,ENSG00000128536.16,0.057986413966263105
13841,ENSG00000196218.13,0.05796662186810435
13842,ENSG00000138380.18,0.05796038552394543
13843,ENSG00000115806.13,0.0579365731554739
13844,ENSG00000153060.8,0.05793189214121181
13845,ENSG00000156172.6,0.05792873702697032
13846,ENSG00000114491.14,0.057927812092556125
13847,ENSG00000196470.12,0.05790458450220036
13848,ENSG00000148572.16,0.05788019294658455
13849,ENSG00000115841.21,0.05787475820261469
13850,ENSG00000005436.14,0.05787379765633798
13851,ENSG00000158445.10,0.057857984878050356
13852,ENSG00000132664.12,0.057839098098224025
13853,ENSG00000068394.11,0.05780894138687863
13854,ENSG00000257103.8,0.057798653186205945
13855,ENSG00000075785.14,0.05775771989194834
13856,ENSG00000143727.16,0.05773373577589412
13857,ENSG00000107938.18,0.0577005184925173
13858,ENSG00000102738.8,0.05769493715123933
13859,ENSG00000150455.13,0.057677477496340515
13860,ENSG00000133422.14,0.05765886794270827
13861,ENSG00000105672.14,0.057656294004503235
13862,ENSG00000180376.17,0.057613243708653554
13863,ENSG00000160221.18,0.0576064210636555
13864,ENSG00000154174.8,0.057599214289419644
13865,ENSG00000124380.11,0.057596747075005665
13866,ENSG00000143889.16,0.05759252964507291
13867,ENSG00000164603.12,0.05757476863203389
13868,ENSG00000176769.9,0.057554647719303687
13869,ENSG00000132016.11,0.057542474375816714
13870,ENSG00000212127.6,0.05751391520454345
13871,ENSG00000121864.10,0.057512801134900725
13872,ENSG00000166024.14,0.05749975338800634
13873,ENSG00000197024.9,0.057472153712667784
13874,ENSG00000128313.2,0.05738608039916456
13875,ENSG00000156140.10,0.05738556620332287
13876,ENSG00000166971.17,0.05736451207642349
13877,ENSG00000131697.18,0.057331657839517
13878,ENSG00000108094.16,0.057324578071719284
13879,ENSG00000152092.16,0.057311239349478606
13880,ENSG00000115368.10,0.05731017371672565
13881,ENSG00000116793.16,0.05730166673162505
13882,ENSG00000153560.12,0.057300793937621976
13883,ENSG00000136891.14,0.057269867286144124
13884,ENSG00000119636.16,0.05726055240159017
13885,ENSG00000136935.14,0.05725180033920661
13886,ENSG00000109381.20,0.05724136505944243
13887,ENSG00000171720.10,0.057230471980399066
13888,ENSG00000184182.19,0.05719265023338
13889,ENSG00000105576.15,0.05717277557558685
13890,ENSG00000162664.17,0.057158891566824445
13891,ENSG00000176472.10,0.05715239842714475
13892,ENSG00000114982.19,0.057150554645511054
13893,ENSG00000170471.15,0.05714661172877928
13894,ENSG00000175376.9,0.057134976642222134
13895,ENSG00000173451.7,0.05712011243488737
13896,ENSG00000232070.9,0.05711952592836264
13897,ENSG00000164631.19,0.05709874608807339
13898,ENSG00000128513.16,0.05706338123507803
13899,ENSG00000100346.18,0.057061127005696675
13900,ENSG00000134042.14,0.05700479240992342
13901,ENSG00000171320.15,0.056970612116857104
13902,ENSG00000101146.13,0.05694561963732364
13903,ENSG00000029639.11,0.05693260647947083
13904,ENSG00000169064.13,0.056927761228469716
13905,ENSG00000162222.14,0.05691288256078596
13906,ENSG00000166855.9,0.056900277394338075
13907,ENSG00000165490.13,0.05689996852147356
13908,ENSG00000137074.20,0.0568735634719774
13909,ENSG00000131089.17,0.05684777477669909
13910,ENSG00000136492.9,0.05680206507330432
13911,ENSG00000125485.17,0.05679130959504999
13912,ENSG00000139746.16,0.05678085087889722
13913,ENSG00000151923.17,0.05677597736399383
13914,ENSG00000132026.14,0.05672949430303913
13915,ENSG00000197037.11,0.056713497773760585
13916,ENSG00000254126.8,0.0567071916303531
13917,ENSG00000139344.8,0.05667558565038192
13918,ENSG00000161654.10,0.05667197707960377
13919,ENSG00000135093.13,0.0566437725454738
13920,ENSG00000244462.8,0.05663709208716392
13921,ENSG00000170579.17,0.05663550153859245
13922,ENSG00000100519.12,0.05660142960049737
13923,ENSG00000143469.20,0.05658113658256146
13924,ENSG00000083520.15,0.05657462345494337
13925,ENSG00000176371.14,0.05656384093293833
13926,ENSG00000138381.10,0.05650986228605457
13927,ENSG00000087152.15,0.056503290632752744
13928,ENSG00000148219.17,0.056479472092336426
13929,ENSG00000145388.15,0.05647813813797533
13930,ENSG00000197808.12,0.05645724971088008
13931,ENSG00000127993.16,0.056452084640044475
13932,ENSG00000251287.8,0.05644284550863917
13933,ENSG00000133641.18,0.0564290276303712
13934,ENSG00000134900.12,0.05641062283455883
13935,ENSG00000169704.5,0.05640884348782759
13936,ENSG00000093134.15,0.056378035213349116
13937,ENSG00000101546.13,0.05637551387966671
13938,ENSG00000114933.16,0.05636536687994237
13939,ENSG00000132305.21,0.0563485435864119
13940,ENSG00000173011.12,0.05632555891890406
13941,ENSG00000136643.12,0.05631627991470299
13942,ENSG00000044459.15,0.05631495986788971
13943,ENSG00000111615.14,0.05630387070113395
13944,ENSG00000137871.20,0.05629037393410899
13945,ENSG00000020256.20,0.05628124874767866
13946,ENSG00000110497.14,0.05625756467440802
13947,ENSG00000169344.15,0.05624630548289579
13948,ENSG00000105136.21,0.05623465896513634
13949,ENSG00000280789.2,0.05623266708855928
13950,ENSG00000174776.11,0.056207944314725235
13951,ENSG00000135835.12,0.056189907869563835
13952,ENSG00000134545.14,0.05617827849682473
13953,ENSG00000188786.10,0.05616929996954297
13954,ENSG00000122376.12,0.056161528899435605
13955,ENSG00000155886.11,0.056136638951779935
13956,ENSG00000171204.13,0.056127560141325215
13957,ENSG00000176406.23,0.0561262217566672
13958,ENSG00000151287.17,0.05612454284786269
13959,ENSG00000262165.2,0.0561056718706552
13960,ENSG00000154479.13,0.05610020619601273
13961,ENSG00000136827.12,0.056086708725115175
13962,ENSG00000021574.13,0.05605380773167165
13963,ENSG00000065491.8,0.05603065976036244
13964,ENSG00000163424.9,0.05602790754560435
13965,ENSG00000206013.2,0.05601586814892919
13966,ENSG00000165606.9,0.056013979666686385
13967,ENSG00000083535.16,0.05599344916512807
13968,ENSG00000157538.14,0.05597448203699479
13969,ENSG00000152749.8,0.0559374579876986
13970,ENSG00000171126.8,0.05592743487560229
13971,ENSG00000162885.14,0.05591891047969531
13972,ENSG00000173486.14,0.05590831384677376
13973,ENSG00000204576.12,0.05590217942614226
13974,ENSG00000119684.16,0.055897043059379856
13975,ENSG00000135638.14,0.05584936348603984
13976,ENSG00000272391.6,0.055826574943841314
13977,ENSG00000113851.14,0.05582198941371765
13978,ENSG00000179010.14,0.05581895229008171
13979,ENSG00000172840.7,0.05580334365435154
13980,ENSG00000145348.17,0.05578628070631656
13981,ENSG00000164434.12,0.0557839726602444
13982,ENSG00000157895.11,0.055775795564855096
13983,ENSG00000172977.13,0.05571199787903224
13984,ENSG00000103111.15,0.05568913410652047
13985,ENSG00000175110.12,0.05567412435356641
13986,ENSG00000065457.10,0.055672443550911346
13987,ENSG00000166822.13,0.05564794951712921
13988,ENSG00000128607.14,0.05560903268914
13989,ENSG00000115839.18,0.055598935922813376
13990,ENSG00000175575.13,0.05556443573214489
13991,ENSG00000117533.15,0.055554962789948065
13992,ENSG00000197006.14,0.05547880239867878
13993,ENSG00000138107.13,0.05546584072235229
13994,ENSG00000069943.10,0.055460830261733714
13995,ENSG00000174740.8,0.05545822315361318
13996,ENSG00000157800.18,0.05543774407130441
13997,ENSG00000158571.11,0.05543082258310018
13998,ENSG00000114744.9,0.05542235240405578
13999,ENSG00000109680.11,0.055418564834560584
14000,ENSG00000038532.16,0.05541724787102653
14001,ENSG00000066135.13,0.05539372968040507
14002,ENSG00000143632.14,0.055392889436774936
14003,ENSG00000257138.1,0.05537722502180732
14004,ENSG00000119912.18,0.05537129419340181
14005,ENSG00000116668.13,0.05534925432015269
14006,ENSG00000239605.11,0.055342622156996944
14007,ENSG00000185940.10,0.05533196731053041
14008,ENSG00000122512.16,0.055328003461295606
14009,ENSG00000116983.13,0.05531235309741691
14010,ENSG00000109332.20,0.05527131719691398
14011,ENSG00000105127.9,0.05526483918094068
14012,ENSG00000166887.16,0.05525982369152852
14013,ENSG00000152954.12,0.05523833174822481
14014,ENSG00000160401.15,0.055222847733264586
14015,ENSG00000084710.14,0.055220629834211075
14016,ENSG00000079332.15,0.055217790088255864
14017,ENSG00000181915.5,0.05521526555487779
14018,ENSG00000259431.6,0.055215212812873025
14019,ENSG00000168066.20,0.055203612303857716
14020,ENSG00000125651.14,0.05519976532994152
14021,ENSG00000149231.15,0.0551622573255364
14022,ENSG00000174839.13,0.05515947586350739
14023,ENSG00000213020.10,0.055158851908313294
14024,ENSG00000228672.4,0.055145737774036835
14025,ENSG00000128881.17,0.055136467683083355
14026,ENSG00000101126.18,0.05513204958112289
14027,ENSG00000124678.20,0.055090012930660466
14028,ENSG00000197959.14,0.055077297235447104
14029,ENSG00000128908.17,0.05507274683540606
14030,ENSG00000005194.15,0.05504597575865382
14031,ENSG00000050748.18,0.05503828024214378
14032,ENSG00000079785.16,0.05503738993313056
14033,ENSG00000168259.17,0.05502903637814914
14034,ENSG00000154001.14,0.05497952066237923
14035,ENSG00000153487.13,0.05496038106359372
14036,ENSG00000125779.22,0.05494628655492479
14037,ENSG00000115364.14,0.05492907771949937
14038,ENSG00000090612.22,0.054864373023202365
14039,ENSG00000162757.4,0.05484175061876235
14040,ENSG00000236279.7,0.054840139552877164
14041,ENSG00000185252.19,0.054818965642446406
14042,ENSG00000140534.14,0.054802390909135426
14043,ENSG00000163444.12,0.054782761148963965
14044,ENSG00000090534.20,0.054767253545695636
14045,ENSG00000111058.8,0.05475005424071099
14046,ENSG00000189108.13,0.05472012870845406
14047,ENSG00000170627.11,0.05471632428492863
14048,ENSG00000164219.10,0.05470944539622287
14049,ENSG00000107625.13,0.05469839838070458
14050,ENSG00000110274.16,0.0546754554232523
14051,ENSG00000173275.13,0.05466563785459762
14052,ENSG00000088756.13,0.05465904068619519
14053,ENSG00000269743.3,0.05465745359122704
14054,ENSG00000116544.12,0.05465514122797529
14055,ENSG00000180113.16,0.05460686845068227
14056,ENSG00000106617.15,0.05458776539089609
14057,ENSG00000204947.9,0.054558110359258415
14058,ENSG00000103550.14,0.054555801403699034
14059,ENSG00000197978.9,0.0545537776643037
14060,ENSG00000260001.6,0.05449583701796464
14061,ENSG00000188167.9,0.05449549748309339
14062,ENSG00000147118.12,0.05448069029655573
14063,ENSG00000181873.13,0.05445998716847643
14064,ENSG00000232258.6,0.05444554566067423
14065,ENSG00000054118.15,0.05444369830201226
14066,ENSG00000121289.18,0.05444255773368746
14067,ENSG00000213799.13,0.05443285100116429
14068,ENSG00000100296.14,0.054418176298846835
14069,ENSG00000138592.14,0.05440589110465312
14070,ENSG00000205208.5,0.05440217828081358
14071,ENSG00000129351.17,0.0543887906034545
14072,ENSG00000197857.14,0.0543675839979076
14073,ENSG00000164902.14,0.054366043621974926
14074,ENSG00000166454.10,0.0543576077204526
14075,ENSG00000102678.7,0.054333437585836135
14076,ENSG00000148688.14,0.05432871714140638
14077,ENSG00000092847.13,0.054312013661153624
14078,ENSG00000136014.12,0.05431159123929311
14079,ENSG00000013561.18,0.054301445628169985
14080,ENSG00000163312.11,0.05426630529200957
14081,ENSG00000181315.11,0.054249230003423854
14082,ENSG00000090060.18,0.05423984569443014
14083,ENSG00000102710.20,0.054236771863760136
14084,ENSG00000122299.12,0.05423521799838524
14085,ENSG00000196876.18,0.05419776904931028
14086,ENSG00000145982.13,0.05419587008451074
14087,ENSG00000114735.10,0.05418109312755519
14088,ENSG00000121957.15,0.05412837385090767
14089,ENSG00000144580.14,0.0541242206659193
14090,ENSG00000094841.14,0.05410735124813879
14091,ENSG00000114503.11,0.05409535444593642
14092,ENSG00000115998.8,0.054086989223237646
14093,ENSG00000125843.11,0.054085789316446545
14094,ENSG00000175595.15,0.05407346166053316
14095,ENSG00000144401.14,0.05405864276094935
14096,ENSG00000259956.2,0.05404731902488145
14097,ENSG00000152580.8,0.05402613174212766
14098,ENSG00000162775.16,0.054017921957618883
14099,ENSG00000066032.18,0.05400173268456702
14100,ENSG00000136267.14,0.053969619789556084
14101,ENSG00000188827.11,0.05393400667782816
14102,ENSG00000135898.10,0.05393312939550615
14103,ENSG00000185652.12,0.05392840883517765
14104,ENSG00000257108.2,0.05392794391955393
14105,ENSG00000197056.11,0.053877261543171
14106,ENSG00000141002.20,0.05387442358110407
14107,ENSG00000182156.10,0.053869926826828486
14108,ENSG00000182108.11,0.05383199404401898
14109,ENSG00000170191.5,0.05380079872481114
14110,ENSG00000169981.11,0.05380002635137273
14111,ENSG00000214279.13,0.053765666691139385
14112,ENSG00000034239.11,0.05374190453931481
14113,ENSG00000122882.11,0.053740863567734706
14114,ENSG00000108239.9,0.05368192844527082
14115,ENSG00000205002.4,0.05367957741727171
14116,ENSG00000164180.14,0.05367590483316721
14117,ENSG00000068308.14,0.05367323970064743
14118,ENSG00000130699.18,0.05365934680632588
14119,ENSG00000116127.19,0.053654205243746124
14120,ENSG00000278129.2,0.05364781638231896
14121,ENSG00000137821.12,0.053623119104996494
14122,ENSG00000184305.15,0.05360566729930104
14123,ENSG00000128534.8,0.053604952206536244
14124,ENSG00000234545.8,0.05360205609716685
14125,ENSG00000026036.22,0.053597334185349316
14126,ENSG00000162227.8,0.05357358558962109
14127,ENSG00000180423.4,0.05357123731011467
14128,ENSG00000253457.3,0.05346155256450555
14129,ENSG00000010244.19,0.05345325147136119
14130,ENSG00000204710.2,0.053448833652079045
14131,ENSG00000165630.14,0.05344526651949231
14132,ENSG00000110435.12,0.0534273051447602
14133,ENSG00000120334.15,0.053424615315789875
14134,ENSG00000120616.16,0.053390010793816035
14135,ENSG00000162599.17,0.05338733522273376
14136,ENSG00000198939.8,0.05336489376846265
14137,ENSG00000170128.5,0.05334834554221682
14138,ENSG00000130921.8,0.05333783889563482
14139,ENSG00000077721.16,0.05330151980685251
14140,ENSG00000151353.15,0.05329505655446161
14141,ENSG00000169951.10,0.0532626318549314
14142,ENSG00000164074.15,0.05325622410980492
14143,ENSG00000176087.15,0.05324399969323832
14144,ENSG00000050030.16,0.05324265360148631
14145,ENSG00000049618.24,0.05322928181542601
14146,ENSG00000135297.16,0.05322799274461443
14147,ENSG00000149346.15,0.0532277378292842
14148,ENSG00000188816.3,0.053223954358705555
14149,ENSG00000093167.18,0.05322038304245022
14150,ENSG00000109063.15,0.05321011041605723
14151,ENSG00000186020.13,0.05317110432864053
14152,ENSG00000112081.17,0.05317016843100388
14153,ENSG00000139890.10,0.053167360674730484
14154,ENSG00000273213.3,0.053150438059584595
14155,ENSG00000119953.14,0.05313678819949666
14156,ENSG00000145782.13,0.05312014485860763
14157,ENSG00000082701.17,0.05309998944387973
14158,ENSG00000043514.17,0.05305563846739202
14159,ENSG00000115137.12,0.05304906478018699
14160,ENSG00000149480.7,0.05304098360336256
14161,ENSG00000065548.18,0.05303688146265492
14162,ENSG00000152683.14,0.05300532559454816
14163,ENSG00000162236.13,0.05296719736148605
14164,ENSG00000112218.9,0.05294852305086934
14165,ENSG00000116138.13,0.052946744487696554
14166,ENSG00000163319.11,0.052935320706503176
14167,ENSG00000196652.12,0.052935252481831695
14168,ENSG00000198003.12,0.052931789178288814
14169,ENSG00000135365.16,0.05292368478411667
14170,ENSG00000115421.13,0.05290329351757402
14171,ENSG00000169955.7,0.05290217416295614
14172,ENSG00000119321.9,0.052874529846001925
14173,ENSG00000147140.17,0.05285747013918081
14174,ENSG00000169188.5,0.05283625845836225
14175,ENSG00000151612.18,0.052827364184873535
14176,ENSG00000169239.13,0.05281317548344503
14177,ENSG00000124217.5,0.052808468096673236
14178,ENSG00000169764.16,0.05279643992621244
14179,ENSG00000198569.10,0.052795669572927376
14180,ENSG00000206561.13,0.05277892386520284
14181,ENSG00000187118.14,0.05273658321169753
14182,ENSG00000107282.8,0.0527341598822516
14183,ENSG00000111879.20,0.052706566918832555
14184,ENSG00000176102.13,0.05266730829487062
14185,ENSG00000127081.14,0.05266370559323364
14186,ENSG00000007168.14,0.05263536632475912
14187,ENSG00000127928.13,0.05263453726870895
14188,ENSG00000015153.15,0.05262192667193934
14189,ENSG00000150672.17,0.05261091043042709
14190,ENSG00000197061.5,0.05260969807180525
14191,ENSG00000134748.13,0.05259054102754254
14192,ENSG00000126814.7,0.05258938369542585
14193,ENSG00000169372.13,0.05258288257449027
14194,ENSG00000119402.17,0.0525694190331676
14195,ENSG00000072062.15,0.05256296840923122
14196,ENSG00000162604.12,0.05256050002860878
14197,ENSG00000198723.11,0.052558355402313836
14198,ENSG00000140836.17,0.052538781308008535
14199,ENSG00000106086.20,0.052529643562958146
14200,ENSG00000096746.17,0.05251518549643652
14201,ENSG00000147536.12,0.052505743114169376
14202,ENSG00000154654.15,0.052453813677150414
14203,ENSG00000196132.14,0.05245150835724798
14204,ENSG00000131508.16,0.05241778175591474
14205,ENSG00000163961.4,0.052413750785146714
14206,ENSG00000158458.21,0.05240699127222321
14207,ENSG00000183475.13,0.05240546861041314
14208,ENSG00000109111.15,0.052379555616859724
14209,ENSG00000131381.12,0.0523535874166197
14210,ENSG00000100991.12,0.052353338586746935
14211,ENSG00000165923.16,0.05233812374932187
14212,ENSG00000161640.15,0.052331237828053725
14213,ENSG00000062598.18,0.05231097916355448
14214,ENSG00000141040.15,0.052299983947336474
14215,ENSG00000115041.13,0.052291709030575395
14216,ENSG00000171953.16,0.05227093696261954
14217,ENSG00000234284.7,0.05226284863424698
14218,ENSG00000141013.17,0.05223306259368818
14219,ENSG00000075975.17,0.05221297300626068
14220,ENSG00000161057.13,0.052195127469220205
14221,ENSG00000119414.12,0.05219025690443841
14222,ENSG00000092067.6,0.05218713522840057
14223,ENSG00000173681.16,0.052186626393918176
14224,ENSG00000164169.13,0.05213633341150537
14225,ENSG00000166263.13,0.05210968043330252
14226,ENSG00000101452.15,0.05210582728601405
14227,ENSG00000181938.14,0.05210097527752516
14228,ENSG00000157184.7,0.05209848617459113
14229,ENSG00000078142.13,0.05208834176571987
14230,ENSG00000090487.11,0.05207640068020934
14231,ENSG00000103047.8,0.0520574798434213
14232,ENSG00000185158.12,0.052023413176082764
14233,ENSG00000149182.15,0.05198829880160141
14234,ENSG00000138286.15,0.051975788649823856
14235,ENSG00000103707.10,0.051937358285178425
14236,ENSG00000136715.19,0.051930897287338844
14237,ENSG00000070770.10,0.051914304196401015
14238,ENSG00000168904.15,0.05191017598935328
14239,ENSG00000176809.10,0.051907815456653426
14240,ENSG00000174206.13,0.05186413287267615
14241,ENSG00000140326.13,0.05185640274147121
14242,ENSG00000198836.11,0.05185391304560992
14243,ENSG00000031698.13,0.051846951892588554
14244,ENSG00000107014.9,0.051839421006097994
14245,ENSG00000215421.9,0.051823325703583153
14246,ENSG00000238083.8,0.05178799933304458
14247,ENSG00000157036.13,0.051779306689069035
14248,ENSG00000185085.2,0.05176517928540495
14249,ENSG00000170264.13,0.05175600386169698
14250,ENSG00000057593.14,0.05175387559383772
14251,ENSG00000113141.18,0.05174335922615028
14252,ENSG00000254206.5,0.05172251142995349
14253,ENSG00000153107.13,0.0517152013799283
14254,ENSG00000179387.10,0.05169836844105348
14255,ENSG00000175548.9,0.05169484651482849
14256,ENSG00000006194.10,0.051691419275115225
14257,ENSG00000185480.12,0.0516866881484454
14258,ENSG00000179331.3,0.051678536607540036
14259,ENSG00000119487.17,0.051664225924500366
14260,ENSG00000157212.19,0.051654734182758455
14261,ENSG00000141337.12,0.05163766005198234
14262,ENSG00000175224.16,0.051598089683078524
14263,ENSG00000157869.16,0.05158336731192969
14264,ENSG00000123454.12,0.05157694798617114
14265,ENSG00000072121.17,0.05155710487641255
14266,ENSG00000158008.10,0.05155674534043286
14267,ENSG00000129696.13,0.05155412505630002
14268,ENSG00000159307.19,0.05155206088326051
14269,ENSG00000020922.13,0.051545444996139035
14270,ENSG00000125952.20,0.051518785542280114
14271,ENSG00000213064.10,0.05146936157182688
14272,ENSG00000183569.18,0.05145954201676361
14273,ENSG00000064199.7,0.05145745709600216
14274,ENSG00000132313.15,0.05144462527453264
14275,ENSG00000182263.14,0.051443653835508786
14276,ENSG00000214711.10,0.05143000336905949
14277,ENSG00000185973.12,0.051429275678318224
14278,ENSG00000179859.9,0.051404245070879866
14279,ENSG00000215853.3,0.05139854797780005
14280,ENSG00000124383.9,0.05130823848104322
14281,ENSG00000103343.13,0.051303404129941714
14282,ENSG00000119878.6,0.051301065779788275
14283,ENSG00000179148.10,0.0512962713681467
14284,ENSG00000000460.17,0.05129270363126444
14285,ENSG00000183454.18,0.05128325942196077
14286,ENSG00000196935.9,0.05122470761986003
14287,ENSG00000189195.15,0.05122343015353867
14288,ENSG00000168958.20,0.051207400587553006
14289,ENSG00000181090.21,0.0512067704659521
14290,ENSG00000105993.15,0.0511961219748285
14291,ENSG00000151611.16,0.05118826826664501
14292,ENSG00000215883.10,0.05118552762071886
14293,ENSG00000114648.12,0.051178772476886875
14294,ENSG00000188368.10,0.05117215799180342
14295,ENSG00000163959.10,0.051110669063086756
14296,ENSG00000146587.18,0.0510856350689716
14297,ENSG00000111605.18,0.051075628918672886
14298,ENSG00000082684.16,0.05106708476377259
14299,ENSG00000158526.8,0.05106396307683844
14300,ENSG00000164654.16,0.051048720921549946
14301,ENSG00000003509.16,0.05104312435102362
14302,ENSG00000155893.13,0.05104156347841743
14303,ENSG00000170448.12,0.051018813549670736
14304,ENSG00000181291.8,0.051016478923705075
14305,ENSG00000184675.11,0.05101507756572069
14306,ENSG00000198740.9,0.05096816328778134
14307,ENSG00000110203.9,0.05095362063634913
14308,ENSG00000005156.12,0.050948590201542784
14309,ENSG00000105829.13,0.05094489751047995
14310,ENSG00000157540.22,0.0509079465648742
14311,ENSG00000080224.17,0.050847903863823554
14312,ENSG00000186583.12,0.05082438177633534
14313,ENSG00000133028.12,0.05081764322550364
14314,ENSG00000119638.14,0.050803376807523684
14315,ENSG00000197016.12,0.0508014453350401
14316,ENSG00000182393.3,0.050795890805394546
14317,ENSG00000170325.15,0.05078187562326534
14318,ENSG00000100811.14,0.050769830140272115
14319,ENSG00000185955.5,0.05076776709099959
14320,ENSG00000142186.17,0.05076057957395953
14321,ENSG00000187862.12,0.05075162953102473
14322,ENSG00000028528.15,0.05072767994294422
14323,ENSG00000169609.14,0.050723416416036025
14324,ENSG00000004455.17,0.05072092582189565
14325,ENSG00000184708.18,0.05067398188280296
14326,ENSG00000081853.15,0.05062904732487003
14327,ENSG00000006695.12,0.05061863776649087
14328,ENSG00000165349.12,0.05058013904315501
14329,ENSG00000143093.15,0.05054332014335996
14330,ENSG00000092529.25,0.05054303117351143
14331,ENSG00000011007.12,0.05045242648497072
14332,ENSG00000122085.17,0.050432874445325473
14333,ENSG00000170634.13,0.05040892293553495
14334,ENSG00000119509.13,0.05040425981652044
14335,ENSG00000185863.8,0.05038442439496101
14336,ENSG00000196932.12,0.05037061755445089
14337,ENSG00000119977.21,0.050360194129563884
14338,ENSG00000100104.13,0.050356401516794914
14339,ENSG00000196214.11,0.0503236300746833
14340,ENSG00000170075.9,0.05028498160219041
14341,ENSG00000186017.14,0.050261275463785456
14342,ENSG00000163155.12,0.050247921263755026
14343,ENSG00000178187.8,0.05024723815808962
14344,ENSG00000084072.17,0.05023824233367628
14345,ENSG00000166377.20,0.05023279648069379
14346,ENSG00000187555.16,0.05023100817059803
14347,ENSG00000198453.13,0.05022834485619262
14348,ENSG00000166181.13,0.050193636535689014
14349,ENSG00000091831.24,0.05019269266654465
14350,ENSG00000063978.16,0.050182572194438405
14351,ENSG00000110200.8,0.050155064345139076
14352,ENSG00000100603.14,0.050141975929829725
14353,ENSG00000115947.14,0.05012317987667377
14354,ENSG00000112494.10,0.05010709518369181
14355,ENSG00000165733.8,0.05009705516886465
14356,ENSG00000222011.9,0.0500617957726113
14357,ENSG00000152219.5,0.05006066567908954
14358,ENSG00000022976.15,0.05005475282823782
14359,ENSG00000198700.10,0.050050603054936985
14360,ENSG00000267060.7,0.05004037565755318
14361,ENSG00000066136.20,0.050029629938500346
14362,ENSG00000118579.13,0.05002906199529022
14363,ENSG00000173875.14,0.04997934816947263
14364,ENSG00000042317.17,0.04997781517184152
14365,ENSG00000078399.19,0.04997717413672927
14366,ENSG00000168813.17,0.049956699953693354
14367,ENSG00000138750.15,0.04990696091109681
14368,ENSG00000165899.11,0.04989622005483095
14369,ENSG00000263002.8,0.049894786991638886
14370,ENSG00000127720.8,0.049881203896022346
14371,ENSG00000197893.14,0.04983744528601442
14372,ENSG00000103150.7,0.04981688045778654
14373,ENSG00000075711.21,0.04981316330994065
14374,ENSG00000137473.18,0.04978438575329398
14375,ENSG00000188997.8,0.04977582177842103
14376,ENSG00000141252.20,0.04974197758849392
14377,ENSG00000170667.15,0.04973005193088643
14378,ENSG00000058729.11,0.04969656022820633
14379,ENSG00000166747.13,0.04966224018167936
14380,ENSG00000064933.18,0.049643177105966205
14381,ENSG00000138092.11,0.04961940277290682
14382,ENSG00000278311.5,0.04956260315341095
14383,ENSG00000150776.18,0.04956071282849134
14384,ENSG00000189308.11,0.0495542157310766
14385,ENSG00000134597.16,0.049552976555075956
14386,ENSG00000188266.14,0.04955174835198346
14387,ENSG00000131626.19,0.049548471324186286
14388,ENSG00000123737.13,0.04952442236640201
14389,ENSG00000197417.9,0.04951319805858541
14390,ENSG00000185736.16,0.049512003320167516
14391,ENSG00000197563.11,0.04950336187359956
14392,ENSG00000176024.18,0.04948909367830618
14393,ENSG00000163518.11,0.04948405491073287
14394,ENSG00000176422.14,0.04947925135610444
14395,ENSG00000187187.14,0.04941736765537343
14396,ENSG00000198482.14,0.04940702478414102
14397,ENSG00000078549.15,0.04937127873916386
14398,ENSG00000100802.15,0.049326305936148056
14399,ENSG00000135637.14,0.0493081321682919
14400,ENSG00000183735.11,0.04930468031494941
14401,ENSG00000104835.15,0.04928946597445712
14402,ENSG00000136631.15,0.04928934104951991
14403,ENSG00000158023.10,0.04926956723530504
14404,ENSG00000164066.13,0.04926811019928334
14405,ENSG00000012963.15,0.04924329735429131
14406,ENSG00000269335.6,0.049202581728584875
14407,ENSG00000151498.12,0.04919180594234874
14408,ENSG00000102606.18,0.04917552919091533
14409,ENSG00000176383.9,0.0491652472071814
14410,ENSG00000112855.17,0.04908283178008183
14411,ENSG00000151779.13,0.04904956191440778
14412,ENSG00000111596.14,0.04904600816536842
14413,ENSG00000197238.5,0.049040971819829283
14414,ENSG00000165660.8,0.04902949041308326
14415,ENSG00000205659.11,0.04901285094314234
14416,ENSG00000138069.18,0.04899477806020266
14417,ENSG00000125386.16,0.048994097715206075
14418,ENSG00000031823.14,0.04898319381847985
14419,ENSG00000107736.21,0.04897854086364537
14420,ENSG00000152582.14,0.04896381977120732
14421,ENSG00000075413.19,0.04895390492773528
14422,ENSG00000088451.11,0.04891558428433061
14423,ENSG00000108312.15,0.0489139187752437
14424,ENSG00000125046.15,0.04891213946869568
14425,ENSG00000214756.8,0.04887780736814929
14426,ENSG00000162300.13,0.048851711397279056
14427,ENSG00000163866.9,0.04878758960914709
14428,ENSG00000115761.16,0.04877584308492774
14429,ENSG00000180228.14,0.04877480934907102
14430,ENSG00000146776.14,0.04877125855105421
14431,ENSG00000110429.14,0.048764969090144064
14432,ENSG00000173627.8,0.04876138522944854
14433,ENSG00000122859.5,0.048743959392624936
14434,ENSG00000139133.7,0.04873136342496228
14435,ENSG00000138443.17,0.048695456190417825
14436,ENSG00000138686.10,0.04867246003025372
14437,ENSG00000087365.16,0.04866882418319411
14438,ENSG00000213420.8,0.048663550994882614
14439,ENSG00000132141.14,0.04866133878119298
14440,ENSG00000171466.10,0.048636967538892496
14441,ENSG00000162923.17,0.048595696950358605
14442,ENSG00000108306.13,0.04855770667079309
14443,ENSG00000165868.16,0.048551653320262476
14444,ENSG00000106331.17,0.04854495867125262
14445,ENSG00000145428.15,0.04853985662021023
14446,ENSG00000275111.5,0.04853620962927669
14447,ENSG00000004766.17,0.04851561205960457
14448,ENSG00000167699.13,0.048506503972605135
14449,ENSG00000141084.11,0.048458010336889026
14450,ENSG00000188868.14,0.04842674780401463
14451,ENSG00000106603.19,0.048406111522525476
14452,ENSG00000156983.16,0.048405233799211515
14453,ENSG00000148734.8,0.04839433124480898
14454,ENSG00000167986.14,0.04838665709250556
14455,ENSG00000005189.20,0.04838185603451254
14456,ENSG00000165416.15,0.04836256799704052
14457,ENSG00000011143.19,0.04835470779744149
14458,ENSG00000077235.18,0.048324270689327535
14459,ENSG00000181240.14,0.048312775675469335
14460,ENSG00000277117.5,0.04831208406407397
14461,ENSG00000183638.6,0.04828291849692144
14462,ENSG00000171469.11,0.04826734096378231
14463,ENSG00000136450.13,0.048261753399618454
14464,ENSG00000196267.12,0.0482450647442126
14465,ENSG00000121542.12,0.04823910771901604
14466,ENSG00000083896.13,0.04822248691422172
14467,ENSG00000165917.10,0.04820262210995211
14468,ENSG00000130856.17,0.04816101164542343
14469,ENSG00000167395.10,0.048155347138994754
14470,ENSG00000205423.11,0.048108222551385256
14471,ENSG00000256162.2,0.04809591107344355
14472,ENSG00000107862.6,0.0480762953054691
14473,ENSG00000135974.10,0.048053708626970545
14474,ENSG00000198393.8,0.0480203590272851
14475,ENSG00000107371.14,0.04799299435643217
14476,ENSG00000144840.10,0.04798786123496709
14477,ENSG00000241404.7,0.047952434248610884
14478,ENSG00000169217.9,0.04793965435800881
14479,ENSG00000212724.3,0.047920298695374806
14480,ENSG00000164252.13,0.04792016289943655
14481,ENSG00000088053.11,0.047831873097856116
14482,ENSG00000113597.18,0.04782650901336432
14483,ENSG00000072756.17,0.047811560897670184
14484,ENSG00000137522.18,0.047771533177888896
14485,ENSG00000112319.19,0.04777020054047649
14486,ENSG00000050730.16,0.04774931469489945
14487,ENSG00000181007.9,0.0477250240322529
14488,ENSG00000144736.14,0.04770669538035617
14489,ENSG00000117010.17,0.04770271841568679
14490,ENSG00000127377.10,0.04769844902899653
14491,ENSG00000151092.18,0.04769756590149656
14492,ENSG00000164118.13,0.04767775819035046
14493,ENSG00000257057.3,0.04767283508481837
14494,ENSG00000163510.14,0.0476655365194702
14495,ENSG00000120688.9,0.047657821821711376
14496,ENSG00000151773.13,0.04759251474926902
14497,ENSG00000186010.19,0.047570037256600764
14498,ENSG00000283154.2,0.04755847479206651
14499,ENSG00000113812.14,0.04753657681585667
14500,ENSG00000123607.15,0.04753341706532924
14501,ENSG00000146243.14,0.04753334070129423
14502,ENSG00000205758.12,0.0475018150093259
14503,ENSG00000161204.11,0.04749413506698333
14504,ENSG00000143971.9,0.047490117445004
14505,ENSG00000126216.15,0.04747954217587092
14506,ENSG00000143190.23,0.047460268893410255
14507,ENSG00000147234.10,0.047450276952002005
14508,ENSG00000229637.4,0.04743280301189464
14509,ENSG00000147432.7,0.047422253781150475
14510,ENSG00000125388.20,0.047386085208758956
14511,ENSG00000103199.14,0.04738179149836608
14512,ENSG00000177238.14,0.047358922565649164
14513,ENSG00000148835.11,0.04733709458846606
14514,ENSG00000179698.14,0.04731629683908763
14515,ENSG00000120328.6,0.047307911239985054
14516,ENSG00000137225.13,0.04730292964688482
14517,ENSG00000172671.20,0.04726471748117492
14518,ENSG00000178127.13,0.04725846700613173
14519,ENSG00000164309.15,0.04723242258835078
14520,ENSG00000164049.14,0.047217726049202845
14521,ENSG00000169330.9,0.04721537335176646
14522,ENSG00000145375.9,0.047211447820396185
14523,ENSG00000204311.15,0.047207668899104584
14524,ENSG00000152433.15,0.04720397657798475
14525,ENSG00000108587.16,0.04720116869995628
14526,ENSG00000196110.8,0.04719516873971198
14527,ENSG00000198218.11,0.04719303365562516
14528,ENSG00000132463.14,0.04716833894772011
14529,ENSG00000134245.18,0.04711130683520561
14530,ENSG00000188176.12,0.0471093146979283
14531,ENSG00000166926.8,0.04709690542883355
14532,ENSG00000119737.6,0.04707051726665148
14533,ENSG00000198689.13,0.04705572800792587
14534,ENSG00000162746.14,0.04705501294468004
14535,ENSG00000047578.13,0.04703934022097161
14536,ENSG00000196597.13,0.047011174355618704
14537,ENSG00000166261.11,0.047006612793223816
14538,ENSG00000127578.7,0.046994205077555945
14539,ENSG00000111877.17,0.04698989725169243
14540,ENSG00000115317.12,0.04693714481518449
14541,ENSG00000233822.4,0.0469193116488262
14542,ENSG00000144233.10,0.046917315272626686
14543,ENSG00000121940.16,0.046897441875069966
14544,ENSG00000204599.14,0.04685995293117403
14545,ENSG00000131043.12,0.046854424547776094
14546,ENSG00000056277.16,0.046840806355126705
14547,ENSG00000163357.11,0.046837522493716824
14548,ENSG00000172273.13,0.04682972039154771
14549,ENSG00000148488.17,0.046823561264188684
14550,ENSG00000163666.10,0.04682331831745065
14551,ENSG00000170743.17,0.04680784809532414
14552,ENSG00000152193.8,0.046771741305245466
14553,ENSG00000085274.16,0.04675821298044584
14554,ENSG00000166352.17,0.046733422099782596
14555,ENSG00000100191.6,0.04672978113989928
14556,ENSG00000227345.8,0.04672186205574629
14557,ENSG00000096093.16,0.04671992132697038
14558,ENSG00000205277.9,0.046711359794820335
14559,ENSG00000150773.11,0.04670795711477637
14560,ENSG00000168621.15,0.04669130180903314
14561,ENSG00000163798.13,0.046689048937549577
14562,ENSG00000244045.13,0.04664732200371347
14563,ENSG00000185414.20,0.046641886823599495
14564,ENSG00000160352.16,0.04663811924576348
14565,ENSG00000101247.18,0.04662410268696674
14566,ENSG00000176208.9,0.0466173622566902
14567,ENSG00000114026.21,0.046574025776324864
14568,ENSG00000151576.10,0.04656897088867071
14569,ENSG00000136504.13,0.046529463929088064
14570,ENSG00000139618.16,0.04652840785477814
14571,ENSG00000105968.19,0.046513252773527296
14572,ENSG00000187848.15,0.046509371692459216
14573,ENSG00000134077.16,0.04647900304390683
14574,ENSG00000107643.16,0.04644755735245813
14575,ENSG00000100568.11,0.04644285207884244
14576,ENSG00000057935.14,0.04638789020145711
14577,ENSG00000149571.12,0.04637669212380429
14578,ENSG00000160683.5,0.04637623232010633
14579,ENSG00000082898.18,0.04635148521242454
14580,ENSG00000128694.12,0.04630964576456641
14581,ENSG00000119661.15,0.04629012714556492
14582,ENSG00000104381.14,0.04627015506332009
14583,ENSG00000070269.14,0.04626284090616096
14584,ENSG00000183831.7,0.046252992167197415
14585,ENSG00000184277.13,0.04622549423819142
14586,ENSG00000205045.11,0.04622526738207809
14587,ENSG00000137500.9,0.046223778283588875
14588,ENSG00000103121.9,0.046220140943162215
14589,ENSG00000188659.9,0.04618530271164473
14590,ENSG00000183598.4,0.04618204634052535
14591,ENSG00000166337.10,0.0461752868932419
14592,ENSG00000079841.18,0.04616506077316741
14593,ENSG00000122566.22,0.04615168344485646
14594,ENSG00000167768.4,0.04614950842044075
14595,ENSG00000177807.10,0.04614021888363425
14596,ENSG00000240563.2,0.046138262880935824
14597,ENSG00000105072.9,0.04613268487291639
14598,ENSG00000151502.11,0.04612949755141243
14599,ENSG00000162643.13,0.046093270767708534
14600,ENSG00000158113.13,0.04606660612477543
14601,ENSG00000132300.19,0.04603971846196215
14602,ENSG00000189298.14,0.04603141821237376
14603,ENSG00000184350.11,0.04602803025228526
14604,ENSG00000034713.8,0.04601138664708065
14605,ENSG00000156787.17,0.04600126941990222
14606,ENSG00000159885.14,0.045966027015946036
14607,ENSG00000180785.10,0.045947701755440724
14608,ENSG00000139977.14,0.045946838933424265
14609,ENSG00000166233.15,0.04594545141474387
14610,ENSG00000088876.13,0.0459427765054927
14611,ENSG00000103160.12,0.04593836945333827
14612,ENSG00000177692.12,0.04592929863594437
14613,ENSG00000180347.13,0.04592927015484442
14614,ENSG00000131470.15,0.04592291830480325
14615,ENSG00000198000.12,0.045921494689654264
14616,ENSG00000277462.2,0.04589701167188336
14617,ENSG00000165219.22,0.04588194424065724
14618,ENSG00000135314.12,0.04586924342687498
14619,ENSG00000157131.11,0.045866515041963214
14620,ENSG00000151247.12,0.04586624572577689
14621,ENSG00000129292.21,0.04584061786740359
14622,ENSG00000172482.5,0.045838130745548766
14623,ENSG00000180209.12,0.04581484913535631
14624,ENSG00000138658.16,0.04580939437357934
14625,ENSG00000183287.14,0.04578123751332804
14626,ENSG00000001497.18,0.04577386008009747
14627,ENSG00000176601.13,0.0457604035635
14628,ENSG00000149599.15,0.04575613026189158
14629,ENSG00000124593.16,0.04575206266971057
14630,ENSG00000149187.18,0.045732230092128186
14631,ENSG00000163291.14,0.04572335897205828
14632,ENSG00000136895.19,0.045715171437767384
14633,ENSG00000165181.16,0.04570362668513998
14634,ENSG00000169016.17,0.04569836848914597
14635,ENSG00000198954.9,0.04568727081880827
14636,ENSG00000163933.10,0.045683762524726
14637,ENSG00000127527.14,0.04568085979104835
14638,ENSG00000147316.13,0.0456316007053349
14639,ENSG00000055130.17,0.04560132835774778
14640,ENSG00000174720.16,0.045592699556479134
14641,ENSG00000185864.16,0.04557826732561826
14642,ENSG00000118690.13,0.045576928938863705
14643,ENSG00000109684.15,0.04556134297941728
14644,ENSG00000204624.8,0.045542396969802806
14645,ENSG00000155052.14,0.04552496500804134
14646,ENSG00000121390.19,0.045508529482292774
14647,ENSG00000182791.5,0.04550287173710688
14648,ENSG00000119004.16,0.04550074342049924
14649,ENSG00000092978.11,0.04545865339851089
14650,ENSG00000100461.18,0.04544582015626353
14651,ENSG00000170819.5,0.045413607362899934
14652,ENSG00000146676.10,0.045370168976671635
14653,ENSG00000138073.14,0.045355489711700905
14654,ENSG00000159579.14,0.045323349912356856
14655,ENSG00000164338.10,0.04530842530693289
14656,ENSG00000169118.18,0.04529634954603324
14657,ENSG00000167981.7,0.04527365975238986
14658,ENSG00000102543.14,0.04525677375585815
14659,ENSG00000151657.12,0.04524504470265429
14660,ENSG00000168724.17,0.04523659356890449
14661,ENSG00000158220.14,0.045224604792364786
14662,ENSG00000160695.15,0.0452230195647138
14663,ENSG00000145868.17,0.0451659237647877
14664,ENSG00000118246.14,0.045147259861329114
14665,ENSG00000125650.4,0.045131500736590766
14666,ENSG00000100902.11,0.04512622282785399
14667,ENSG00000086589.12,0.04510172567095776
14668,ENSG00000183715.13,0.04507932902838409
14669,ENSG00000140750.17,0.045046565025259444
14670,ENSG00000187140.6,0.04504076852422206
14671,ENSG00000244687.12,0.0450167740185209
14672,ENSG00000204021.4,0.04500708938151713
14673,ENSG00000161217.12,0.04500063270597959
14674,ENSG00000141371.13,0.044978080175781976
14675,ENSG00000130119.17,0.04497080515341539
14676,ENSG00000213424.9,0.04494269201887395
14677,ENSG00000204524.7,0.044926659387484295
14678,ENSG00000169760.17,0.044925731808785285
14679,ENSG00000070601.10,0.044915034509265976
14680,ENSG00000108433.17,0.044910888641858916
14681,ENSG00000261857.7,0.04487890510400363
14682,ENSG00000106526.10,0.04487499080665904
14683,ENSG00000177842.12,0.04486114522546531
14684,ENSG00000160961.12,0.04485558113671572
14685,ENSG00000198046.12,0.044831571614885254
14686,ENSG00000197748.13,0.044823230096490106
14687,ENSG00000157954.15,0.044798039272646986
14688,ENSG00000197134.13,0.0447945979601819
14689,ENSG00000186416.17,0.04479228770815042
14690,ENSG00000163166.15,0.044770999146528094
14691,ENSG00000134532.19,0.04472347763347271
14692,ENSG00000167186.11,0.04471024903975563
14693,ENSG00000151893.15,0.04470179720133065
14694,ENSG00000240891.8,0.04469498453416003
14695,ENSG00000167625.11,0.04461550467511634
14696,ENSG00000114646.10,0.044609489172784275
14697,ENSG00000089558.9,0.04458901482882881
14698,ENSG00000005981.13,0.044583709851503964
14699,ENSG00000197870.12,0.0445797243478498
14700,ENSG00000221823.11,0.044570460832711906
14701,ENSG00000162927.14,0.044550148957482306
14702,ENSG00000030304.14,0.04454074281739989
14703,ENSG00000067365.15,0.04452510646889202
14704,ENSG00000153187.20,0.044502297115703894
14705,ENSG00000105793.16,0.04447201434885141
14706,ENSG00000275493.2,0.044445780217256856
14707,ENSG00000187902.11,0.0444422637866507
14708,ENSG00000145626.12,0.044411835519256745
14709,ENSG00000091513.16,0.04441020635179375
14710,ENSG00000147121.16,0.04440710337944984
14711,ENSG00000180988.2,0.04438666259508692
14712,ENSG00000160199.15,0.04437904200145966
14713,ENSG00000101138.12,0.04436074681764288
14714,ENSG00000189042.13,0.044355831683436694
14715,ENSG00000169246.16,0.0443415311408434
14716,ENSG00000186226.9,0.044336133149481684
14717,ENSG00000140987.20,0.044309090192908775
14718,ENSG00000278558.5,0.04429148854627722
14719,ENSG00000163467.12,0.04428872597858932
14720,ENSG00000138785.15,0.0442860216148213
14721,ENSG00000117697.15,0.044281433134779585
14722,ENSG00000143748.18,0.04426994506379341
14723,ENSG00000163738.18,0.04425943794613083
14724,ENSG00000181450.18,0.044257657849781216
14725,ENSG00000186625.14,0.04423908218943157
14726,ENSG00000144048.10,0.04422223131268494
14727,ENSG00000177453.7,0.04419754331791364
14728,ENSG00000113456.19,0.04418463680022308
14729,ENSG00000185219.17,0.04416523991915161
14730,ENSG00000164366.4,0.044139653418421985
14731,ENSG00000127311.10,0.044045291288747554
14732,ENSG00000159450.12,0.04402590666760064
14733,ENSG00000139610.2,0.04402269609148455
14734,ENSG00000178852.16,0.04401995389028911
14735,ENSG00000137656.12,0.04400279297713321
14736,ENSG00000106443.17,0.04399930821573834
14737,ENSG00000108590.11,0.04393921703978376
14738,ENSG00000162194.12,0.04392445096079538
14739,ENSG00000146414.16,0.043923658200479616
14740,ENSG00000114030.13,0.043898167795974836
14741,ENSG00000062194.16,0.043871460015878085
14742,ENSG00000102921.8,0.04382555310756021
14743,ENSG00000170956.17,0.043825068669314904
14744,ENSG00000183396.4,0.04381884162797565
14745,ENSG00000205755.12,0.043781668312040646
14746,ENSG00000100478.15,0.04377865968602311
14747,ENSG00000101868.13,0.04376498844394043
14748,ENSG00000151413.17,0.04374824565778294
14749,ENSG00000169519.21,0.043708444995496455
14750,ENSG00000136371.11,0.04370498055079059
14751,ENSG00000130544.12,0.04369859387734389
14752,ENSG00000172244.9,0.04366516037115084
14753,ENSG00000189409.14,0.043639283627364654
14754,ENSG00000214367.9,0.04362727438576552
14755,ENSG00000110066.15,0.043616268155334856
14756,ENSG00000034533.12,0.0436141012075676
14757,ENSG00000167720.13,0.04357282719031297
14758,ENSG00000140943.17,0.04356719627938005
14759,ENSG00000101019.22,0.04349937164186546
14760,ENSG00000119760.16,0.043487131468799914
14761,ENSG00000145331.14,0.04347766488871029
14762,ENSG00000151665.13,0.043463552072124746
14763,ENSG00000172262.11,0.04343676496946428
14764,ENSG00000182324.7,0.04343082966747553
14765,ENSG00000089916.18,0.043381296442730734
14766,ENSG00000112130.17,0.04337101489373262
14767,ENSG00000171044.11,0.043340021530761164
14768,ENSG00000204920.11,0.043319608714977344
14769,ENSG00000174482.10,0.043313927547452
14770,ENSG00000188095.6,0.04330314691344274
14771,ENSG00000255501.3,0.04328831600871971
14772,ENSG00000269556.8,0.043279843003834646
14773,ENSG00000157349.17,0.04327708430705158
14774,ENSG00000129749.3,0.04327116581520193
14775,ENSG00000162341.18,0.043269169242219886
14776,ENSG00000227471.9,0.043249263197383425
14777,ENSG00000114062.22,0.04318290767999346
14778,ENSG00000173480.11,0.04316994150721734
14779,ENSG00000075292.19,0.0431428511086057
14780,ENSG00000177733.7,0.0431291476079099
14781,ENSG00000243716.10,0.04312457538283806
14782,ENSG00000158169.13,0.043118191368822945
14783,ENSG00000204130.14,0.04310977016177594
14784,ENSG00000213760.11,0.04308857037353599
14785,ENSG00000196150.14,0.043005405758318155
14786,ENSG00000273703.2,0.042992320141616275
14787,ENSG00000189013.14,0.04297886970462655
14788,ENSG00000226763.5,0.0429703908818495
14789,ENSG00000171566.12,0.04296677733142865
14790,ENSG00000197548.12,0.04295736153759468
14791,ENSG00000133114.18,0.04290648686560571
14792,ENSG00000188026.13,0.04289617297928414
14793,ENSG00000173960.14,0.04289024512460607
14794,ENSG00000111215.12,0.04285658288494049
14795,ENSG00000110696.10,0.042816893600334464
14796,ENSG00000103995.14,0.04278730102387936
14797,ENSG00000144848.11,0.04276415654859674
14798,ENSG00000116014.10,0.04273455722065776
14799,ENSG00000076242.16,0.04272928789266688
14800,ENSG00000197177.15,0.0426912884220277
14801,ENSG00000163322.14,0.042684700671541974
14802,ENSG00000139668.9,0.042674587321950876
14803,ENSG00000170584.11,0.04263007943508648
14804,ENSG00000162398.11,0.04260508317613536
14805,ENSG00000198707.17,0.0425576059685
14806,ENSG00000142396.10,0.04254480838016681
14807,ENSG00000221946.8,0.04254104476817712
14808,ENSG00000213171.3,0.04253882919498965
14809,ENSG00000069345.12,0.042486990057821784
14810,ENSG00000122543.11,0.04248325723046757
14811,ENSG00000164483.17,0.04248177553582133
14812,ENSG00000196284.17,0.04246216718134405
14813,ENSG00000129910.8,0.04243213797957344
14814,ENSG00000154269.15,0.04240551672353132
14815,ENSG00000231274.5,0.04239261571919291
14816,ENSG00000156475.18,0.042374472450779146
14817,ENSG00000188092.15,0.042369478964354515
14818,ENSG00000120937.9,0.04236234869400831
14819,ENSG00000197410.14,0.042268525516767484
14820,ENSG00000158525.16,0.04225725836949378
14821,ENSG00000130803.15,0.04224333226783787
14822,ENSG00000122477.13,0.04219161993153224
14823,ENSG00000119703.15,0.04216690192530684
14824,ENSG00000204174.8,0.04210638159608881
14825,ENSG00000204296.11,0.04209863169070529
14826,ENSG00000100987.15,0.042095824675690265
14827,ENSG00000187792.5,0.04201563498857202
14828,ENSG00000152348.16,0.041984748283472734
14829,ENSG00000187944.5,0.04197374710542942
14830,ENSG00000125149.12,0.04196749000575985
14831,ENSG00000158636.16,0.0419535674336186
14832,ENSG00000119965.13,0.04194716822360691
14833,ENSG00000187242.6,0.041910102183765625
14834,ENSG00000140694.17,0.04188079481287238
14835,ENSG00000139990.18,0.04187257053012559
14836,ENSG00000182993.5,0.04186386530901268
14837,ENSG00000236383.8,0.041856257901445794
14838,ENSG00000162129.14,0.041851969885849216
14839,ENSG00000102984.15,0.04182445144323759
14840,ENSG00000188542.10,0.04181621710701818
14841,ENSG00000136866.14,0.041788643526276134
14842,ENSG00000133302.13,0.04177122173458302
14843,ENSG00000142528.16,0.04173859843583096
14844,ENSG00000132604.11,0.041639161420008314
14845,ENSG00000160062.15,0.04161493559941233
14846,ENSG00000166527.8,0.04160701705600566
14847,ENSG00000153237.18,0.04159969239725222
14848,ENSG00000213906.10,0.04158559561696794
14849,ENSG00000172113.9,0.04157530707413214
14850,ENSG00000185670.9,0.04155667988737072
14851,ENSG00000081307.14,0.04152577161819476
14852,ENSG00000244005.13,0.041507632146962195
14853,ENSG00000263429.3,0.04150350522980504
14854,ENSG00000148842.18,0.041494947567306484
14855,ENSG00000174428.18,0.041483860073648834
14856,ENSG00000100027.17,0.041464395490094515
14857,ENSG00000079156.17,0.04140689099384095
14858,ENSG00000108961.14,0.04140196895191956
14859,ENSG00000170144.21,0.041353035155714715
14860,ENSG00000102539.5,0.04131358742914943
14861,ENSG00000102974.16,0.04126063295169225
14862,ENSG00000166359.11,0.04120807748510144
14863,ENSG00000171757.17,0.041207026878534184
14864,ENSG00000102978.13,0.04120350591529657
14865,ENSG00000080802.19,0.041190236966718446
14866,ENSG00000167723.15,0.04116814393267456
14867,ENSG00000106609.16,0.04111749031521454
14868,ENSG00000156931.16,0.04110661045969955
14869,ENSG00000163877.11,0.04108798509445574
14870,ENSG00000172782.12,0.04106000190242736
14871,ENSG00000142621.19,0.04103935073452943
14872,ENSG00000168803.16,0.041027416591400946
14873,ENSG00000186230.7,0.04099486682756556
14874,ENSG00000167780.12,0.04099105462108827
14875,ENSG00000254535.4,0.04098067714693419
14876,ENSG00000164073.11,0.04097736448325051
14877,ENSG00000162419.13,0.040974973002114584
14878,ENSG00000125246.15,0.040974026049824024
14879,ENSG00000135605.13,0.04096340925850085
14880,ENSG00000151834.16,0.04096262920772832
14881,ENSG00000132932.17,0.040944107442396675
14882,ENSG00000172006.12,0.040934324899597745
14883,ENSG00000164411.12,0.04092492771940579
14884,ENSG00000178363.5,0.04092304412878705
14885,ENSG00000172339.10,0.04092297138558074
14886,ENSG00000004866.22,0.0408166408432612
14887,ENSG00000181333.12,0.04080734260550505
14888,ENSG00000126070.20,0.04080324449134322
14889,ENSG00000100225.18,0.04080007371322605
14890,ENSG00000126883.17,0.04079856301664279
14891,ENSG00000167100.15,0.0407889030342766
14892,ENSG00000155621.15,0.040769485310614605
14893,ENSG00000170370.12,0.040765471801667744
14894,ENSG00000152578.13,0.04074751540734051
14895,ENSG00000066382.16,0.040741597876841694
14896,ENSG00000178502.6,0.04063442849664145
14897,ENSG00000138315.13,0.04058752895783178
14898,ENSG00000204147.11,0.04054759819440849
14899,ENSG00000104047.15,0.04054182654000253
14900,ENSG00000183647.10,0.04053461700180132
14901,ENSG00000144559.10,0.040483450557039516
14902,ENSG00000150471.16,0.04047406314093444
14903,ENSG00000178201.4,0.04044990699878674
14904,ENSG00000182405.6,0.04043431249830814
14905,ENSG00000128915.12,0.040430375268764564
14906,ENSG00000181220.17,0.040422546953008946
14907,ENSG00000221994.12,0.040417995131805974
14908,ENSG00000204977.10,0.0402948235687871
14909,ENSG00000143740.14,0.04028197774666124
14910,ENSG00000266173.7,0.04024828395180982
14911,ENSG00000273136.7,0.04023937779019338
14912,ENSG00000164053.21,0.040231860783731095
14913,ENSG00000125998.8,0.0402221051878883
14914,ENSG00000196381.11,0.040216870235770565
14915,ENSG00000168014.17,0.04021520061402518
14916,ENSG00000159593.15,0.040209662421832645
14917,ENSG00000160808.11,0.040208591185017434
14918,ENSG00000138769.11,0.04019278289105167
14919,ENSG00000187626.9,0.04018494037245844
14920,ENSG00000244219.7,0.04014219196533261
14921,ENSG00000152439.13,0.04012219504297284
14922,ENSG00000179476.8,0.040121946778939675
14923,ENSG00000189350.13,0.040039926774522304
14924,ENSG00000119121.22,0.03998805485736952
14925,ENSG00000186448.15,0.03998521776550379
14926,ENSG00000232040.4,0.039955798607510314
14927,ENSG00000154645.14,0.03995366032716048
14928,ENSG00000144231.11,0.039924586423198564
14929,ENSG00000168883.20,0.039916727245384864
14930,ENSG00000011376.12,0.03990765043115685
14931,ENSG00000183873.18,0.03989257425087618
14932,ENSG00000187801.15,0.039849837356035006
14933,ENSG00000182359.15,0.03984019875606601
14934,ENSG00000100601.10,0.03982613298882024
14935,ENSG00000203791.15,0.03982302006117334
14936,ENSG00000146350.14,0.03980134127970838
14937,ENSG00000197054.12,0.03978395721140284
14938,ENSG00000176381.6,0.03977834847779107
14939,ENSG00000173825.7,0.039775549564193574
14940,ENSG00000267508.6,0.03976860881897923
14941,ENSG00000118702.9,0.039743862040566486
14942,ENSG00000101882.10,0.039726775601844844
14943,ENSG00000102383.14,0.03970713290920032
14944,ENSG00000143921.9,0.03970554610390495
14945,ENSG00000123576.5,0.039683541025543174
14946,ENSG00000230561.4,0.039681688321579055
14947,ENSG00000185792.10,0.039674958415206976
14948,ENSG00000275464.5,0.03966890447362984
14949,ENSG00000134146.12,0.03963712207181716
14950,ENSG00000158022.7,0.03961343399518308
14951,ENSG00000197620.11,0.03955119900211638
14952,ENSG00000198881.10,0.03954714362435552
14953,ENSG00000144535.20,0.03951909400396802
14954,ENSG00000010539.12,0.03947781387194377
14955,ENSG00000149532.16,0.03944293755952083
14956,ENSG00000244414.7,0.03943317533702536
14957,ENSG00000110075.15,0.03942501068817714
14958,ENSG00000136273.13,0.039358823449259624
14959,ENSG00000144331.20,0.03935236927393834
14960,ENSG00000152763.17,0.03932530357484012
14961,ENSG00000138942.16,0.03928381274907037
14962,ENSG00000204611.7,0.03925745807524595
14963,ENSG00000240747.8,0.03925092687026568
14964,ENSG00000239382.10,0.0392278952421506
14965,ENSG00000217555.13,0.0392026335056176
14966,ENSG00000115970.18,0.03910119633787585
14967,ENSG00000171060.11,0.03908672642202829
14968,ENSG00000184619.8,0.039080441020684475
14969,ENSG00000164362.21,0.039060766730823
14970,ENSG00000139719.11,0.03905783874441235
14971,ENSG00000182973.19,0.03903167605983832
14972,ENSG00000234224.3,0.039026998218668243
14973,ENSG00000125878.6,0.039024811176002885
14974,ENSG00000198225.5,0.03901896237990705
14975,ENSG00000180574.3,0.03901308609102766
14976,ENSG00000074266.22,0.038983408258516324
14977,ENSG00000058866.15,0.03896844276132191
14978,ENSG00000113360.16,0.03896116156733382
14979,ENSG00000172738.12,0.038956344811522194
14980,ENSG00000235453.10,0.03891753157101879
14981,ENSG00000149262.17,0.038914178903417175
14982,ENSG00000115665.9,0.03891229031931404
14983,ENSG00000284730.1,0.038893872725796454
14984,ENSG00000115568.16,0.03888927628986788
14985,ENSG00000148606.13,0.03888863952211248
14986,ENSG00000145794.17,0.03879844606903253
14987,ENSG00000163608.15,0.03877851552444854
14988,ENSG00000178177.16,0.03870874369431265
14989,ENSG00000214402.7,0.038708552923040866
14990,ENSG00000171643.14,0.038696528897789746
14991,ENSG00000288675.1,0.03867449432557658
14992,ENSG00000181322.15,0.03866939598134262
14993,ENSG00000183775.11,0.03866533177613522
14994,ENSG00000167995.17,0.038651781505997004
14995,ENSG00000011677.13,0.03863430431588867
14996,ENSG00000152455.16,0.038597385070283964
14997,ENSG00000102043.16,0.03859558849077595
14998,ENSG00000131400.8,0.038569168425521126
14999,ENSG00000163626.17,0.038543080403755973
15000,ENSG00000254852.8,0.03854017874616659
15001,ENSG00000183549.10,0.03852520482368792
15002,ENSG00000198300.14,0.03851393954180964
15003,ENSG00000136319.12,0.038511196925584884
15004,ENSG00000100722.20,0.03848708122495711
15005,ENSG00000170423.13,0.03845398598698813
15006,ENSG00000122194.19,0.038452821478145854
15007,ENSG00000101883.5,0.03844733165561956
15008,ENSG00000119685.20,0.03843722757776348
15009,ENSG00000176723.10,0.03842634594258024
15010,ENSG00000133627.18,0.03842605404919021
15011,ENSG00000152760.10,0.03838855853067895
15012,ENSG00000183230.17,0.03838824470050128
15013,ENSG00000006530.18,0.03838787539574341
15014,ENSG00000105865.11,0.03838782790442002
15015,ENSG00000082068.9,0.03835588807420108
15016,ENSG00000152467.10,0.03834006689816228
15017,ENSG00000170615.15,0.03832110930248147
15018,ENSG00000213023.11,0.03824352940992391
15019,ENSG00000164296.7,0.03810575284211744
15020,ENSG00000198799.12,0.03809149565142835
15021,ENSG00000112200.17,0.038073827851525376
15022,ENSG00000197753.11,0.03803081563572268
15023,ENSG00000156875.14,0.03802524610516513
15024,ENSG00000165115.15,0.03802090273014723
15025,ENSG00000106346.11,0.03798026851318502
15026,ENSG00000147036.12,0.037977483152067545
15027,ENSG00000198690.10,0.037959098534606134
15028,ENSG00000105982.17,0.037954315172080595
15029,ENSG00000155275.19,0.03794758140819595
15030,ENSG00000172167.8,0.03793338672099042
15031,ENSG00000184601.11,0.037932151094762646
15032,ENSG00000119979.18,0.037915741795711694
15033,ENSG00000178235.8,0.037891409506266044
15034,ENSG00000169885.10,0.037825175760275415
15035,ENSG00000113396.13,0.03782383344721058
15036,ENSG00000179071.5,0.03777003505397579
15037,ENSG00000183463.6,0.03774214061337092
15038,ENSG00000198400.12,0.03771701582711481
15039,ENSG00000173809.18,0.03770629026713605
15040,ENSG00000182150.18,0.03767931309285422
15041,ENSG00000133884.10,0.0376175816270837
15042,ENSG00000091137.14,0.037594322919338494
15043,ENSG00000189134.4,0.03758439513441522
15044,ENSG00000166793.13,0.03757232777554859
15045,ENSG00000163161.14,0.03756799353712326
15046,ENSG00000141527.18,0.037539090059129886
15047,ENSG00000171357.6,0.037519978141194225
15048,ENSG00000150433.9,0.03747785978055483
15049,ENSG00000110680.13,0.037443351532228226
15050,ENSG00000002746.15,0.037441250458734976
15051,ENSG00000145708.11,0.03743747132144969
15052,ENSG00000214013.9,0.037428851197413654
15053,ENSG00000027644.5,0.03742794049253861
15054,ENSG00000165060.15,0.037412459909100186
15055,ENSG00000197566.10,0.03737693629379186
15056,ENSG00000166845.15,0.037350958351076755
15057,ENSG00000066427.24,0.03731530862211893
15058,ENSG00000166349.10,0.03727499217724405
15059,ENSG00000136104.21,0.037258568808573686
15060,ENSG00000235272.2,0.03725151933219014
15061,ENSG00000171587.15,0.037208929802814726
15062,ENSG00000157999.6,0.0372017131057679
15063,ENSG00000078295.17,0.03712432125214346
15064,ENSG00000270882.2,0.03710635547110662
15065,ENSG00000205116.3,0.03707745890964755
15066,ENSG00000213380.16,0.0370738223714602
15067,ENSG00000123364.5,0.03707058730431589
15068,ENSG00000106692.15,0.03704130691674458
15069,ENSG00000163867.17,0.03701295094233551
15070,ENSG00000175104.15,0.036978700191842656
15071,ENSG00000163607.17,0.036978495750959656
15072,ENSG00000165119.21,0.036940888577246506
15073,ENSG00000188283.11,0.03693879070907867
15074,ENSG00000169397.3,0.03692652229903554
15075,ENSG00000239474.7,0.03692253167410874
15076,ENSG00000135116.9,0.03688557251082302
15077,ENSG00000170122.5,0.036881702952614545
15078,ENSG00000179284.5,0.03686675184393567
15079,ENSG00000145216.16,0.03683486106738011
15080,ENSG00000183479.12,0.03678408376808189
15081,ENSG00000178965.14,0.03678082427826955
15082,ENSG00000183597.16,0.03678078274075513
15083,ENSG00000139352.4,0.03677534235526086
15084,ENSG00000177873.14,0.03677388680823611
15085,ENSG00000275004.4,0.036718697515411985
15086,ENSG00000158486.13,0.036713579713804685
15087,ENSG00000184357.5,0.036709406508293935
15088,ENSG00000140153.18,0.036700132550474135
15089,ENSG00000163743.13,0.03669276201571345
15090,ENSG00000136531.18,0.03668264876518081
15091,ENSG00000008128.23,0.03666995548314792
15092,ENSG00000165669.14,0.036643618623709295
15093,ENSG00000131269.19,0.036618126630809066
15094,ENSG00000188672.19,0.036606969481928646
15095,ENSG00000117245.13,0.03658819842366944
15096,ENSG00000116151.14,0.0365485919387192
15097,ENSG00000163214.21,0.03654473982678085
15098,ENSG00000170946.15,0.03645898875736347
15099,ENSG00000116095.11,0.03645187122190333
15100,ENSG00000260220.7,0.036439252661669815
15101,ENSG00000180537.13,0.036434464502111866
15102,ENSG00000083812.12,0.03641833870292332
15103,ENSG00000145888.11,0.03641586018302441
15104,ENSG00000164509.15,0.03641542193847813
15105,ENSG00000181903.5,0.03641455336355506
15106,ENSG00000166478.10,0.03638942865636212
15107,ENSG00000204767.4,0.03631353075690401
15108,ENSG00000173214.7,0.03631065531461271
15109,ENSG00000284773.1,0.036301951667195374
15110,ENSG00000164022.17,0.036300642549054636
15111,ENSG00000213988.11,0.036277566551138056
15112,ENSG00000233087.7,0.03627066849797347
15113,ENSG00000178021.11,0.03626877661399911
15114,ENSG00000170074.19,0.03625890585472996
15115,ENSG00000087263.17,0.03624656040553016
15116,ENSG00000117151.13,0.036243095057564095
15117,ENSG00000243667.7,0.03624001418524369
15118,ENSG00000146147.15,0.036220941445794824
15119,ENSG00000247595.4,0.036214139737634744
15120,ENSG00000255393.2,0.036156577491780625
15121,ENSG00000151490.15,0.036138296862146854
15122,ENSG00000078043.16,0.03612777500483975
15123,ENSG00000168875.3,0.036090599167485804
15124,ENSG00000136695.15,0.03606189901308522
15125,ENSG00000130684.14,0.03605981531035664
15126,ENSG00000178917.16,0.03604523224122967
15127,ENSG00000121774.18,0.03603528184436873
15128,ENSG00000121743.4,0.036030702570857595
15129,ENSG00000139220.17,0.03602217370847832
15130,ENSG00000183166.11,0.03599569683041949
15131,ENSG00000143768.13,0.03592203873574459
15132,ENSG00000174255.8,0.03591045341548775
15133,ENSG00000116205.14,0.035908053078494304
15134,ENSG00000198650.11,0.0358907307377025
15135,ENSG00000166342.19,0.03581770160234411
15136,ENSG00000151532.14,0.0357761687764352
15137,ENSG00000186523.14,0.03575731741127668
15138,ENSG00000144868.14,0.035757257819010166
15139,ENSG00000071677.1,0.03575427625921912
15140,ENSG00000171169.9,0.03574384900419795
15141,ENSG00000166676.17,0.035683698341750024
15142,ENSG00000181619.11,0.03567708983890549
15143,ENSG00000204869.8,0.035667187424981615
15144,ENSG00000159239.13,0.03557842437559802
15145,ENSG00000118600.12,0.03557030134737931
15146,ENSG00000075886.11,0.03553185133705635
15147,ENSG00000175387.16,0.0355221007196688
15148,ENSG00000112031.16,0.03552121804643042
15149,ENSG00000153253.19,0.035506744905374844
15150,ENSG00000141376.23,0.03549343372861572
15151,ENSG00000221887.6,0.03548117196747441
15152,ENSG00000136527.18,0.035463676545811965
15153,ENSG00000106128.19,0.035439244542219535
15154,ENSG00000174796.12,0.03537778692202153
15155,ENSG00000280433.1,0.03536601773375065
15156,ENSG00000128891.16,0.035364658680102155
15157,ENSG00000100926.15,0.03535155308361817
15158,ENSG00000185379.20,0.03534176211498729
15159,ENSG00000113889.14,0.03531940765786948
15160,ENSG00000188581.9,0.03529081957146327
15161,ENSG00000267385.1,0.03529004752665176
15162,ENSG00000253537.3,0.035276654526279046
15163,ENSG00000203867.8,0.03526862831754513
15164,ENSG00000182798.10,0.03524770890529434
15165,ENSG00000112137.18,0.03521997045176975
15166,ENSG00000197779.15,0.03520557430424033
15167,ENSG00000213066.13,0.0351828164981789
15168,ENSG00000099399.6,0.035182102351014884
15169,ENSG00000059691.12,0.03517712622881544
15170,ENSG00000276409.5,0.03515941390467994
15171,ENSG00000154099.18,0.03513976960106152
15172,ENSG00000180979.10,0.03512398465209606
15173,ENSG00000114739.14,0.0351062247797136
15174,ENSG00000214413.9,0.035096217069007334
15175,ENSG00000155330.10,0.03508893855562571
15176,ENSG00000140459.18,0.0350796099278811
15177,ENSG00000100330.16,0.0350756459192645
15178,ENSG00000163157.15,0.0350708314566948
15179,ENSG00000101425.14,0.03500989331355155
15180,ENSG00000145087.13,0.03498167983196102
15181,ENSG00000145107.16,0.034923901184689625
15182,ENSG00000117262.19,0.03491111171441914
15183,ENSG00000145604.17,0.03481934216250534
15184,ENSG00000144635.9,0.034818316107556264
15185,ENSG00000253305.2,0.03481370258209882
15186,ENSG00000205835.9,0.03477118253640392
15187,ENSG00000109991.9,0.0347708054005341
15188,ENSG00000082556.14,0.03476657362783395
15189,ENSG00000171199.11,0.03476088499470095
15190,ENSG00000103494.15,0.034743629945416674
15191,ENSG00000115705.22,0.03472246175391617
15192,ENSG00000196421.8,0.03469386751693403
15193,ENSG00000163703.19,0.034665525370958856
15194,ENSG00000254997.4,0.03460546883097806
15195,ENSG00000139549.4,0.034588444510987096
15196,ENSG00000134072.11,0.03452401194937173
15197,ENSG00000110536.14,0.03451441114364324
15198,ENSG00000155085.15,0.03449950900725385
15199,ENSG00000178342.4,0.03442024678732651
15200,ENSG00000182831.12,0.0344076950544926
15201,ENSG00000234828.9,0.03440669758096331
15202,ENSG00000100784.12,0.034400141600814775
15203,ENSG00000018869.17,0.0343992681549984
15204,ENSG00000037637.11,0.03434338242170256
15205,ENSG00000153157.13,0.034304465843372565
15206,ENSG00000169758.13,0.034265820433865495
15207,ENSG00000150051.14,0.034248183553882865
15208,ENSG00000082293.13,0.03420768727430443
15209,ENSG00000172171.11,0.03418470466695749
15210,ENSG00000237489.5,0.03416009476392177
15211,ENSG00000165185.15,0.034156772495967186
15212,ENSG00000244694.7,0.03414671166646846
15213,ENSG00000188375.5,0.03409376741996795
15214,ENSG00000120948.18,0.03409108864259648
15215,ENSG00000214050.8,0.03409085881897132
15216,ENSG00000136367.14,0.03407710420649769
15217,ENSG00000178445.10,0.03405150460316003
15218,ENSG00000121897.15,0.03404199044437679
15219,ENSG00000286522.2,0.034029092110007694
15220,ENSG00000172803.18,0.03398181451973869
15221,ENSG00000249158.7,0.033838080693876865
15222,ENSG00000183307.4,0.033806759781100655
15223,ENSG00000127080.10,0.03380642073436549
15224,ENSG00000254995.4,0.03376262597897459
15225,ENSG00000112425.16,0.033758723721027964
15226,ENSG00000167244.21,0.03369787029875169
15227,ENSG00000163958.14,0.03369698088701414
15228,ENSG00000070061.16,0.0336914745988171
15229,ENSG00000221986.7,0.033641576406180235
15230,ENSG00000179088.15,0.03362202710459165
15231,ENSG00000243660.11,0.03362173054417218
15232,ENSG00000039600.11,0.03361991308061138
15233,ENSG00000166596.15,0.033519908493518664
15234,ENSG00000004139.14,0.03349023851875731
15235,ENSG00000166246.14,0.03343736605700781
15236,ENSG00000099957.16,0.03343148152034209
15237,ENSG00000196376.11,0.033431310962290385
15238,ENSG00000197714.9,0.033428024067593924
15239,ENSG00000159110.20,0.03334935832065549
15240,ENSG00000225830.15,0.03332885850562261
15241,ENSG00000184949.16,0.03331145938295496
15242,ENSG00000115239.24,0.033293295310629446
15243,ENSG00000214960.11,0.03327705614324771
15244,ENSG00000203965.13,0.03321233754590642
15245,ENSG00000198929.13,0.03315632552989274
15246,ENSG00000117481.10,0.033156137865693554
15247,ENSG00000077616.11,0.03307524748677144
15248,ENSG00000132837.15,0.03306700736798842
15249,ENSG00000106714.17,0.03304350933040164
15250,ENSG00000115556.14,0.03303125439128806
15251,ENSG00000165379.13,0.032911971621085695
15252,ENSG00000196466.10,0.0328845687217645
15253,ENSG00000196357.12,0.03280980608283917
15254,ENSG00000112232.10,0.032809665914193153
15255,ENSG00000101624.11,0.03280677780710402
15256,ENSG00000133665.13,0.03280035777103424
15257,ENSG00000226174.7,0.03277686107360365
15258,ENSG00000109182.12,0.032756100955878546
15259,ENSG00000206432.4,0.032690218392238526
15260,ENSG00000176136.6,0.03267413371528034
15261,ENSG00000111728.10,0.03257140020052017
15262,ENSG00000187815.10,0.032545697667215934
15263,ENSG00000164303.11,0.03252653505612484
15264,ENSG00000155530.3,0.03252128882985223
15265,ENSG00000277531.2,0.03249833843598663
15266,ENSG00000147647.13,0.03247707656556477
15267,ENSG00000253485.2,0.03245611683679992
15268,ENSG00000104888.10,0.03245234996809424
15269,ENSG00000179097.6,0.03244539529633371
15270,ENSG00000261594.4,0.03237783239944558
15271,ENSG00000189227.6,0.032369055553561704
15272,ENSG00000180772.7,0.0323414142868079
15273,ENSG00000225932.3,0.032226843237715096
15274,ENSG00000160224.17,0.03222337562749247
15275,ENSG00000181378.14,0.032222634097668276
15276,ENSG00000159387.8,0.03220507530410314
15277,ENSG00000228486.10,0.03219723937775266
15278,ENSG00000213213.14,0.03215965729565848
15279,ENSG00000145451.13,0.032125095699189817
15280,ENSG00000205846.4,0.032118429082804364
15281,ENSG00000255508.7,0.03210610578792131
15282,ENSG00000163576.18,0.0320997011487451
15283,ENSG00000172780.17,0.03209430877003624
15284,ENSG00000166262.16,0.03205600655683767
15285,ENSG00000286264.2,0.032047774583916326
15286,ENSG00000001631.16,0.03203448633778267
15287,ENSG00000164002.11,0.032028022856928025
15288,ENSG00000183032.12,0.032016976454352045
15289,ENSG00000173611.18,0.03198691166738953
15290,ENSG00000158497.5,0.03194883118356766
15291,ENSG00000229453.2,0.03193389386772212
15292,ENSG00000145242.13,0.031914474630060446
15293,ENSG00000172771.12,0.03187748482877541
15294,ENSG00000099338.23,0.03186783720779978
15295,ENSG00000163492.15,0.03186374329944752
15296,ENSG00000087250.9,0.031858624604621556
15297,ENSG00000138675.16,0.03179082767333954
15298,ENSG00000145736.14,0.03172396798775613
15299,ENSG00000165259.14,0.031711260014782694
15300,ENSG00000184895.8,0.031709489176399416
15301,ENSG00000073146.16,0.03170353336175176
15302,ENSG00000255833.2,0.03168400021572387
15303,ENSG00000111490.15,0.03164336822924629
15304,ENSG00000196090.12,0.03159627215621534
15305,ENSG00000240445.6,0.03157858815106224
15306,ENSG00000073754.6,0.03157784074799729
15307,ENSG00000185972.6,0.031552773872620586
15308,ENSG00000148600.15,0.03147944330277345
15309,ENSG00000148950.11,0.03145609327640293
15310,ENSG00000206562.12,0.03145082511124397
15311,ENSG00000170100.14,0.031418697038691705
15312,ENSG00000134539.17,0.031381330796190564
15313,ENSG00000131050.11,0.031380807827632966
15314,ENSG00000146426.18,0.031335561850225575
15315,ENSG00000137822.13,0.03133288320814964
15316,ENSG00000140025.16,0.031307319229322575
15317,ENSG00000102468.11,0.03130415254433718
15318,ENSG00000175894.18,0.03128736591200267
15319,ENSG00000145723.17,0.03128113452396985
15320,ENSG00000213782.7,0.03126912077604265
15321,ENSG00000149435.12,0.031251467542862496
15322,ENSG00000198963.11,0.03122222787723809
15323,ENSG00000147601.15,0.031206981598807398
15324,ENSG00000113905.5,0.03120020945807466
15325,ENSG00000100429.18,0.03120011433622943
15326,ENSG00000095110.8,0.031160979506256587
15327,ENSG00000141098.13,0.031149813539415688
15328,ENSG00000137869.15,0.03111645545743479
15329,ENSG00000142405.22,0.031113350200706134
15330,ENSG00000154975.14,0.030944689844758736
15331,ENSG00000185774.16,0.030912204593796018
15332,ENSG00000175206.10,0.03087362430298996
15333,ENSG00000113761.12,0.030860107660906147
15334,ENSG00000092108.22,0.03084609750727379
15335,ENSG00000262209.3,0.03080044142252738
15336,ENSG00000144410.5,0.03077944627417179
15337,ENSG00000078814.17,0.030770189761197005
15338,ENSG00000244752.3,0.030756461092201474
15339,ENSG00000250644.3,0.03073573691517402
15340,ENSG00000176563.10,0.03073324130318973
15341,ENSG00000167216.17,0.03062998550138392
15342,ENSG00000114098.18,0.03059220779165034
15343,ENSG00000161860.8,0.030561006226481863
15344,ENSG00000215009.5,0.030555104679812824
15345,ENSG00000177576.12,0.030553211041894953
15346,ENSG00000185842.15,0.030543729622916155
15347,ENSG00000182149.21,0.030537047164747057
15348,ENSG00000288558.2,0.030518727830615325
15349,ENSG00000168811.7,0.030489592746363373
15350,ENSG00000162946.23,0.030484072779878652
15351,ENSG00000186272.13,0.030416506581105677
15352,ENSG00000180881.19,0.030407987915570655
15353,ENSG00000261884.2,0.030400365695083417
15354,ENSG00000120471.15,0.030358659093595423
15355,ENSG00000150873.12,0.030325522758346612
15356,ENSG00000204889.10,0.03030196968464552
15357,ENSG00000197465.14,0.030213793667296124
15358,ENSG00000185760.17,0.030197508754948227
15359,ENSG00000172748.14,0.030168759425613915
15360,ENSG00000109339.24,0.030164985740303598
15361,ENSG00000055955.17,0.030131563788354382
15362,ENSG00000273238.3,0.03012004041758136
15363,ENSG00000106246.18,0.03009622718194744
15364,ENSG00000155592.16,0.03009214749722651
15365,ENSG00000255974.8,0.03004765071155765
15366,ENSG00000168152.13,0.030043599633766967
15367,ENSG00000160339.16,0.029984719833767413
15368,ENSG00000197168.13,0.029960299710237188
15369,ENSG00000137561.5,0.02994975991225549
15370,ENSG00000177294.7,0.029917172778161173
15371,ENSG00000213759.10,0.029907851876194755
15372,ENSG00000186297.12,0.029901842614898325
15373,ENSG00000100578.18,0.029900812976111822
15374,ENSG00000147606.9,0.02988871970344241
15375,ENSG00000165496.5,0.02985371131470039
15376,ENSG00000274997.2,0.029790826853219
15377,ENSG00000149742.10,0.02978568503505772
15378,ENSG00000197360.9,0.029782178158134158
15379,ENSG00000164404.8,0.029773578090896178
15380,ENSG00000112367.12,0.029772798662763722
15381,ENSG00000251664.5,0.029747407580092634
15382,ENSG00000188000.5,0.029715535165242314
15383,ENSG00000071909.19,0.02971400358530348
15384,ENSG00000187105.9,0.029705763969807834
15385,ENSG00000149295.14,0.029674877675828784
15386,ENSG00000102098.19,0.02966943249770763
15387,ENSG00000172785.18,0.029659273249046027
15388,ENSG00000249471.8,0.029639167424228712
15389,ENSG00000146166.17,0.029634067662605616
15390,ENSG00000255274.9,0.02961499311072485
15391,ENSG00000204956.5,0.029609644434876493
15392,ENSG00000107951.15,0.029579843265057783
15393,ENSG00000083838.16,0.029578977815218947
15394,ENSG00000168228.15,0.029574291061803072
15395,ENSG00000125885.13,0.029567162478964383
15396,ENSG00000186431.19,0.029559809606612798
15397,ENSG00000163138.19,0.02952022757460602
15398,ENSG00000165621.8,0.029513653244758326
15399,ENSG00000186496.12,0.029496113094219064
15400,ENSG00000185155.12,0.029447571799897303
15401,ENSG00000227124.11,0.029441665574399187
15402,ENSG00000159917.17,0.029431171235356164
15403,ENSG00000256797.1,0.029430269451352575
15404,ENSG00000179111.9,0.029379068534654825
15405,ENSG00000140543.15,0.029376147100267758
15406,ENSG00000183560.9,0.0293518239897027
15407,ENSG00000103061.13,0.029340589411832117
15408,ENSG00000187010.21,0.029339873061848272
15409,ENSG00000175564.13,0.029322026416408888
15410,ENSG00000015479.20,0.029314799432145273
15411,ENSG00000164188.9,0.029314010875858477
15412,ENSG00000147485.13,0.029310311296114173
15413,ENSG00000110768.12,0.02930949359681759
15414,ENSG00000273983.1,0.029289502269469588
15415,ENSG00000121853.4,0.029264087121473114
15416,ENSG00000135976.20,0.029254414243299828
15417,ENSG00000106344.8,0.029236837505280555
15418,ENSG00000164418.21,0.02923548749383591
15419,ENSG00000163006.12,0.029183368530004222
15420,ENSG00000121903.14,0.029162356805792548
15421,ENSG00000187790.11,0.029135442494996708
15422,ENSG00000197165.11,0.02911692309597716
15423,ENSG00000134940.14,0.029093708728853192
15424,ENSG00000146856.14,0.02901630666235014
15425,ENSG00000204152.14,0.028993178762090597
15426,ENSG00000127325.19,0.028990199754351752
15427,ENSG00000266967.7,0.028948468693077156
15428,ENSG00000141622.14,0.028907898871524805
15429,ENSG00000118514.14,0.02888879978887297
15430,ENSG00000065883.16,0.02887400230409969
15431,ENSG00000177599.13,0.028870771108939774
15432,ENSG00000259494.2,0.028859504387825897
15433,ENSG00000131115.16,0.028802877069535212
15434,ENSG00000168754.15,0.028716012545750572
15435,ENSG00000102053.12,0.028682265341800177
15436,ENSG00000174137.13,0.02867396641372857
15437,ENSG00000196228.3,0.028664162735204085
15438,ENSG00000221867.9,0.02865876098708679
15439,ENSG00000175054.16,0.028622846405911315
15440,ENSG00000160207.9,0.028609087671248846
15441,ENSG00000066044.15,0.028599498427292175
15442,ENSG00000189269.12,0.02857914431441008
15443,ENSG00000164898.13,0.028556996758781702
15444,ENSG00000140873.16,0.028536796243382605
15445,ENSG00000186026.7,0.028518547851417202
15446,ENSG00000100629.17,0.02851395397675179
15447,ENSG00000009724.17,0.028509306401434432
15448,ENSG00000165462.5,0.028491148423240197
15449,ENSG00000160117.16,0.02846817787953982
15450,ENSG00000149548.15,0.028452607787315443
15451,ENSG00000172426.16,0.028432915439072726
15452,ENSG00000157764.14,0.028404301571581907
15453,ENSG00000166164.16,0.02832187020975545
15454,ENSG00000188011.5,0.02831003013985928
15455,ENSG00000170445.16,0.028292255779465786
15456,ENSG00000165164.14,0.02828793570375598
15457,ENSG00000102786.15,0.028276925818210365
15458,ENSG00000187569.3,0.02825500660163375
15459,ENSG00000132518.7,0.028227595695800183
15460,ENSG00000151466.12,0.02822501097496482
15461,ENSG00000255561.7,0.028223597892017744
15462,ENSG00000153037.15,0.02819991515393682
15463,ENSG00000185883.12,0.028173586362802008
15464,ENSG00000144021.3,0.02817014756542421
15465,ENSG00000196967.11,0.028149106807696316
15466,ENSG00000262576.3,0.028036697930412042
15467,ENSG00000100678.19,0.02801879281467658
15468,ENSG00000162971.11,0.028015446510489154
15469,ENSG00000204923.4,0.02800409775186799
15470,ENSG00000109471.5,0.027997093306699843
15471,ENSG00000184344.4,0.027959413189574372
15472,ENSG00000132554.20,0.027957654515290538
15473,ENSG00000108231.14,0.027849954791829664
15474,ENSG00000111837.12,0.027820689292202206
15475,ENSG00000153896.19,0.027787496750811498
15476,ENSG00000147256.12,0.027719115006168287
15477,ENSG00000158813.18,0.027703291201026492
15478,ENSG00000256294.8,0.027661103825946116
15479,ENSG00000198178.11,0.027632653629968112
15480,ENSG00000101323.5,0.02761565633025799
15481,ENSG00000235034.7,0.02760431766487089
15482,ENSG00000101440.9,0.027574911644700315
15483,ENSG00000144792.9,0.02756151562513203
15484,ENSG00000111305.19,0.027537188356632
15485,ENSG00000196369.11,0.027503450891216547
15486,ENSG00000186105.8,0.027497001415009003
15487,ENSG00000180878.3,0.027444749916668534
15488,ENSG00000126733.21,0.027367229035022783
15489,ENSG00000253731.3,0.027343265881154433
15490,ENSG00000151687.14,0.027332772232220613
15491,ENSG00000196344.11,0.02733003608801996
15492,ENSG00000152705.8,0.027324615242797348
15493,ENSG00000126467.11,0.027305563424350084
15494,ENSG00000146049.2,0.027304447523543596
15495,ENSG00000182923.19,0.027291107409711194
15496,ENSG00000269720.2,0.027289554499186013
15497,ENSG00000169989.3,0.027215693418208023
15498,ENSG00000105085.11,0.027193605512795222
15499,ENSG00000185130.5,0.027174581781109947
15500,ENSG00000119723.17,0.027169699656679733
15501,ENSG00000165325.14,0.027134951903577523
15502,ENSG00000141431.12,0.027132665591020597
15503,ENSG00000164663.14,0.027107915530945045
15504,ENSG00000155636.15,0.027079030281910086
15505,ENSG00000119915.5,0.027069755778529537
15506,ENSG00000219626.9,0.027052339642026576
15507,ENSG00000185437.13,0.02701406979362575
15508,ENSG00000169247.14,0.026945255537014115
15509,ENSG00000179240.13,0.026915145117228968
15510,ENSG00000122484.9,0.026891653812041446
15511,ENSG00000089250.19,0.026888460147342485
15512,ENSG00000256574.8,0.026861211437736
15513,ENSG00000164619.10,0.026827282450035423
15514,ENSG00000136709.12,0.026822377000487344
15515,ENSG00000115266.12,0.026816656731155783
15516,ENSG00000184451.5,0.026813256728961253
15517,ENSG00000153093.20,0.026811226718571068
15518,ENSG00000151338.18,0.026765009726083908
15519,ENSG00000123569.8,0.02670535138675118
15520,ENSG00000178732.5,0.026700766497270417
15521,ENSG00000198440.9,0.026676656309796286
15522,ENSG00000231852.9,0.026641432229584622
15523,ENSG00000258947.7,0.026640793611155275
15524,ENSG00000180509.12,0.026609070207825193
15525,ENSG00000204271.13,0.026502011761993936
15526,ENSG00000168703.5,0.026499176016885697
15527,ENSG00000160223.17,0.026484710352769517
15528,ENSG00000135482.7,0.026465544338695326
15529,ENSG00000117598.13,0.02646041894944316
15530,ENSG00000183770.7,0.02642751813761209
15531,ENSG00000274349.4,0.026335693355259225
15532,ENSG00000056487.16,0.026315568614953225
15533,ENSG00000267796.8,0.026307070810444103
15534,ENSG00000197275.14,0.02629155100168752
15535,ENSG00000278705.1,0.02624793977084428
15536,ENSG00000149972.11,0.026223196998971954
15537,ENSG00000112293.15,0.026183564837307865
15538,ENSG00000115274.15,0.026120231278282675
15539,ENSG00000164162.14,0.026061006897293463
15540,ENSG00000214575.9,0.02602801127412857
15541,ENSG00000164849.10,0.02602327461341078
15542,ENSG00000172987.13,0.025954368429955427
15543,ENSG00000160472.5,0.025924366015298832
15544,ENSG00000205864.1,0.025911423429614184
15545,ENSG00000176896.8,0.025897184120628355
15546,ENSG00000163684.12,0.02589230633027445
15547,ENSG00000149201.10,0.025823511121376368
15548,ENSG00000268223.6,0.025807683015783723
15549,ENSG00000214954.8,0.02579342213359173
15550,ENSG00000179603.18,0.025757515685940768
15551,ENSG00000176029.14,0.025640311348493657
15552,ENSG00000166558.11,0.02562485459261264
15553,ENSG00000182103.5,0.025608204322694943
15554,ENSG00000197919.6,0.02559952748566823
15555,ENSG00000160505.16,0.025557074361456825
15556,ENSG00000189144.14,0.02553475587796708
15557,ENSG00000196275.14,0.0255269565352552
15558,ENSG00000178694.10,0.025509665505549624
15559,ENSG00000176771.17,0.025460911755863874
15560,ENSG00000197302.10,0.025458091577302416
15561,ENSG00000188610.12,0.02543501435304426
15562,ENSG00000197272.2,0.02543344247323874
15563,ENSG00000102683.8,0.02541832561955138
15564,ENSG00000105675.9,0.025363155930423903
15565,ENSG00000180481.11,0.025359940005651064
15566,ENSG00000198039.11,0.025325025273633273
15567,ENSG00000175003.15,0.02531155169140149
15568,ENSG00000184226.15,0.0252975746542913
15569,ENSG00000162490.7,0.02525407115839982
15570,ENSG00000282988.2,0.025239844106114077
15571,ENSG00000141956.14,0.025216949942640704
15572,ENSG00000167332.9,0.02520561654973197
15573,ENSG00000132259.13,0.025201813243778123
15574,ENSG00000140470.15,0.02516897778240371
15575,ENSG00000175305.17,0.025138982567289834
15576,ENSG00000109625.19,0.025116212000185306
15577,ENSG00000139155.9,0.025077616951200747
15578,ENSG00000169427.8,0.02507567952399827
15579,ENSG00000189164.15,0.025064625823539317
15580,ENSG00000167634.12,0.02499121855274386
15581,ENSG00000213809.9,0.024977928049703387
15582,ENSG00000145248.7,0.02497696566546128
15583,ENSG00000213967.11,0.02497539633425067
15584,ENSG00000118156.12,0.024944579742100313
15585,ENSG00000129682.16,0.024911623140721772
15586,ENSG00000100150.20,0.02490809921814151
15587,ENSG00000116147.17,0.024823141974991705
15588,ENSG00000186280.7,0.024783539929248703
15589,ENSG00000108813.11,0.024767187448579888
15590,ENSG00000009694.13,0.02476071159818197
15591,ENSG00000089091.16,0.024752427311887888
15592,ENSG00000105255.11,0.024716065524274692
15593,ENSG00000164604.13,0.02471185182490476
15594,ENSG00000147127.8,0.024709388273733257
15595,ENSG00000118557.16,0.02470810239298836
15596,ENSG00000241322.11,0.0247044926059468
15597,ENSG00000213337.9,0.02467980180628506
15598,ENSG00000100341.12,0.024670692754291595
15599,ENSG00000134899.23,0.02465861578511322
15600,ENSG00000235387.5,0.02455346697387159
15601,ENSG00000187510.10,0.024543419013674357
15602,ENSG00000139160.13,0.024541236064088003
15603,ENSG00000141096.6,0.02453728214157727
15604,ENSG00000175518.8,0.02453540776132209
15605,ENSG00000167637.18,0.024509364208917743
15606,ENSG00000181781.9,0.02449606988451418
15607,ENSG00000128285.4,0.024470364928688773
15608,ENSG00000189157.14,0.02445817907365206
15609,ENSG00000142449.13,0.024454874365170066
15610,ENSG00000100288.20,0.02443554047318427
15611,ENSG00000187942.12,0.024370018488864092
15612,ENSG00000168000.14,0.024338124652733634
15613,ENSG00000136682.15,0.02417403583314945
15614,ENSG00000283644.1,0.02415411275214772
15615,ENSG00000287080.2,0.024139829019877965
15616,ENSG00000156886.12,0.02413362371760303
15617,ENSG00000171711.3,0.02413129750172567
15618,ENSG00000249884.8,0.024098169810416584
15619,ENSG00000128322.7,0.02401460821836287
15620,ENSG00000177627.11,0.02399420346155318
15621,ENSG00000221843.4,0.023909431209689507
15622,ENSG00000106477.20,0.023884596308375503
15623,ENSG00000106459.15,0.023881642068144155
15624,ENSG00000101353.15,0.023836025984007966
15625,ENSG00000116329.11,0.023803920373835503
15626,ENSG00000177688.7,0.023798847389210828
15627,ENSG00000107890.17,0.023772735680413097
15628,ENSG00000250506.8,0.02373079877721125
15629,ENSG00000144035.4,0.023699241967503334
15630,ENSG00000258311.5,0.02366215844028004
15631,ENSG00000148942.15,0.02366050052211704
15632,ENSG00000188778.6,0.023604497256636287
15633,ENSG00000179057.14,0.02359972242566975
15634,ENSG00000189252.4,0.02357337801686954
15635,ENSG00000205560.13,0.02357130043121055
15636,ENSG00000224712.12,0.023568398851763192
15637,ENSG00000176358.15,0.023536999293104245
15638,ENSG00000203785.9,0.02353687158142119
15639,ENSG00000008196.13,0.023534707498052882
15640,ENSG00000174521.7,0.023514305604991518
15641,ENSG00000161031.13,0.02349914795949476
15642,ENSG00000160838.14,0.023467514472994028
15643,ENSG00000164438.6,0.023426180691248077
15644,ENSG00000169621.10,0.023420815515054046
15645,ENSG00000173302.5,0.023405570363333402
15646,ENSG00000149050.10,0.023388602744567697
15647,ENSG00000243646.10,0.023386571855048107
15648,ENSG00000144550.13,0.023370639706658283
15649,ENSG00000180479.14,0.02336952023570317
15650,ENSG00000184374.3,0.02335487858573726
15651,ENSG00000148019.14,0.02332954536762336
15652,ENSG00000181544.15,0.023323620050863768
15653,ENSG00000182318.6,0.023313160919789265
15654,ENSG00000185869.15,0.023306823224967778
15655,ENSG00000230626.4,0.02323553510718437
15656,ENSG00000138622.4,0.023145981674584922
15657,ENSG00000119139.21,0.02314224915705461
15658,ENSG00000175664.10,0.023127146728617955
15659,ENSG00000111850.11,0.023117544194431027
15660,ENSG00000007341.19,0.023096058235646238
15661,ENSG00000125823.12,0.023081721937749503
15662,ENSG00000285589.1,0.023067561917007977
15663,ENSG00000196860.8,0.023032938345892498
15664,ENSG00000111729.14,0.02302119922153784
15665,ENSG00000267041.6,0.023001558694847525
15666,ENSG00000175106.17,0.02299815973380116
15667,ENSG00000196415.10,0.022981571017125557
15668,ENSG00000124334.17,0.0229671378666277
15669,ENSG00000147996.16,0.02286755485246414
15670,ENSG00000237651.6,0.022861025052255807
15671,ENSG00000174945.13,0.022756226359415627
15672,ENSG00000104901.7,0.02275028209425993
15673,ENSG00000204967.12,0.02268874170532827
15674,ENSG00000186471.13,0.022685986529334845
15675,ENSG00000128714.6,0.02266768507203797
15676,ENSG00000213413.2,0.022613050260121486
15677,ENSG00000205683.11,0.022589026524241163
15678,ENSG00000151131.11,0.022584870480971863
15679,ENSG00000189410.12,0.022582923643248067
15680,ENSG00000188739.15,0.022574827116161322
15681,ENSG00000109771.15,0.022529769275936532
15682,ENSG00000198019.13,0.022527237516265595
15683,ENSG00000163202.5,0.022474003934709115
15684,ENSG00000187987.9,0.02243357026612889
15685,ENSG00000242110.8,0.02239783519253246
15686,ENSG00000215784.6,0.022378580476214317
15687,ENSG00000135740.17,0.022369372863401155
15688,ENSG00000131044.17,0.022354806402907712
15689,ENSG00000125409.13,0.02232986463999184
15690,ENSG00000180318.4,0.02229656577496199
15691,ENSG00000101542.10,0.022268750342724006
15692,ENSG00000147378.11,0.022231030864780416
15693,ENSG00000234776.5,0.02223100039649845
15694,ENSG00000126231.15,0.02220635398631393
15695,ENSG00000196417.13,0.02216469363641921
15696,ENSG00000196862.10,0.022159987578264508
15697,ENSG00000148814.18,0.022143444341018902
15698,ENSG00000150477.15,0.022092915880542515
15699,ENSG00000273173.5,0.022071992822887174
15700,ENSG00000145949.11,0.02201514921541378
15701,ENSG00000155269.12,0.022014132772951594
15702,ENSG00000171017.11,0.0219905110331781
15703,ENSG00000175782.11,0.021969965967821276
15704,ENSG00000156486.8,0.021961949953023856
15705,ENSG00000276903.2,0.021957035302583302
15706,ENSG00000159182.5,0.0219564970388716
15707,ENSG00000110243.12,0.021944947959400843
15708,ENSG00000113302.5,0.021924107115163606
15709,ENSG00000155966.14,0.021919738661095478
15710,ENSG00000143194.13,0.021905258283840094
15711,ENSG00000177058.12,0.021894886883837294
15712,ENSG00000164707.15,0.021878374571676337
15713,ENSG00000182902.14,0.021875008056621792
15714,ENSG00000175768.13,0.021825855244239502
15715,ENSG00000114656.12,0.02181225980473226
15716,ENSG00000114757.19,0.021794732998669915
15717,ENSG00000144061.14,0.02178551763322118
15718,ENSG00000088766.12,0.021743236552076755
15719,ENSG00000104218.16,0.021739255122067043
15720,ENSG00000188710.3,0.02170801823320607
15721,ENSG00000157653.12,0.021700515095248497
15722,ENSG00000197497.11,0.021690553175057366
15723,ENSG00000091181.20,0.02168197427457074
15724,ENSG00000255221.3,0.02159300046433625
15725,ENSG00000182185.18,0.021587502842080438
15726,ENSG00000171121.16,0.021574426890759935
15727,ENSG00000268533.1,0.02156968616114536
15728,ENSG00000176204.13,0.02155245012727114
15729,ENSG00000070808.16,0.021547535981265388
15730,ENSG00000165553.4,0.02151531920699075
15731,ENSG00000049883.15,0.0214780052822124
15732,ENSG00000253710.4,0.02147510475546847
15733,ENSG00000106631.8,0.021434734741879773
15734,ENSG00000176225.15,0.02142940744689491
15735,ENSG00000170948.3,0.02141554850032072
15736,ENSG00000182631.7,0.021409202475219963
15737,ENSG00000086288.12,0.021385979699769193
15738,ENSG00000119720.18,0.021337599676380343
15739,ENSG00000170374.6,0.021333604027968352
15740,ENSG00000270629.6,0.02129119776386762
15741,ENSG00000151322.19,0.021262440883404517
15742,ENSG00000164199.18,0.02123963327940074
15743,ENSG00000214595.12,0.021214603611724104
15744,ENSG00000154710.18,0.021209739117715436
15745,ENSG00000143627.19,0.02114368243292567
15746,ENSG00000130032.17,0.0211355591796705
15747,ENSG00000165300.7,0.021084584517903036
15748,ENSG00000121075.11,0.02106951457778652
15749,ENSG00000241563.4,0.02106114842319841
15750,ENSG00000197576.14,0.021047436311138756
15751,ENSG00000163864.17,0.02104560829106235
15752,ENSG00000253953.3,0.021023611891958373
15753,ENSG00000172554.12,0.020999496079415376
15754,ENSG00000168065.16,0.02099741155583746
15755,ENSG00000198183.12,0.020978129527603626
15756,ENSG00000005381.8,0.02095782940258306
15757,ENSG00000147099.21,0.020952466798809608
15758,ENSG00000159882.13,0.02093025330775118
15759,ENSG00000254536.2,0.020927705104036437
15760,ENSG00000179455.10,0.020918527053381798
15761,ENSG00000177468.7,0.020894232731643446
15762,ENSG00000159905.15,0.0208826707130114
15763,ENSG00000168872.17,0.020861815366018905
15764,ENSG00000167094.16,0.020809226862601123
15765,ENSG00000182196.13,0.0207950769092517
15766,ENSG00000254732.2,0.02069086357569974
15767,ENSG00000006377.11,0.020662006115542978
15768,ENSG00000138395.17,0.020659490787143315
15769,ENSG00000204406.14,0.020630730939828118
15770,ENSG00000157890.17,0.02061319996111452
15771,ENSG00000109832.14,0.02060226069460159
15772,ENSG00000160200.18,0.020588666888185506
15773,ENSG00000174611.12,0.020582263872109586
15774,ENSG00000244693.1,0.020565911530209657
15775,ENSG00000171403.10,0.020542074372150956
15776,ENSG00000273291.5,0.0205235052702669
15777,ENSG00000183378.12,0.020447737650928118
15778,ENSG00000166192.15,0.0204394424476533
15779,ENSG00000197768.10,0.020436176571387753
15780,ENSG00000188051.7,0.02041983983659639
15781,ENSG00000124196.6,0.020401586886823093
15782,ENSG00000104237.11,0.020398633875606312
15783,ENSG00000158815.11,0.020327267833762517
15784,ENSG00000171435.14,0.02032369208585611
15785,ENSG00000256436.1,0.020266350120243044
15786,ENSG00000128652.11,0.02024952278879295
15787,ENSG00000142233.14,0.020225641919537837
15788,ENSG00000151006.7,0.02017993274612393
15789,ENSG00000188916.9,0.020159867826087825
15790,ENSG00000101280.8,0.02015426638712359
15791,ENSG00000165702.14,0.02010336247990568
15792,ENSG00000118420.17,0.020086565400605293
15793,ENSG00000197110.9,0.020081133652201637
15794,ENSG00000188897.9,0.020079813352061535
15795,ENSG00000008226.20,0.020079772904510972
15796,ENSG00000173261.9,0.020062330239483138
15797,ENSG00000164129.12,0.020023363662262702
15798,ENSG00000177984.7,0.019977999359800762
15799,ENSG00000206150.4,0.019961047470885576
15800,ENSG00000144821.10,0.019915723991562863
15801,ENSG00000212124.2,0.019900062804670902
15802,ENSG00000106302.10,0.01986974977961618
15803,ENSG00000174586.11,0.019782914811510142
15804,ENSG00000142252.11,0.019763299621143496
15805,ENSG00000171873.8,0.019727779316038235
15806,ENSG00000166856.3,0.019708353414601983
15807,ENSG00000111886.11,0.019636314652954807
15808,ENSG00000086848.15,0.01962069350856739
15809,ENSG00000188996.4,0.01959613080698087
15810,ENSG00000153802.12,0.01959324513971696
15811,ENSG00000242366.3,0.01956771646806061
15812,ENSG00000162571.14,0.01955801889175561
15813,ENSG00000205038.12,0.01951284580375247
15814,ENSG00000180383.3,0.019493467195358435
15815,ENSG00000124257.6,0.019481749578037638
15816,ENSG00000132855.5,0.019438689433618535
15817,ENSG00000162188.6,0.019432666710296066
15818,ENSG00000156500.15,0.01938566345601659
15819,ENSG00000127364.4,0.019340508069884518
15820,ENSG00000206384.10,0.0193121773287756
15821,ENSG00000136634.7,0.019309008980960236
15822,ENSG00000274419.6,0.019298251224295373
15823,ENSG00000173567.15,0.01928834744141192
15824,ENSG00000170419.11,0.019284115123319814
15825,ENSG00000111405.9,0.019260363525339996
15826,ENSG00000256061.7,0.019240221727069177
15827,ENSG00000121988.18,0.01923207742251499
15828,ENSG00000185046.18,0.019205987170033162
15829,ENSG00000122592.8,0.01913807025439077
15830,ENSG00000198691.13,0.019134840610701618
15831,ENSG00000139269.3,0.0191012833155905
15832,ENSG00000147724.12,0.019063434101754692
15833,ENSG00000109132.7,0.019061226692230746
15834,ENSG00000147434.9,0.018993901307103687
15835,ENSG00000185668.8,0.018988464777294572
15836,ENSG00000165555.9,0.018980196629425426
15837,ENSG00000158428.4,0.018965292086355844
15838,ENSG00000258429.2,0.018834969845006322
15839,ENSG00000253506.3,0.018829882921686816
15840,ENSG00000079101.16,0.018815808497810237
15841,ENSG00000123561.15,0.01880150867177695
15842,ENSG00000184270.6,0.01879790230411818
15843,ENSG00000169682.18,0.018766067552218334
15844,ENSG00000160229.13,0.018728379565980044
15845,ENSG00000157578.13,0.018697415762590455
15846,ENSG00000140675.13,0.01868781531162516
15847,ENSG00000188394.8,0.018677208318854943
15848,ENSG00000178665.16,0.018676169922728
15849,ENSG00000002745.13,0.01867301252093155
15850,ENSG00000263513.5,0.01867227968616075
15851,ENSG00000172000.7,0.01866538389866139
15852,ENSG00000188676.13,0.01866075541913453
15853,ENSG00000225528.3,0.018568879447548453
15854,ENSG00000187860.10,0.0185377646152406
15855,ENSG00000187607.16,0.018530628848413628
15856,ENSG00000184599.13,0.018519548748508332
15857,ENSG00000105668.7,0.018510155653725664
15858,ENSG00000198930.13,0.01847234765208706
15859,ENSG00000274443.4,0.018453138663582377
15860,ENSG00000223510.7,0.018435532007405855
15861,ENSG00000185513.17,0.01839937085411757
15862,ENSG00000230062.5,0.018396395310076374
15863,ENSG00000157103.12,0.01838099105711245
15864,ENSG00000258674.5,0.018377161193778302
15865,ENSG00000075429.9,0.018367317350013828
15866,ENSG00000146005.4,0.01834946449911394
15867,ENSG00000271079.1,0.018325148006861046
15868,ENSG00000183709.8,0.01829111673589567
15869,ENSG00000198570.6,0.01828532152931976
15870,ENSG00000185966.4,0.018270358158354396
15871,ENSG00000284526.1,0.018251425988543627
15872,ENSG00000145692.15,0.018239759100805702
15873,ENSG00000235711.4,0.018211644767024776
15874,ENSG00000158955.11,0.018188281093704
15875,ENSG00000163421.9,0.018145769072252845
15876,ENSG00000196912.12,0.01813686722525249
15877,ENSG00000064218.5,0.01809588924142896
15878,ENSG00000159339.13,0.018081912670502156
15879,ENSG00000196990.9,0.01807411448299122
15880,ENSG00000163126.15,0.018048657329362467
15881,ENSG00000239620.3,0.01802744440417041
15882,ENSG00000255587.9,0.017976425397689698
15883,ENSG00000188033.10,0.01796935732784671
15884,ENSG00000129535.13,0.017938655366927073
15885,ENSG00000196109.9,0.01791626017094133
15886,ENSG00000185345.23,0.01789890645457608
15887,ENSG00000239900.13,0.017896362527652206
15888,ENSG00000214827.11,0.017894674048767756
15889,ENSG00000073584.20,0.01784936233547235
15890,ENSG00000179826.7,0.017828636616642652
15891,ENSG00000221829.10,0.01780897296916941
15892,ENSG00000159915.12,0.017808332430767026
15893,ENSG00000239704.11,0.017798745141702755
15894,ENSG00000164037.17,0.017689913230809727
15895,ENSG00000177483.11,0.01766617688454491
15896,ENSG00000166333.14,0.017634358890549717
15897,ENSG00000267710.9,0.017604476433355425
15898,ENSG00000184507.16,0.017481956562955793
15899,ENSG00000175985.10,0.01746535658501484
15900,ENSG00000215126.10,0.01744639428116141
15901,ENSG00000157680.15,0.01743483981266027
15902,ENSG00000186191.8,0.01740422782564988
15903,ENSG00000112706.12,0.017382252831418546
15904,ENSG00000177082.13,0.017382078700431174
15905,ENSG00000157330.10,0.01733848028800811
15906,ENSG00000132702.13,0.017326551233054006
15907,ENSG00000080572.13,0.017323425964082487
15908,ENSG00000158865.12,0.017313683564698715
15909,ENSG00000151846.8,0.017302357824182095
15910,ENSG00000204805.9,0.017287952228143173
15911,ENSG00000148832.16,0.0172400532013633
15912,ENSG00000198342.10,0.017224154214210006
15913,ENSG00000100206.10,0.01721158257384712
15914,ENSG00000175121.11,0.017199341452749123
15915,ENSG00000186300.12,0.01719735955908695
15916,ENSG00000135537.17,0.0171745116472693
15917,ENSG00000284969.1,0.017128175752467254
15918,ENSG00000156885.6,0.017128092857895124
15919,ENSG00000256045.3,0.017069561238203974
15920,ENSG00000163611.11,0.017065510661041016
15921,ENSG00000181656.7,0.0170463305363225
15922,ENSG00000205704.7,0.01702659921896194
15923,ENSG00000075673.12,0.01702554816949017
15924,ENSG00000112077.17,0.016989818650506444
15925,ENSG00000161298.18,0.016978340711161152
15926,ENSG00000173662.21,0.016961521546718563
15927,ENSG00000092377.15,0.01695534727783496
15928,ENSG00000186723.4,0.016927017676705368
15929,ENSG00000187391.22,0.016911695176747437
15930,ENSG00000227268.5,0.016902235040971623
15931,ENSG00000250120.8,0.016874339066959416
15932,ENSG00000139364.10,0.016847627023586973
15933,ENSG00000198754.5,0.016823723253735285
15934,ENSG00000186453.13,0.016812741993744943
15935,ENSG00000137463.5,0.016771083507026826
15936,ENSG00000204149.13,0.016761290776924117
15937,ENSG00000183625.15,0.016732945232052914
15938,ENSG00000150361.12,0.016710404987345134
15939,ENSG00000120256.11,0.016648168099125744
15940,ENSG00000073670.14,0.016631921864451806
15941,ENSG00000196632.10,0.016627089151012662
15942,ENSG00000171786.6,0.01658161684515981
15943,ENSG00000008438.5,0.01657349901036375
15944,ENSG00000084628.10,0.016570329671941313
15945,ENSG00000257594.4,0.016525224409530456
15946,ENSG00000183066.14,0.01650951822477324
15947,ENSG00000117971.12,0.016508828679271354
15948,ENSG00000198673.10,0.016462139966767864
15949,ENSG00000274276.4,0.016398244859400623
15950,ENSG00000134571.11,0.016342735851116535
15951,ENSG00000161681.16,0.016330884432898953
15952,ENSG00000073734.10,0.01629767075280043
15953,ENSG00000275714.2,0.016239196925950238
15954,ENSG00000256870.3,0.01623495931409789
15955,ENSG00000166091.21,0.0161712017003992
15956,ENSG00000156509.14,0.01616527311116744
15957,ENSG00000177414.13,0.016158747755373046
15958,ENSG00000140538.16,0.01611983640066793
15959,ENSG00000212993.5,0.01609939385118091
15960,ENSG00000185523.6,0.016073548211964384
15961,ENSG00000140905.11,0.016049036524597618
15962,ENSG00000143552.9,0.016030124280184424
15963,ENSG00000070748.19,0.01597134917469474
15964,ENSG00000203667.10,0.015953691874911666
15965,ENSG00000149506.11,0.01594547259765829
15966,ENSG00000178386.13,0.015922093909751453
15967,ENSG00000173253.15,0.0158703469228793
15968,ENSG00000265817.4,0.015852497727738862
15969,ENSG00000239388.9,0.0158497804706192
15970,ENSG00000214029.5,0.015826060124463463
15971,ENSG00000205667.3,0.015825919041437635
15972,ENSG00000103184.12,0.015809031807297924
15973,ENSG00000164520.11,0.015777310094122376
15974,ENSG00000260097.3,0.01574059912367649
15975,ENSG00000204427.12,0.01571655006795954
15976,ENSG00000146276.12,0.015673269614724077
15977,ENSG00000230453.9,0.015670604936889893
15978,ENSG00000204572.10,0.015644083159587836
15979,ENSG00000070915.10,0.015618782431543968
15980,ENSG00000146263.11,0.015583312354591327
15981,ENSG00000164398.15,0.01555406973430788
15982,ENSG00000167769.5,0.01553693113856576
15983,ENSG00000172139.15,0.015502490875170086
15984,ENSG00000107611.16,0.015490615965073838
15985,ENSG00000002822.15,0.015476945538592166
15986,ENSG00000112053.14,0.01547561689938916
15987,ENSG00000239857.7,0.015474050530821527
15988,ENSG00000170523.3,0.015468035414045435
15989,ENSG00000171217.5,0.015450525820006528
15990,ENSG00000215912.12,0.015420850515507746
15991,ENSG00000103599.20,0.015392388888305797
15992,ENSG00000286015.1,0.01538936732201752
15993,ENSG00000107018.8,0.015369543976826164
15994,ENSG00000131848.9,0.015342368731967641
15995,ENSG00000171722.13,0.015322029236608239
15996,ENSG00000105278.12,0.01531440980884908
15997,ENSG00000250254.2,0.015293420856820015
15998,ENSG00000187151.7,0.015266965690314093
15999,ENSG00000162669.16,0.015265857499159617
16000,ENSG00000173401.10,0.015228555301871664
16001,ENSG00000258405.11,0.015228067045789127
16002,ENSG00000178233.18,0.015223613245702752
16003,ENSG00000205710.4,0.015202061647073896
16004,ENSG00000230797.3,0.015182805289476796
16005,ENSG00000152592.14,0.015178612628990581
16006,ENSG00000187959.9,0.01514501146449486
16007,ENSG00000239264.9,0.015131221709601099
16008,ENSG00000206072.13,0.015129955570034777
16009,ENSG00000272196.2,0.0151083726510757
16010,ENSG00000175161.14,0.01510572721978351
16011,ENSG00000118520.15,0.015100729749231085
16012,ENSG00000268182.6,0.015097984253701204
16013,ENSG00000184221.13,0.015037150860745334
16014,ENSG00000261408.7,0.015029961995053371
16015,ENSG00000047617.15,0.015028045559932342
16016,ENSG00000284505.1,0.015024704445492846
16017,ENSG00000187736.13,0.015022707960649972
16018,ENSG00000243811.11,0.015022308439805638
16019,ENSG00000132522.16,0.015005417915819767
16020,ENSG00000184361.13,0.014997892439595864
16021,ENSG00000081479.15,0.014996425284568111
16022,ENSG00000276368.2,0.014982066595409358
16023,ENSG00000174225.15,0.014956474860772019
16024,ENSG00000124140.14,0.014941162557208862
16025,ENSG00000143570.19,0.014866224136210072
16026,ENSG00000157429.16,0.014839010336952294
16027,ENSG00000152380.10,0.014833671780467649
16028,ENSG00000185897.7,0.014812371362481253
16029,ENSG00000128045.7,0.014806352963514884
16030,ENSG00000121454.6,0.01477744772735514
16031,ENSG00000184492.6,0.014770998718185506
16032,ENSG00000166323.13,0.014750393260522379
16033,ENSG00000179988.15,0.014715379998255201
16034,ENSG00000109758.9,0.014682141901614772
16035,ENSG00000140993.11,0.014641757773653952
16036,ENSG00000254245.3,0.014592643883549736
16037,ENSG00000077279.19,0.01458451679497426
16038,ENSG00000243710.8,0.014565485592812344
16039,ENSG00000120094.9,0.014542979892318172
16040,ENSG00000184313.20,0.014499062517662371
16041,ENSG00000130943.7,0.014484112927173972
16042,ENSG00000136867.11,0.014455287640661452
16043,ENSG00000185271.9,0.014452759618323515
16044,ENSG00000183137.15,0.014441238556498889
16045,ENSG00000164008.16,0.0144382304091705
16046,ENSG00000172345.14,0.014432702701869114
16047,ENSG00000160321.15,0.014430522389544082
16048,ENSG00000162594.16,0.014424735096058924
16049,ENSG00000140009.18,0.014403287770193007
16050,ENSG00000135903.20,0.014364859877376247
16051,ENSG00000105261.7,0.014354079084531944
16052,ENSG00000284308.1,0.014314120597991373
16053,ENSG00000134200.4,0.014310409179557873
16054,ENSG00000125787.11,0.014268667301803496
16055,ENSG00000186051.7,0.014264718159857566
16056,ENSG00000182585.10,0.014223347076632031
16057,ENSG00000124557.12,0.014193505419433324
16058,ENSG00000162456.10,0.014188025587070083
16059,ENSG00000164458.10,0.014178637459730168
16060,ENSG00000160201.12,0.014136540640353901
16061,ENSG00000136449.15,0.014124778265326175
16062,ENSG00000143257.12,0.014119262281210921
16063,ENSG00000213397.10,0.014091578980543442
16064,ENSG00000179397.18,0.0140837280613327
16065,ENSG00000177710.6,0.014071997281567118
16066,ENSG00000230358.4,0.014047763878908786
16067,ENSG00000110025.13,0.014041968135627221
16068,ENSG00000166006.14,0.014035573320165914
16069,ENSG00000187616.5,0.014034620066697052
16070,ENSG00000150667.8,0.014033661354673503
16071,ENSG00000125084.12,0.014008311490680813
16072,ENSG00000121270.16,0.013997882861205976
16073,ENSG00000186976.15,0.013983150740202961
16074,ENSG00000090512.12,0.0139757475773949
16075,ENSG00000117400.18,0.013971816132019688
16076,ENSG00000275722.5,0.013966142259662808
16077,ENSG00000171532.5,0.013948311217858458
16078,ENSG00000148204.12,0.013935236900634817
16079,ENSG00000203872.7,0.01391669741498616
16080,ENSG00000188580.15,0.013911992110805162
16081,ENSG00000164989.17,0.013910995392798034
16082,ENSG00000216937.13,0.013904176764635
16083,ENSG00000102145.15,0.013894409656580635
16084,ENSG00000141668.10,0.013892159045978842
16085,ENSG00000234511.10,0.013868605225219183
16086,ENSG00000173213.9,0.013868526677454581
16087,ENSG00000165194.15,0.01384269860946987
16088,ENSG00000178568.15,0.013834477757786436
16089,ENSG00000179058.7,0.013789078310976805
16090,ENSG00000165383.11,0.013784642666626197
16091,ENSG00000120210.8,0.013774622565686637
16092,ENSG00000106113.19,0.013750154575183117
16093,ENSG00000284695.1,0.013731881370825653
16094,ENSG00000161133.16,0.01369248770973587
16095,ENSG00000149970.16,0.013680713243851941
16096,ENSG00000198838.14,0.013661568314170355
16097,ENSG00000197921.6,0.01361108395766576
16098,ENSG00000180660.8,0.013597167176579964
16099,ENSG00000189127.8,0.013591050402676252
16100,ENSG00000125900.13,0.013549026310003301
16101,ENSG00000122012.14,0.01353406904903515
16102,ENSG00000282936.2,0.013531419840720432
16103,ENSG00000122733.12,0.013517150443315997
16104,ENSG00000172476.4,0.013493901067051006
16105,ENSG00000196431.4,0.013474061453861265
16106,ENSG00000159337.7,0.013457086134597007
16107,ENSG00000163050.18,0.013439312246659101
16108,ENSG00000171885.18,0.01342890462855331
16109,ENSG00000176076.7,0.013418414821027066
16110,ENSG00000182040.9,0.013380691149840387
16111,ENSG00000102174.9,0.013377619587025574
16112,ENSG00000102805.16,0.013368323668784588
16113,ENSG00000115297.11,0.01336379278193768
16114,ENSG00000196550.10,0.01336304111489358
16115,ENSG00000134183.12,0.01335282442501081
16116,ENSG00000239282.8,0.013337739102672679
16117,ENSG00000164082.15,0.013326690234984614
16118,ENSG00000187475.6,0.013324266613112529
16119,ENSG00000267855.6,0.01328985123773622
16120,ENSG00000226690.8,0.013287424617409596
16121,ENSG00000239839.7,0.01327031577928975
16122,ENSG00000049167.15,0.01325471409958923
16123,ENSG00000185666.15,0.01323563937426639
16124,ENSG00000099954.18,0.013216853056307591
16125,ENSG00000179774.9,0.013197874252924676
16126,ENSG00000188886.3,0.01318053175386892
16127,ENSG00000161652.12,0.013152521773873771
16128,ENSG00000084453.16,0.013148824843451949
16129,ENSG00000070669.17,0.013136480423619304
16130,ENSG00000166211.8,0.013131935602654413
16131,ENSG00000186094.17,0.013106129877691374
16132,ENSG00000275895.7,0.013095795119890348
16133,ENSG00000240764.4,0.013078682655092745
16134,ENSG00000181722.17,0.01305349577537225
16135,ENSG00000262874.2,0.013039879052429622
16136,ENSG00000240021.10,0.013034505461010478
16137,ENSG00000213886.4,0.013008905660245212
16138,ENSG00000233757.6,0.013000986641091224
16139,ENSG00000268320.4,0.012989060222402279
16140,ENSG00000283930.1,0.012977727589378542
16141,ENSG00000184735.7,0.012972005400422667
16142,ENSG00000101074.5,0.012967169982568073
16143,ENSG00000282815.1,0.01296303536553966
16144,ENSG00000186952.15,0.012950511042685419
16145,ENSG00000188032.10,0.012913309725257909
16146,ENSG00000120500.18,0.012899531690207838
16147,ENSG00000146090.16,0.012848453908588417
16148,ENSG00000108878.5,0.012845508996785689
16149,ENSG00000100890.16,0.012805962925964637
16150,ENSG00000169224.13,0.012799885596549763
16151,ENSG00000055813.6,0.012784836908554809
16152,ENSG00000144395.18,0.012784592696521444
16153,ENSG00000125965.9,0.012782239615618295
16154,ENSG00000285480.1,0.012741267596136623
16155,ENSG00000258315.5,0.0127079266187949
16156,ENSG00000170236.16,0.012694829550346775
16157,ENSG00000146006.8,0.01267648221622594
16158,ENSG00000187775.17,0.012667978571732793
16159,ENSG00000267281.2,0.01257575821147963
16160,ENSG00000106125.14,0.012554839879161254
16161,ENSG00000147481.17,0.012546524521657209
16162,ENSG00000138347.16,0.012546125490160617
16163,ENSG00000269855.2,0.012526589942103204
16164,ENSG00000174429.4,0.01251344649076422
16165,ENSG00000149124.11,0.012510719823132845
16166,ENSG00000173212.4,0.012489880229030989
16167,ENSG00000172733.11,0.012489690855596829
16168,ENSG00000174844.14,0.012486769642870536
16169,ENSG00000278662.5,0.012480254328900977
16170,ENSG00000118997.14,0.012450570021954087
16171,ENSG00000196118.12,0.012414246743908917
16172,ENSG00000204659.5,0.012383826832226523
16173,ENSG00000187922.14,0.012383366335941589
16174,ENSG00000120215.10,0.012377803447301031
16175,ENSG00000163746.12,0.012373317215096038
16176,ENSG00000171695.10,0.012372365322869944
16177,ENSG00000124568.12,0.012364667526723973
16178,ENSG00000264717.5,0.012351440931567974
16179,ENSG00000253873.6,0.012348090220032887
16180,ENSG00000188585.9,0.01234757143857548
16181,ENSG00000213658.12,0.012332343201538629
16182,ENSG00000152463.15,0.012308154908776592
16183,ENSG00000115423.19,0.012306462047943166
16184,ENSG00000175189.4,0.012303065092978925
16185,ENSG00000251192.7,0.012287241804431135
16186,ENSG00000178297.14,0.012258948122743625
16187,ENSG00000215397.4,0.012252222331274779
16188,ENSG00000163673.7,0.012245586526935545
16189,ENSG00000187642.9,0.012218401821394765
16190,ENSG00000185055.11,0.012209412466385053
16191,ENSG00000147145.12,0.012183305409276458
16192,ENSG00000189430.13,0.012166048076535497
16193,ENSG00000124743.6,0.01215677837747557
16194,ENSG00000197172.10,0.012142225451625768
16195,ENSG00000007314.12,0.012138864639007681
16196,ENSG00000279170.3,0.01211478254279514
16197,ENSG00000161082.13,0.012107403680662808
16198,ENSG00000149926.13,0.012071699211122739
16199,ENSG00000169918.10,0.012067004917103458
16200,ENSG00000168135.4,0.012057197723439132
16201,ENSG00000163749.17,0.01204489610460441
16202,ENSG00000172752.14,0.012043350125407228
16203,ENSG00000172425.12,0.01202364651059515
16204,ENSG00000110801.14,0.012013019056939567
16205,ENSG00000280969.2,0.011987562548465499
16206,ENSG00000124103.10,0.011985040525094508
16207,ENSG00000083067.23,0.011914914511303207
16208,ENSG00000187658.7,0.011889458834453708
16209,ENSG00000183571.11,0.011872174796991208
16210,ENSG00000132975.8,0.01182112704355233
16211,ENSG00000173262.12,0.011790332201600725
16212,ENSG00000154529.15,0.011788268360891183
16213,ENSG00000126861.5,0.011739269524449815
16214,ENSG00000182264.9,0.011719201196076428
16215,ENSG00000205693.4,0.01171414040884465
16216,ENSG00000278599.5,0.01170300268483468
16217,ENSG00000285868.1,0.011701748288141129
16218,ENSG00000164393.8,0.011696691165044622
16219,ENSG00000041515.16,0.011651997127660064
16220,ENSG00000163491.16,0.01161403553066986
16221,ENSG00000240045.2,0.011584633135248166
16222,ENSG00000255151.2,0.011572009336190545
16223,ENSG00000170917.14,0.011482182875735516
16224,ENSG00000114547.10,0.011457156376041966
16225,ENSG00000167220.12,0.011444265181188375
16226,ENSG00000128645.15,0.011432160617666035
16227,ENSG00000254469.7,0.011422496746617296
16228,ENSG00000158639.13,0.011391620564732797
16229,ENSG00000163060.8,0.011379277659942687
16230,ENSG00000107614.22,0.011370488638865838
16231,ENSG00000285053.1,0.01132741094642727
16232,ENSG00000101282.9,0.011307939194155812
16233,ENSG00000162959.13,0.01127737108759511
16234,ENSG00000206199.11,0.011272365036534594
16235,ENSG00000257950.3,0.011248103792271232
16236,ENSG00000250799.11,0.011244449576156374
16237,ENSG00000006283.18,0.011241897392121293
16238,ENSG00000198870.8,0.011238653788546391
16239,ENSG00000275152.5,0.011238108719333359
16240,ENSG00000142224.17,0.011234137848006077
16241,ENSG00000095464.10,0.011230915361974713
16242,ENSG00000255408.4,0.011218868308256028
16243,ENSG00000086506.3,0.011204625162595568
16244,ENSG00000115155.19,0.01119502100982913
16245,ENSG00000162722.9,0.011185225636458239
16246,ENSG00000222046.2,0.011165085738992112
16247,ENSG00000120440.15,0.011140420026963601
16248,ENSG00000164287.13,0.011137601493879263
16249,ENSG00000164532.11,0.01113507142933015
16250,ENSG00000111536.5,0.011116647388976332
16251,ENSG00000205639.12,0.011091643784782574
16252,ENSG00000140527.15,0.011071487058818363
16253,ENSG00000092345.14,0.011045615282373706
16254,ENSG00000279765.3,0.01103022165292662
16255,ENSG00000126759.14,0.011019460339306324
16256,ENSG00000243696.5,0.011014562986300816
16257,ENSG00000120051.15,0.010990819705807753
16258,ENSG00000111262.6,0.010969468131498057
16259,ENSG00000151812.15,0.010955282537539473
16260,ENSG00000129204.17,0.01095424117027592
16261,ENSG00000136929.13,0.010948469296918775
16262,ENSG00000163394.6,0.010944466456450037
16263,ENSG00000285043.2,0.01093538635927447
16264,ENSG00000248643.5,0.010918901125342809
16265,ENSG00000187672.14,0.010910533981248579
16266,ENSG00000173728.11,0.010904760519674558
16267,ENSG00000147465.12,0.01086452515148174
16268,ENSG00000205609.13,0.010859129764099114
16269,ENSG00000172179.12,0.010836656316525469
16270,ENSG00000196427.13,0.010821893716478325
16271,ENSG00000164821.5,0.010803857879054121
16272,ENSG00000204687.4,0.010754691063604951
16273,ENSG00000198889.5,0.010738534266124283
16274,ENSG00000171956.7,0.010718800714000524
16275,ENSG00000131503.21,0.010696815677775364
16276,ENSG00000104818.15,0.01068896361362646
16277,ENSG00000167971.16,0.010688251503658592
16278,ENSG00000128253.15,0.010647998250996134
16279,ENSG00000140107.12,0.010628761635584258
16280,ENSG00000156687.11,0.010624416202499853
16281,ENSG00000213977.8,0.010619317366127652
16282,ENSG00000196361.10,0.010617816254361326
16283,ENSG00000080709.16,0.010608597971524608
16284,ENSG00000182308.7,0.010604252750644368
16285,ENSG00000164651.17,0.010543543359845734
16286,ENSG00000203756.8,0.01053906739740448
16287,ENSG00000204963.6,0.010516965909191139
16288,ENSG00000285976.2,0.010475182038510349
16289,ENSG00000145757.16,0.010472887975755832
16290,ENSG00000232653.8,0.010468370578397453
16291,ENSG00000113522.14,0.01042913537492959
16292,ENSG00000166105.16,0.010422183622784409
16293,ENSG00000157782.9,0.010419219696256655
16294,ENSG00000173421.17,0.01035096474938088
16295,ENSG00000036530.9,0.010346564502516243
16296,ENSG00000185198.12,0.010346339674919929
16297,ENSG00000138653.10,0.010339322787255184
16298,ENSG00000188312.14,0.010336842874430787
16299,ENSG00000271092.5,0.01032378409067078
16300,ENSG00000205238.9,0.01030520763380981
16301,ENSG00000197889.10,0.010284219392814346
16302,ENSG00000154611.15,0.010274421125021964
16303,ENSG00000163806.16,0.010266053297713044
16304,ENSG00000186075.13,0.010255633310510182
16305,ENSG00000109101.8,0.01024578607749223
16306,ENSG00000180777.14,0.010223943031965197
16307,ENSG00000100884.9,0.010206597599812016
16308,ENSG00000134343.14,0.010177450047262396
16309,ENSG00000131969.15,0.010174453523085939
16310,ENSG00000243137.8,0.010171486503391669
16311,ENSG00000154162.15,0.010157095083894552
16312,ENSG00000228696.10,0.010153313577160459
16313,ENSG00000164744.13,0.01012942270450807
16314,ENSG00000165323.15,0.010108779969138212
16315,ENSG00000285077.2,0.010092412703266626
16316,ENSG00000140043.11,0.010087823779650017
16317,ENSG00000155749.13,0.0100620585269377
16318,ENSG00000152936.10,0.010041477744602666
16319,ENSG00000141665.13,0.010004236183574709
16320,ENSG00000236761.6,0.010001373895488226
16321,ENSG00000196468.8,0.009994798889131958
16322,ENSG00000154485.5,0.009983608616516402
16323,ENSG00000268480.3,0.009979692172964672
16324,ENSG00000275379.2,0.009974243088367463
16325,ENSG00000255346.10,0.00994008517658952
16326,ENSG00000144130.11,0.009873480374842798
16327,ENSG00000106436.7,0.009860576488544225
16328,ENSG00000235631.2,0.009851822870717244
16329,ENSG00000272305.5,0.009832109618488976
16330,ENSG00000180638.19,0.00981863562390372
16331,ENSG00000157703.16,0.009817957331694159
16332,ENSG00000186675.7,0.009792909021939206
16333,ENSG00000187581.3,0.009788807081279481
16334,ENSG00000171509.16,0.009762479103619296
16335,ENSG00000129214.15,0.009758045233350034
16336,ENSG00000275674.1,0.00973199243443022
16337,ENSG00000180998.12,0.009725612565511658
16338,ENSG00000131778.19,0.00971957832231725
16339,ENSG00000090932.11,0.009713775802498534
16340,ENSG00000089101.19,0.009712027224564749
16341,ENSG00000260643.2,0.009674207867694995
16342,ENSG00000168148.4,0.009673180124991621
16343,ENSG00000144339.12,0.009670523814756778
16344,ENSG00000143951.16,0.009664477604490228
16345,ENSG00000109047.8,0.00960238882083724
16346,ENSG00000080511.5,0.009597411437709577
16347,ENSG00000269067.2,0.00956188451379817
16348,ENSG00000175766.13,0.009559223267226857
16349,ENSG00000123407.4,0.00955607509096179
16350,ENSG00000145721.12,0.009532040993883707
16351,ENSG00000197153.5,0.009526128194529448
16352,ENSG00000139767.10,0.009519370722900997
16353,ENSG00000166509.12,0.009503635519768747
16354,ENSG00000188958.9,0.009458403864283618
16355,ENSG00000249437.8,0.009456017890537405
16356,ENSG00000278637.2,0.009447539881745763
16357,ENSG00000181016.9,0.009402904840328385
16358,ENSG00000260007.3,0.009395894268380575
16359,ENSG00000204965.9,0.009393484894987467
16360,ENSG00000113520.11,0.00939251782141375
16361,ENSG00000154025.16,0.009387738858858014
16362,ENSG00000168282.6,0.009357955982252666
16363,ENSG00000110975.8,0.009342880360432921
16364,ENSG00000004809.14,0.009342266347190575
16365,ENSG00000121318.2,0.00934149611038343
16366,ENSG00000145975.15,0.009336234444670941
16367,ENSG00000005961.19,0.009310813763718164
16368,ENSG00000185915.5,0.00930512923119105
16369,ENSG00000163352.5,0.009285403119243857
16370,ENSG00000138379.5,0.009284809886216763
16371,ENSG00000170092.14,0.009255170908851452
16372,ENSG00000183474.16,0.00923299196488941
16373,ENSG00000186146.1,0.009221784140053606
16374,ENSG00000189051.5,0.00919118548577687
16375,ENSG00000113600.11,0.009187474486756804
16376,ENSG00000240403.5,0.009182829394552002
16377,ENSG00000186049.8,0.0091534335938561
16378,ENSG00000105808.18,0.009143865775368
16379,ENSG00000155622.7,0.009078631435912846
16380,ENSG00000259305.6,0.00906878488409853
16381,ENSG00000261794.1,0.009025916818684261
16382,ENSG00000155719.18,0.00896774384536518
16383,ENSG00000238269.9,0.008955723961849262
16384,ENSG00000132330.18,0.008955523062302405
16385,ENSG00000131686.15,0.008950145233027633
16386,ENSG00000080910.13,0.008945043775548198
16387,ENSG00000255152.8,0.008936752197431168
16388,ENSG00000138336.9,0.008936328488645182
16389,ENSG00000180053.7,0.00892599332508275
16390,ENSG00000166960.16,0.008920886629163138
16391,ENSG00000267127.7,0.008909056432740004
16392,ENSG00000166450.13,0.008905920729487864
16393,ENSG00000122432.18,0.008897403746402768
16394,ENSG00000186442.7,0.008877877397977118
16395,ENSG00000285777.1,0.008870850217753199
16396,ENSG00000115474.7,0.00886493963881952
16397,ENSG00000133980.5,0.008854099677282882
16398,ENSG00000186409.18,0.008842040532670736
16399,ENSG00000141977.9,0.008829043191859209
16400,ENSG00000259916.1,0.008781774473911841
16401,ENSG00000124251.11,0.008761239785509018
16402,ENSG00000198077.10,0.008723035868298378
16403,ENSG00000244476.3,0.008722895123520492
16404,ENSG00000170396.9,0.008722520899799703
16405,ENSG00000112486.17,0.008663272939107845
16406,ENSG00000177994.16,0.008648277531019188
16407,ENSG00000166840.13,0.008629355315094308
16408,ENSG00000171094.18,0.00861604203456337
16409,ENSG00000269526.1,0.008596414385344536
16410,ENSG00000161992.6,0.00857763611502887
16411,ENSG00000155511.18,0.008571394097371872
16412,ENSG00000129951.19,0.008565710225906862
16413,ENSG00000196289.7,0.008558385138116511
16414,ENSG00000169548.3,0.008530754192328254
16415,ENSG00000198064.13,0.00851966733020025
16416,ENSG00000185829.18,0.00849437027011009
16417,ENSG00000285188.1,0.008474950205041597
16418,ENSG00000164675.11,0.008472558136874916
16419,ENSG00000188779.12,0.00844925934980099
16420,ENSG00000173838.12,0.008437683044292396
16421,ENSG00000239389.8,0.008433754045819891
16422,ENSG00000182329.14,0.008428703968211208
16423,ENSG00000116785.14,0.008428303676447167
16424,ENSG00000147223.6,0.008422295595797625
16425,ENSG00000205838.14,0.008397660067307086
16426,ENSG00000057468.7,0.008375415162217348
16427,ENSG00000161905.13,0.00834257520399173
16428,ENSG00000185662.10,0.008325831619275702
16429,ENSG00000172789.3,0.008314488962430297
16430,ENSG00000185674.9,0.008237931220258322
16431,ENSG00000137270.11,0.008216304891427067
16432,ENSG00000249715.12,0.008211109559083989
16433,ENSG00000197721.17,0.008206652025870812
16434,ENSG00000132164.10,0.008200913573096123
16435,ENSG00000237763.9,0.008196011491915869
16436,ENSG00000203812.2,0.008192088239304481
16437,ENSG00000157851.17,0.008183327058165464
16438,ENSG00000138684.9,0.008171673878800087
16439,ENSG00000188596.11,0.00816960571022991
16440,ENSG00000211452.11,0.008158434056391635
16441,ENSG00000139865.16,0.008157381105470254
16442,ENSG00000176160.11,0.008157324834275335
16443,ENSG00000284946.1,0.008157126725816607
16444,ENSG00000237515.9,0.008147901684336819
16445,ENSG00000116981.3,0.008141958634185693
16446,ENSG00000271425.9,0.00811104392659846
16447,ENSG00000186867.11,0.008109876285374839
16448,ENSG00000119973.6,0.008107038961756446
16449,ENSG00000171790.15,0.008073533171754221
16450,ENSG00000168939.12,0.008070856656354914
16451,ENSG00000139151.16,0.008030994995664687
16452,ENSG00000111641.12,0.008029653214627439
16453,ENSG00000215274.5,0.008018749900415432
16454,ENSG00000171772.17,0.00801122657164661
16455,ENSG00000147082.18,0.008008300777113106
16456,ENSG00000158748.4,0.008007479733442164
16457,ENSG00000185933.7,0.007995388065841528
16458,ENSG00000198354.7,0.007993452102027624
16459,ENSG00000241962.9,0.007980803505567064
16460,ENSG00000185261.14,0.0079322805115666
16461,ENSG00000105501.12,0.007913290698384643
16462,ENSG00000261787.2,0.007911106176822174
16463,ENSG00000241489.8,0.007850566317556441
16464,ENSG00000281106.4,0.007826713152731002
16465,ENSG00000171970.13,0.007814241933557198
16466,ENSG00000159648.11,0.007811767713165145
16467,ENSG00000238243.3,0.007809961105125297
16468,ENSG00000116703.14,0.007802033105221591
16469,ENSG00000175868.14,0.007801401488853839
16470,ENSG00000168671.10,0.007796812070630279
16471,ENSG00000178772.7,0.007790283264276913
16472,ENSG00000100024.15,0.0077857786640002065
16473,ENSG00000181029.9,0.007740571660962809
16474,ENSG00000205209.7,0.007725699448635146
16475,ENSG00000182584.6,0.007724376559675362
16476,ENSG00000275591.5,0.007687224801547655
16477,ENSG00000170296.10,0.00767960462734229
16478,ENSG00000157087.20,0.007666265635392074
16479,ENSG00000169877.10,0.007655471921823999
16480,ENSG00000204583.10,0.007636073639134401
16481,ENSG00000141965.5,0.007630617942678591
16482,ENSG00000166603.5,0.007600040930353661
16483,ENSG00000172399.6,0.007589717484835462
16484,ENSG00000166153.16,0.007589352499323258
16485,ENSG00000243725.7,0.007587552458422716
16486,ENSG00000183090.5,0.007580136052166047
16487,ENSG00000105889.16,0.007551565352100932
16488,ENSG00000046774.10,0.007531411499769918
16489,ENSG00000261341.6,0.007528603544096124
16490,ENSG00000139351.15,0.007516421751169417
16491,ENSG00000145002.12,0.007503003730496485
16492,ENSG00000092098.17,0.007486308137286002
16493,ENSG00000188649.15,0.007472527852558731
16494,ENSG00000214700.5,0.007450359596031746
16495,ENSG00000144355.15,0.0074374530057849325
16496,ENSG00000206262.9,0.007414937129226956
16497,ENSG00000179846.10,0.007407326617292216
16498,ENSG00000242689.3,0.007367777507292795
16499,ENSG00000172410.4,0.007363790047135101
16500,ENSG00000106336.13,0.007335511700142548
16501,ENSG00000169314.15,0.007327964608674623
16502,ENSG00000188100.9,0.00731396310468825
16503,ENSG00000174576.10,0.007311860128057284
16504,ENSG00000260456.7,0.007310814051112587
16505,ENSG00000185689.16,0.007310456892751282
16506,ENSG00000079557.5,0.0072998203560680035
16507,ENSG00000205143.3,0.007293529775885922
16508,ENSG00000203837.5,0.00729316456617557
16509,ENSG00000269755.1,0.007252668319269278
16510,ENSG00000186897.5,0.00722880031231716
16511,ENSG00000169594.13,0.0071932583539304545
16512,ENSG00000108255.8,0.007190139020342478
16513,ENSG00000198553.9,0.0071784834165996994
16514,ENSG00000205572.10,0.007166091571649947
16515,ENSG00000168634.5,0.007155078644789281
16516,ENSG00000140090.18,0.007141900342399351
16517,ENSG00000206559.8,0.0071371159559024625
16518,ENSG00000109911.19,0.007135959122426823
16519,ENSG00000146352.13,0.007135610444257969
16520,ENSG00000162526.7,0.007131844902024562
16521,ENSG00000280537.2,0.007120291809620981
16522,ENSG00000248405.10,0.007096141281218032
16523,ENSG00000180287.17,0.007077508947067172
16524,ENSG00000187186.15,0.007046590264894649
16525,ENSG00000204420.10,0.007025327236070476
16526,ENSG00000198156.10,0.007020463811190192
16527,ENSG00000155428.12,0.007010700345318309
16528,ENSG00000197140.15,0.006985735370988665
16529,ENSG00000260458.3,0.006978411606968732
16530,ENSG00000185304.15,0.006974550641108059
16531,ENSG00000128886.12,0.006956762354204047
16532,ENSG00000206113.11,0.006940886829894969
16533,ENSG00000183977.14,0.006937690397490419
16534,ENSG00000241233.4,0.006928866185230539
16535,ENSG00000180592.17,0.0069155764522684255
16536,ENSG00000197980.13,0.006866355364083825
16537,ENSG00000176040.13,0.0068650062559263356
16538,ENSG00000185742.7,0.006833766438331773
16539,ENSG00000183269.5,0.006810118474811439
16540,ENSG00000133055.9,0.006808771351626203
16541,ENSG00000256394.3,0.006803796235094971
16542,ENSG00000270149.5,0.006802497752486724
16543,ENSG00000242616.4,0.006800119090340762
16544,ENSG00000092200.12,0.006792171678936583
16545,ENSG00000184144.12,0.0067809042989987875
16546,ENSG00000260851.7,0.006778066933673573
16547,ENSG00000262543.2,0.006769147246146646
16548,ENSG00000145526.12,0.006757775194457836
16549,ENSG00000174226.9,0.006745307950879948
16550,ENSG00000198785.7,0.006743766895336059
16551,ENSG00000178460.18,0.006741502449967139
16552,ENSG00000286001.1,0.006738202203107256
16553,ENSG00000042832.12,0.006731047724020894
16554,ENSG00000213204.8,0.006713392176082202
16555,ENSG00000188050.3,0.006699324671193423
16556,ENSG00000187516.7,0.0066929843765335985
16557,ENSG00000131951.11,0.00668058572552906
16558,ENSG00000179564.4,0.006633474462318375
16559,ENSG00000184659.5,0.006631413020429244
16560,ENSG00000101162.4,0.006629897111822096
16561,ENSG00000206549.13,0.00662354165859192
16562,ENSG00000165131.8,0.006616294137203245
16563,ENSG00000169629.12,0.006597788396554311
16564,ENSG00000183662.11,0.006589251599119695
16565,ENSG00000278570.5,0.006585516581062503
16566,ENSG00000117281.16,0.006570959822879827
16567,ENSG00000144227.5,0.0065629106888573305
16568,ENSG00000175322.12,0.006558575703088817
16569,ENSG00000180316.12,0.006551511668165082
16570,ENSG00000203877.8,0.006544783398964318
16571,ENSG00000170893.4,0.006522798699930525
16572,ENSG00000180083.11,0.006520544719872683
16573,ENSG00000112116.10,0.006519326212235054
16574,ENSG00000145864.14,0.006515541124868761
16575,ENSG00000105695.15,0.006507719850867021
16576,ENSG00000184571.13,0.006498855403441905
16577,ENSG00000226321.5,0.006488212076463538
16578,ENSG00000173714.8,0.006475833241296572
16579,ENSG00000007174.18,0.006473012378289299
16580,ENSG00000177108.5,0.006450154043519422
16581,ENSG00000123297.20,0.006436077870207908
16582,ENSG00000143450.18,0.006435704595587588
16583,ENSG00000214562.15,0.006423920953959851
16584,ENSG00000171097.14,0.0064108950333283225
16585,ENSG00000187823.3,0.006394999416944052
16586,ENSG00000278588.2,0.00638877530627293
16587,ENSG00000179300.4,0.006364824107145565
16588,ENSG00000004846.16,0.006346845224494907
16589,ENSG00000267206.6,0.00634256889922711
16590,ENSG00000257446.4,0.006330680917062372
16591,ENSG00000278677.2,0.006329754297305196
16592,ENSG00000276430.3,0.0063119382522583735
16593,ENSG00000251537.4,0.006311811734402317
16594,ENSG00000156395.13,0.006305412269491634
16595,ENSG00000277775.2,0.006300683198245655
16596,ENSG00000213999.17,0.006264227366973516
16597,ENSG00000131126.19,0.006261914944944959
16598,ENSG00000186118.9,0.006260155043124689
16599,ENSG00000230054.3,0.006230551584925525
16600,ENSG00000240654.6,0.006221689005710153
16601,ENSG00000125879.5,0.006221008609646415
16602,ENSG00000188517.16,0.00621688961923726
16603,ENSG00000149488.13,0.006213877626510078
16604,ENSG00000006837.12,0.0062132991461443035
16605,ENSG00000113073.15,0.006204836125952279
16606,ENSG00000134551.13,0.006203967928726821
16607,ENSG00000181433.9,0.006199319398498964
16608,ENSG00000184047.20,0.006195593751102567
16609,ENSG00000144671.10,0.006193330981078878
16610,ENSG00000188056.12,0.006191143589547901
16611,ENSG00000188687.17,0.006184822355648326
16612,ENSG00000132677.13,0.006174956730500497
16613,ENSG00000146360.8,0.006153695574451907
16614,ENSG00000164841.5,0.006150487397870311
16615,ENSG00000183654.9,0.006145287194750506
16616,ENSG00000174145.8,0.006142154051578294
16617,ENSG00000257062.6,0.006131470018413082
16618,ENSG00000167941.3,0.006126955291563141
16619,ENSG00000125363.14,0.006120278654883237
16620,ENSG00000156206.14,0.006119114759733437
16621,ENSG00000042429.12,0.00609969141209572
16622,ENSG00000228049.7,0.006089822763146598
16623,ENSG00000274183.2,0.006082316375073125
16624,ENSG00000229544.9,0.006079979125752526
16625,ENSG00000276302.1,0.006079260847187738
16626,ENSG00000164100.9,0.006070135045445957
16627,ENSG00000120329.7,0.006052251665438625
16628,ENSG00000070729.14,0.006045044909991891
16629,ENSG00000132958.17,0.006042808537555773
16630,ENSG00000204511.3,0.006024934872382156
16631,ENSG00000109158.11,0.006023597364734696
16632,ENSG00000160870.15,0.006021865459055751
16633,ENSG00000119715.15,0.00600305821937032
16634,ENSG00000171446.7,0.005985882041379041
16635,ENSG00000107831.13,0.005978760795051214
16636,ENSG00000272573.6,0.005960576965668798
16637,ENSG00000188089.13,0.005952105856481067
16638,ENSG00000284395.2,0.00594237103008706
16639,ENSG00000159289.6,0.005939067862185782
16640,ENSG00000126337.13,0.005934665894526343
16641,ENSG00000131737.5,0.005903213115895235
16642,ENSG00000122375.12,0.005880463972287035
16643,ENSG00000167612.13,0.005876609200797338
16644,ENSG00000129159.9,0.005867379510310608
16645,ENSG00000203772.7,0.005862976816850323
16646,ENSG00000172318.5,0.005862460977955478
16647,ENSG00000230601.7,0.005848658333057312
16648,ENSG00000137674.4,0.005834583252824222
16649,ENSG00000180432.6,0.0058342074807735895
16650,ENSG00000203782.6,0.005832643002583689
16651,ENSG00000090554.13,0.005831683796145376
16652,ENSG00000100249.4,0.00581919436227811
16653,ENSG00000124091.9,0.005810303633301667
16654,ENSG00000107859.10,0.0058004282190898294
16655,ENSG00000204020.6,0.005789514465787727
16656,ENSG00000258366.9,0.0057700590321464965
16657,ENSG00000168802.14,0.0057568259363534715
16658,ENSG00000175229.7,0.005748932694070277
16659,ENSG00000145832.14,0.005747986887042411
16660,ENSG00000101812.14,0.005735886574507395
16661,ENSG00000171989.6,0.005724876248670162
16662,ENSG00000183542.5,0.005719602914971333
16663,ENSG00000146857.4,0.00571909947356365
16664,ENSG00000089169.15,0.005713247488102462
16665,ENSG00000188076.3,0.005711560508100301
16666,ENSG00000011332.19,0.005687907791019995
16667,ENSG00000100565.15,0.005673315709928722
16668,ENSG00000206140.11,0.005640750488936071
16669,ENSG00000186326.4,0.005640696564924443
16670,ENSG00000265203.2,0.005632591932355456
16671,ENSG00000143858.12,0.005625067850163995
16672,ENSG00000100652.5,0.005619579483904826
16673,ENSG00000248098.12,0.0056127954453214415
16674,ENSG00000162641.20,0.005600563031406052
16675,ENSG00000133863.9,0.005595912793296529
16676,ENSG00000178404.10,0.005581628194275755
16677,ENSG00000151967.18,0.005568769799961109
16678,ENSG00000188385.12,0.005567395985049634
16679,ENSG00000183423.12,0.005551730301401113
16680,ENSG00000081148.12,0.005540794396901334
16681,ENSG00000181408.4,0.0055270047584758735
16682,ENSG00000143994.14,0.005498335251233057
16683,ENSG00000079393.20,0.005497455882002915
16684,ENSG00000150628.7,0.005495421942761389
16685,ENSG00000178394.5,0.005494679934077644
16686,ENSG00000180305.5,0.005476469769018594
16687,ENSG00000197472.15,0.005476430147415175
16688,ENSG00000102387.16,0.0054586972313970155
16689,ENSG00000169126.16,0.0054536600104651695
16690,ENSG00000185247.15,0.0054456880920306745
16691,ENSG00000147381.11,0.005427509391343038
16692,ENSG00000128617.2,0.005425018204987706
16693,ENSG00000142513.6,0.005422474337296208
16694,ENSG00000198597.9,0.005411548662521558
16695,ENSG00000106588.12,0.005408686233279633
16696,ENSG00000172640.3,0.005394286595453333
16697,ENSG00000258539.1,0.005364777766239195
16698,ENSG00000163254.5,0.0053532509379103305
16699,ENSG00000157423.18,0.005351849002759851
16700,ENSG00000109927.11,0.005338664230519741
16701,ENSG00000112539.15,0.0053252563783251754
16702,ENSG00000186777.12,0.005316916100911624
16703,ENSG00000184611.12,0.0053104992464634
16704,ENSG00000153303.17,0.005298540472281067
16705,ENSG00000243789.11,0.0052907138165448515
16706,ENSG00000186487.20,0.005276722443322756
16707,ENSG00000179363.7,0.00527042017960963
16708,ENSG00000178395.7,0.005260120536438959
16709,ENSG00000170160.17,0.005258032207733635
16710,ENSG00000188730.5,0.005244415728856386
16711,ENSG00000164175.15,0.005222613156607797
16712,ENSG00000115657.14,0.0052194779316226255
16713,ENSG00000196900.5,0.005217355270303359
16714,ENSG00000125788.6,0.0052112029981141545
16715,ENSG00000226784.3,0.005195425183710312
16716,ENSG00000215277.8,0.005193187589011585
16717,ENSG00000080603.17,0.005181783464599436
16718,ENSG00000184389.9,0.005167882522377774
16719,ENSG00000213533.13,0.005167010829109662
16720,ENSG00000142698.15,0.005165456633865562
16721,ENSG00000214511.3,0.005150321850935084
16722,ENSG00000196406.4,0.005146450057859794
16723,ENSG00000180999.11,0.005117377267339088
16724,ENSG00000104755.15,0.005109403257534366
16725,ENSG00000164112.13,0.00510742164531327
16726,ENSG00000206579.9,0.0051024408423972776
16727,ENSG00000151164.19,0.005093025080107984
16728,ENSG00000196433.13,0.005082947598886422
16729,ENSG00000185942.13,0.0050810379536098405
16730,ENSG00000283703.2,0.005080174227753701
16731,ENSG00000231887.7,0.005076307624273549
16732,ENSG00000183889.12,0.005072453399693803
16733,ENSG00000288660.1,0.005054499103080061
16734,ENSG00000162620.16,0.005045297618807015
16735,ENSG00000151962.8,0.005041221337646248
16736,ENSG00000135413.9,0.005040757813699478
16737,ENSG00000160396.9,0.005036684579186298
16738,ENSG00000261456.6,0.005032004144072048
16739,ENSG00000275489.2,0.005021175188625192
16740,ENSG00000242866.10,0.0050072650447861595
16741,ENSG00000278463.2,0.005006296700814145
16742,ENSG00000112309.11,0.005001419528481842
16743,ENSG00000281593.1,0.004997285003751232
16744,ENSG00000132781.19,0.00496441274519473
16745,ENSG00000266265.4,0.004963696641869163
16746,ENSG00000186399.10,0.004961981265374061
16747,ENSG00000132915.11,0.0049550569816678505
16748,ENSG00000255223.4,0.004944157725541603
16749,ENSG00000242419.5,0.00494260760269495
16750,ENSG00000170484.10,0.004923391483711961
16751,ENSG00000214686.7,0.004883218593706405
16752,ENSG00000140522.12,0.004880269973900962
16753,ENSG00000134489.7,0.004874551641328241
16754,ENSG00000081842.18,0.004868246401934594
16755,ENSG00000270379.6,0.004866175667482909
16756,ENSG00000120054.12,0.004847596553751106
16757,ENSG00000285816.1,0.004847254767138826
16758,ENSG00000183628.14,0.004825458739764826
16759,ENSG00000230667.6,0.004810206521022884
16760,ENSG00000213892.12,0.004809065049199897
16761,ENSG00000149403.13,0.00480051155085739
16762,ENSG00000182508.14,0.004798322686337814
16763,ENSG00000007350.17,0.004781569555664073
16764,ENSG00000165202.3,0.004777311390297493
16765,ENSG00000163440.12,0.004769028939205729
16766,ENSG00000185610.6,0.004761039803375281
16767,ENSG00000130997.16,0.004760733485402082
16768,ENSG00000242028.8,0.004755618098545889
16769,ENSG00000104728.16,0.004742962171614139
16770,ENSG00000165682.14,0.004738331772872691
16771,ENSG00000188603.22,0.004736662827512179
16772,ENSG00000186047.10,0.004735411730113485
16773,ENSG00000164627.18,0.004727977259438033
16774,ENSG00000204086.4,0.00470256758810671
16775,ENSG00000186790.6,0.004696128416248587
16776,ENSG00000203942.5,0.00469224115885292
16777,ENSG00000188408.5,0.004675046355126471
16778,ENSG00000244094.2,0.004658120923291677
16779,ENSG00000112245.12,0.004639524974830757
16780,ENSG00000147117.8,0.004590487055602913
16781,ENSG00000274808.5,0.004580402046719022
16782,ENSG00000181017.6,0.004579589856971164
16783,ENSG00000170959.14,0.004565146189968844
16784,ENSG00000172867.4,0.004552841436020835
16785,ENSG00000214842.5,0.004541441970600764
16786,ENSG00000100312.11,0.004537019418941426
16787,ENSG00000169575.5,0.0045059493304498936
16788,ENSG00000120436.4,0.004486316845305705
16789,ENSG00000176927.15,0.00447237118155697
16790,ENSG00000119608.14,0.004462451977149238
16791,ENSG00000186652.10,0.004457916063529303
16792,ENSG00000134760.6,0.004443484204350134
16793,ENSG00000243708.10,0.004432310283031379
16794,ENSG00000144460.12,0.004425941459235416
16795,ENSG00000105550.10,0.00441304967689072
16796,ENSG00000198471.1,0.004411387882444087
16797,ENSG00000203811.1,0.004401872788863105
16798,ENSG00000105409.19,0.004399994640915897
16799,ENSG00000174483.20,0.00439578780696285
16800,ENSG00000203859.10,0.0043940701268196285
16801,ENSG00000167346.7,0.004356178191483506
16802,ENSG00000196859.8,0.004355765869069487
16803,ENSG00000284791.2,0.0043473324899506215
16804,ENSG00000136197.13,0.004342590074053438
16805,ENSG00000123901.9,0.004336822588358046
16806,ENSG00000130783.14,0.0043274451516876426
16807,ENSG00000185958.10,0.004324871439899256
16808,ENSG00000165521.15,0.004314331216937155
16809,ENSG00000196081.10,0.0043141248264784975
16810,ENSG00000164363.10,0.004304284949519549
16811,ENSG00000241598.5,0.004290706812360538
16812,ENSG00000140505.7,0.004280808213215103
16813,ENSG00000156574.10,0.004278805659411304
16814,ENSG00000272325.2,0.004274290845106378
16815,ENSG00000232196.4,0.004265346395576364
16816,ENSG00000204930.10,0.004253243266569242
16817,ENSG00000116218.13,0.00424610375040426
16818,ENSG00000175697.11,0.004244558559718048
16819,ENSG00000143631.11,0.004225730894821067
16820,ENSG00000125931.11,0.004220915413820216
16821,ENSG00000105642.15,0.004216481396915417
16822,ENSG00000180475.4,0.004209440140174324
16823,ENSG00000215131.11,0.004204802804724586
16824,ENSG00000101098.13,0.00420318472762208
16825,ENSG00000173389.16,0.004180076026371494
16826,ENSG00000171189.17,0.004166120242994943
16827,ENSG00000244474.6,0.0041642675625487196
16828,ENSG00000229674.2,0.004153284569677456
16829,ENSG00000256950.2,0.004141418919626555
16830,ENSG00000227868.6,0.0041322787470608555
16831,ENSG00000112041.13,0.004117816147298399
16832,ENSG00000204290.10,0.004114554920983589
16833,ENSG00000120160.11,0.004114493306556585
16834,ENSG00000188981.11,0.004113171986718305
16835,ENSG00000164794.9,0.004102076249129356
16836,ENSG00000188316.15,0.00410047800202191
16837,ENSG00000138483.3,0.00406659866893404
16838,ENSG00000132681.17,0.0040558488952463995
16839,ENSG00000203910.9,0.004052432258816351
16840,ENSG00000121053.6,0.004047592687443035
16841,ENSG00000089225.20,0.00404391466788168
16842,ENSG00000165837.12,0.004042094287512319
16843,ENSG00000111325.16,0.004040463740031642
16844,ENSG00000266302.6,0.0040358932625657725
16845,ENSG00000231738.11,0.004028473902539871
16846,ENSG00000108702.4,0.004020802669701186
16847,ENSG00000137133.11,0.004019139885440555
16848,ENSG00000136206.4,0.004018140367519747
16849,ENSG00000139985.7,0.004008947362169702
16850,ENSG00000147573.17,0.004000380695391952
16851,ENSG00000116039.13,0.003997552708853416
16852,ENSG00000188133.6,0.003995429572428628
16853,ENSG00000133105.8,0.003991660932858338
16854,ENSG00000237693.4,0.003985559871997575
16855,ENSG00000214694.12,0.003974313075951811
16856,ENSG00000196277.16,0.003972730023623282
16857,ENSG00000260802.1,0.003967009303002452
16858,ENSG00000053524.12,0.003963411727325194
16859,ENSG00000173124.14,0.003960793724228084
16860,ENSG00000115194.11,0.003957532048671723
16861,ENSG00000155657.28,0.003928982141097762
16862,ENSG00000021461.17,0.0039276814894752664
16863,ENSG00000270672.1,0.003924129360534337
16864,ENSG00000177301.16,0.003921316462434524
16865,ENSG00000204779.2,0.0039126664375155615
16866,ENSG00000007001.13,0.003911526774351997
16867,ENSG00000187144.11,0.00390807095305384
16868,ENSG00000283268.1,0.003890751486990028
16869,ENSG00000183072.10,0.0038855961471386796
16870,ENSG00000121634.6,0.0038850962438394913
16871,ENSG00000115844.11,0.0038757940352058713
16872,ENSG00000131379.10,0.003872209574845101
16873,ENSG00000163380.16,0.003871889882685971
16874,ENSG00000179046.8,0.003871141192069991
16875,ENSG00000175449.14,0.0038695786514247655
16876,ENSG00000243989.9,0.0038642838947766114
16877,ENSG00000169203.16,0.0038635747230845456
16878,ENSG00000251692.8,0.003859533143769601
16879,ENSG00000171872.5,0.003848489312301532
16880,ENSG00000182545.6,0.0038469458618555804
16881,ENSG00000205111.8,0.0038419341904101355
16882,ENSG00000243772.8,0.0038375344053169316
16883,ENSG00000158683.9,0.0038361614172632585
16884,ENSG00000156920.11,0.003827094906488095
16885,ENSG00000188729.6,0.0038117669738095498
16886,ENSG00000070388.11,0.0038117506060416804
16887,ENSG00000175065.12,0.003806930714410645
16888,ENSG00000151360.10,0.003802387688266007
16889,ENSG00000162032.16,0.003782313110376893
16890,ENSG00000258643.6,0.0037772649467404736
16891,ENSG00000139287.13,0.003753503886379958
16892,ENSG00000140067.6,0.0037504747233739035
16893,ENSG00000214866.9,0.0037476917360189936
16894,ENSG00000248109.3,0.003728247746383698
16895,ENSG00000150783.10,0.003717878811685943
16896,ENSG00000259066.5,0.003713673512562234
16897,ENSG00000106689.11,0.003706990511570379
16898,ENSG00000155897.10,0.003703642472090759
16899,ENSG00000204941.14,0.0037012312603179084
16900,ENSG00000188501.11,0.0036990899345468713
16901,ENSG00000188163.8,0.0036990237199059106
16902,ENSG00000213780.11,0.0036982211091453145
16903,ENSG00000274386.5,0.003692574309342886
16904,ENSG00000129744.3,0.003686961432547937
16905,ENSG00000198822.10,0.0036777210048820007
16906,ENSG00000259030.7,0.0036694990423139172
16907,ENSG00000284874.1,0.0036663332993867566
16908,ENSG00000144771.8,0.0036655670267261705
16909,ENSG00000217236.2,0.003661635763728811
16910,ENSG00000178795.9,0.0036579529734930834
16911,ENSG00000119457.8,0.003654211934655776
16912,ENSG00000205022.9,0.003642246957261421
16913,ENSG00000145826.9,0.003636147310028942
16914,ENSG00000072182.13,0.0036278818065634127
16915,ENSG00000120341.18,0.003624641215527939
16916,ENSG00000185985.11,0.003619525859631128
16917,ENSG00000102313.9,0.003618470444123233
16918,ENSG00000213401.10,0.0036013836422420747
16919,ENSG00000143801.18,0.003600942915002048
16920,ENSG00000125337.19,0.003592039790675298
16921,ENSG00000234469.4,0.0035919446061540823
16922,ENSG00000157093.9,0.003586973015556309
16923,ENSG00000198573.7,0.0035789262353287526
16924,ENSG00000168828.5,0.003563893452392919
16925,ENSG00000168676.11,0.00356261338156923
16926,ENSG00000183644.13,0.003551063379969836
16927,ENSG00000147059.8,0.0035419161152658025
16928,ENSG00000138741.11,0.0035387073838188464
16929,ENSG00000155714.14,0.003535939810296154
16930,ENSG00000174990.8,0.0035308819822267687
16931,ENSG00000167377.18,0.0035278481987921014
16932,ENSG00000165409.18,0.003517501407543888
16933,ENSG00000177354.12,0.0035166204600172624
16934,ENSG00000215475.5,0.00351598005951962
16935,ENSG00000185038.14,0.0035106691559854248
16936,ENSG00000075290.8,0.003507421104231851
16937,ENSG00000121764.11,0.0035068280110901627
16938,ENSG00000187690.4,0.003504655689457117
16939,ENSG00000213221.5,0.003502422776698817
16940,ENSG00000204909.8,0.0034943691902153125
16941,ENSG00000183921.7,0.0034876817224603457
16942,ENSG00000033122.21,0.003487601954370823
16943,ENSG00000140600.17,0.0034814346098054373
16944,ENSG00000127362.2,0.003474702396080651
16945,ENSG00000151418.12,0.003464690944458867
16946,ENSG00000162825.16,0.0034626051884773805
16947,ENSG00000234289.6,0.003447259948986031
16948,ENSG00000276410.4,0.003437688135151638
16949,ENSG00000166317.12,0.0034324844298565735
16950,ENSG00000165478.7,0.0034267190712271413
16951,ENSG00000163632.14,0.003420762896277274
16952,ENSG00000284725.1,0.0034135072245183814
16953,ENSG00000261210.8,0.00341155720200856
16954,ENSG00000179636.15,0.0034039660749440597
16955,ENSG00000171931.13,0.0033920177605195074
16956,ENSG00000135423.13,0.0033806415473740556
16957,ENSG00000161180.11,0.0033699877221813517
16958,ENSG00000282757.4,0.003360745241058565
16959,ENSG00000111249.14,0.0033538205195319214
16960,ENSG00000254413.8,0.00335202400165711
16961,ENSG00000171496.4,0.0033355835490983593
16962,ENSG00000212900.3,0.003324838744343786
16963,ENSG00000117501.14,0.003321722397269725
16964,ENSG00000137411.19,0.003315416203880236
16965,ENSG00000168356.13,0.00331332933705478
16966,ENSG00000283980.1,0.003311786371305452
16967,ENSG00000255298.4,0.003307498959856259
16968,ENSG00000175344.19,0.003300817709548065
16969,ENSG00000275572.1,0.0032980993491889374
16970,ENSG00000174343.6,0.003296299387447673
16971,ENSG00000187682.2,0.0032946405233602923
16972,ENSG00000078328.22,0.003291717862611172
16973,ENSG00000187950.8,0.0032883948847576773
16974,ENSG00000138641.18,0.003285182919267096
16975,ENSG00000105198.11,0.00328491655448957
16976,ENSG00000180929.6,0.003279333668689207
16977,ENSG00000161609.10,0.003276527419205498
16978,ENSG00000075790.12,0.0032747248813820673
16979,ENSG00000263353.3,0.0032593081541931806
16980,ENSG00000156097.12,0.0032578536876989076
16981,ENSG00000234906.11,0.0032535542724303618
16982,ENSG00000170289.12,0.0032423313737232795
16983,ENSG00000004948.16,0.003240554639406009
16984,ENSG00000106013.15,0.0032358104723229494
16985,ENSG00000254598.3,0.003234849373271855
16986,ENSG00000183281.14,0.003234077441464499
16987,ENSG00000121570.12,0.003217147136624063
16988,ENSG00000248746.6,0.0032119765839753287
16989,ENSG00000145194.19,0.0032107892780974417
16990,ENSG00000161509.14,0.0032103740257854512
16991,ENSG00000172901.20,0.0032035511859980445
16992,ENSG00000269533.5,0.0032003679248585903
16993,ENSG00000109424.4,0.0031977749913522017
16994,ENSG00000234068.7,0.003189500574301935
16995,ENSG00000270339.3,0.0031887179747809922
16996,ENSG00000238205.3,0.0031872791257915763
16997,ENSG00000241119.2,0.0031803934292220547
16998,ENSG00000091536.19,0.0031758453679205756
16999,ENSG00000010379.16,0.003174747767638205
17000,ENSG00000163377.16,0.00316455738330773
17001,ENSG00000163825.4,0.0031610625884178232
17002,ENSG00000284770.2,0.003151044702625111
17003,ENSG00000113430.10,0.003149075902719471
17004,ENSG00000112115.7,0.0031442167195884878
17005,ENSG00000205832.7,0.0031360109811914088
17006,ENSG00000183324.11,0.0031348441094350794
17007,ENSG00000184923.12,0.0031190715980028505
17008,ENSG00000125492.10,0.0031146273340830516
17009,ENSG00000250821.3,0.003101024373653149
17010,ENSG00000166090.8,0.003100390297894465
17011,ENSG00000163810.12,0.0030953662308237043
17012,ENSG00000143105.7,0.0030921801832104363
17013,ENSG00000206531.10,0.0030832444109100705
17014,ENSG00000257524.6,0.003053747045582227
17015,ENSG00000062582.14,0.0030517986951984835
17016,ENSG00000186912.6,0.0030485515104446068
17017,ENSG00000254636.1,0.003048476910589674
17018,ENSG00000205810.9,0.003046986343597024
17019,ENSG00000178125.14,0.003046887459592112
17020,ENSG00000137766.17,0.0030394971959949776
17021,ENSG00000107105.15,0.0030353582739009615
17022,ENSG00000161594.7,0.0030282503469385193
17023,ENSG00000248767.2,0.0030277917692062774
17024,ENSG00000106069.23,0.0030259657136938595
17025,ENSG00000161973.11,0.0030224190096106085
17026,ENSG00000110675.13,0.003021559411921322
17027,ENSG00000172967.7,0.0030185897447976896
17028,ENSG00000255819.7,0.003002588407965064
17029,ENSG00000244411.4,0.002992055464733047
17030,ENSG00000215529.12,0.002991988876841914
17031,ENSG00000256222.3,0.002988433087921275
17032,ENSG00000241360.2,0.0029846111921706586
17033,ENSG00000137204.15,0.002980470744193473
17034,ENSG00000139304.16,0.0029705090463663353
17035,ENSG00000096264.14,0.0029698686965812554
17036,ENSG00000077009.13,0.0029668907866910606
17037,ENSG00000243749.1,0.002964242775333068
17038,ENSG00000170178.7,0.0029573895926236567
17039,ENSG00000253309.6,0.002956005884277888
17040,ENSG00000285943.1,0.002955889888839609
17041,ENSG00000198216.12,0.0029555050153009894
17042,ENSG00000276289.4,0.0029538884397224403
17043,ENSG00000120907.18,0.0029401051580719723
17044,ENSG00000283877.1,0.002938804642245423
17045,ENSG00000179873.14,0.002932152772155707
17046,ENSG00000103740.10,0.0029275913522271656
17047,ENSG00000108759.4,0.0029262038154065106
17048,ENSG00000101977.21,0.0029211748807118853
17049,ENSG00000109181.12,0.0029131227614643297
17050,ENSG00000285130.2,0.00290432618857743
17051,ENSG00000283378.1,0.0028906605346041563
17052,ENSG00000188162.12,0.002882077233139168
17053,ENSG00000133475.17,0.0028686601875159445
17054,ENSG00000188869.13,0.0028529923077498113
17055,ENSG00000104804.8,0.002848420415620084
17056,ENSG00000069018.19,0.002846989822287865
17057,ENSG00000165084.16,0.002840001457236518
17058,ENSG00000173431.2,0.0028253596663601103
17059,ENSG00000139656.7,0.0028227335872926885
17060,ENSG00000133454.16,0.0028080648989849033
17061,ENSG00000091128.13,0.002802866795309848
17062,ENSG00000286219.1,0.0028026983842459516
17063,ENSG00000105650.22,0.002800894040624568
17064,ENSG00000165623.10,0.002796328729100622
17065,ENSG00000164933.12,0.002792610727244763
17066,ENSG00000268163.1,0.002792138537498506
17067,ENSG00000118733.17,0.0027882682885347495
17068,ENSG00000196873.16,0.0027872143049089706
17069,ENSG00000263464.2,0.002779086117719467
17070,ENSG00000167910.4,0.0027747426924929573
17071,ENSG00000149651.4,0.0027739094615147953
17072,ENSG00000155754.15,0.0027711126834454656
17073,ENSG00000120669.16,0.0027631538319219176
17074,ENSG00000236320.4,0.002761738824120569
17075,ENSG00000176681.14,0.0027615964755574552
17076,ENSG00000164007.11,0.00275242805033198
17077,ENSG00000073598.6,0.0027332368580231217
17078,ENSG00000186150.5,0.002729209620772333
17079,ENSG00000135436.8,0.00271519113332293
17080,ENSG00000149609.6,0.0026968464132735566
17081,ENSG00000188626.6,0.0026966606103836976
17082,ENSG00000249141.1,0.002694932070210598
17083,ENSG00000223638.3,0.002691570411364445
17084,ENSG00000101292.8,0.0026851001613774983
17085,ENSG00000228570.7,0.00267189956179346
17086,ENSG00000006788.14,0.00265373436917105
17087,ENSG00000171794.4,0.002652842913380729
17088,ENSG00000135824.12,0.002652010417280441
17089,ENSG00000182050.13,0.0026326687881046895
17090,ENSG00000072041.17,0.0026307639108169283
17091,ENSG00000256591.5,0.002629319040267199
17092,ENSG00000236782.7,0.002623983660317781
17093,ENSG00000164122.9,0.002622798402251238
17094,ENSG00000172058.16,0.002618491111968637
17095,ENSG00000261308.3,0.0026141784125062483
17096,ENSG00000142319.18,0.0026121344992613184
17097,ENSG00000188770.10,0.00260377131187821
17098,ENSG00000260729.1,0.0026034125004194292
17099,ENSG00000182389.20,0.0026025945663424115
17100,ENSG00000062096.15,0.0025926341434317737
17101,ENSG00000158427.15,0.00259157437299458
17102,ENSG00000283267.1,0.002589231132501553
17103,ENSG00000198797.7,0.002578028963824901
17104,ENSG00000175513.9,0.0025704964257911465
17105,ENSG00000139053.3,0.0025687005822114506
17106,ENSG00000165061.15,0.0025571503854573225
17107,ENSG00000125510.18,0.0025447386605420372
17108,ENSG00000242715.8,0.0025428188386135016
17109,ENSG00000111049.4,0.0025386447902454616
17110,ENSG00000104313.20,0.002535421787502138
17111,ENSG00000179133.15,0.0025226654010548615
17112,ENSG00000214860.5,0.0025223426830075723
17113,ENSG00000205359.10,0.0025203635220273778
17114,ENSG00000165566.12,0.0025158583293101292
17115,ENSG00000205884.2,0.0025105297144703788
17116,ENSG00000075891.22,0.0025095651055840273
17117,ENSG00000239590.1,0.0025083846434272626
17118,ENSG00000255374.3,0.00250817426311622
17119,ENSG00000204969.7,0.0024940565230735902
17120,ENSG00000162365.12,0.0024842918431852642
17121,ENSG00000288534.1,0.00247900859232542
17122,ENSG00000119725.20,0.0024770889115076876
17123,ENSG00000197816.16,0.002470674182668524
17124,ENSG00000166664.14,0.0024680946863059705
17125,ENSG00000177257.3,0.0024563670666373724
17126,ENSG00000068985.5,0.0024554248985953343
17127,ENSG00000103546.18,0.0024521435847217575
17128,ENSG00000203909.4,0.00245144758139144
17129,ENSG00000185899.1,0.002448892307213973
17130,ENSG00000197409.8,0.002447360414153994
17131,ENSG00000125815.9,0.0024435346726539653
17132,ENSG00000214285.3,0.0024355542701897212
17133,ENSG00000173157.17,0.0024301494366519073
17134,ENSG00000188199.10,0.002419693047016285
17135,ENSG00000152969.20,0.002419311271312034
17136,ENSG00000175336.10,0.002412525108401702
17137,ENSG00000064835.11,0.0024079909356736514
17138,ENSG00000197446.9,0.0023992250621960275
17139,ENSG00000258223.6,0.002394447302878736
17140,ENSG00000072080.11,0.002394417988017954
17141,ENSG00000168530.16,0.0023926385212371705
17142,ENSG00000254996.5,0.0023879783269602013
17143,ENSG00000248592.7,0.0023806620836425204
17144,ENSG00000165863.17,0.0023736470523478474
17145,ENSG00000143355.16,0.002369760694616691
17146,ENSG00000147873.5,0.002364325172996203
17147,ENSG00000165182.12,0.0023615940672151
17148,ENSG00000185231.5,0.0023610599544785
17149,ENSG00000196553.15,0.002359402249948611
17150,ENSG00000130711.5,0.0023575066685073928
17151,ENSG00000165509.13,0.0023527731718155113
17152,ENSG00000188152.13,0.002349589790744094
17153,ENSG00000197416.4,0.002348122853658487
17154,ENSG00000152093.8,0.002332470887754209
17155,ENSG00000188674.11,0.0023270453078565482
17156,ENSG00000140955.11,0.002319348935369573
17157,ENSG00000157335.21,0.0023151765431750145
17158,ENSG00000188784.4,0.0023014248257510303
17159,ENSG00000286095.1,0.002299658177524378
17160,ENSG00000284484.1,0.0022992255433033036
17161,ENSG00000157322.17,0.0022972547750414445
17162,ENSG00000242550.6,0.0022956500338972507
17163,ENSG00000184148.4,0.0022937000069592284
17164,ENSG00000197653.16,0.0022876788337768696
17165,ENSG00000285231.1,0.0022810062971541077
17166,ENSG00000179256.2,0.002279421279902738
17167,ENSG00000167210.17,0.0022777351558037817
17168,ENSG00000184702.20,0.0022754464294183732
17169,ENSG00000198883.12,0.002258368583585444
17170,ENSG00000108684.15,0.0022566896096762458
17171,ENSG00000204539.4,0.0022479199487511754
17172,ENSG00000285458.1,0.0022378770766830463
17173,ENSG00000145700.10,0.0022377195356849157
17174,ENSG00000187166.1,0.002223186367883597
17175,ENSG00000249222.1,0.0022204265951307964
17176,ENSG00000184459.8,0.002215914563237045
17177,ENSG00000188909.5,0.0022148292288319397
17178,ENSG00000179580.10,0.0022102984554030216
17179,ENSG00000268089.3,0.0022074432161037255
17180,ENSG00000257591.6,0.002205400929856022
17181,ENSG00000139780.7,0.0021910875476690785
17182,ENSG00000104889.7,0.0021853625892057182
17183,ENSG00000186526.13,0.002183193356953872
17184,ENSG00000124812.15,0.002182853988239278
17185,ENSG00000196071.5,0.002178090893633381
17186,ENSG00000168509.20,0.002177534110612004
17187,ENSG00000181803.3,0.0021725884217074823
17188,ENSG00000129007.14,0.0021639933311159397
17189,ENSG00000169933.16,0.0021627026867814887
17190,ENSG00000236444.5,0.0021616211756527856
17191,ENSG00000186766.8,0.0021582566968810475
17192,ENSG00000162068.2,0.0021546398741122234
17193,ENSG00000285329.1,0.0021534716466358322
17194,ENSG00000174898.16,0.002151658677403977
17195,ENSG00000183785.15,0.0021477395115952124
17196,ENSG00000125813.13,0.0021421125944791923
17197,ENSG00000280165.1,0.002135892572158215
17198,ENSG00000240224.1,0.002134729803965287
17199,ENSG00000167633.18,0.0021298743959771546
17200,ENSG00000126838.10,0.0021280472253118955
17201,ENSG00000135973.3,0.002124298672664057
17202,ENSG00000164588.8,0.0021231501961924697
17203,ENSG00000184261.5,0.0021219275670740726
17204,ENSG00000109208.5,0.0021173094084361533
17205,ENSG00000249709.8,0.002116098029937826
17206,ENSG00000143199.18,0.0021159305610750335
17207,ENSG00000214943.5,0.002113405986912485
17208,ENSG00000197084.5,0.0021086387615167988
17209,ENSG00000185053.14,0.0021042498261010264
17210,ENSG00000240303.8,0.0021038616675760867
17211,ENSG00000105610.6,0.0021001029599987116
17212,ENSG00000182261.4,0.0020891741913803595
17213,ENSG00000175202.6,0.0020884180442120124
17214,ENSG00000135248.15,0.0020826332957004654
17215,ENSG00000205927.5,0.0020814592643943345
17216,ENSG00000181023.8,0.0020781171787149226
17217,ENSG00000278615.5,0.0020724581758994253
17218,ENSG00000286106.1,0.0020714409699516705
17219,ENSG00000116882.15,0.0020687547600057154
17220,ENSG00000113262.16,0.0020684076002905538
17221,ENSG00000214360.5,0.002064564672518601
17222,ENSG00000166329.3,0.002057788278968664
17223,ENSG00000185988.15,0.002056043824887472
17224,ENSG00000139637.14,0.00205501487350399
17225,ENSG00000283227.1,0.0020538544222309016
17226,ENSG00000171815.6,0.0020508746881441205
17227,ENSG00000168333.14,0.0020499066331200913
17228,ENSG00000221852.5,0.002045955620118806
17229,ENSG00000185960.14,0.002044862235159782
17230,ENSG00000277481.1,0.0020448263736595057
17231,ENSG00000257046.5,0.0020441824430752348
17232,ENSG00000285269.2,0.002043760580878585
17233,ENSG00000233056.3,0.0020378525620925905
17234,ENSG00000278224.7,0.0020324728615729996
17235,ENSG00000170935.8,0.002030451307465755
17236,ENSG00000224109.3,0.0020223421577263653
17237,ENSG00000283428.1,0.002020955565047513
17238,ENSG00000147246.10,0.002018488790012741
17239,ENSG00000150656.15,0.0020137003580026533
17240,ENSG00000203995.10,0.0020105977534150294
17241,ENSG00000172350.10,0.0020068624977678594
17242,ENSG00000188716.5,0.0020026948519156706
17243,ENSG00000171855.7,0.0019961865127158976
17244,ENSG00000111218.12,0.001992630794252773
17245,ENSG00000188883.5,0.0019918968955809388
17246,ENSG00000139219.19,0.001989896554290378
17247,ENSG00000188800.6,0.001982271444566377
17248,ENSG00000126091.21,0.0019751815596490245
17249,ENSG00000133124.11,0.0019630903768858353
17250,ENSG00000152086.9,0.0019561876001704492
17251,ENSG00000175514.2,0.001952907054324181
17252,ENSG00000100593.18,0.0019517550420155886
17253,ENSG00000162624.14,0.0019493539283269709
17254,ENSG00000180613.11,0.0019427921776902165
17255,ENSG00000187733.6,0.0019397587528013202
17256,ENSG00000264187.1,0.0019373270771069857
17257,ENSG00000237136.8,0.001936976327063013
17258,ENSG00000111704.11,0.0019338611881504428
17259,ENSG00000163288.14,0.001925221010307298
17260,ENSG00000231861.2,0.0019191629905000638
17261,ENSG00000129226.14,0.0019110052987212137
17262,ENSG00000268916.6,0.0019073847053684473
17263,ENSG00000286224.1,0.0019038845705118147
17264,ENSG00000179673.5,0.001903501351457545
17265,ENSG00000143278.5,0.0019024407683372255
17266,ENSG00000242852.7,0.001897470469408011
17267,ENSG00000109061.10,0.0018957145576743034
17268,ENSG00000169688.11,0.0018867853604335
17269,ENSG00000277758.5,0.001886228574054495
17270,ENSG00000121101.16,0.0018851937204134848
17271,ENSG00000078795.17,0.0018741188426314307
17272,ENSG00000162494.6,0.0018727242740977797
17273,ENSG00000170516.17,0.0018718743647563056
17274,ENSG00000251258.2,0.0018672882481954598
17275,ENSG00000167774.2,0.0018658150916491172
17276,ENSG00000166573.6,0.001856717330222599
17277,ENSG00000205323.9,0.0018520647391152916
17278,ENSG00000128310.3,0.0018444948243818509
17279,ENSG00000172940.13,0.0018380578161936454
17280,ENSG00000258659.7,0.0018203295961611553
17281,ENSG00000181418.8,0.0018202680595341835
17282,ENSG00000171595.14,0.0018167664871804711
17283,ENSG00000160408.15,0.0018160294382858677
17284,ENSG00000110887.8,0.001815493420757476
17285,ENSG00000261949.6,0.0018097953889910758
17286,ENSG00000162728.5,0.0018067301604532545
17287,ENSG00000125498.20,0.0018061691856605764
17288,ENSG00000006116.4,0.0018051108392564505
17289,ENSG00000185758.9,0.001800998325949618
17290,ENSG00000177291.4,0.0018008271763082992
17291,ENSG00000102195.10,0.0017912722107418474
17292,ENSG00000204655.12,0.0017812613390501284
17293,ENSG00000255192.6,0.0017804751805792134
17294,ENSG00000166069.13,0.001775834113176623
17295,ENSG00000091010.6,0.0017695690639695687
17296,ENSG00000171402.15,0.0017694101807275227
17297,ENSG00000275126.2,0.0017610432349354694
17298,ENSG00000115592.11,0.0017607265503823434
17299,ENSG00000283567.1,0.0017605386695645536
17300,ENSG00000182533.7,0.0017569020818308289
17301,ENSG00000188582.10,0.0017501616539793887
17302,ENSG00000185962.1,0.001742996329657971
17303,ENSG00000188992.11,0.0017397909766152535
17304,ENSG00000161958.11,0.0017378184037922673
17305,ENSG00000162598.13,0.0017301232537318704
17306,ENSG00000164508.5,0.001728979384169157
17307,ENSG00000146221.10,0.0017286350575639224
17308,ENSG00000248993.1,0.0017252547056065201
17309,ENSG00000153165.19,0.001713629052201915
17310,ENSG00000177558.3,0.0017109120749048262
17311,ENSG00000187323.12,0.001702673140931514
17312,ENSG00000162510.6,0.0016995112158745575
17313,ENSG00000267978.5,0.001699476846089907
17314,ENSG00000223953.6,0.0016947299082014384
17315,ENSG00000162040.7,0.0016928865260073592
17316,ENSG00000182896.13,0.0016825841493128704
17317,ENSG00000125414.19,0.0016820383361746928
17318,ENSG00000170276.6,0.0016807588328188233
17319,ENSG00000181626.12,0.00167213556035139
17320,ENSG00000183733.6,0.0016721234550229503
17321,ENSG00000154227.13,0.0016711426356417632
17322,ENSG00000182676.5,0.0016697070185409239
17323,ENSG00000197901.12,0.0016688577602424234
17324,ENSG00000249693.3,0.0016606007368845529
17325,ENSG00000112038.18,0.0016492477122471135
17326,ENSG00000183850.14,0.0016454774631347521
17327,ENSG00000286070.2,0.0016433701499720115
17328,ENSG00000152977.10,0.0016403706641406326
17329,ENSG00000168702.18,0.0016392635654436563
17330,ENSG00000178602.8,0.0016381988080916969
17331,ENSG00000172209.6,0.0016362592823844014
17332,ENSG00000077498.9,0.0016344224459649325
17333,ENSG00000221882.3,0.001633603566604655
17334,ENSG00000257065.1,0.0016269298779883058
17335,ENSG00000071203.9,0.0016260313461753976
17336,ENSG00000268964.3,0.0016243273569090109
17337,ENSG00000197915.7,0.0016136004102517347
17338,ENSG00000159650.9,0.0016120786573794506
17339,ENSG00000179002.5,0.0016042543874673586
17340,ENSG00000167916.5,0.0016002155673775335
17341,ENSG00000286920.2,0.0015995402599632235
17342,ENSG00000164076.17,0.0015973731493440645
17343,ENSG00000166507.19,0.0015949444734800096
17344,ENSG00000144015.5,0.0015899688204558274
17345,ENSG00000275793.1,0.0015884214509185295
17346,ENSG00000128271.22,0.0015871593294618349
17347,ENSG00000186136.1,0.00158422260272798
17348,ENSG00000273111.6,0.0015822613867208925
17349,ENSG00000137804.14,0.0015816675343721513
17350,ENSG00000203734.12,0.0015752750460693488
17351,ENSG00000131068.4,0.001574901031677818
17352,ENSG00000165076.14,0.0015666454495247637
17353,ENSG00000120729.10,0.001561045660586141
17354,ENSG00000113327.17,0.0015576387753597357
17355,ENSG00000136834.3,0.0015563697746650488
17356,ENSG00000159516.9,0.0015527600729019026
17357,ENSG00000223731.3,0.0015517176976668121
17358,ENSG00000130377.13,0.0015493870566839912
17359,ENSG00000283599.2,0.0015478415833427499
17360,ENSG00000168158.4,0.001537420311170336
17361,ENSG00000150676.13,0.0015303664224099766
17362,ENSG00000182230.12,0.0015279945962614902
17363,ENSG00000132010.16,0.0015236679198471562
17364,ENSG00000127412.7,0.0015214506307397613
17365,ENSG00000204913.6,0.0015172876912864942
17366,ENSG00000170162.14,0.0015151745508318875
17367,ENSG00000177398.18,0.0015098233043706946
17368,ENSG00000163885.12,0.0015065092010016032
17369,ENSG00000182223.7,0.0015064074415525287
17370,ENSG00000196844.9,0.0015059025099495589
17371,ENSG00000198633.10,0.0015026095780186668
17372,ENSG00000168505.7,0.001497832384578528
17373,ENSG00000244122.2,0.0014951909287317488
17374,ENSG00000249931.4,0.0014947058703471433
17375,ENSG00000144893.12,0.0014932940657936748
17376,ENSG00000163633.12,0.001488847560558473
17377,ENSG00000162039.17,0.0014856808629599135
17378,ENSG00000162761.14,0.001483481594379907
17379,ENSG00000047662.5,0.00148085699745496
17380,ENSG00000132671.6,0.0014804562332839965
17381,ENSG00000162621.7,0.0014667539228985851
17382,ENSG00000258713.3,0.0014630283389515822
17383,ENSG00000183251.4,0.0014610307078035017
17384,ENSG00000187527.11,0.001460427231310832
17385,ENSG00000173572.11,0.0014601935872329145
17386,ENSG00000171495.17,0.001443380657231634
17387,ENSG00000204897.7,0.001439789413230151
17388,ENSG00000136694.9,0.001437368701963066
17389,ENSG00000169194.9,0.001433493285194243
17390,ENSG00000214102.7,0.0014307479594874906
17391,ENSG00000174448.8,0.0014296928240310936
17392,ENSG00000269242.1,0.0014264353625380766
17393,ENSG00000178440.7,0.0014131443482117265
17394,ENSG00000256660.6,0.001405202641674436
17395,ENSG00000152192.8,0.0014031843877170794
17396,ENSG00000274618.2,0.0013991208306079284
17397,ENSG00000213512.3,0.0013990532411978732
17398,ENSG00000132874.15,0.0013941178730075869
17399,ENSG00000101180.16,0.0013938100350425941
17400,ENSG00000155495.9,0.0013922741646916791
17401,ENSG00000163645.15,0.001386585521110309
17402,ENSG00000109163.7,0.0013688433157063992
17403,ENSG00000205445.3,0.001350390795199464
17404,ENSG00000204595.1,0.0013458016863176821
17405,ENSG00000253831.3,0.0013457846040226768
17406,ENSG00000182583.12,0.0013384150772234658
17407,ENSG00000180919.3,0.0013350601231584879
17408,ENSG00000204165.6,0.0013347928303211467
17409,ENSG00000204345.1,0.0013310385108806296
17410,ENSG00000186009.5,0.0013302899742248992
17411,ENSG00000261649.6,0.0013289733439505057
17412,ENSG00000162891.10,0.0013238751167463753
17413,ENSG00000106328.10,0.001322841149842509
17414,ENSG00000134765.10,0.001319432829487627
17415,ENSG00000132446.7,0.0013173449740259626
17416,ENSG00000183318.11,0.0013118781181584488
17417,ENSG00000288593.1,0.0013118434342913989
17418,ENSG00000181499.2,0.0013092028823908006
17419,ENSG00000270011.7,0.001298799651090986
17420,ENSG00000124721.18,0.0012941139128947578
17421,ENSG00000236334.3,0.0012934698703433267
17422,ENSG00000187627.17,0.0012873742285717893
17423,ENSG00000226761.3,0.0012859870208668015
17424,ENSG00000107147.14,0.0012842264789778863
17425,ENSG00000177551.5,0.0012838338985552355
17426,ENSG00000185873.8,0.001282762316818938
17427,ENSG00000166800.10,0.001278528402994313
17428,ENSG00000126550.10,0.0012771133916914112
17429,ENSG00000163530.4,0.001275490424476902
17430,ENSG00000172650.14,0.0012748908079864205
17431,ENSG00000243135.6,0.001265055301694082
17432,ENSG00000169181.13,0.0012649984385942447
17433,ENSG00000205442.13,0.001263978858273434
17434,ENSG00000196497.17,0.0012636817416416069
17435,ENSG00000102128.8,0.001263076455126909
17436,ENSG00000188086.15,0.0012621059540166106
17437,ENSG00000277399.5,0.0012594698067578708
17438,ENSG00000285509.1,0.0012589800096718946
17439,ENSG00000165973.19,0.001248778627258203
17440,ENSG00000198670.12,0.0012482309131967586
17441,ENSG00000275954.5,0.0012477249044633206
17442,ENSG00000187553.10,0.0012451305360744558
17443,ENSG00000163116.10,0.001244715149063742
17444,ENSG00000106341.11,0.0012422622724610585
17445,ENSG00000184206.12,0.0012407866239447808
17446,ENSG00000197641.12,0.001239974421913755
17447,ENSG00000184108.8,0.0012392842086183787
17448,ENSG00000166220.12,0.0012378139827432786
17449,ENSG00000173239.14,0.0012361326086297833
17450,ENSG00000204176.14,0.0012360090199600795
17451,ENSG00000280236.3,0.0012299034979382163
17452,ENSG00000286132.1,0.0012289658313188268
17453,ENSG00000166947.15,0.0012264608150300562
17454,ENSG00000137090.12,0.0012214480420124293
17455,ENSG00000102794.10,0.0012177949661762747
17456,ENSG00000126251.6,0.0012138912961674353
17457,ENSG00000174453.10,0.0012137085525663934
17458,ENSG00000276240.2,0.0012132731336012002
17459,ENSG00000102055.7,0.0012127944129541799
17460,ENSG00000113525.10,0.0012122279879699062
17461,ENSG00000178115.11,0.0012083567914341856
17462,ENSG00000197233.7,0.0011981386351688872
17463,ENSG00000203546.7,0.0011980190197991947
17464,ENSG00000068781.21,0.00119782642675324
17465,ENSG00000066813.14,0.0011971272446943742
17466,ENSG00000244623.1,0.0011959805954749733
17467,ENSG00000128713.14,0.001184214934031966
17468,ENSG00000169306.10,0.0011829362875919107
17469,ENSG00000152910.19,0.0011822517290498106
17470,ENSG00000258466.5,0.0011691777967937703
17471,ENSG00000261587.2,0.0011675498763461815
17472,ENSG00000259075.6,0.0011650801255158614
17473,ENSG00000130167.14,0.001159227075851569
17474,ENSG00000167419.11,0.0011572189380640715
17475,ENSG00000184647.11,0.0011534620828352923
17476,ENSG00000255663.1,0.0011505365910971781
17477,ENSG00000123171.7,0.0011494416071955523
17478,ENSG00000235118.8,0.0011487736598091913
17479,ENSG00000266964.6,0.0011485133009919387
17480,ENSG00000172404.5,0.001146473110988029
17481,ENSG00000205642.10,0.0011420483866497735
17482,ENSG00000135747.11,0.0011417263186248446
17483,ENSG00000203737.5,0.0011368241090950067
17484,ENSG00000145020.16,0.0011342832726327634
17485,ENSG00000170788.14,0.0011291694127862368
17486,ENSG00000187838.17,0.0011276748735579271
17487,ENSG00000105605.7,0.0011273786022898418
17488,ENSG00000254806.5,0.0011195171005578544
17489,ENSG00000100121.13,0.0011185073419326093
17490,ENSG00000172938.3,0.0011143925579840369
17491,ENSG00000182601.7,0.0011132713911357864
17492,ENSG00000120903.13,0.0011129829388156166
17493,ENSG00000283740.1,0.0011084897084741357
17494,ENSG00000141437.10,0.0011050870509264068
17495,ENSG00000180424.7,0.0011048596314714677
17496,ENSG00000186288.5,0.0011033763707572434
17497,ENSG00000284188.2,0.0011021269895545986
17498,ENSG00000244020.3,0.0011017092209187737
17499,ENSG00000213920.9,0.0011014988850515629
17500,ENSG00000168830.8,0.0010974438212060164
17501,ENSG00000284981.1,0.0010940567952013851
17502,ENSG00000261247.1,0.001093284839985814
17503,ENSG00000179270.7,0.0010925911514656742
17504,ENSG00000285762.1,0.0010916020471486959
17505,ENSG00000285991.1,0.0010890309221870701
17506,ENSG00000284631.1,0.0010867541275341739
17507,ENSG00000204962.6,0.0010852277495712076
17508,ENSG00000189037.8,0.0010841519368854026
17509,ENSG00000187026.3,0.0010820743615004077
17510,ENSG00000134640.3,0.0010812783876225091
17511,ENSG00000188782.9,0.0010804338023229418
17512,ENSG00000154493.19,0.0010796926518030585
17513,ENSG00000122180.5,0.0010787860561196707
17514,ENSG00000182187.4,0.0010718569189799225
17515,ENSG00000135577.4,0.0010645709580909086
17516,ENSG00000159197.4,0.0010625402534068377
17517,ENSG00000067842.17,0.0010619620411665715
17518,ENSG00000121410.12,0.0010609333953396308
17519,ENSG00000174527.10,0.0010609091543971238
17520,ENSG00000173335.5,0.0010562765949719448
17521,ENSG00000130950.14,0.0010520754918508736
17522,ENSG00000222014.6,0.0010511453047602345
17523,ENSG00000139648.7,0.0010470269600626615
17524,ENSG00000125551.19,0.001044334086195334
17525,ENSG00000148795.7,0.0010440520740083292
17526,ENSG00000180834.8,0.0010436700768058985
17527,ENSG00000181562.5,0.0010371241634416137
17528,ENSG00000203908.4,0.0010350649219652798
17529,ENSG00000152266.7,0.0010318758520171127
17530,ENSG00000206102.2,0.0010279688776276279
17531,ENSG00000180483.7,0.0010265938240660538
17532,ENSG00000213231.13,0.0010226471392479689
17533,ENSG00000177752.14,0.0010215858011096437
17534,ENSG00000198901.14,0.001017344344732697
17535,ENSG00000122584.13,0.0010159870867548642
17536,ENSG00000179165.11,0.0010158946320155526
17537,ENSG00000197241.3,0.0010149478307197675
17538,ENSG00000134007.5,0.001012018083544035
17539,ENSG00000147869.5,0.0010110065399531925
17540,ENSG00000258881.6,0.0010086140462692713
17541,ENSG00000170262.13,0.0010047089973106362
17542,ENSG00000146047.7,0.0010041185583634224
17543,ENSG00000212658.1,0.001003684051075947
17544,ENSG00000255181.3,0.0010016702033919995
17545,ENSG00000161634.12,0.0010012012739908185
17546,ENSG00000164256.11,0.0009951682660138813
17547,ENSG00000144010.10,0.000994761132514931
17548,ENSG00000196866.3,0.0009944529374521238
17549,ENSG00000112238.12,0.0009898452191548382
17550,ENSG00000286135.1,0.000986541940664888
17551,ENSG00000119913.6,0.0009843057986769757
17552,ENSG00000152430.18,0.0009827910233913297
17553,ENSG00000180336.18,0.0009799915321722144
17554,ENSG00000242950.7,0.0009784986983306832
17555,ENSG00000162753.13,0.0009777672478309912
17556,ENSG00000119614.3,0.0009771120431306146
17557,ENSG00000171540.8,0.0009770345079371482
17558,ENSG00000170324.21,0.000975927372876078
17559,ENSG00000124564.17,0.0009730910990071606
17560,ENSG00000105679.9,0.000972008650697672
17561,ENSG00000173988.13,0.0009719808592238665
17562,ENSG00000124610.5,0.0009698578297934922
17563,ENSG00000238210.4,0.0009693410449006421
17564,ENSG00000152822.14,0.0009692633444360691
17565,ENSG00000196993.8,0.000968435865016667
17566,ENSG00000256463.8,0.00096794202321766
17567,ENSG00000187135.7,0.0009654739107110778
17568,ENSG00000198917.13,0.0009623848515893251
17569,ENSG00000144119.4,0.0009586167090332382
17570,ENSG00000212807.2,0.0009525116940086136
17571,ENSG00000177535.8,0.0009502753230772528
17572,ENSG00000139445.18,0.0009460301684859108
17573,ENSG00000165953.10,0.0009449492015924509
17574,ENSG00000170426.2,0.0009407907167106569
17575,ENSG00000267673.6,0.0009382354359439384
17576,ENSG00000213246.7,0.0009370000981526844
17577,ENSG00000164123.7,0.0009365035705545682
17578,ENSG00000277957.1,0.0009351575765356453
17579,ENSG00000149300.10,0.0009349871652476468
17580,ENSG00000264343.6,0.0009300427508518623
17581,ENSG00000171489.10,0.0009232293646735222
17582,ENSG00000284686.1,0.0009202807280540487
17583,ENSG00000151005.5,0.0009191489121763576
17584,ENSG00000168454.12,0.0009191237217845653
17585,ENSG00000112499.13,0.0009106279030386362
17586,ENSG00000124157.7,0.0009092602519222297
17587,ENSG00000187855.5,0.0009057986820589928
17588,ENSG00000248713.1,0.000902388940479884
17589,ENSG00000204518.2,0.0008963383820778887
17590,ENSG00000127318.11,0.0008951283418210125
17591,ENSG00000258388.7,0.0008930093800488086
17592,ENSG00000122687.19,0.000892301121762582
17593,ENSG00000164729.7,0.0008889890318594733
17594,ENSG00000215817.7,0.0008866531538112369
17595,ENSG00000229676.3,0.000883923960295542
17596,ENSG00000171116.7,0.0008834693195425488
17597,ENSG00000151704.16,0.0008779312059664598
17598,ENSG00000141161.12,0.0008774905367788942
17599,ENSG00000135226.18,0.0008764215600542646
17600,ENSG00000180245.7,0.0008753420948018597
17601,ENSG00000189099.11,0.0008677280594904374
17602,ENSG00000221970.2,0.0008674305801235727
17603,ENSG00000286038.1,0.0008668663431004977
17604,ENSG00000281883.1,0.0008660336216715933
17605,ENSG00000284512.1,0.0008655124007473925
17606,ENSG00000149646.12,0.0008629742790067752
17607,ENSG00000214336.5,0.0008626250930443898
17608,ENSG00000181009.5,0.0008586836803039828
17609,ENSG00000126549.11,0.0008567880804803568
17610,ENSG00000235268.2,0.0008544051127333467
17611,ENSG00000188828.12,0.0008531785079387607
17612,ENSG00000267552.6,0.0008526421003485627
17613,ENSG00000203730.3,0.0008517640061608682
17614,ENSG00000163705.13,0.0008517071557079756
17615,ENSG00000179520.11,0.0008506505242905726
17616,ENSG00000214688.6,0.0008495589256587988
17617,ENSG00000229292.2,0.0008453415773747132
17618,ENSG00000187559.6,0.0008447192296400815
17619,ENSG00000105370.8,0.0008441005099064834
17620,ENSG00000186086.18,0.0008437885093939395
17621,ENSG00000259224.2,0.0008430666114559054
17622,ENSG00000197616.13,0.000842920096425801
17623,ENSG00000166118.8,0.0008423208193762755
17624,ENSG00000168263.9,0.0008411172781481518
17625,ENSG00000106304.15,0.0008361616030402605
17626,ENSG00000285437.1,0.0008358523613574386
17627,ENSG00000198681.7,0.0008322454661840282
17628,ENSG00000162843.17,0.0008314093162152404
17629,ENSG00000205456.11,0.0008290025899445552
17630,ENSG00000206557.6,0.0008243975446991841
17631,ENSG00000159398.16,0.0008176709077288396
17632,ENSG00000212901.4,0.000815437530551876
17633,ENSG00000233932.6,0.0008118295620098032
17634,ENSG00000204928.2,0.0008098855643652836
17635,ENSG00000275688.4,0.0008085665448766319
17636,ENSG00000135222.6,0.0008080226438789298
17637,ENSG00000196767.9,0.0008074131772782507
17638,ENSG00000169006.7,0.0008070840780474818
17639,ENSG00000183559.12,0.0008070475228549303
17640,ENSG00000284987.1,0.0008069849324521606
17641,ENSG00000265590.10,0.0007995926145094147
17642,ENSG00000189167.12,0.0007963219427803657
17643,ENSG00000152670.19,0.0007920256065549076
17644,ENSG00000141255.13,0.000791625986092308
17645,ENSG00000135902.10,0.0007902996453230533
17646,ENSG00000212126.3,0.0007895722135340953
17647,ENSG00000183888.4,0.0007895675573703206
17648,ENSG00000259529.2,0.0007895245051656965
17649,ENSG00000080166.16,0.000787877370175032
17650,ENSG00000186207.5,0.0007861513780837504
17651,ENSG00000173093.13,0.0007858702306109249
17652,ENSG00000274944.4,0.0007848937226452677
17653,ENSG00000171773.3,0.0007832222279289406
17654,ENSG00000125831.10,0.0007827697294260236
17655,ENSG00000214518.3,0.0007811678419497051
17656,ENSG00000165091.18,0.0007791422559931239
17657,ENSG00000231989.5,0.0007784384268781053
17658,ENSG00000187024.15,0.0007765982077544786
17659,ENSG00000100012.12,0.0007758352505332347
17660,ENSG00000156009.10,0.0007718646044202894
17661,ENSG00000004939.15,0.0007715978126072491
17662,ENSG00000119283.15,0.0007715400252352146
17663,ENSG00000171136.7,0.0007712309326651819
17664,ENSG00000152595.16,0.0007686686700096654
17665,ENSG00000132972.19,0.0007672430212089171
17666,ENSG00000274611.3,0.0007611158760400869
17667,ENSG00000134115.13,0.0007598295535314502
17668,ENSG00000172717.16,0.0007582208028419717
17669,ENSG00000064489.23,0.0007526698843784058
17670,ENSG00000178809.11,0.0007491221348403768
17671,ENSG00000129170.10,0.000748416471077015
17672,ENSG00000198914.5,0.0007473262324053472
17673,ENSG00000257341.5,0.0007443293174210819
17674,ENSG00000243414.6,0.0007436372062752938
17675,ENSG00000261732.1,0.0007428781330217567
17676,ENSG00000105549.11,0.0007415054026345352
17677,ENSG00000204657.4,0.0007409010867587185
17678,ENSG00000214300.7,0.0007403117528605875
17679,ENSG00000101951.17,0.0007374399741408364
17680,ENSG00000242019.1,0.0007372528440532058
17681,ENSG00000269403.1,0.0007371631806727017
17682,ENSG00000174498.14,0.0007361103697818832
17683,ENSG00000184544.12,0.0007294361095296321
17684,ENSG00000183034.13,0.0007269554550499022
17685,ENSG00000184486.10,0.0007231256458404667
17686,ENSG00000258461.5,0.0007229109213828443
17687,ENSG00000165694.10,0.0007228255439552236
17688,ENSG00000167359.8,0.000718786305340547
17689,ENSG00000268738.3,0.0007176098282072517
17690,ENSG00000205186.4,0.000717092149973433
17691,ENSG00000042781.14,0.0007159969397606074
17692,ENSG00000259288.7,0.0007144883389313299
17693,ENSG00000185040.13,0.0007142317503037348
17694,ENSG00000183117.19,0.000714191378485568
17695,ENSG00000158077.5,0.0007124991793152764
17696,ENSG00000121211.8,0.0007102453453752779
17697,ENSG00000163554.15,0.0007075243025875525
17698,ENSG00000269226.7,0.0007065944222040906
17699,ENSG00000189030.10,0.0007055815069596827
17700,ENSG00000185149.6,0.0007051914307881558
17701,ENSG00000128276.10,0.0007050014052552334
17702,ENSG00000187033.9,0.0007045031383040163
17703,ENSG00000206127.11,0.0007037905497691382
17704,ENSG00000256762.1,0.0007014847482267119
17705,ENSG00000285897.1,0.0006980856053921709
17706,ENSG00000182459.5,0.0006977850080531597
17707,ENSG00000169676.6,0.0006967475849012606
17708,ENSG00000149635.3,0.0006967011825222617
17709,ENSG00000285791.1,0.0006957613445230818
17710,ENSG00000122787.15,0.0006952374586585308
17711,ENSG00000250298.6,0.0006951554015099588
17712,ENSG00000179008.9,0.0006949132717036634
17713,ENSG00000172014.12,0.0006941246976140792
17714,ENSG00000240972.2,0.000687788944451091
17715,ENSG00000205857.2,0.0006874152708827461
17716,ENSG00000285585.1,0.0006830894041504168
17717,ENSG00000204640.1,0.0006830888607876543
17718,ENSG00000184984.10,0.0006803053822085465
17719,ENSG00000283761.1,0.000679486224287642
17720,ENSG00000124818.15,0.0006790521403159814
17721,ENSG00000196099.4,0.0006758538236620881
17722,ENSG00000273513.1,0.000673549527089959
17723,ENSG00000285010.1,0.0006714326660178972
17724,ENSG00000137080.4,0.0006707856228047217
17725,ENSG00000184911.14,0.000668828207523549
17726,ENSG00000283208.2,0.0006666476458759538
17727,ENSG00000163793.13,0.000663980559295852
17728,ENSG00000154007.7,0.00066349114183879
17729,ENSG00000120055.7,0.000660145755680048
17730,ENSG00000167194.7,0.0006580629861670891
17731,ENSG00000111046.4,0.000653202883622505
17732,ENSG00000277150.2,0.0006517170491040547
17733,ENSG00000188124.3,0.0006496289676554248
17734,ENSG00000228607.2,0.0006492726651356033
17735,ENSG00000142609.18,0.0006489982077284871
17736,ENSG00000233436.7,0.000644951964554593
17737,ENSG00000181001.3,0.0006444118425433388
17738,ENSG00000137707.13,0.0006441151973568183
17739,ENSG00000187753.13,0.0006433143450415794
17740,ENSG00000065371.17,0.0006367062076539004
17741,ENSG00000187066.8,0.0006356375624875255
17742,ENSG00000279270.2,0.0006338939997519806
17743,ENSG00000253767.2,0.0006332024700099119
17744,ENSG00000172538.7,0.0006329960168733376
17745,ENSG00000152208.13,0.0006328233068030847
17746,ENSG00000177673.4,0.0006318837620400811
17747,ENSG00000264006.8,0.0006288500061157757
17748,ENSG00000225180.8,0.0006282323154011518
17749,ENSG00000130287.14,0.0006263609445052125
17750,ENSG00000131738.11,0.0006259249288708854
17751,ENSG00000206177.7,0.0006256052937541695
17752,ENSG00000063438.19,0.000624412772116762
17753,ENSG00000173626.10,0.0006240514156877982
17754,ENSG00000197838.5,0.0006219141642598698
17755,ENSG00000101446.8,0.0006199835607825861
17756,ENSG00000140798.16,0.0006142455290840022
17757,ENSG00000205863.11,0.0006115686690977317
17758,ENSG00000197364.7,0.0006084614029590645
17759,ENSG00000283683.1,0.0006082499162163564
17760,ENSG00000186329.9,0.0006070744278769898
17761,ENSG00000266202.1,0.0006050220410660982
17762,ENSG00000124449.7,0.0006048955496056968
17763,ENSG00000185013.16,0.0006041480645745216
17764,ENSG00000186439.14,0.0006030548682201202
17765,ENSG00000177182.11,0.0006028304313621589
17766,ENSG00000243284.1,0.000602003143198291
17767,ENSG00000221938.5,0.0005989289068774692
17768,ENSG00000158901.12,0.0005975453126124734
17769,ENSG00000101438.4,0.0005966300992693591
17770,ENSG00000187054.16,0.0005963246341594137
17771,ENSG00000178217.14,0.0005954163514137761
17772,ENSG00000082126.18,0.000593925042644695
17773,ENSG00000139797.8,0.0005921683488445459
17774,ENSG00000243543.9,0.0005915536091167294
17775,ENSG00000188107.15,0.0005906982776653374
17776,ENSG00000008197.5,0.000590326764596812
17777,ENSG00000260286.4,0.0005897775285799915
17778,ENSG00000176302.13,0.0005876358423661709
17779,ENSG00000258644.6,0.0005870111857891409
17780,ENSG00000284292.1,0.0005844541882126783
17781,ENSG00000204022.9,0.0005824397025670136
17782,ENSG00000164334.15,0.0005815391402534312
17783,ENSG00000176988.9,0.0005788754777071712
17784,ENSG00000101958.14,0.0005776619857544953
17785,ENSG00000165120.5,0.0005769062994724109
17786,ENSG00000137252.9,0.0005762372749494245
17787,ENSG00000112333.12,0.0005742043607244438
17788,ENSG00000163285.8,0.0005715944498713726
17789,ENSG00000179172.10,0.0005712265654631933
17790,ENSG00000101200.5,0.0005684179634466865
17791,ENSG00000134389.10,0.0005683611840225346
17792,ENSG00000284491.2,0.0005660966692502523
17793,ENSG00000284643.1,0.0005648425983901993
17794,ENSG00000101638.14,0.0005644432636372303
17795,ENSG00000074803.20,0.0005600993730132877
17796,ENSG00000256980.5,0.0005566087455127667
17797,ENSG00000187747.2,0.0005565829413168471
17798,ENSG00000142538.2,0.0005548136044610483
17799,ENSG00000105143.12,0.0005536986721024942
17800,ENSG00000258083.2,0.0005491195728480132
17801,ENSG00000239920.2,0.000547538984118663
17802,ENSG00000255359.3,0.000547529918983103
17803,ENSG00000212899.3,0.0005474862792029494
17804,ENSG00000172155.10,0.0005456110406222406
17805,ENSG00000198090.3,0.0005454974878551866
17806,ENSG00000243978.8,0.0005417579426757887
17807,ENSG00000140623.14,0.0005410823103330566
17808,ENSG00000104499.7,0.0005403480753115602
17809,ENSG00000235376.5,0.0005392684256007149
17810,ENSG00000168594.15,0.0005390189009377745
17811,ENSG00000225110.3,0.0005386485910754142
17812,ENSG00000153820.13,0.0005377653539976672
17813,ENSG00000118972.3,0.0005370992831470483
17814,ENSG00000166634.6,0.0005365839911849137
17815,ENSG00000283463.2,0.0005313752326093793
17816,ENSG00000250423.2,0.0005311308097599241
17817,ENSG00000268870.1,0.0005306184410360284
17818,ENSG00000124089.4,0.000528958355616627
17819,ENSG00000184388.6,0.000526793598695329
17820,ENSG00000187243.16,0.0005260096412627268
17821,ENSG00000162399.9,0.0005256163198670793
17822,ENSG00000286905.1,0.0005219451450385538
17823,ENSG00000145808.10,0.0005218289387912118
17824,ENSG00000162592.10,0.0005205017823874467
17825,ENSG00000198033.12,0.0005199680363300937
17826,ENSG00000284862.3,0.0005186647921937614
17827,ENSG00000166152.4,0.00051797783653525
17828,ENSG00000149516.14,0.0005179511415511564
17829,ENSG00000155875.15,0.0005177099991108554
17830,ENSG00000204669.11,0.0005175071050256728
17831,ENSG00000204195.4,0.0005166753372556399
17832,ENSG00000197826.12,0.0005161495054838558
17833,ENSG00000165471.7,0.0005146882021796253
17834,ENSG00000261667.1,0.000513447683754216
17835,ENSG00000189152.11,0.0005124228627907757
17836,ENSG00000267909.3,0.00051211502011949
17837,ENSG00000042304.12,0.0005094078906329566
17838,ENSG00000261052.6,0.0005085848272457221
17839,ENSG00000150394.14,0.0005079573155597946
17840,ENSG00000149507.7,0.0005077739009150523
17841,ENSG00000147896.3,0.0005076593598843687
17842,ENSG00000285602.1,0.0005030583242764491
17843,ENSG00000261873.2,0.0004991351109269134
17844,ENSG00000187905.10,0.0004990403872168423
17845,ENSG00000267179.1,0.0004977660630595002
17846,ENSG00000205669.4,0.0004970819474677392
17847,ENSG00000164900.4,0.0004963395459496356
17848,ENSG00000177047.6,0.0004960661987024524
17849,ENSG00000184471.8,0.0004931777853763502
17850,ENSG00000215455.4,0.0004928344841576885
17851,ENSG00000180205.4,0.000491789938525188
17852,ENSG00000214642.1,0.00048817547480996986
17853,ENSG00000183747.12,0.0004862202365990064
17854,ENSG00000177504.10,0.00048613765819125734
17855,ENSG00000172969.7,0.00048261606245614925
17856,ENSG00000138892.11,0.0004818705070249037
17857,ENSG00000168619.16,0.0004785040390398221
17858,ENSG00000184276.3,0.0004782843832126442
17859,ENSG00000254788.7,0.00047743320104654804
17860,ENSG00000170748.7,0.00047715690977862603
17861,ENSG00000167014.11,0.0004760171040371262
17862,ENSG00000257315.3,0.0004752477252129392
17863,ENSG00000145839.2,0.0004747379211623208
17864,ENSG00000188038.8,0.00047416262946905515
17865,ENSG00000256188.3,0.0004739187910545252
17866,ENSG00000244588.5,0.0004737681638373723
17867,ENSG00000248919.7,0.0004729894908897788
17868,ENSG00000264424.1,0.0004716894350006502
17869,ENSG00000165204.3,0.000467996560557216
17870,ENSG00000042813.8,0.00046753242298125446
17871,ENSG00000259571.2,0.0004673924694753453
17872,ENSG00000107447.8,0.00046721763278317283
17873,ENSG00000255582.1,0.00046658072142660294
17874,ENSG00000081800.9,0.00046410321954150157
17875,ENSG00000141194.6,0.0004633938717504849
17876,ENSG00000158553.4,0.0004628237735227025
17877,ENSG00000186919.13,0.0004620277941332712
17878,ENSG00000022355.18,0.0004604077467583543
17879,ENSG00000181215.15,0.0004581982307384214
17880,ENSG00000148482.12,0.0004567228820968491
17881,ENSG00000205883.2,0.00045435774719459625
17882,ENSG00000140795.13,0.000452221408595633
17883,ENSG00000144962.7,0.00045044581181332864
17884,ENSG00000196604.13,0.0004503820888250345
17885,ENSG00000099721.14,0.00044886420245047695
17886,ENSG00000148704.13,0.00044701368565201884
17887,ENSG00000272442.2,0.00044655900761078507
17888,ENSG00000178997.11,0.00044552453528205407
17889,ENSG00000136297.15,0.00044546969349674586
17890,ENSG00000104941.8,0.00044464350568161647
17891,ENSG00000189090.7,0.0004434242739793443
17892,ENSG00000204532.7,0.00044333576960443763
17893,ENSG00000124260.12,0.00044263201978267006
17894,ENSG00000204025.8,0.0004414353160577728
17895,ENSG00000239732.3,0.00044113822992119454
17896,ENSG00000166984.12,0.0004396752639955072
17897,ENSG00000204300.7,0.0004388889058523168
17898,ENSG00000257949.7,0.00043880177294657605
17899,ENSG00000244607.7,0.0004385380724867966
17900,ENSG00000179709.8,0.0004384577319865656
17901,ENSG00000214643.6,0.00043793194258144347
17902,ENSG00000183303.2,0.0004376986059580828
17903,ENSG00000242441.8,0.0004374659858743796
17904,ENSG00000204479.4,0.00043719154591187617
17905,ENSG00000184650.11,0.00043648962548624854
17906,ENSG00000188269.10,0.0004358369464312336
17907,ENSG00000185028.4,0.00043553418990581195
17908,ENSG00000164304.16,0.00043448026420686125
17909,ENSG00000268350.7,0.0004339098402120018
17910,ENSG00000284635.1,0.0004327723173981515
17911,ENSG00000168131.4,0.00043195534766522303
17912,ENSG00000212935.2,0.0004316982688506868
17913,ENSG00000156269.5,0.00043129380083174106
17914,ENSG00000179059.10,0.00043037867109180493
17915,ENSG00000052850.8,0.000429493961766267
17916,ENSG00000283536.2,0.00042906908559743574
17917,ENSG00000214338.10,0.0004290017067596002
17918,ENSG00000101251.13,0.00042857276955289705
17919,ENSG00000153779.11,0.00042848350540589727
17920,ENSG00000143032.8,0.0004282742510078448
17921,ENSG00000181609.5,0.0004260779990237763
17922,ENSG00000197213.10,0.0004260163987666231
17923,ENSG00000267952.1,0.0004231827714770884
17924,ENSG00000131183.11,0.0004221900459814823
17925,ENSG00000204010.3,0.000420830658870463
17926,ENSG00000176746.6,0.000420413089922934
17927,ENSG00000175485.2,0.0004193611887963511
17928,ENSG00000283563.1,0.00041872160475349077
17929,ENSG00000181786.5,0.0004165704516386057
17930,ENSG00000274749.1,0.00041637842594660987
17931,ENSG00000214097.5,0.0004156796267406697
17932,ENSG00000139223.4,0.0004156207693830308
17933,ENSG00000185069.2,0.00041550634557137924
17934,ENSG00000094796.5,0.0004151879457983431
17935,ENSG00000174450.12,0.0004137687698991227
17936,ENSG00000188771.5,0.0004122384614399238
17937,ENSG00000134595.9,0.0004118473613607149
17938,ENSG00000212657.1,0.00041093538733468046
17939,ENSG00000182698.12,0.00041063666973185757
17940,ENSG00000234438.5,0.00041041247018054893
17941,ENSG00000137948.18,0.00041010429354226136
17942,ENSG00000176165.12,0.0004096404437011485
17943,ENSG00000187772.8,0.0004093465724188607
17944,ENSG00000260691.6,0.000408536958657631
17945,ENSG00000180090.5,0.0004073660141500995
17946,ENSG00000286268.1,0.00040679409263223406
17947,ENSG00000256374.2,0.0004062095569597958
17948,ENSG00000223611.6,0.0004054006649338942
17949,ENSG00000276950.5,0.00040504043734302156
17950,ENSG00000168348.4,0.00040422354616980334
17951,ENSG00000237412.7,0.0004016977354330276
17952,ENSG00000169059.12,0.0003978376566749535
17953,ENSG00000169393.9,0.00039700020946182175
17954,ENSG00000130561.17,0.0003966879322771342
17955,ENSG00000261739.2,0.0003956862231189995
17956,ENSG00000155087.4,0.00039541024503110214
17957,ENSG00000138068.10,0.0003951967022455709
17958,ENSG00000254737.2,0.00039374307803338667
17959,ENSG00000214897.5,0.00039059393925992494
17960,ENSG00000134365.13,0.0003903097245000044
17961,ENSG00000147160.9,0.00039023862874152916
17962,ENSG00000229894.4,0.00038890096645836843
17963,ENSG00000164500.7,0.00038875312588979293
17964,ENSG00000101203.16,0.0003884035879197035
17965,ENSG00000168124.2,0.0003879713056311702
17966,ENSG00000214534.5,0.000386201656380716
17967,ENSG00000185056.10,0.00038430107567747013
17968,ENSG00000256029.6,0.0003838911240615615
17969,ENSG00000006659.13,0.0003823440306393245
17970,ENSG00000204952.3,0.00038059271256257174
17971,ENSG00000184022.4,0.00037731147706720813
17972,ENSG00000170279.3,0.00037672471800284316
17973,ENSG00000101981.12,0.0003763932262955017
17974,ENSG00000203857.10,0.0003753326201486562
17975,ENSG00000176219.3,0.00037312213287437636
17976,ENSG00000240542.4,0.00037212946398219177
17977,ENSG00000273155.1,0.0003719765047497973
17978,ENSG00000263201.1,0.0003694716035503782
17979,ENSG00000266826.2,0.0003693886179758855
17980,ENSG00000268902.3,0.00036893751563862214
17981,ENSG00000254440.3,0.0003682313751098838
17982,ENSG00000152214.14,0.0003658659280923548
17983,ENSG00000081248.11,0.0003634805427525232
17984,ENSG00000148377.6,0.0003624869506424381
17985,ENSG00000163012.4,0.0003623716861822968
17986,ENSG00000255307.1,0.0003616267010980916
17987,ENSG00000274559.3,0.0003610892061281991
17988,ENSG00000185264.12,0.00036072266797181144
17989,ENSG00000203972.10,0.0003597029620017878
17990,ENSG00000143536.7,0.00035913260834436947
17991,ENSG00000243501.5,0.0003585937379451919
17992,ENSG00000205882.8,0.0003578738060853855
17993,ENSG00000249773.3,0.0003550782613563574
17994,ENSG00000168959.14,0.0003540817570369983
17995,ENSG00000111241.2,0.00035379164512999364
17996,ENSG00000112337.10,0.00035357694549770333
17997,ENSG00000230778.1,0.00035320562558252615
17998,ENSG00000173678.14,0.0003520281854232958
17999,ENSG00000114124.2,0.0003512458434461196
18000,ENSG00000143473.13,0.00035027856817765904
18001,ENSG00000273331.1,0.00034997907215945955
18002,ENSG00000198010.13,0.0003499566299818486
18003,ENSG00000180042.5,0.000349736098620554
18004,ENSG00000165972.13,0.0003485257313403374
18005,ENSG00000179600.4,0.000348279237649073
18006,ENSG00000180264.11,0.00034744467231889606
18007,ENSG00000275774.3,0.0003459408140288891
18008,ENSG00000169551.13,0.00034511890770384053
18009,ENSG00000283758.2,0.00034510354831451535
18010,ENSG00000168314.17,0.0003440635182085588
18011,ENSG00000258790.1,0.0003440253513804726
18012,ENSG00000271303.2,0.0003437329146684076
18013,ENSG00000280094.2,0.0003435850921691293
18014,ENSG00000172073.4,0.0003418343407688266
18015,ENSG00000126952.17,0.0003418301098918606
18016,ENSG00000196570.3,0.00034158055027288034
18017,ENSG00000148156.8,0.0003413048110878127
18018,ENSG00000184330.12,0.00034084575379662906
18019,ENSG00000168515.3,0.00034025785788243854
18020,ENSG00000100038.20,0.00033913193004456583
18021,ENSG00000198398.2,0.000338692880569178
18022,ENSG00000260287.4,0.0003379372726914092
18023,ENSG00000186458.5,0.00033759330135528075
18024,ENSG00000271810.5,0.000337077540164582
18025,ENSG00000156575.2,0.0003346784062070396
18026,ENSG00000077800.13,0.00033108277746524313
18027,ENSG00000214324.5,0.0003306467032788838
18028,ENSG00000167807.15,0.00033048701227328
18029,ENSG00000203870.5,0.0003299179479779917
18030,ENSG00000118492.17,0.0003297487221311619
18031,ENSG00000285946.1,0.00032927139691131855
18032,ENSG00000186335.9,0.00032718853112829056
18033,ENSG00000154143.3,0.0003262847347168358
18034,ENSG00000284922.2,0.000326215366961663
18035,ENSG00000229859.10,0.00032507014868440626
18036,ENSG00000154438.8,0.0003243979210529985
18037,ENSG00000166884.2,0.0003220884287503593
18038,ENSG00000181733.4,0.00032102666246373374
18039,ENSG00000265118.5,0.00032011079769489156
18040,ENSG00000215174.2,0.00031983414835907195
18041,ENSG00000175018.13,0.00031898661632202797
18042,ENSG00000251503.8,0.0003187974684892677
18043,ENSG00000169340.10,0.00031811888548469137
18044,ENSG00000204671.2,0.0003180597160436123
18045,ENSG00000141748.13,0.00031796104801169283
18046,ENSG00000179930.6,0.00031782572830206247
18047,ENSG00000205867.3,0.000317761237592581
18048,ENSG00000126752.8,0.0003175841304685833
18049,ENSG00000284718.1,0.000317434014493411
18050,ENSG00000172497.9,0.00031671972462594516
18051,ENSG00000133020.4,0.0003156188144471578
18052,ENSG00000105647.19,0.00031544275096405763
18053,ENSG00000171487.15,0.00031515101204362554
18054,ENSG00000275663.2,0.0003140170716952485
18055,ENSG00000286112.1,0.0003122846019215071
18056,ENSG00000185888.5,0.0003108825409953784
18057,ENSG00000274209.4,0.0003107814435418727
18058,ENSG00000222028.5,0.0003093723770820792
18059,ENSG00000224916.9,0.0003085332812161899
18060,ENSG00000148513.18,0.00030730712255789275
18061,ENSG00000219435.6,0.00030562900056546664
18062,ENSG00000249961.10,0.00030522641213329003
18063,ENSG00000254979.5,0.00030505098743049524
18064,ENSG00000186452.11,0.0003041291578752666
18065,ENSG00000221989.2,0.00030380786617283654
18066,ENSG00000186838.13,0.00030337504309932244
18067,ENSG00000143006.7,0.00030305256608073394
18068,ENSG00000188629.13,0.00030273271979207154
18069,ENSG00000184560.8,0.00030222651664816555
18070,ENSG00000182271.13,0.0003020731687961144
18071,ENSG00000221855.1,0.00030104605932082507
18072,ENSG00000205944.11,0.00030077625972520233
18073,ENSG00000203784.3,0.00029978311312166397
18074,ENSG00000175325.2,0.00029959849359297995
18075,ENSG00000279782.2,0.0002993041898405032
18076,ENSG00000205439.10,0.0002974198915588374
18077,ENSG00000182224.12,0.0002895970627199908
18078,ENSG00000187005.5,0.0002888381815970361
18079,ENSG00000255154.8,0.00028828328328303165
18080,ENSG00000156150.9,0.0002874922632431551
18081,ENSG00000269058.6,0.00028724979852445646
18082,ENSG00000258873.3,0.0002856852573582278
18083,ENSG00000174038.13,0.0002852625989634177
18084,ENSG00000187238.5,0.0002845390240727591
18085,ENSG00000165588.18,0.0002835845759302996
18086,ENSG00000248385.8,0.0002822713244195221
18087,ENSG00000250374.4,0.0002816793262988797
18088,ENSG00000153498.12,0.0002805332751929134
18089,ENSG00000236980.10,0.0002789434254558303
18090,ENSG00000223601.2,0.00027695150546299676
18091,ENSG00000274252.1,0.0002761879543092522
18092,ENSG00000182521.5,0.00027502909862380166
18093,ENSG00000197745.3,0.0002747689938708979
18094,ENSG00000271321.1,0.0002742490192014215
18095,ENSG00000213973.9,0.000272653680606039
18096,ENSG00000198028.4,0.0002714455290276252
18097,ENSG00000213471.10,0.00027027332322651377
18098,ENSG00000170950.6,0.000270038057868371
18099,ENSG00000127530.4,0.0002678479942797988
18100,ENSG00000221977.2,0.00026749335069371457
18101,ENSG00000136697.13,0.00026674453069529784
18102,ENSG00000212128.2,0.0002666709254073564
18103,ENSG00000215262.8,0.00026666294853412584
18104,ENSG00000173673.8,0.000266261873013706
18105,ENSG00000270299.1,0.00026597672129277005
18106,ENSG00000111783.13,0.00026567452884792355
18107,ENSG00000150275.19,0.0002656198625855208
18108,ENSG00000120563.10,0.00026245957099680305
18109,ENSG00000259112.2,0.00026191691101010205
18110,ENSG00000258984.5,0.0002610730270407803
18111,ENSG00000175699.15,0.0002603331948076263
18112,ENSG00000102021.11,0.0002601212348646504
18113,ENSG00000170925.3,0.0002596784233019472
18114,ENSG00000171133.3,0.0002592971377632014
18115,ENSG00000203783.5,0.00025914458739180544
18116,ENSG00000242221.9,0.00025832491614046854
18117,ENSG00000249662.6,0.000257904788031647
18118,ENSG00000184999.12,0.00025777762558547827
18119,ENSG00000178403.4,0.00025706800855990447
18120,ENSG00000221858.3,0.00025702463605719103
18121,ENSG00000166159.11,0.0002557064757547037
18122,ENSG00000270276.2,0.00025491835436295974
18123,ENSG00000285000.1,0.00025356499350606665
18124,ENSG00000171195.11,0.0002534369873253569
18125,ENSG00000130656.6,0.0002497703148126854
18126,ENSG00000177462.7,0.00024933730182225797
18127,ENSG00000181518.4,0.000247776755734713
18128,ENSG00000186645.10,0.000247523196738732
18129,ENSG00000187537.13,0.00024604413473705393
18130,ENSG00000206105.2,0.0002455138513453177
18131,ENSG00000178522.14,0.000245185845202741
18132,ENSG00000204363.5,0.0002451593689964538
18133,ENSG00000186732.14,0.0002441861682689956
18134,ENSG00000287908.1,0.00024393414634326245
18135,ENSG00000255524.7,0.0002438285980678905
18136,ENSG00000203757.2,0.0002427617231501498
18137,ENSG00000198173.5,0.00024038419430703258
18138,ENSG00000204007.7,0.0002388734475396176
18139,ENSG00000184210.6,0.00023834026899085105
18140,ENSG00000137675.5,0.00023831313936249017
18141,ENSG00000177138.17,0.00023817077800777475
18142,ENSG00000163914.5,0.00023585969109441262
18143,ENSG00000134376.16,0.00023523546359835847
18144,ENSG00000182256.13,0.00023443576839412132
18145,ENSG00000182591.6,0.00023399333438081229
18146,ENSG00000198547.10,0.00023286755858945103
18147,ENSG00000135175.5,0.00023283386805022388
18148,ENSG00000148215.4,0.00023273084652035235
18149,ENSG00000213218.11,0.0002320894709923769
18150,ENSG00000249581.2,0.00023164390275362852
18151,ENSG00000187173.4,0.0002308140318862138
18152,ENSG00000198092.6,0.00023043304224475004
18153,ENSG00000267360.6,0.0002298928419521229
18154,ENSG00000188425.4,0.0002295999369796037
18155,ENSG00000136487.18,0.00022906089628953335
18156,ENSG00000165192.14,0.00022896433736867844
18157,ENSG00000183631.5,0.00022758527359006495
18158,ENSG00000170790.5,0.0002268855275650388
18159,ENSG00000269699.6,0.00022644709513568908
18160,ENSG00000288460.1,0.00022602402072808336
18161,ENSG00000285629.1,0.00022566606958937462
18162,ENSG00000283324.1,0.0002250737240008144
18163,ENSG00000112273.7,0.00022473232390473228
18164,ENSG00000176635.18,0.00022424102457135151
18165,ENSG00000273079.6,0.00022338510080071211
18166,ENSG00000221933.3,0.00022331950209592374
18167,ENSG00000121381.4,0.00022328598132108105
18168,ENSG00000230657.8,0.00022140949798342692
18169,ENSG00000162763.4,0.00021931381498091956
18170,ENSG00000204424.10,0.00021896023128112303
18171,ENSG00000237452.3,0.00021882088480437551
18172,ENSG00000178804.7,0.00021701577408838783
18173,ENSG00000164893.9,0.00021678299621091348
18174,ENSG00000094661.3,0.00021666745650076623
18175,ENSG00000180016.2,0.0002161482749969386
18176,ENSG00000151475.6,0.0002144948996759359
18177,ENSG00000225899.8,0.00021423864542282793
18178,ENSG00000215612.8,0.0002142043363679761
18179,ENSG00000136931.10,0.00021419439925918451
18180,ENSG00000221937.4,0.00021356624287725438
18181,ENSG00000205899.4,0.00021322220966789803
18182,ENSG00000196131.6,0.00021238610275202204
18183,ENSG00000171481.4,0.0002116930951335546
18184,ENSG00000170782.3,0.00021140034226924999
18185,ENSG00000103023.12,0.00020950021589876192
18186,ENSG00000197891.12,0.0002092683606387838
18187,ENSG00000114786.16,0.0002077816746629489
18188,ENSG00000234186.4,0.0002076514710683832
18189,ENSG00000146839.19,0.00020723020744036757
18190,ENSG00000240720.9,0.000207137402386499
18191,ENSG00000175077.6,0.0002064207883776621
18192,ENSG00000257390.5,0.00020637806386813374
18193,ENSG00000149798.5,0.00020549127052107112
18194,ENSG00000198283.2,0.00020501469829729808
18195,ENSG00000143107.10,0.00020477038160938602
18196,ENSG00000228083.3,0.0002044281164289489
18197,ENSG00000186562.7,0.00020328589909239227
18198,ENSG00000125522.3,0.00020163933127845035
18199,ENSG00000166455.14,0.0002013317784680008
18200,ENSG00000284873.1,0.0002000446253553186
18201,ENSG00000259316.12,0.00019893708472695621
18202,ENSG00000258465.8,0.00019844630871284564
18203,ENSG00000277556.1,0.00019825642021487002
18204,ENSG00000179055.7,0.00019823158106241533
18205,ENSG00000268696.3,0.00019802002154902133
18206,ENSG00000255872.3,0.0001972951773918281
18207,ENSG00000172377.3,0.00019621463315879569
18208,ENSG00000177144.7,0.00019481263703075604
18209,ENSG00000164871.17,0.0001941772848256704
18210,ENSG00000229924.3,0.00019405037855116925
18211,ENSG00000241697.5,0.00019390395073620118
18212,ENSG00000182255.7,0.00019341075463568102
18213,ENSG00000285932.1,0.00019308490125259919
18214,ENSG00000183024.3,0.00019295840784413581
18215,ENSG00000146383.7,0.0001912896626647159
18216,ENSG00000268400.5,0.0001904278969566581
18217,ENSG00000180697.9,0.0001901298192581952
18218,ENSG00000233232.7,0.00019012335038138707
18219,ENSG00000286053.2,0.00018980128157422308
18220,ENSG00000273514.1,0.00018954967715487084
18221,ENSG00000172362.3,0.00018923171931438745
18222,ENSG00000164796.18,0.00018917761790317636
18223,ENSG00000168582.5,0.00018905216921575972
18224,ENSG00000160882.13,0.00018889197622397894
18225,ENSG00000284906.2,0.0001888502187250025
18226,ENSG00000250641.1,0.00018855596288037819
18227,ENSG00000135443.8,0.00018782362563089824
18228,ENSG00000288674.1,0.00018746675687881796
18229,ENSG00000223443.2,0.00018745349034888896
18230,ENSG00000116783.15,0.00018722382346875714
18231,ENSG00000204961.7,0.00018664293501216526
18232,ENSG00000285085.1,0.00018628082285259968
18233,ENSG00000175646.4,0.00018498977285599268
18234,ENSG00000181323.8,0.00018457284182748907
18235,ENSG00000231256.8,0.00018409703503546854
18236,ENSG00000155026.16,0.0001834472480961095
18237,ENSG00000260238.6,0.00018317178656719352
18238,ENSG00000135569.4,0.00018264521513394624
18239,ENSG00000113492.14,0.00018209953713017773
18240,ENSG00000272514.6,0.00018188206624694507
18241,ENSG00000171201.12,0.00018180110096632318
18242,ENSG00000256407.2,0.0001817349818488722
18243,ENSG00000260861.6,0.00018159153019170875
18244,ENSG00000188691.5,0.0001807653596400344
18245,ENSG00000279012.2,0.000179051659494491
18246,ENSG00000187268.12,0.00017863504173898527
18247,ENSG00000248483.7,0.00017638855543996608
18248,ENSG00000167139.9,0.00017585860228475604
18249,ENSG00000240386.3,0.00017543234551116812
18250,ENSG00000212933.1,0.00017530366741727314
18251,ENSG00000205108.6,0.0001750241401196435
18252,ENSG00000184788.14,0.0001749003600916452
18253,ENSG00000179304.17,0.00017445453245465634
18254,ENSG00000181616.9,0.00017371790794731522
18255,ENSG00000221996.6,0.00017174131840944467
18256,ENSG00000284779.2,0.00017101750052178123
18257,ENSG00000171942.4,0.0001694413769471546
18258,ENSG00000124827.7,0.00016915950973884792
18259,ENSG00000187969.6,0.0001686930405228272
18260,ENSG00000182645.6,0.00016807711230281837
18261,ENSG00000273274.2,0.00016785513114515334
18262,ENSG00000270188.1,0.00016682911205420086
18263,ENSG00000156194.18,0.00016674424790665324
18264,ENSG00000186628.12,0.0001663361242193855
18265,ENSG00000220948.5,0.0001659296910652492
18266,ENSG00000157119.12,0.00016497858237942667
18267,ENSG00000189182.10,0.00016489288294102615
18268,ENSG00000184351.8,0.00016476659167642435
18269,ENSG00000227729.5,0.00016458394718206547
18270,ENSG00000197487.9,0.00016436724405969176
18271,ENSG00000278889.4,0.00016427939818986756
18272,ENSG00000048545.16,0.00016406500071940793
18273,ENSG00000166368.2,0.00016335046706777312
18274,ENSG00000163982.6,0.00016289222931256038
18275,ENSG00000222038.4,0.00016265461724767962
18276,ENSG00000171459.4,0.00016239509491779982
18277,ENSG00000213416.4,0.00016233641226277525
18278,ENSG00000188219.14,0.00016224390983764176
18279,ENSG00000169618.7,0.0001607302789878069
18280,ENSG00000164270.18,0.00016071213644952798
18281,ENSG00000253148.1,0.00016057854087406592
18282,ENSG00000283473.4,0.00016026089183171952
18283,ENSG00000218819.6,0.00015956007278541818
18284,ENSG00000128250.5,0.00015941423413071577
18285,ENSG00000269891.2,0.00015922119518633975
18286,ENSG00000173699.16,0.0001592157047565065
18287,ENSG00000271723.5,0.00015892401219083603
18288,ENSG00000170807.12,0.00015866997507543783
18289,ENSG00000167355.8,0.00015865453854207917
18290,ENSG00000198452.8,0.00015856583235483127
18291,ENSG00000101435.5,0.00015833403807195766
18292,ENSG00000185974.7,0.00015814340631222632
18293,ENSG00000183246.7,0.0001576156579758361
18294,ENSG00000196600.12,0.00015659559261577203
18295,ENSG00000172995.16,0.00015652641119203524
18296,ENSG00000262481.5,0.0001560280511541895
18297,ENSG00000183668.18,0.00015601757816991504
18298,ENSG00000205126.2,0.0001556540793959747
18299,ENSG00000283329.1,0.00015536852218076954
18300,ENSG00000166862.7,0.0001553392926521272
18301,ENSG00000185823.5,0.00015496645321731647
18302,ENSG00000176269.3,0.00015483743540416382
18303,ENSG00000186509.4,0.00015352357578620975
18304,ENSG00000204278.12,0.00015290448253189501
18305,ENSG00000242220.9,0.00015262021248617347
18306,ENSG00000172365.3,0.00015237682974344782
18307,ENSG00000147081.15,0.00015232213881709514
18308,ENSG00000184302.7,0.00015149086722404526
18309,ENSG00000204571.6,0.00015128202068513295
18310,ENSG00000273540.4,0.00015040637230018323
18311,ENSG00000215545.1,0.0001502083820213071
18312,ENSG00000114487.10,0.00014979523195249157
18313,ENSG00000170683.6,0.00014812780449132595
18314,ENSG00000129221.16,0.00014740423756224815
18315,ENSG00000171478.7,0.00014721653468873508
18316,ENSG00000187175.5,0.00014715297808462493
18317,ENSG00000186367.7,0.00014703891241957568
18318,ENSG00000142025.16,0.00014613368979222134
18319,ENSG00000237353.7,0.00014601611584551076
18320,ENSG00000205307.12,0.0001458933479112908
18321,ENSG00000165643.11,0.0001451440530015043
18322,ENSG00000183640.6,0.00014511923687405618
18323,ENSG00000108417.4,0.0001441136152195744
18324,ENSG00000151577.13,0.0001438680428862979
18325,ENSG00000178257.4,0.0001438423255991141
18326,ENSG00000136939.1,0.0001437036327428006
18327,ENSG00000184140.6,0.0001436163557904478
18328,ENSG00000203786.6,0.00014359839266235507
18329,ENSG00000069206.15,0.00014149380424942215
18330,ENSG00000284723.1,0.00014142086633799387
18331,ENSG00000146809.13,0.00014133681814374046
18332,ENSG00000081138.14,0.0001411675932233779
18333,ENSG00000131233.10,0.00014115375562290765
18334,ENSG00000182348.7,0.0001410774696529381
18335,ENSG00000188393.9,0.00014090486431477336
18336,ENSG00000241123.1,0.00014059111311404861
18337,ENSG00000151379.4,0.00013978878334576598
18338,ENSG00000167531.6,0.00013926224822161402
18339,ENSG00000102076.10,0.00013865044306406803
18340,ENSG00000181273.2,0.00013846573792169732
18341,ENSG00000244537.3,0.00013811527117497255
18342,ENSG00000205279.8,0.0001380015805615881
18343,ENSG00000176566.5,0.00013760980416779964
18344,ENSG00000185313.8,0.00013724108175101624
18345,ENSG00000221864.4,0.00013612907785266206
18346,ENSG00000271567.1,0.00013561485512891583
18347,ENSG00000102290.22,0.00013523216506837783
18348,ENSG00000283755.2,0.0001348474398606814
18349,ENSG00000196539.3,0.00013416217511533495
18350,ENSG00000206107.2,0.00013398330029815476
18351,ENSG00000172421.10,0.00013377473362083476
18352,ENSG00000115488.3,0.0001332927042881802
18353,ENSG00000164451.13,0.00013303941940619825
18354,ENSG00000189367.15,0.00013241284222714324
18355,ENSG00000261740.6,0.00013231746958015095
18356,ENSG00000163206.6,0.00013178719484455728
18357,ENSG00000196811.13,0.0001313643585555839
18358,ENSG00000176198.3,0.00013135562733479703
18359,ENSG00000154478.4,0.00013112940622182033
18360,ENSG00000163217.2,0.00013015717299442298
18361,ENSG00000226430.7,0.000130110943615492
18362,ENSG00000285218.1,0.0001300972674173397
18363,ENSG00000196565.15,0.00012989293378310948
18364,ENSG00000176294.6,0.0001293294631670376
18365,ENSG00000283516.1,0.00012901439432286643
18366,ENSG00000248751.6,0.00012830999299466515
18367,ENSG00000169777.6,0.00012816022719652865
18368,ENSG00000249860.4,0.00012805487909107777
18369,ENSG00000273294.1,0.00012727015267112535
18370,ENSG00000203963.11,0.0001272536737051713
18371,ENSG00000182968.5,0.00012664040633700896
18372,ENSG00000180138.7,0.00012639969235254072
18373,ENSG00000183695.3,0.00012610390197117502
18374,ENSG00000239642.6,0.0001259016292766751
18375,ENSG00000189064.8,0.0001252902914678574
18376,ENSG00000101890.5,0.00012509266092651844
18377,ENSG00000189326.4,0.00012415529886498976
18378,ENSG00000151838.12,0.00012405511446769994
18379,ENSG00000212710.5,0.00012300147926225686
18380,ENSG00000197953.6,0.00012178111566803578
18381,ENSG00000284629.1,0.0001216832531570559
18382,ENSG00000179817.5,0.00012128107315770278
18383,ENSG00000183304.10,0.00012117907656426364
18384,ENSG00000181625.17,0.00012059935693611222
18385,ENSG00000177947.14,0.00012055370595628912
18386,ENSG00000182035.12,0.000119955650832056
18387,ENSG00000282419.3,0.00011973147664412256
18388,ENSG00000253548.1,0.00011892275766339018
18389,ENSG00000165583.15,0.00011889016012405411
18390,ENSG00000124467.19,0.00011830382082100366
18391,ENSG00000255552.7,0.00011819022379374729
18392,ENSG00000105392.16,0.00011815489557350534
18393,ENSG00000186967.7,0.00011800912222642877
18394,ENSG00000131914.11,0.00011753921876724519
18395,ENSG00000205328.2,0.00011739774720006265
18396,ENSG00000226650.6,0.00011723119488495109
18397,ENSG00000288602.1,0.00011665169251885723
18398,ENSG00000125861.16,0.00011609234569803885
18399,ENSG00000284934.2,0.0001156304232799093
18400,ENSG00000186714.12,0.00011547506764823886
18401,ENSG00000187791.13,0.00011527367339980553
18402,ENSG00000267426.5,0.00011497291275297154
18403,ENSG00000181552.4,0.00011427558318266393
18404,ENSG00000144644.14,0.0001142154535509468
18405,ENSG00000285749.2,0.00011353003501748483
18406,ENSG00000169085.13,0.00011284372027367967
18407,ENSG00000139915.21,0.00011255432274793369
18408,ENSG00000249240.2,0.00011202292194402132
18409,ENSG00000279493.1,0.00011192775041831953
18410,ENSG00000160994.4,0.00011108121916601047
18411,ENSG00000179796.12,0.00011037717215965111
18412,ENSG00000236981.1,0.0001098543659567912
18413,ENSG00000183434.10,0.0001096680101071281
18414,ENSG00000169208.3,0.00010939094160359107
18415,ENSG00000177992.10,0.00010915698221024747
18416,ENSG00000173976.16,0.0001090937845034667
18417,ENSG00000197683.5,0.00010905305716934592
18418,ENSG00000058673.17,0.0001089949424761779
18419,ENSG00000174339.2,0.00010850967925364865
18420,ENSG00000171505.5,0.00010816613357216875
18421,ENSG00000214967.5,0.00010779475151536051
18422,ENSG00000171054.8,0.0001075869059827762
18423,ENSG00000061492.12,0.0001073579952243397
18424,ENSG00000130383.7,0.00010734385991051385
18425,ENSG00000072315.3,0.00010666607809738273
18426,ENSG00000244355.7,0.00010664416140128949
18427,ENSG00000132207.18,0.00010644777579618179
18428,ENSG00000263620.1,0.00010640963707809665
18429,ENSG00000148386.9,0.0001062271004617675
18430,ENSG00000109851.7,0.00010566737448138984
18431,ENSG00000236398.2,0.00010566338848779332
18432,ENSG00000204887.4,0.00010556281034394562
18433,ENSG00000187871.2,0.00010546561860001508
18434,ENSG00000177489.1,0.00010440036268133074
18435,ENSG00000159495.8,0.00010395150261852266
18436,ENSG00000204006.10,0.00010340374098937392
18437,ENSG00000272414.6,0.00010324742190582554
18438,ENSG00000196805.7,0.0001031640084085972
18439,ENSG00000197403.4,0.00010303689061290479
18440,ENSG00000157060.16,0.000102914176412788
18441,ENSG00000151033.10,0.00010269921401269819
18442,ENSG00000203970.4,0.00010269470874032202
18443,ENSG00000184345.5,0.00010234738578499695
18444,ENSG00000170929.6,0.00010220136690634307
18445,ENSG00000103310.11,0.00010215392454255767
18446,ENSG00000121314.3,0.00010161787446353201
18447,ENSG00000120235.4,0.00010145505099229777
18448,ENSG00000164399.5,0.00010142312122164197
18449,ENSG00000251201.8,0.00010121874189812073
18450,ENSG00000181963.5,0.00010060139306551335
18451,ENSG00000254959.6,0.00010045068412745308
18452,ENSG00000226792.7,9.987131182155495e-05
18453,ENSG00000138136.6,9.977739789802936e-05
18454,ENSG00000174948.6,9.977696662397897e-05
18455,ENSG00000214978.7,9.97623229101647e-05
18456,ENSG00000161849.3,9.944315351188504e-05
18457,ENSG00000176239.7,9.915219135850722e-05
18458,ENSG00000186860.5,9.893317280918699e-05
18459,ENSG00000270394.4,9.890283367652016e-05
18460,ENSG00000123165.8,9.833564111825598e-05
18461,ENSG00000279956.1,9.756428849165769e-05
18462,ENSG00000180043.11,9.74448447655446e-05
18463,ENSG00000130182.8,9.736850363839814e-05
18464,ENSG00000118245.2,9.689257875943578e-05
18465,ENSG00000174963.18,9.607133471702215e-05
18466,ENSG00000187080.10,9.590505955149179e-05
18467,ENSG00000169154.7,9.471802417403323e-05
18468,ENSG00000274226.5,9.441651634535279e-05
18469,ENSG00000134438.10,9.432015632705199e-05
18470,ENSG00000188334.3,9.42672025048642e-05
18471,ENSG00000196834.13,9.363491404959497e-05
18472,ENSG00000169836.5,9.350019555085496e-05
18473,ENSG00000136839.1,9.349217247166357e-05
18474,ENSG00000153230.4,9.267562235444779e-05
18475,ENSG00000154545.16,9.231944498271942e-05
18476,ENSG00000285978.1,9.227770077129734e-05
18477,ENSG00000188991.3,9.222524599814229e-05
18478,ENSG00000105428.6,9.215320722327109e-05
18479,ENSG00000184724.5,9.21331183134966e-05
18480,ENSG00000063515.3,9.199259822229941e-05
18481,ENSG00000174016.11,9.136714656577237e-05
18482,ENSG00000233024.7,9.088758431559394e-05
18483,ENSG00000269547.1,9.077544015902935e-05
18484,ENSG00000134588.12,9.06268647452624e-05
18485,ENSG00000182898.4,9.047675521445629e-05
18486,ENSG00000205858.10,9.011952823204153e-05
18487,ENSG00000221826.10,8.998595728463332e-05
18488,ENSG00000281991.2,8.927841576719279e-05
18489,ENSG00000285082.2,8.915057853020653e-05
18490,ENSG00000135517.9,8.903426768217699e-05
18491,ENSG00000273003.1,8.877053405424552e-05
18492,ENSG00000006059.4,8.864950390314517e-05
18493,ENSG00000288656.1,8.8396837256943e-05
18494,ENSG00000148604.15,8.81140226391567e-05
18495,ENSG00000196224.7,8.806524764173046e-05
18496,ENSG00000272921.1,8.754911553507025e-05
18497,ENSG00000101448.14,8.750389042244252e-05
18498,ENSG00000233816.3,8.701656789806459e-05
18499,ENSG00000106648.14,8.639940987614715e-05
18500,ENSG00000105507.3,8.612195703665075e-05
18501,ENSG00000198908.12,8.567441049013042e-05
18502,ENSG00000249481.7,8.53522375830452e-05
18503,ENSG00000120242.4,8.491083876235968e-05
18504,ENSG00000215186.6,8.461179170604096e-05
18505,ENSG00000285253.1,8.412460666558411e-05
18506,ENSG00000249861.4,8.372552446492679e-05
18507,ENSG00000273154.3,8.369952001590276e-05
18508,ENSG00000278685.4,8.348719436758879e-05
18509,ENSG00000206260.4,8.269759750866906e-05
18510,ENSG00000284431.1,8.263995592191176e-05
18511,ENSG00000212721.4,8.246797876668526e-05
18512,ENSG00000283654.3,8.245198481060557e-05
18513,ENSG00000276747.1,8.227614706978247e-05
18514,ENSG00000153266.13,8.219963537318053e-05
18515,ENSG00000184954.4,8.208082906842311e-05
18516,ENSG00000178690.3,8.173919020939687e-05
18517,ENSG00000198765.12,8.155811584223223e-05
18518,ENSG00000107187.17,8.145163937375211e-05
18519,ENSG00000163833.8,8.133404554870197e-05
18520,ENSG00000264813.6,8.062702243153612e-05
18521,ENSG00000286102.1,8.049008754328784e-05
18522,ENSG00000185372.3,8.038671342984776e-05
18523,ENSG00000105583.11,8.030542186632301e-05
18524,ENSG00000224107.5,8.021138841247239e-05
18525,ENSG00000244234.3,8.010490000900675e-05
18526,ENSG00000231068.1,8.006883116013177e-05
18527,ENSG00000268790.5,7.989285036549537e-05
18528,ENSG00000130385.6,7.9476085080423e-05
18529,ENSG00000165805.10,7.929553007959902e-05
18530,ENSG00000232268.6,7.918355174343129e-05
18531,ENSG00000249139.2,7.916276696905326e-05
18532,ENSG00000172772.3,7.910994443758936e-05
18533,ENSG00000203663.4,7.848220837191164e-05
18534,ENSG00000283205.1,7.816582419466433e-05
18535,ENSG00000198128.4,7.800578163097581e-05
18536,ENSG00000196119.8,7.746572274330373e-05
18537,ENSG00000182334.3,7.733037200561458e-05
18538,ENSG00000258453.3,7.676463518178099e-05
18539,ENSG00000214513.4,7.66822973352027e-05
18540,ENSG00000183313.4,7.653244919782659e-05
18541,ENSG00000284461.2,7.630772166074077e-05
18542,ENSG00000189401.3,7.565771044320887e-05
18543,ENSG00000261832.6,7.511567079295111e-05
18544,ENSG00000143520.6,7.511039689151454e-05
18545,ENSG00000277535.2,7.496825253326018e-05
18546,ENSG00000185982.7,7.482634504992919e-05
18547,ENSG00000114349.10,7.467596698568262e-05
18548,ENSG00000130948.10,7.4662494583355e-05
18549,ENSG00000274529.5,7.440332827282814e-05
18550,ENSG00000236027.3,7.438191813425961e-05
18551,ENSG00000170820.12,7.418579052672262e-05
18552,ENSG00000174417.3,7.380981750134648e-05
18553,ENSG00000164645.3,7.36286695139475e-05
18554,ENSG00000235718.9,7.336400427045474e-05
18555,ENSG00000235608.2,7.312702193942482e-05
18556,ENSG00000176925.8,7.27778982871001e-05
18557,ENSG00000180658.4,7.26253810939068e-05
18558,ENSG00000198390.5,7.254570415510554e-05
18559,ENSG00000284820.1,7.190797434002102e-05
18560,ENSG00000272822.2,7.186609454631344e-05
18561,ENSG00000197454.2,7.162792074955501e-05
18562,ENSG00000159961.2,7.139352571887948e-05
18563,ENSG00000241241.1,7.138790139365011e-05
18564,ENSG00000283697.2,7.100190167489276e-05
18565,ENSG00000155833.15,7.092172819127596e-05
18566,ENSG00000186103.5,7.062018674751132e-05
18567,ENSG00000138039.15,7.023957314351952e-05
18568,ENSG00000166569.8,7.022985460677941e-05
18569,ENSG00000269466.4,6.961664589322023e-05
18570,ENSG00000124092.12,6.951457442625981e-05
18571,ENSG00000198854.5,6.950677584544955e-05
18572,ENSG00000188386.8,6.934408589508882e-05
18573,ENSG00000176895.9,6.929822740190578e-05
18574,ENSG00000179213.13,6.905203360969276e-05
18575,ENSG00000284704.1,6.833243144074638e-05
18576,ENSG00000277058.2,6.813737852023482e-05
18577,ENSG00000276087.2,6.786681135154794e-05
18578,ENSG00000142511.4,6.75120110854756e-05
18579,ENSG00000099977.14,6.736854713675234e-05
18580,ENSG00000179468.5,6.73545218695511e-05
18581,ENSG00000184933.5,6.726167565304728e-05
18582,ENSG00000170923.3,6.717012899420713e-05
18583,ENSG00000134216.19,6.664538623245454e-05
18584,ENSG00000145309.6,6.653361754333795e-05
18585,ENSG00000268940.5,6.645760202733641e-05
18586,ENSG00000285447.1,6.625355461202489e-05
18587,ENSG00000285880.1,6.605540513408305e-05
18588,ENSG00000204193.11,6.583020357390061e-05
18589,ENSG00000171804.11,6.549157169175648e-05
18590,ENSG00000173250.2,6.51464813177765e-05
18591,ENSG00000189169.7,6.501037893636849e-05
18592,ENSG00000215454.6,6.494897999483455e-05
18593,ENSG00000203923.5,6.455673835467509e-05
18594,ENSG00000182170.3,6.450397483404597e-05
18595,ENSG00000138813.10,6.40412685409158e-05
18596,ENSG00000186844.6,6.37991982010573e-05
18597,ENSG00000171014.2,6.336424391315641e-05
18598,ENSG00000270106.6,6.322885433050825e-05
18599,ENSG00000267303.1,6.299434065455067e-05
18600,ENSG00000204382.11,6.29724865644157e-05
18601,ENSG00000251154.2,6.284810836605962e-05
18602,ENSG00000169402.15,6.280238087647957e-05
18603,ENSG00000259384.7,6.269798343836702e-05
18604,ENSG00000284952.1,6.262229626038474e-05
18605,ENSG00000164853.9,6.25844400546359e-05
18606,ENSG00000205592.15,6.252908806316591e-05
18607,ENSG00000230549.3,6.233626475792357e-05
18608,ENSG00000116996.9,6.220013805248423e-05
18609,ENSG00000198062.15,6.212446250810613e-05
18610,ENSG00000176787.2,6.152864495383713e-05
18611,ENSG00000196242.10,6.148457693050769e-05
18612,ENSG00000126856.15,6.147742739656499e-05
18613,ENSG00000165762.3,6.144965273610978e-05
18614,ENSG00000204548.4,6.144457201406253e-05
18615,ENSG00000258864.1,6.120413776294692e-05
18616,ENSG00000214107.8,6.07213302451661e-05
18617,ENSG00000146385.1,6.0484554042486876e-05
18618,ENSG00000186795.1,6.041072313833871e-05
18619,ENSG00000262304.2,6.0317198257280945e-05
18620,ENSG00000206106.2,6.0108633527969174e-05
18621,ENSG00000176571.12,5.991458814237299e-05
18622,ENSG00000285547.1,5.991179038705345e-05
18623,ENSG00000142182.9,5.9870451082592836e-05
18624,ENSG00000276119.1,5.973746890095293e-05
18625,ENSG00000170967.5,5.969271655483762e-05
18626,ENSG00000180116.15,5.9335550137694385e-05
18627,ENSG00000254466.2,5.928484096105953e-05
18628,ENSG00000125975.14,5.891685696275745e-05
18629,ENSG00000206181.6,5.889794089199098e-05
18630,ENSG00000187821.8,5.870118004563732e-05
18631,ENSG00000122145.15,5.841827285815954e-05
18632,ENSG00000279000.3,5.8226973957226055e-05
18633,ENSG00000264324.1,5.811864235487406e-05
18634,ENSG00000204688.9,5.809024665309478e-05
18635,ENSG00000270136.6,5.808002293110704e-05
18636,ENSG00000175097.8,5.7777599608918146e-05
18637,ENSG00000131721.6,5.770461790334025e-05
18638,ENSG00000261272.1,5.762320192815166e-05
18639,ENSG00000241149.3,5.756612518368299e-05
18640,ENSG00000188379.7,5.751829408779796e-05
18641,ENSG00000173769.4,5.728234897825285e-05
18642,ENSG00000149305.7,5.7279130394147253e-05
18643,ENSG00000156282.5,5.7160657190846964e-05
18644,ENSG00000180219.2,5.685878403429646e-05
18645,ENSG00000186190.7,5.683275479137088e-05
18646,ENSG00000140488.16,5.676199982559711e-05
18647,ENSG00000197079.8,5.658191864478235e-05
18648,ENSG00000284373.1,5.64834823883212e-05
18649,ENSG00000288637.1,5.644168434083916e-05
18650,ENSG00000140015.20,5.603610598067705e-05
18651,ENSG00000282301.3,5.579803598651835e-05
18652,ENSG00000256892.2,5.56586647133893e-05
18653,ENSG00000181867.3,5.558823595900752e-05
18654,ENSG00000178928.8,5.539953968099806e-05
18655,ENSG00000266728.5,5.532959213681022e-05
18656,ENSG00000196240.4,5.532296816587293e-05
18657,ENSG00000178279.4,5.5317580037336825e-05
18658,ENSG00000152034.11,5.4849186266259154e-05
18659,ENSG00000221880.4,5.4557005686911445e-05
18660,ENSG00000260734.6,5.443511872472271e-05
18661,ENSG00000184478.7,5.4207121915127934e-05
18662,ENSG00000175520.9,5.411278064637112e-05
18663,ENSG00000172519.9,5.40325917763271e-05
18664,ENSG00000275520.2,5.393535724153615e-05
18665,ENSG00000182177.14,5.390526384950603e-05
18666,ENSG00000151615.3,5.386576798372742e-05
18667,ENSG00000204033.10,5.384022691404781e-05
18668,ENSG00000173612.10,5.377620231847572e-05
18669,ENSG00000182793.12,5.375242685522661e-05
18670,ENSG00000182816.9,5.374896042547238e-05
18671,ENSG00000173285.4,5.348009168002249e-05
18672,ENSG00000283528.2,5.337245914024967e-05
18673,ENSG00000175398.2,5.320547537855589e-05
18674,ENSG00000186334.10,5.271870474383751e-05
18675,ENSG00000203852.3,5.25997113028349e-05
18676,ENSG00000187754.9,5.2434443002197906e-05
18677,ENSG00000166930.7,5.2315015349724485e-05
18678,ENSG00000178358.4,5.184085140501861e-05
18679,ENSG00000122304.11,5.1786629366057705e-05
18680,ENSG00000185385.4,5.167121274232802e-05
18681,ENSG00000218305.4,5.1314338619332095e-05
18682,ENSG00000141086.18,5.0888743467415105e-05
18683,ENSG00000163046.15,5.06407082042165e-05
18684,ENSG00000173908.9,5.062760377825093e-05
18685,ENSG00000250361.9,5.03387737826542e-05
18686,ENSG00000165584.16,5.01420803688887e-05
18687,ENSG00000147596.4,5.006415424466903e-05
18688,ENSG00000285382.1,5.005223718281927e-05
18689,ENSG00000166363.5,4.983431688355841e-05
18690,ENSG00000213022.6,4.9823476186508004e-05
18691,ENSG00000274588.2,4.974635191583441e-05
18692,ENSG00000167360.6,4.94976305108333e-05
18693,ENSG00000106410.15,4.930433205926579e-05
18694,ENSG00000165059.8,4.87253535945944e-05
18695,ENSG00000125533.6,4.859674696151859e-05
18696,ENSG00000282881.2,4.835715450503247e-05
18697,ENSG00000176020.9,4.827726735325298e-05
18698,ENSG00000180708.6,4.82145709356342e-05
18699,ENSG00000074771.4,4.797868084202051e-05
18700,ENSG00000179938.12,4.7766436817873156e-05
18701,ENSG00000134160.14,4.7737443263683056e-05
18702,ENSG00000183148.7,4.76785516343121e-05
18703,ENSG00000164113.11,4.7334376785705546e-05
18704,ENSG00000255804.2,4.730254043743868e-05
18705,ENSG00000258653.3,4.711629956390139e-05
18706,ENSG00000196350.9,4.632686810126082e-05
18707,ENSG00000267631.5,4.62447337246701e-05
18708,ENSG00000274933.5,4.6050548036685146e-05
18709,ENSG00000198674.3,4.5668676979144107e-05
18710,ENSG00000229937.9,4.521950083590435e-05
18711,ENSG00000205495.1,4.514743062468814e-05
18712,ENSG00000267706.3,4.513561264179743e-05
18713,ENSG00000203795.3,4.506966142606558e-05
18714,ENSG00000213921.8,4.499674564477658e-05
18715,ENSG00000144285.22,4.439189719423528e-05
18716,ENSG00000183185.9,4.432128399636197e-05
18717,ENSG00000176200.1,4.415652444398435e-05
18718,ENSG00000189023.10,4.388831597038853e-05
18719,ENSG00000132631.6,4.310609586008113e-05
18720,ENSG00000283765.1,4.2980338895706235e-05
18721,ENSG00000222036.8,4.2963730443792774e-05
18722,ENSG00000164299.7,4.28846608275843e-05
18723,ENSG00000280987.4,4.28365907368345e-05
18724,ENSG00000182634.9,4.263694934793995e-05
18725,ENSG00000187833.7,4.258775880775389e-05
18726,ENSG00000188155.11,4.249819975552708e-05
18727,ENSG00000176774.6,4.2484721707224576e-05
18728,ENSG00000075388.4,4.230393337919466e-05
18729,ENSG00000230268.3,4.194175077067806e-05
18730,ENSG00000173610.12,4.191024769887779e-05
18731,ENSG00000205409.3,4.179844529973014e-05
18732,ENSG00000218823.2,4.16284046801613e-05
18733,ENSG00000146926.11,4.135117925043418e-05
18734,ENSG00000187533.14,4.117600042351076e-05
18735,ENSG00000231213.6,4.105807192576569e-05
18736,ENSG00000135355.4,4.090552413595309e-05
18737,ENSG00000127780.3,4.080910337507077e-05
18738,ENSG00000099715.14,4.033939297297668e-05
18739,ENSG00000261130.5,4.029725534785998e-05
18740,ENSG00000269586.7,4.0233024940708894e-05
18741,ENSG00000172464.3,4.0182444159178474e-05
18742,ENSG00000283093.1,4.002512896599127e-05
18743,ENSG00000278057.4,3.974869314306616e-05
18744,ENSG00000186393.5,3.926769091565355e-05
18745,ENSG00000171360.4,3.9193410320248525e-05
18746,ENSG00000172320.3,3.90676396050397e-05
18747,ENSG00000215910.7,3.8422811081093895e-05
18748,ENSG00000181718.6,3.831380822413968e-05
18749,ENSG00000184698.5,3.8238647123414075e-05
18750,ENSG00000102104.9,3.8201395572145266e-05
18751,ENSG00000196832.4,3.7946159917418424e-05
18752,ENSG00000124227.5,3.7662659086999644e-05
18753,ENSG00000213215.5,3.7647575532293895e-05
18754,ENSG00000284626.1,3.7578891187363636e-05
18755,ENSG00000161850.3,3.7568440987002e-05
18756,ENSG00000254553.1,3.7112238168316876e-05
18757,ENSG00000118491.10,3.6985668033492726e-05
18758,ENSG00000268651.3,3.6966663099202085e-05
18759,ENSG00000198678.5,3.69513751922984e-05
18760,ENSG00000274600.1,3.689762966189554e-05
18761,ENSG00000268799.4,3.660116093726921e-05
18762,ENSG00000171405.12,3.653473699582171e-05
18763,ENSG00000167098.12,3.612708997866274e-05
18764,ENSG00000285827.1,3.6125162472853236e-05
18765,ENSG00000203733.5,3.574302354071895e-05
18766,ENSG00000197123.9,3.570980129078588e-05
18767,ENSG00000167195.7,3.55139146571334e-05
18768,ENSG00000214891.9,3.5310494839775397e-05
18769,ENSG00000269502.5,3.515501695261252e-05
18770,ENSG00000283580.3,3.4936936156838477e-05
18771,ENSG00000283594.1,3.4626422001387865e-05
18772,ENSG00000267561.2,3.459884878759721e-05
18773,ENSG00000196772.4,3.454431547249453e-05
18774,ENSG00000163646.12,3.4284781089654584e-05
18775,ENSG00000221836.3,3.4025225978584424e-05
18776,ENSG00000250151.9,3.393721773604706e-05
18777,ENSG00000215568.9,3.379980629244451e-05
18778,ENSG00000196778.3,3.370251820702408e-05
18779,ENSG00000181965.6,3.352851626892336e-05
18780,ENSG00000213265.9,3.352240983332429e-05
18781,ENSG00000184155.8,3.344477594650635e-05
18782,ENSG00000189139.6,3.327534125784662e-05
18783,ENSG00000278299.5,3.310240640949577e-05
18784,ENSG00000196946.10,3.2870328549674766e-05
18785,ENSG00000226490.2,3.211849492740578e-05
18786,ENSG00000164325.8,3.2053812654777015e-05
18787,ENSG00000121377.2,3.205263857020006e-05
18788,ENSG00000263761.3,3.169461128219373e-05
18789,ENSG00000204379.11,3.137566082880389e-05
18790,ENSG00000054796.13,3.1330088382806905e-05
18791,ENSG00000154997.9,3.1154538927162744e-05
18792,ENSG00000237521.3,3.103507350418158e-05
18793,ENSG00000262628.1,3.091946886541415e-05
18794,ENSG00000267645.5,3.0880905436381405e-05
18795,ENSG00000285471.1,3.081805487071456e-05
18796,ENSG00000141946.1,3.073361197163822e-05
18797,ENSG00000171053.10,3.069495567305244e-05
18798,ENSG00000182652.4,3.068338185242699e-05
18799,ENSG00000197430.11,3.0515536552545305e-05
18800,ENSG00000287856.1,3.035560411317002e-05
18801,ENSG00000261611.6,3.033353474045002e-05
18802,ENSG00000212725.3,3.0177544131044746e-05
18803,ENSG00000273167.1,3.0142215375821073e-05
18804,ENSG00000204279.7,2.9701415113449348e-05
18805,ENSG00000204880.8,2.968630619005933e-05
18806,ENSG00000196156.5,2.9590216930625484e-05
18807,ENSG00000205030.1,2.9525051948162263e-05
18808,ENSG00000240871.5,2.9386023281153165e-05
18809,ENSG00000125903.4,2.9386023281153148e-05
18810,ENSG00000214946.14,2.9281896564266316e-05
18811,ENSG00000122728.6,2.923025729404189e-05
18812,ENSG00000204478.10,2.9225199883523025e-05
18813,ENSG00000173867.10,2.8881928642188043e-05
18814,ENSG00000266076.1,2.8533014298031156e-05
18815,ENSG00000188655.10,2.852639162056082e-05
18816,ENSG00000183629.13,2.8482980479928394e-05
18817,ENSG00000163092.21,2.847970303550173e-05
18818,ENSG00000214042.1,2.8294940178441326e-05
18819,ENSG00000182450.13,2.8274311751944017e-05
18820,ENSG00000212722.7,2.8229539168021926e-05
18821,ENSG00000279961.2,2.814069666319538e-05
18822,ENSG00000276076.4,2.8108641818065982e-05
18823,ENSG00000101204.18,2.8031444299224547e-05
18824,ENSG00000204703.5,2.7774627348516098e-05
18825,ENSG00000172150.4,2.7689520280325884e-05
18826,ENSG00000174667.4,2.753627635331291e-05
18827,ENSG00000206422.2,2.7488439373879797e-05
18828,ENSG00000236396.8,2.7412861428652983e-05
18829,ENSG00000226288.2,2.7357709434647478e-05
18830,ENSG00000204449.3,2.733716391140466e-05
18831,ENSG00000228567.3,2.7223781124796617e-05
18832,ENSG00000214216.11,2.7202319370039686e-05
18833,ENSG00000214435.8,2.71178740786168e-05
18834,ENSG00000203926.5,2.7072387241211124e-05
18835,ENSG00000152591.15,2.6729389297783603e-05
18836,ENSG00000177324.14,2.643274198898306e-05
18837,ENSG00000172742.6,2.6418125196612653e-05
18838,ENSG00000171936.3,2.6373514439837663e-05
18839,ENSG00000186943.1,2.6321533733424113e-05
18840,ENSG00000101327.9,2.6275688586147864e-05
18841,ENSG00000157219.5,2.6262493988814298e-05
18842,ENSG00000187766.1,2.6212805121470923e-05
18843,ENSG00000261147.1,2.6174248282740813e-05
18844,ENSG00000134249.7,2.6117765503717616e-05
18845,ENSG00000212659.1,2.5938801475294408e-05
18846,ENSG00000167791.14,2.5811912692420268e-05
18847,ENSG00000206026.7,2.581087780270867e-05
18848,ENSG00000182315.9,2.572819719907867e-05
18849,ENSG00000169484.4,2.57203674686557e-05
18850,ENSG00000215113.6,2.565823058378203e-05
18851,ENSG00000196734.9,2.556744207432315e-05
18852,ENSG00000205670.12,2.5527886289068894e-05
18853,ENSG00000172680.1,2.5444158380499612e-05
18854,ENSG00000232382.2,2.5329173889930783e-05
18855,ENSG00000236637.4,2.503959664089179e-05
18856,ENSG00000273398.6,2.5022360573118308e-05
18857,ENSG00000172568.5,2.4895550967080185e-05
18858,ENSG00000130368.7,2.4851946949686657e-05
18859,ENSG00000178586.5,2.481155346551876e-05
18860,ENSG00000233701.3,2.476339847151486e-05
18861,ENSG00000212122.4,2.4750438709539378e-05
18862,ENSG00000088782.5,2.4705595731065262e-05
18863,ENSG00000127515.3,2.4614117329616934e-05
18864,ENSG00000232125.5,2.4513351908767626e-05
18865,ENSG00000197674.7,2.4361765493050427e-05
18866,ENSG00000172289.3,2.4273477842959194e-05
18867,ENSG00000186803.3,2.4118064843266334e-05
18868,ENSG00000147183.10,2.4099173190507753e-05
18869,ENSG00000187545.5,2.4022220622675017e-05
18870,ENSG00000176679.9,2.393765272773383e-05
18871,ENSG00000283247.2,2.3782468117317194e-05
18872,ENSG00000283900.1,2.3737119564616925e-05
18873,ENSG00000105954.2,2.3711513200934356e-05
18874,ENSG00000267467.4,2.3703059072703868e-05
18875,ENSG00000237110.2,2.3687730949377776e-05
18876,ENSG00000125780.12,2.3537585693672003e-05
18877,ENSG00000186971.3,2.3420311175192038e-05
18878,ENSG00000237388.2,2.3407628414993163e-05
18879,ENSG00000167131.17,2.337511143938219e-05
18880,ENSG00000145863.11,2.3338833261204183e-05
18881,ENSG00000213931.7,2.3279553020150434e-05
18882,ENSG00000197651.4,2.312646902035398e-05
18883,ENSG00000236446.3,2.309974912182424e-05
18884,ENSG00000183389.5,2.309373767681835e-05
18885,ENSG00000186143.11,2.303230375784695e-05
18886,ENSG00000286237.1,2.294776573088077e-05
18887,ENSG00000155890.4,2.282841333640252e-05
18888,ENSG00000243489.4,2.275801050636237e-05
18889,ENSG00000279486.5,2.2649957761711353e-05
18890,ENSG00000242120.4,2.2626986229562046e-05
18891,ENSG00000157211.11,2.2523583634383282e-05
18892,ENSG00000182346.20,2.2507440602480383e-05
18893,ENSG00000221931.2,2.2305752013177794e-05
18894,ENSG00000232030.3,2.2288490921340554e-05
18895,ENSG00000285713.1,2.214207939983274e-05
18896,ENSG00000205097.7,2.2134919113083495e-05
18897,ENSG00000227059.7,2.184589442296304e-05
18898,ENSG00000127529.7,2.179632638387593e-05
18899,ENSG00000175809.6,2.1622523514192033e-05
18900,ENSG00000198445.4,2.1554240454861355e-05
18901,ENSG00000174279.4,2.1491187367859693e-05
18902,ENSG00000183310.3,2.133488166170378e-05
18903,ENSG00000286175.1,2.1217531134444796e-05
18904,ENSG00000128519.3,2.1217531134444792e-05
18905,ENSG00000285733.1,2.1135370295937132e-05
18906,ENSG00000222018.2,2.1083358521517055e-05
18907,ENSG00000150244.12,2.1048000896636697e-05
18908,ENSG00000269791.5,2.1021258563394224e-05
18909,ENSG00000204694.11,2.089397605305045e-05
18910,ENSG00000284701.1,2.081625129390408e-05
18911,ENSG00000279301.4,2.0747852890126355e-05
18912,ENSG00000120952.4,2.0616337382109067e-05
18913,ENSG00000101892.12,2.0603079215526126e-05
18914,ENSG00000226372.4,2.0553962075282763e-05
18915,ENSG00000198326.10,2.055288593067055e-05
18916,ENSG00000286088.1,2.0483797870698872e-05
18917,ENSG00000160202.7,2.042409686541809e-05
18918,ENSG00000188467.11,2.039689664483875e-05
18919,ENSG00000188324.4,2.0387800399462457e-05
18920,ENSG00000221859.2,2.014649191998777e-05
18921,ENSG00000244115.1,2.012772042150478e-05
18922,ENSG00000215115.6,2.0125836118624184e-05
18923,ENSG00000136535.15,1.996024360405956e-05
18924,ENSG00000228075.5,1.994225330516097e-05
18925,ENSG00000197428.3,1.9898740044158012e-05
18926,ENSG00000179412.11,1.9895477451213008e-05
18927,ENSG00000284299.1,1.9873020652567324e-05
18928,ENSG00000196944.4,1.9505506702083365e-05
18929,ENSG00000214237.11,1.9341975777386304e-05
18930,ENSG00000197437.4,1.907536534812814e-05
18931,ENSG00000187612.1,1.8865654975814104e-05
18932,ENSG00000179919.3,1.886565497581408e-05
18933,ENSG00000257207.5,1.879634106276904e-05
18934,ENSG00000205497.4,1.8752398719414445e-05
18935,ENSG00000288616.1,1.868171091105962e-05
18936,ENSG00000111713.3,1.866511904871436e-05
18937,ENSG00000204700.5,1.862057529336216e-05
18938,ENSG00000203933.3,1.8536526938419968e-05
18939,ENSG00000282872.2,1.853615898459146e-05
18940,ENSG00000256646.8,1.8474672387936114e-05
18941,ENSG00000248235.6,1.845171860208683e-05
18942,ENSG00000124900.12,1.8361237363769796e-05
18943,ENSG00000113100.10,1.8208418114091915e-05
18944,ENSG00000188120.14,1.8047556780150754e-05
18945,ENSG00000188558.6,1.792331586625891e-05
18946,ENSG00000285162.1,1.7719285508371666e-05
18947,ENSG00000168418.7,1.7712812172631027e-05
18948,ENSG00000177476.3,1.7684643643970206e-05
18949,ENSG00000147613.8,1.7636646698294496e-05
18950,ENSG00000178287.18,1.7635327846575134e-05
18951,ENSG00000170920.2,1.7617068885155603e-05
18952,ENSG00000170180.22,1.756405952479002e-05
18953,ENSG00000183206.17,1.7488460489684994e-05
18954,ENSG00000203989.5,1.7214814397602878e-05
18955,ENSG00000172146.3,1.7209296844254646e-05
18956,ENSG00000188984.12,1.7116076630631846e-05
18957,ENSG00000189132.6,1.7101230505798887e-05
18958,ENSG00000204822.7,1.7008365091664292e-05
18959,ENSG00000215906.8,1.6954350081904296e-05
18960,ENSG00000167104.11,1.686325081759048e-05
18961,ENSG00000169840.5,1.682731754132742e-05
18962,ENSG00000280148.1,1.677842574615386e-05
18963,ENSG00000187806.9,1.672927797050951e-05
18964,ENSG00000205327.3,1.6528898868034382e-05
18965,ENSG00000236543.3,1.645454979494742e-05
18966,ENSG00000187003.7,1.6440833323687648e-05
18967,ENSG00000171396.12,1.619273261071077e-05
18968,ENSG00000234829.4,1.6173677497242226e-05
18969,ENSG00000172208.6,1.6173677497242202e-05
18970,ENSG00000179142.2,1.6157916193678807e-05
18971,ENSG00000269405.7,1.6118310801727264e-05
18972,ENSG00000281613.2,1.6063457087544042e-05
18973,ENSG00000116726.5,1.5966518677855493e-05
18974,ENSG00000183395.5,1.5938949997473183e-05
18975,ENSG00000286019.1,1.5938949997473173e-05
18976,ENSG00000121446.20,1.5883476149630693e-05
18977,ENSG00000285566.1,1.58222126409719e-05
18978,ENSG00000279395.3,1.5822212640971873e-05
18979,ENSG00000283515.1,1.581251024964786e-05
18980,ENSG00000260234.5,1.5589991330435566e-05
18981,ENSG00000277932.2,1.5427606865572426e-05
18982,ENSG00000268500.5,1.5359442044635928e-05
18983,ENSG00000169214.4,1.5291273300959365e-05
18984,ENSG00000175820.4,1.5267327924541577e-05
18985,ENSG00000182111.9,1.5231277249930222e-05
18986,ENSG00000146910.12,1.5190186861498148e-05
18987,ENSG00000163114.6,1.5166271445028896e-05
18988,ENSG00000181961.4,1.513056576992909e-05
18989,ENSG00000185294.7,1.5112999498473258e-05
18990,ENSG00000182330.10,1.4945968894533985e-05
18991,ENSG00000204701.2,1.4726587046508899e-05
18992,ENSG00000225781.1,1.4716886190299871e-05
18993,ENSG00000255713.2,1.4557263242407144e-05
18994,ENSG00000140506.17,1.4538248987917715e-05
18995,ENSG00000145029.14,1.447323041685032e-05
18996,ENSG00000279051.4,1.436599829405348e-05
18997,ENSG00000179615.3,1.4343642757681387e-05
18998,ENSG00000182447.4,1.4231810533921139e-05
18999,ENSG00000131864.10,1.4208227250842335e-05
19000,ENSG00000188937.6,1.4187127541587155e-05
19001,ENSG00000154415.8,1.4118674284594442e-05
19002,ENSG00000112462.8,1.4049166009335673e-05
19003,ENSG00000196098.2,1.4011314134796765e-05
19004,ENSG00000162727.3,1.3901695477332902e-05
19005,ENSG00000271383.7,1.3854202477298892e-05
19006,ENSG00000237524.10,1.3807316777173088e-05
19007,ENSG00000186306.1,1.3792496679776842e-05
19008,ENSG00000196171.3,1.3683717866065617e-05
19009,ENSG00000178645.13,1.3512557818040664e-05
19010,ENSG00000285982.1,1.333755894068661e-05
19011,ENSG00000215474.8,1.3219488049206388e-05
19012,ENSG00000283434.2,1.3205215566027801e-05
19013,ENSG00000221954.2,1.2934036137818902e-05
19014,ENSG00000288607.1,1.2878847486271826e-05
19015,ENSG00000198704.9,1.280481610008206e-05
19016,ENSG00000129152.4,1.2651702947851366e-05
19017,ENSG00000213934.9,1.2514905339620589e-05
19018,ENSG00000118434.9,1.2436894602292401e-05
19019,ENSG00000285950.1,1.2369990940031008e-05
19020,ENSG00000234560.4,1.220498228866085e-05
19021,ENSG00000231924.10,1.2039386411737034e-05
19022,ENSG00000273590.4,1.2020839008696525e-05
19023,ENSG00000223614.5,1.1978369943708133e-05
19024,ENSG00000205329.2,1.1949614216612432e-05
19025,ENSG00000162771.8,1.1808317241288179e-05
19026,ENSG00000254772.10,1.1777341089984659e-05
19027,ENSG00000186090.11,1.1681542997172906e-05
19028,ENSG00000166948.10,1.1557891805247992e-05
19029,ENSG00000205777.18,1.1557398955012264e-05
19030,ENSG00000179695.3,1.1516384389265822e-05
19031,ENSG00000239810.3,1.1491878662843321e-05
19032,ENSG00000196475.6,1.1326045827734263e-05
19033,ENSG00000283439.4,1.1151574330982589e-05
19034,ENSG00000171561.4,1.0980957892148869e-05
19035,ENSG00000189299.7,1.095180016482976e-05
19036,ENSG00000221813.4,1.0946344645121647e-05
19037,ENSG00000256977.12,1.0894530101459335e-05
19038,ENSG00000179407.3,1.0871353270490521e-05
19039,ENSG00000288669.1,1.0653974325776668e-05
19040,ENSG00000156925.12,1.063863980929139e-05
19041,ENSG00000136488.15,1.0610462565608155e-05
19042,ENSG00000224586.7,1.0592448567954182e-05
19043,ENSG00000125816.5,1.0585735297191132e-05
19044,ENSG00000174970.5,1.055662485730673e-05
19045,ENSG00000132297.12,1.0497631989206461e-05
19046,ENSG00000267368.1,1.0451469954469519e-05
19047,ENSG00000153684.15,1.0440326626607529e-05
19048,ENSG00000166049.11,1.0369353396663775e-05
19049,ENSG00000243130.8,1.019810775946509e-05
19050,ENSG00000276203.5,1.0181010464177908e-05
19051,ENSG00000171180.3,1.0160485047018351e-05
19052,ENSG00000221910.2,9.955287142057466e-06
19053,ENSG00000206536.1,9.862559993203738e-06
19054,ENSG00000170777.10,9.70971643347874e-06
19055,ENSG00000285901.2,9.685914206035882e-06
19056,ENSG00000265690.7,9.633480803145216e-06
19057,ENSG00000176979.14,9.506829437135567e-06
19058,ENSG00000268173.3,9.445098713247932e-06
19059,ENSG00000178591.7,9.225372859403845e-06
19060,ENSG00000175718.10,9.181390321466848e-06
19061,ENSG00000177174.1,9.136048051871027e-06
19062,ENSG00000205916.11,9.135266632605646e-06
19063,ENSG00000263715.7,8.938403218854175e-06
19064,ENSG00000268009.6,8.695814427936802e-06
19065,ENSG00000176555.1,8.695814427936795e-06
19066,ENSG00000182070.6,8.420576824849146e-06
19067,ENSG00000182053.12,8.403878065822963e-06
19068,ENSG00000177143.5,8.351303598447406e-06
19069,ENSG00000148602.6,8.333251235279062e-06
19070,ENSG00000186886.8,8.31952289819987e-06
19071,ENSG00000238074.5,8.266243064734684e-06
19072,ENSG00000183862.5,8.199995356047622e-06
19073,ENSG00000267618.5,8.181609653426157e-06
19074,ENSG00000204246.3,8.181609653426133e-06
19075,ENSG00000015568.13,8.14046913785433e-06
19076,ENSG00000224960.5,8.132294960226541e-06
19077,ENSG00000182613.3,8.060334544235604e-06
19078,ENSG00000255855.2,8.045393617359347e-06
19079,ENSG00000206474.8,8.017625501181109e-06
19080,ENSG00000257115.1,7.847349763917395e-06
19081,ENSG00000279804.2,7.846556572637949e-06
19082,ENSG00000177275.4,7.764853863792294e-06
19083,ENSG00000184814.5,7.757055916658032e-06
19084,ENSG00000284609.1,7.737123057870579e-06
19085,ENSG00000140478.15,7.657850255405523e-06
19086,ENSG00000258555.6,7.599821753736026e-06
19087,ENSG00000285854.1,7.579600441319833e-06
19088,ENSG00000213648.11,7.557909530338057e-06
19089,ENSG00000197591.3,7.519933965093154e-06
19090,ENSG00000184394.2,7.519933965093124e-06
19091,ENSG00000204480.8,7.517015276837711e-06
19092,ENSG00000176256.10,7.5125818443651e-06
19093,ENSG00000255009.4,7.43915035565186e-06
19094,ENSG00000258830.1,7.358795136170706e-06
19095,ENSG00000141979.4,6.9843712681612e-06
19096,ENSG00000187918.5,6.964476563708967e-06
19097,ENSG00000214819.2,6.963449335028285e-06
19098,ENSG00000255251.1,6.9634493350282765e-06
19099,ENSG00000249209.2,6.9634493350282765e-06
19100,ENSG00000183054.11,6.912873756876578e-06
19101,ENSG00000214929.4,6.831985748544073e-06
19102,ENSG00000189375.12,6.8213157884968555e-06
19103,ENSG00000228198.3,6.680963768227317e-06
19104,ENSG00000172457.7,6.5362393061918795e-06
19105,ENSG00000182083.7,6.527880695884494e-06
19106,ENSG00000182566.14,6.427993195882342e-06
19107,ENSG00000176922.4,6.427993195882312e-06
19108,ENSG00000197658.9,6.4114334040712894e-06
19109,ENSG00000169327.5,6.390355895314727e-06
19110,ENSG00000120289.12,6.302578458966451e-06
19111,ENSG00000285837.1,6.289835764019472e-06
19112,ENSG00000268606.5,6.257407951520297e-06
19113,ENSG00000131264.3,6.204960113382627e-06
19114,ENSG00000164600.7,6.131476437482119e-06
19115,ENSG00000177693.4,6.131476437482116e-06
19116,ENSG00000230301.6,6.131476437482108e-06
19117,ENSG00000283039.1,6.058423316915038e-06
19118,ENSG00000286022.1,6.05842331691502e-06
19119,ENSG00000275740.1,5.988986386297312e-06
19120,ENSG00000148136.5,5.985800879470917e-06
19121,ENSG00000204704.2,5.985800879470915e-06
19122,ENSG00000215356.4,5.985800879470912e-06
19123,ENSG00000181693.8,5.981017145548028e-06
19124,ENSG00000179626.4,5.949572460032481e-06
19125,ENSG00000172188.6,5.943708569834701e-06
19126,ENSG00000204695.4,5.93408486230256e-06
19127,ENSG00000198104.3,5.931880180958023e-06
19128,ENSG00000168757.12,5.841848565340401e-06
19129,ENSG00000185448.10,5.712847402231087e-06
19130,ENSG00000198798.5,5.658608452255985e-06
19131,ENSG00000260596.5,5.593723281517859e-06
19132,ENSG00000223591.5,5.559117762422432e-06
19133,ENSG00000284844.1,5.559117762422426e-06
19134,ENSG00000180433.5,5.5591177624224176e-06
19135,ENSG00000204414.13,5.489513688827656e-06
19136,ENSG00000165970.12,5.413891197821095e-06
19137,ENSG00000116721.9,5.371313651369063e-06
19138,ENSG00000203661.4,5.291404160783444e-06
19139,ENSG00000205649.9,5.28329222353557e-06
19140,ENSG00000165370.3,5.279787587212051e-06
19141,ENSG00000170848.16,5.232660835179507e-06
19142,ENSG00000185821.3,5.215415747776968e-06
19143,ENSG00000123584.7,5.147971492224414e-06
19144,ENSG00000229972.8,5.08095958526942e-06
19145,ENSG00000166351.10,5.032848053428977e-06
19146,ENSG00000274810.4,4.931829605523384e-06
19147,ENSG00000176253.4,4.893600562556694e-06
19148,ENSG00000182854.8,4.8825192406048685e-06
19149,ENSG00000185177.13,4.817238012887083e-06
19150,ENSG00000169717.7,4.817238012887083e-06
19151,ENSG00000170605.6,4.815955310772981e-06
19152,ENSG00000176695.8,4.792324775795409e-06
19153,ENSG00000268235.7,4.764098863803076e-06
19154,ENSG00000184166.2,4.762120541241315e-06
19155,ENSG00000175143.5,4.761819460517804e-06
19156,ENSG00000271741.1,4.737297027474787e-06
19157,ENSG00000284337.1,4.734909435183165e-06
19158,ENSG00000120088.15,4.715663348075658e-06
19159,ENSG00000205236.6,4.56194201739847e-06
19160,ENSG00000274391.5,4.560444301490774e-06
19161,ENSG00000243729.4,4.55956285673942e-06
19162,ENSG00000189186.10,4.493688750457794e-06
19163,ENSG00000197125.3,4.490112621452264e-06
19164,ENSG00000196408.12,4.361537795973651e-06
19165,ENSG00000221878.13,4.317181050951842e-06
19166,ENSG00000215372.6,4.298298278326608e-06
19167,ENSG00000186440.2,4.2464493183291545e-06
19168,ENSG00000176798.3,4.201165593500493e-06
19169,ENSG00000271698.1,4.127750261365326e-06
19170,ENSG00000274764.6,4.127750261365323e-06
19171,ENSG00000204979.8,4.1277502613653215e-06
19172,ENSG00000176231.2,4.12775026136532e-06
19173,ENSG00000197532.2,4.119708859245644e-06
19174,ENSG00000278803.2,4.102772669790407e-06
19175,ENSG00000198812.5,4.0163888774156835e-06
19176,ENSG00000237700.2,4.008031139456361e-06
19177,ENSG00000260092.1,3.9069403109623376e-06
19178,ENSG00000256671.6,3.878293133868013e-06
19179,ENSG00000186092.6,3.851728108683338e-06
19180,ENSG00000130283.9,3.831712787006687e-06
19181,ENSG00000205301.12,3.8101651703196364e-06
19182,ENSG00000181698.4,3.7163422811071715e-06
19183,ENSG00000176900.2,3.659309935133891e-06
19184,ENSG00000149452.16,3.6317090756272663e-06
19185,ENSG00000262461.6,3.546551704703161e-06
19186,ENSG00000198967.4,3.486087770354471e-06
19187,ENSG00000171944.2,3.3832752432915694e-06
19188,ENSG00000205330.4,3.380682456945621e-06
19189,ENSG00000278961.2,3.3610794303512515e-06
19190,ENSG00000176495.3,3.2771579897656027e-06
19191,ENSG00000181785.3,3.208018873785229e-06
19192,ENSG00000255730.5,3.1656293577425352e-06
19193,ENSG00000177201.2,3.0447336763615814e-06
19194,ENSG00000248710.1,3.0377860269828444e-06
19195,ENSG00000284732.1,3.015314825874706e-06
19196,ENSG00000188694.6,3.0089235019855585e-06
19197,ENSG00000123307.4,2.9482760161902284e-06
19198,ENSG00000277322.1,2.931938976859897e-06
19199,ENSG00000197849.6,2.9206306343844064e-06
19200,ENSG00000172468.14,2.8691455590840273e-06
19201,ENSG00000283886.3,2.8561506627704466e-06
19202,ENSG00000181767.3,2.8261738472847706e-06
19203,ENSG00000204501.7,2.8061009940677268e-06
19204,ENSG00000250264.1,2.7707084984531805e-06
19205,ENSG00000204849.10,2.7360242813813576e-06
19206,ENSG00000177151.5,2.707314354744737e-06
19207,ENSG00000177689.10,2.6585776447998503e-06
19208,ENSG00000187664.9,2.6554296105815094e-06
19209,ENSG00000268447.6,2.5149955188774597e-06
19210,ENSG00000180269.8,2.4750515422410465e-06
19211,ENSG00000204970.10,2.43690690261561e-06
19212,ENSG00000233917.9,2.4214654100088935e-06
19213,ENSG00000277277.3,2.421465410008893e-06
19214,ENSG00000170613.4,2.4034275285096725e-06
19215,ENSG00000174914.3,2.3591790990419467e-06
19216,ENSG00000196184.10,2.3469186021707634e-06
19217,ENSG00000287694.1,2.3393034415974266e-06
19218,ENSG00000185775.10,2.2994427293948125e-06
19219,ENSG00000267740.5,2.195317338285347e-06
19220,ENSG00000221888.4,2.1927172856585106e-06
19221,ENSG00000284741.1,2.176963482465496e-06
19222,ENSG00000187191.14,2.0226626841724426e-06
19223,ENSG00000131059.12,2.0223040635329016e-06
19224,ENSG00000141200.8,1.980149778165845e-06
19225,ENSG00000237378.3,1.980149778165843e-06
19226,ENSG00000277865.4,1.953653204319355e-06
19227,ENSG00000206043.7,1.8397976508072352e-06
19228,ENSG00000187857.4,1.8231203726926393e-06
19229,ENSG00000279169.3,1.7759791079281107e-06
19230,ENSG00000186513.3,1.767307542253372e-06
19231,ENSG00000215029.11,1.6973936434081667e-06
19232,ENSG00000180934.7,1.6950222364026024e-06
19233,ENSG00000278522.5,1.673790228476309e-06
19234,ENSG00000186788.13,1.6685706432334056e-06
19235,ENSG00000275163.1,1.6205713576835109e-06
19236,ENSG00000176230.7,1.5659082655964259e-06
19237,ENSG00000237038.5,1.545513302974673e-06
19238,ENSG00000168930.13,1.508646191279594e-06
19239,ENSG00000259060.7,1.508646191279588e-06
19240,ENSG00000275969.2,1.4337603910995805e-06
19241,ENSG00000167822.3,1.3477488146371817e-06
19242,ENSG00000204481.8,1.296718640160998e-06
19243,ENSG00000276040.4,1.2865639378497505e-06
19244,ENSG00000205678.8,1.197947502507394e-06
19245,ENSG00000285772.1,1.1322728470311573e-06
19246,ENSG00000286192.1,1.1241755558952678e-06
19247,ENSG00000215343.7,1.0609313381782554e-06
19248,ENSG00000170953.3,1.0086877015006794e-06
19249,ENSG00000172324.5,9.826036825269571e-07
19250,ENSG00000196341.3,9.548008331070486e-07
19251,ENSG00000280709.2,8.921974989923564e-07
19252,ENSG00000226941.8,8.641845269722298e-07
19253,ENSG00000288622.1,8.025087522969366e-07
19254,ENSG00000169953.12,7.828107219094098e-07
19255,ENSG00000268221.6,7.828107219094096e-07
19256,ENSG00000197309.3,7.565749330715999e-07
19257,ENSG00000229183.8,7.309834537602879e-07
19258,ENSG00000188340.2,7.14779339475315e-07
19259,ENSG00000197991.11,7.083746621824988e-07
19260,ENSG00000176893.5,7.05437371710404e-07
19261,ENSG00000281938.2,6.085020371584889e-07
19262,ENSG00000177212.4,4.3602034483510915e-07
19263,ENSG00000183632.14,3.4272596994798725e-07
19264,ENSG00000273976.2,3.254080436967341e-07
19265,ENSG00000272916.5,2.7613857081870487e-07
19266,ENSG00000231192.2,2.606106282298987e-07
19267,ENSG00000236032.3,1.8969106013672608e-07
19268,ENSG00000182415.10,0.0
19269,ENSG00000284356.1,0.0
19270,ENSG00000284283.1,0.0
19271,ENSG00000284341.1,0.0
19272,ENSG00000232113.3,0.0
19273,ENSG00000284306.1,0.0
19274,ENSG00000231396.3,0.0
19275,ENSG00000284393.1,0.0
19276,ENSG00000204505.4,0.0
19277,ENSG00000284684.1,0.0
19278,ENSG00000284680.1,0.0
19279,ENSG00000284667.1,0.0
19280,ENSG00000284662.1,0.0
19281,ENSG00000230430.5,0.0
19282,ENSG00000230522.5,0.0
19283,ENSG00000230594.3,0.0
19284,ENSG00000161939.19,0.0
19285,ENSG00000231051.3,0.0
19286,ENSG00000161807.3,0.0
19287,ENSG00000284554.2,0.0
19288,ENSG00000284546.1,0.0
19289,ENSG00000204612.1,0.0
19290,ENSG00000231637.3,0.0
19291,ENSG00000182378.14_PAR_Y,0.0
19292,ENSG00000284479.1,0.0
19293,ENSG00000284465.1,0.0
19294,ENSG00000103426.12,0.0
19295,ENSG00000284439.1,0.0
19296,ENSG00000284438.1,0.0
19297,ENSG00000204510.5,0.0
19298,ENSG00000284234.1,0.0
19299,ENSG00000186113.1,0.0
19300,ENSG00000204450.8,0.0
19301,ENSG00000283201.1,0.0
19302,ENSG00000182712.16,0.0
19303,ENSG00000159455.9,0.0
19304,ENSG00000172459.4,0.0
19305,ENSG00000237957.6,0.0
19306,ENSG00000283149.1,0.0
19307,ENSG00000237671.3,0.0
19308,ENSG00000283189.2,0.0
19309,ENSG00000172352.5,0.0
19310,ENSG00000198965.4,0.0
19311,ENSG00000172487.4,0.0
19312,ENSG00000203618.6,0.0
19313,ENSG00000283228.1,0.0
19314,ENSG00000283239.1,0.0
19315,ENSG00000237247.6,0.0
19316,ENSG00000283321.1,0.0
19317,ENSG00000236737.1,0.0
19318,ENSG00000236424.7,0.0
19319,ENSG00000236371.5,0.0
19320,ENSG00000282804.1,0.0
19321,ENSG00000172489.7,0.0
19322,ENSG00000232263.1,0.0
19323,ENSG00000281348.1,0.0
19324,ENSG00000198271.5,0.0
19325,ENSG00000280571.2,0.0
19326,ENSG00000280778.1,0.0
19327,ENSG00000240432.3,0.0
19328,ENSG00000280893.1,0.0
19329,ENSG00000240247.7,0.0
19330,ENSG00000281039.1,0.0
19331,ENSG00000198601.3,0.0
19332,ENSG00000182783.5,0.0
19333,ENSG00000239395.2,0.0
19334,ENSG00000172769.4,0.0
19335,ENSG00000239886.5,0.0
19336,ENSG00000108825.18,0.0
19337,ENSG00000281887.3,0.0
19338,ENSG00000282034.1,0.0
19339,ENSG00000282218.1,0.0
19340,ENSG00000282246.1,0.0
19341,ENSG00000282278.1,0.0
19342,ENSG00000236362.8,0.0
19343,ENSG00000236126.3,0.0
19344,ENSG00000236125.3,0.0
19345,ENSG00000283952.1,0.0
19346,ENSG00000170255.7,0.0
19347,ENSG00000283776.1,0.0
19348,ENSG00000283782.2,0.0
19349,ENSG00000283809.1,0.0
19350,ENSG00000283873.1,0.0
19351,ENSG00000182484.15_PAR_Y,0.0
19352,ENSG00000204422.7,0.0
19353,ENSG00000232423.6,0.0
19354,ENSG00000283967.1,0.0
19355,ENSG00000235942.3,0.0
19356,ENSG00000283977.1,0.0
19357,ENSG00000232399.4,0.0
19358,ENSG00000283988.1,0.0
19359,ENSG00000232264.5,0.0
19360,ENSG00000284018.1,0.0
19361,ENSG00000167825.3,0.0
19362,ENSG00000284042.1,0.0
19363,ENSG00000284057.1,0.0
19364,ENSG00000232948.1,0.0
19365,ENSG00000233050.1,0.0
19366,ENSG00000233136.3,0.0
19367,ENSG00000233412.5,0.0
19368,ENSG00000235780.3,0.0
19369,ENSG00000172288.7,0.0
19370,ENSG00000283496.1,0.0
19371,ENSG00000235699.3,0.0
19372,ENSG00000204003.8,0.0
19373,ENSG00000235007.3,0.0
19374,ENSG00000234857.2,0.0
19375,ENSG00000105371.10,0.0
19376,ENSG00000170152.5,0.0
19377,ENSG00000172199.1,0.0
19378,ENSG00000234414.7,0.0
19379,ENSG00000234278.3,0.0
19380,ENSG00000283663.1,0.0
19381,ENSG00000233803.9,0.0
19382,ENSG00000233802.8,0.0
19383,ENSG00000172154.10,0.0
19384,ENSG00000283706.2,0.0
19385,ENSG00000230347.5,0.0
19386,ENSG00000002586.20_PAR_Y,0.0
19387,ENSG00000230178.1,0.0
19388,ENSG00000139574.8,0.0
19389,ENSG00000286131.1,0.0
19390,ENSG00000213578.6,0.0
19391,ENSG00000216649.3,0.0
19392,ENSG00000286137.1,0.0
19393,ENSG00000286140.1,0.0
19394,ENSG00000286143.1,0.0
19395,ENSG00000286165.1,0.0
19396,ENSG00000213689.14,0.0
19397,ENSG00000286185.1,0.0
19398,ENSG00000213927.4,0.0
19399,ENSG00000286105.1,0.0
19400,ENSG00000286221.1,0.0
19401,ENSG00000100101.15,0.0
19402,ENSG00000286228.1,0.0
19403,ENSG00000286231.1,0.0
19404,ENSG00000286235.1,0.0
19405,ENSG00000215695.1,0.0
19406,ENSG00000286239.1,0.0
19407,ENSG00000181371.4,0.0
19408,ENSG00000215547.1,0.0
19409,ENSG00000213417.3,0.0
19410,ENSG00000213402.3,0.0
19411,ENSG00000180872.7,0.0
19412,ENSG00000221932.6,0.0
19413,ENSG00000181752.3,0.0
19414,ENSG00000285942.1,0.0
19415,ENSG00000206104.2,0.0
19416,ENSG00000223569.8,0.0
19417,ENSG00000285947.1,0.0
19418,ENSG00000223417.8,0.0
19419,ENSG00000285953.1,0.0
19420,ENSG00000285975.1,0.0
19421,ENSG00000206203.5,0.0
19422,ENSG00000221900.6,0.0
19423,ENSG00000286098.1,0.0
19424,ENSG00000286007.1,0.0
19425,ENSG00000286014.1,0.0
19426,ENSG00000221874.4,0.0
19427,ENSG00000212938.3,0.0
19428,ENSG00000221840.4,0.0
19429,ENSG00000286075.2,0.0
19430,ENSG00000286079.1,0.0
19431,ENSG00000221837.6,0.0
19432,ENSG00000213297.8,0.0
19433,ENSG00000215472.10,0.0
19434,ENSG00000287363.2,0.0
19435,ENSG00000285920.2,0.0
19436,ENSG00000288644.1,0.0
19437,ENSG00000288631.1,0.0
19438,ENSG00000288634.1,0.0
19439,ENSG00000288635.1,0.0
19440,ENSG00000288636.1,0.0
19441,ENSG00000214717.12_PAR_Y,0.0
19442,ENSG00000288639.1,0.0
19443,ENSG00000288640.1,0.0
19444,ENSG00000288642.1,0.0
19445,ENSG00000288643.1,0.0
19446,ENSG00000288645.1,0.0
19447,ENSG00000288626.1,0.0
19448,ENSG00000288646.1,0.0
19449,ENSG00000288649.1,0.0
19450,ENSG00000288654.1,0.0
19451,ENSG00000214732.3,0.0
19452,ENSG00000180974.4,0.0
19453,ENSG00000214736.8,0.0
19454,ENSG00000288661.1,0.0
19455,ENSG00000214940.8,0.0
19456,ENSG00000288671.1,0.0
19457,ENSG00000288629.1,0.0
19458,ENSG00000288625.1,0.0
19459,ENSG00000287542.1,0.0
19460,ENSG00000288529.1,0.0
19461,ENSG00000287585.1,0.0
19462,ENSG00000215269.5,0.0
19463,ENSG00000214265.11,0.0
19464,ENSG00000288000.1,0.0
19465,ENSG00000288053.1,0.0
19466,ENSG00000288208.1,0.0
19467,ENSG00000288258.1,0.0
19468,ENSG00000215203.3,0.0
19469,ENSG00000288520.1,0.0
19470,ENSG00000214414.9,0.0
19471,ENSG00000288623.1,0.0
19472,ENSG00000288550.1,0.0
19473,ENSG00000215183.5,0.0
19474,ENSG00000288564.1,0.0
19475,ENSG00000288570.1,0.0
19476,ENSG00000288591.1,0.0
19477,ENSG00000214447.4,0.0
19478,ENSG00000288608.1,0.0
19479,ENSG00000288614.1,0.0
19480,ENSG00000214681.4,0.0
19481,ENSG00000285937.1,0.0
19482,ENSG00000285913.1,0.0
19483,ENSG00000204702.5,0.0
19484,ENSG00000227488.2,0.0
19485,ENSG00000280267.4,0.0
19486,ENSG00000284989.1,0.0
19487,ENSG00000205029.1,0.0
19488,ENSG00000285025.1,0.0
19489,ENSG00000228517.3,0.0
19490,ENSG00000285064.2,0.0
19491,ENSG00000228144.2,0.0
19492,ENSG00000227551.1,0.0
19493,ENSG00000285133.1,0.0
19494,ENSG00000285171.1,0.0
19495,ENSG00000284956.1,0.0
19496,ENSG00000227151.4,0.0
19497,ENSG00000227140.3,0.0
19498,ENSG00000285238.2,0.0
19499,ENSG00000285245.1,0.0
19500,ENSG00000181958.5,0.0
19501,ENSG00000285283.1,0.0
19502,ENSG00000285292.1,0.0
19503,ENSG00000285304.1,0.0
19504,ENSG00000181939.3,0.0
19505,ENSG00000182162.11_PAR_Y,0.0
19506,ENSG00000228836.8,0.0
19507,ENSG00000226929.3,0.0
19508,ENSG00000229549.9,0.0
19509,ENSG00000230031.10,0.0
19510,ENSG00000229665.8,0.0
19511,ENSG00000284733.1,0.0
19512,ENSG00000284762.1,0.0
19513,ENSG00000102891.4,0.0
19514,ENSG00000284772.1,0.0
19515,ENSG00000229579.5,0.0
19516,ENSG00000284776.1,0.0
19517,ENSG00000229571.7,0.0
19518,ENSG00000284800.1,0.0
19519,ENSG00000228856.3,0.0
19520,ENSG00000204873.5,0.0
19521,ENSG00000284824.1,0.0
19522,ENSG00000204918.3,0.0
19523,ENSG00000180386.7,0.0
19524,ENSG00000284895.1,0.0
19525,ENSG00000204919.1,0.0
19526,ENSG00000284917.1,0.0
19527,ENSG00000228927.10,0.0
19528,ENSG00000284931.1,0.0
19529,ENSG00000285330.1,0.0
19530,ENSG00000285404.1,0.0
19531,ENSG00000206047.2,0.0
19532,ENSG00000224659.2,0.0
19533,ENSG00000285645.1,0.0
19534,ENSG00000285655.1,0.0
19535,ENSG00000285657.1,0.0
19536,ENSG00000285687.1,0.0
19537,ENSG00000285708.1,0.0
19538,ENSG00000171570.11,0.0
19539,ENSG00000285720.1,0.0
19540,ENSG00000285723.1,0.0
19541,ENSG00000224902.5,0.0
19542,ENSG00000224440.1,0.0
19543,ENSG00000285635.1,0.0
19544,ENSG00000285765.1,0.0
19545,ENSG00000205923.3,0.0
19546,ENSG00000285779.1,0.0
19547,ENSG00000224089.3,0.0
19548,ENSG00000285814.1,0.0
19549,ENSG00000285815.1,0.0
19550,ENSG00000285839.1,0.0
19551,ENSG00000285891.1,0.0
19552,ENSG00000181761.5,0.0
19553,ENSG00000285641.1,0.0
19554,ENSG00000225327.3,0.0
19555,ENSG00000181927.4,0.0
19556,ENSG00000285508.1,0.0
19557,ENSG00000285444.1,0.0
19558,ENSG00000285446.1,0.0
19559,ENSG00000101898.6,0.0
19560,ENSG00000205457.11,0.0
19561,ENSG00000226685.4,0.0
19562,ENSG00000285472.1,0.0
19563,ENSG00000226600.3,0.0
19564,ENSG00000205496.1,0.0
19565,ENSG00000285505.1,0.0
19566,ENSG00000226023.6,0.0
19567,ENSG00000285625.1,0.0
19568,ENSG00000285526.1,0.0
19569,ENSG00000285528.1,0.0
19570,ENSG00000285542.1,0.0
19571,ENSG00000285558.1,0.0
19572,ENSG00000205718.9,0.0
19573,ENSG00000205755.12_PAR_Y,0.0
19574,ENSG00000225396.5,0.0
19575,ENSG00000285607.1,0.0
19576,ENSG00000285620.1,0.0
19577,ENSG00000280314.3,0.0
19578,ENSG00000142694.6,0.0
19579,ENSG00000198223.17_PAR_Y,0.0
19580,ENSG00000280204.3,0.0
19581,ENSG00000259753.1,0.0
19582,ENSG00000125695.12,0.0
19583,ENSG00000270601.4,0.0
19584,ENSG00000270617.1,0.0
19585,ENSG00000259522.3,0.0
19586,ENSG00000187223.4,0.0
19587,ENSG00000185291.12_PAR_Y,0.0
19588,ENSG00000270757.1,0.0
19589,ENSG00000131152.4,0.0
19590,ENSG00000270800.3,0.0
19591,ENSG00000259399.1,0.0
19592,ENSG00000259371.2,0.0
19593,ENSG00000270946.6,0.0
19594,ENSG00000259332.3,0.0
19595,ENSG00000259171.1,0.0
19596,ENSG00000271271.6,0.0
19597,ENSG00000259164.1,0.0
19598,ENSG00000259132.1,0.0
19599,ENSG00000187272.7,0.0
19600,ENSG00000271449.8,0.0
19601,ENSG00000259040.5,0.0
19602,ENSG00000270316.1,0.0
19603,ENSG00000259784.1,0.0
19604,ENSG00000187180.3,0.0
19605,ENSG00000260342.2,0.0
19606,ENSG00000260836.2,0.0
19607,ENSG00000269590.1,0.0
19608,ENSG00000269693.1,0.0
19609,ENSG00000269711.1,0.0
19610,ENSG00000260548.1,0.0
19611,ENSG00000260537.2,0.0
19612,ENSG00000269741.5,0.0
19613,ENSG00000187082.2,0.0
19614,ENSG00000260371.1,0.0
19615,ENSG00000260272.1,0.0
19616,ENSG00000270249.2,0.0
19617,ENSG00000269897.5,0.0
19618,ENSG00000269955.2,0.0
19619,ENSG00000260170.1,0.0
19620,ENSG00000147885.4,0.0
19621,ENSG00000270099.1,0.0
19622,ENSG00000187170.5,0.0
19623,ENSG00000166160.9,0.0
19624,ENSG00000270181.3,0.0
19625,ENSG00000259900.5,0.0
19626,ENSG00000145337.5,0.0
19627,ENSG00000271793.1,0.0
19628,ENSG00000259024.6,0.0
19629,ENSG00000273049.1,0.0
19630,ENSG00000272896.1,0.0
19631,ENSG00000272897.5,0.0
19632,ENSG00000258064.1,0.0
19633,ENSG00000258052.1,0.0
19634,ENSG00000272968.5,0.0
19635,ENSG00000257921.6,0.0
19636,ENSG00000273025.1,0.0
19637,ENSG00000257767.3,0.0
19638,ENSG00000273047.1,0.0
19639,ENSG00000169084.15_PAR_Y,0.0
19640,ENSG00000272804.3,0.0
19641,ENSG00000273088.2,0.0
19642,ENSG00000257529.5,0.0
19643,ENSG00000257520.2,0.0
19644,ENSG00000257411.2,0.0
19645,ENSG00000257355.1,0.0
19646,ENSG00000176567.1,0.0
19647,ENSG00000273171.1,0.0
19648,ENSG00000169093.16_PAR_Y,0.0
19649,ENSG00000257184.3,0.0
19650,ENSG00000187701.4,0.0
19651,ENSG00000272772.1,0.0
19652,ENSG00000258992.7,0.0
19653,ENSG00000258724.1,0.0
19654,ENSG00000271949.1,0.0
19655,ENSG00000131808.11,0.0
19656,ENSG00000258989.1,0.0
19657,ENSG00000272104.1,0.0
19658,ENSG00000272162.1,0.0
19659,ENSG00000272297.2,0.0
19660,ENSG00000176797.4,0.0
19661,ENSG00000258817.1,0.0
19662,ENSG00000258728.1,0.0
19663,ENSG00000258691.1,0.0
19664,ENSG00000272741.1,0.0
19665,ENSG00000272410.5,0.0
19666,ENSG00000258677.2,0.0
19667,ENSG00000258588.3,0.0
19668,ENSG00000176782.3,0.0
19669,ENSG00000258529.5,0.0
19670,ENSG00000176742.3,0.0
19671,ENSG00000272617.3,0.0
19672,ENSG00000258436.1,0.0
19673,ENSG00000272647.3,0.0
19674,ENSG00000130538.6,0.0
19675,ENSG00000260914.3,0.0
19676,ENSG00000186980.7,0.0
19677,ENSG00000185926.1,0.0
19678,ENSG00000264545.2,0.0
19679,ENSG00000177186.3,0.0
19680,ENSG00000267748.4,0.0
19681,ENSG00000264058.2,0.0
19682,ENSG00000185960.14_PAR_Y,0.0
19683,ENSG00000146618.3,0.0
19684,ENSG00000267881.2,0.0
19685,ENSG00000263809.1,0.0
19686,ENSG00000186572.2,0.0
19687,ENSG00000263020.6,0.0
19688,ENSG00000264668.2,0.0
19689,ENSG00000268083.5,0.0
19690,ENSG00000186579.3,0.0
19691,ENSG00000186599.8,0.0
19692,ENSG00000268107.6,0.0
19693,ENSG00000268133.1,0.0
19694,ENSG00000185894.8,0.0
19695,ENSG00000262730.1,0.0
19696,ENSG00000262664.3,0.0
19697,ENSG00000268193.5,0.0
19698,ENSG00000267699.2,0.0
19699,ENSG00000265303.1,0.0
19700,ENSG00000262633.2,0.0
19701,ENSG00000267314.1,0.0
19702,ENSG00000267157.1,0.0
19703,ENSG00000267168.1,0.0
19704,ENSG00000267173.1,0.0
19705,ENSG00000267120.3,0.0
19706,ENSG00000267110.1,0.0
19707,ENSG00000186119.8,0.0
19708,ENSG00000267228.7,0.0
19709,ENSG00000267261.5,0.0
19710,ENSG00000267059.2,0.0
19711,ENSG00000267318.1,0.0
19712,ENSG00000265818.1,0.0
19713,ENSG00000267335.2,0.0
19714,ENSG00000267022.1,0.0
19715,ENSG00000267001.1,0.0
19716,ENSG00000266997.2,0.0
19717,ENSG00000266953.6,0.0
19718,ENSG00000267477.1,0.0
19719,ENSG00000177300.7,0.0
19720,ENSG00000177243.3,0.0
19721,ENSG00000266086.3,0.0
19722,ENSG00000262660.1,0.0
19723,ENSG00000262560.1,0.0
19724,ENSG00000186977.3,0.0
19725,ENSG00000269307.1,0.0
19726,ENSG00000269035.1,0.0
19727,ENSG00000186924.3,0.0
19728,ENSG00000129873.7,0.0
19729,ENSG00000269095.1,0.0
19730,ENSG00000269096.7,0.0
19731,ENSG00000177684.4,0.0
19732,ENSG00000269179.1,0.0
19733,ENSG00000269237.1,0.0
19734,ENSG00000129965.15,0.0
19735,ENSG00000186925.6,0.0
19736,ENSG00000269026.2,0.0
19737,ENSG00000186930.4,0.0
19738,ENSG00000261509.6,0.0
19739,ENSG00000261459.1,0.0
19740,ENSG00000186965.5,0.0
19741,ENSG00000269433.3,0.0
19742,ENSG00000269437.7,0.0
19743,ENSG00000186970.4,0.0
19744,ENSG00000269469.1,0.0
19745,ENSG00000269476.1,0.0
19746,ENSG00000129864.6,0.0
19747,ENSG00000268994.3,0.0
19748,ENSG00000268361.1,0.0
19749,ENSG00000268750.7,0.0
19750,ENSG00000262526.2,0.0
19751,ENSG00000268434.5,0.0
19752,ENSG00000268465.1,0.0
19753,ENSG00000262302.1,0.0
19754,ENSG00000268614.1,0.0
19755,ENSG00000268629.8,0.0
19756,ENSG00000268643.2,0.0
19757,ENSG00000146378.6,0.0
19758,ENSG00000261915.6,0.0
19759,ENSG00000177023.2,0.0
19760,ENSG00000268988.1,0.0
19761,ENSG00000268797.1,0.0
19762,ENSG00000261796.1,0.0
19763,ENSG00000268861.7,0.0
19764,ENSG00000261793.1,0.0
19765,ENSG00000186881.3,0.0
19766,ENSG00000261717.5,0.0
19767,ENSG00000125954.12,0.0
19768,ENSG00000129862.7,0.0
19769,ENSG00000268975.2,0.0
19770,ENSG00000273217.1,0.0
19771,ENSG00000169100.14_PAR_Y,0.0
19772,ENSG00000273269.3,0.0
19773,ENSG00000277858.2,0.0
19774,ENSG00000244624.3,0.0
19775,ENSG00000277611.1,0.0
19776,ENSG00000183305.13,0.0
19777,ENSG00000244395.6,0.0
19778,ENSG00000277726.4,0.0
19779,ENSG00000277745.1,0.0
19780,ENSG00000244362.3,0.0
19781,ENSG00000183260.7,0.0
19782,ENSG00000244255.5,0.0
19783,ENSG00000244057.4,0.0
19784,ENSG00000248167.7,0.0
19785,ENSG00000244025.5,0.0
19786,ENSG00000277971.1,0.0
19787,ENSG00000155249.5,0.0
19788,ENSG00000243627.5,0.0
19789,ENSG00000278085.5,0.0
19790,ENSG00000278139.1,0.0
19791,ENSG00000243509.6,0.0
19792,ENSG00000243207.6,0.0
19793,ENSG00000278289.5,0.0
19794,ENSG00000196826.7,0.0
19795,ENSG00000183336.8,0.0
19796,ENSG00000243073.4,0.0
19797,ENSG00000249156.2,0.0
19798,ENSG00000249967.1,0.0
19799,ENSG00000276490.1,0.0
19800,ENSG00000196433.13_PAR_Y,0.0
19801,ENSG00000276581.3,0.0
19802,ENSG00000276612.3,0.0
19803,ENSG00000249811.3,0.0
19804,ENSG00000249624.9,0.0
19805,ENSG00000249590.7,0.0
19806,ENSG00000249319.2,0.0
19807,ENSG00000249104.3,0.0
19808,ENSG00000136305.11,0.0
19809,ENSG00000248933.3,0.0
19810,ENSG00000248920.3,0.0
19811,ENSG00000196578.4,0.0
19812,ENSG00000248871.1,0.0
19813,ENSG00000196589.7,0.0
19814,ENSG00000248672.5,0.0
19815,ENSG00000174982.4,0.0
19816,ENSG00000174957.1,0.0
19817,ENSG00000174937.5,0.0
19818,ENSG00000197706.3,0.0
19819,ENSG00000169763.15,0.0
19820,ENSG00000250021.7,0.0
19821,ENSG00000164708.6,0.0
19822,ENSG00000279263.1,0.0
19823,ENSG00000241690.3,0.0
19824,ENSG00000241595.2,0.0
19825,ENSG00000279408.3,0.0
19826,ENSG00000198021.7,0.0
19827,ENSG00000241476.8,0.0
19828,ENSG00000279514.2,0.0
19829,ENSG00000279686.1,0.0
19830,ENSG00000279761.2,0.0
19831,ENSG00000173366.11,0.0
19832,ENSG00000279116.2,0.0
19833,ENSG00000173349.6,0.0
19834,ENSG00000198083.9,0.0
19835,ENSG00000111780.8,0.0
19836,ENSG00000279983.1,0.0
19837,ENSG00000280021.1,0.0
19838,ENSG00000280090.2,0.0
19839,ENSG00000241128.2,0.0
19840,ENSG00000198129.3,0.0
19841,ENSG00000198211.8,0.0
19842,ENSG00000197976.12_PAR_Y,0.0
19843,ENSG00000279111.2,0.0
19844,ENSG00000242875.6,0.0
19845,ENSG00000242389.8,0.0
19846,ENSG00000173679.2,0.0
19847,ENSG00000197786.3,0.0
19848,ENSG00000167644.12,0.0
19849,ENSG00000267140.1,0.0
19850,ENSG00000142684.9,0.0
19851,ENSG00000183035.13,0.0
19852,ENSG00000197790.1,0.0
19853,ENSG00000169789.10,0.0
19854,ENSG00000278646.1,0.0
19855,ENSG00000169800.14,0.0
19856,ENSG00000279073.3,0.0
19857,ENSG00000242362.2,0.0
19858,ENSG00000142539.9,0.0
19859,ENSG00000182974.3,0.0
19860,ENSG00000169807.10,0.0
19861,ENSG00000278848.2,0.0
19862,ENSG00000278870.2,0.0
19863,ENSG00000197887.4,0.0
19864,ENSG00000197938.5,0.0
19865,ENSG00000173464.14,0.0
19866,ENSG00000276418.5,0.0
19867,ENSG00000250349.3,0.0
19868,ENSG00000124334.17_PAR_Y,0.0
19869,ENSG00000176246.1,0.0
19870,ENSG00000184716.13,0.0
19871,ENSG00000176281.4,0.0
19872,ENSG00000255641.1,0.0
19873,ENSG00000149133.1,0.0
19874,ENSG00000274274.1,0.0
19875,ENSG00000255526.6,0.0
19876,ENSG00000255439.6,0.0
19877,ENSG00000144785.8,0.0
19878,ENSG00000255432.1,0.0
19879,ENSG00000255378.1,0.0
19880,ENSG00000274102.2,0.0
19881,ENSG00000255339.6,0.0
19882,ENSG00000255330.9,0.0
19883,ENSG00000255292.9,0.0
19884,ENSG00000255245.4,0.0
19885,ENSG00000255104.8,0.0
19886,ENSG00000178605.13_PAR_Y,0.0
19887,ENSG00000255073.8,0.0
19888,ENSG00000255072.2,0.0
19889,ENSG00000274791.1,0.0
19890,ENSG00000176299.5,0.0
19891,ENSG00000188223.9,0.0
19892,ENSG00000255054.3,0.0
19893,ENSG00000256514.1,0.0
19894,ENSG00000124333.16_PAR_Y,0.0
19895,ENSG00000256966.6,0.0
19896,ENSG00000256861.1,0.0
19897,ENSG00000256825.4,0.0
19898,ENSG00000176547.10,0.0
19899,ENSG00000273520.5,0.0
19900,ENSG00000176540.3,0.0
19901,ENSG00000256566.1,0.0
19902,ENSG00000124208.16,0.0
19903,ENSG00000273696.4,0.0
19904,ENSG00000274049.4,0.0
19905,ENSG00000256500.6,0.0
19906,ENSG00000256453.2,0.0
19907,ENSG00000273734.1,0.0
19908,ENSG00000148671.14,0.0
19909,ENSG00000256349.1,0.0
19910,ENSG00000256206.2,0.0
19911,ENSG00000256100.1,0.0
19912,ENSG00000123594.5,0.0
19913,ENSG00000255835.1,0.0
19914,ENSG00000255071.3,0.0
19915,ENSG00000255012.2,0.0
19916,ENSG00000183706.5,0.0
19917,ENSG00000183795.8,0.0
19918,ENSG00000183979.8,0.0
19919,ENSG00000251357.4,0.0
19920,ENSG00000275778.2,0.0
19921,ENSG00000178922.17,0.0
19922,ENSG00000251349.3,0.0
19923,ENSG00000251246.1,0.0
19924,ENSG00000251184.1,0.0
19925,ENSG00000251012.2,0.0
19926,ENSG00000167393.18_PAR_Y,0.0
19927,ENSG00000250913.2,0.0
19928,ENSG00000251569.1,0.0
19929,ENSG00000250844.3,0.0
19930,ENSG00000183753.10,0.0
19931,ENSG00000250782.1,0.0
19932,ENSG00000250745.3,0.0
19933,ENSG00000250741.6,0.0
19934,ENSG00000250719.2,0.0
19935,ENSG00000250709.1,0.0
19936,ENSG00000196248.5,0.0
19937,ENSG00000250424.4,0.0
19938,ENSG00000251380.3,0.0
19939,ENSG00000184032.3,0.0
19940,ENSG00000254870.5,0.0
19941,ENSG00000275221.2,0.0
19942,ENSG00000254834.4,0.0
19943,ENSG00000275034.2,0.0
19944,ENSG00000254706.3,0.0
19945,ENSG00000254692.1,0.0
19946,ENSG00000254673.1,0.0
19947,ENSG00000275113.1,0.0
19948,ENSG00000150261.4,0.0
19949,ENSG00000150269.1,0.0
19950,ENSG00000254445.1,0.0
19951,ENSG00000254402.7,0.0
19952,ENSG00000184033.13,0.0
19953,ENSG00000253797.2,0.0
19954,ENSG00000011052.21,0.0
19955,ENSG00000189181.5,0.0
19956,ENSG00000189253.7,0.0
19957,ENSG00000175619.3,0.0
19958,ENSG00000189357.8,0.0
19959,ENSG00000275553.4,0.0
19960,ENSG00000253117.5,0.0
19961,ENSG00000169488.6,0.0
19962,ENSG00000258417.3,0.0
