=== FINAL M5 seed=42 fold=0/5 Start: Sun Aug 16 16:53:22     2026 ===
wandb: [wandb.login()] Loaded credentials for https://api.wandb.ai from C:\Users\wonse\_netrc.
wandb: Currently logged in as: justin212553 to https://api.wandb.ai. Use `wandb login --relogin` to force relogin
wandb: setting up run r5t70t3e
wandb: Tracking run with wandb version 0.28.0
wandb: Run data is saved locally in D:\wonse\Documents\Job\urban_datalab\PATH-ViT\.wandb\run-20260816_165330-r5t70t3e
wandb: Run `wandb offline` to turn off syncing.
wandb: Syncing run TCGA_M5_STG_R_FOLD0OF5_seed42_0816::1653
wandb:  View project at https://wandb.ai/justin212553/Path-ViT
wandb:  View run at https://wandb.ai/justin212553/Path-ViT/runs/r5t70t3e
Model: M5_STG_R_FOLD0OF5 (ClinicalOnly) | params=5,313
Dataset: tcga  (5-fold CV, fold 0)  Train: 90  Val: 31  Test(internal): 31 patients
lr=1.0e-03 | weight_decay=1.0e-02 | epochs=30 | cox_batch_size=16
Epoch   1 | lr=3.33e-04 | loss=1.9594 | train_c_index=0.5782 | val_c_index=0.5560 | val_HR=1.280 [0.462, 3.551] | val_logrank_p=0.6321 | val_AUC_mean=0.7690 (auc_365d=0.5003 auc_730d=0.8482 auc_1095d=0.9585)
  -> checkpoint saved (c_index=0.5560)
Epoch   2 | lr=6.67e-04 | loss=1.9201 | train_c_index=0.6159 | val_c_index=0.6498 | val_HR=3.150 [1.086, 9.134] | val_logrank_p=0.0267 | val_AUC_mean=0.8238 (auc_365d=0.6515 auc_730d=0.8200 auc_1095d=1.0000)
  -> checkpoint saved (c_index=0.6498)
Epoch   3 | lr=1.00e-03 | loss=1.9144 | train_c_index=0.6339 | val_c_index=0.6426 | val_HR=2.294 [0.805, 6.534] | val_logrank_p=0.1124 | val_AUC_mean=0.8228 (auc_365d=0.6194 auc_730d=0.8492 auc_1095d=1.0000)
Epoch   4 | lr=1.00e-03 | loss=1.8581 | train_c_index=0.6469 | val_c_index=0.6282 | val_HR=2.228 [0.804, 6.173] | val_logrank_p=0.1160 | val_AUC_mean=0.8111 (auc_365d=0.6047 auc_730d=0.8284 auc_1095d=1.0000)
Epoch   5 | lr=9.97e-04 | loss=1.8345 | train_c_index=0.6611 | val_c_index=0.6245 | val_HR=2.228 [0.804, 6.173] | val_logrank_p=0.1160 | val_AUC_mean=0.8327 (auc_365d=0.6184 auc_730d=0.8798 auc_1095d=1.0000)
Epoch   6 | lr=9.87e-04 | loss=1.7886 | train_c_index=0.6729 | val_c_index=0.6029 | val_HR=2.273 [0.820, 6.298] | val_logrank_p=0.1067 | val_AUC_mean=0.7836 (auc_365d=0.6029 auc_730d=0.8739 auc_1095d=0.8739)
Epoch   7 | lr=9.70e-04 | loss=1.8693 | train_c_index=0.6767 | val_c_index=0.5921 | val_HR=2.273 [0.820, 6.298] | val_logrank_p=0.1067 | val_AUC_mean=0.8141 (auc_365d=0.5913 auc_730d=0.9355 auc_1095d=0.9154)
Epoch   8 | lr=9.47e-04 | loss=1.7308 | train_c_index=0.6850 | val_c_index=0.5812 | val_HR=1.620 [0.598, 4.389] | val_logrank_p=0.3371 | val_AUC_mean=0.7595 (auc_365d=0.5768 auc_730d=0.9005 auc_1095d=0.8011)
Epoch   9 | lr=9.19e-04 | loss=1.7515 | train_c_index=0.7014 | val_c_index=0.5957 | val_HR=1.878 [0.693, 5.086] | val_logrank_p=0.2116 | val_AUC_mean=0.7455 (auc_365d=0.5972 auc_730d=0.8798 auc_1095d=0.7596)
Epoch  10 | lr=8.84e-04 | loss=1.7811 | train_c_index=0.7047 | val_c_index=0.5848 | val_HR=1.657 [0.612, 4.481] | val_logrank_p=0.3143 | val_AUC_mean=0.7326 (auc_365d=0.5584 auc_730d=0.8798 auc_1095d=0.7596)
Epoch  11 | lr=8.45e-04 | loss=1.7452 | train_c_index=0.7114 | val_c_index=0.5848 | val_HR=2.228 [0.804, 6.173] | val_logrank_p=0.1160 | val_AUC_mean=0.7074 (auc_365d=0.5451 auc_730d=0.8590 auc_1095d=0.7181)
Epoch  12 | lr=8.01e-04 | loss=1.7203 | train_c_index=0.7161 | val_c_index=0.5957 | val_HR=2.228 [0.804, 6.173] | val_logrank_p=0.1160 | val_AUC_mean=0.7520 (auc_365d=0.5521 auc_730d=0.9013 auc_1095d=0.8027)
Epoch  13 | lr=7.52e-04 | loss=1.7368 | train_c_index=0.7190 | val_c_index=0.5957 | val_HR=2.561 [0.915, 7.169] | val_logrank_p=0.0654 | val_AUC_mean=0.7097 (auc_365d=0.5521 auc_730d=0.8590 auc_1095d=0.7181)
Epoch  14 | lr=7.01e-04 | loss=1.7195 | train_c_index=0.7257 | val_c_index=0.5632 | val_HR=2.480 [0.884, 6.955] | val_logrank_p=0.0743 | val_AUC_mean=0.6920 (auc_365d=0.4989 auc_730d=0.8590 auc_1095d=0.7181)
Epoch  15 | lr=6.47e-04 | loss=1.7505 | train_c_index=0.7328 | val_c_index=0.5704 | val_HR=2.480 [0.884, 6.955] | val_logrank_p=0.0743 | val_AUC_mean=0.6713 (auc_365d=0.4990 auc_730d=0.8383 auc_1095d=0.6766)
Epoch  16 | lr=5.91e-04 | loss=1.6500 | train_c_index=0.7328 | val_c_index=0.5523 | val_HR=2.480 [0.884, 6.955] | val_logrank_p=0.0743 | val_AUC_mean=0.6168 (auc_365d=0.4587 auc_730d=0.7972 auc_1095d=0.5945)
Epoch  17 | lr=5.34e-04 | loss=1.7056 | train_c_index=0.7399 | val_c_index=0.5668 | val_HR=1.365 [0.524, 3.553] | val_logrank_p=0.5221 | val_AUC_mean=0.5937 (auc_365d=0.4770 auc_730d=0.7680 auc_1095d=0.5361)
Epoch  18 | lr=4.76e-04 | loss=1.6450 | train_c_index=0.7466 | val_c_index=0.5596 | val_HR=1.317 [0.506, 3.430] | val_logrank_p=0.5714 | val_AUC_mean=0.5507 (auc_365d=0.4450 auc_730d=0.7081 auc_1095d=0.4991)
Epoch  19 | lr=4.19e-04 | loss=1.6033 | train_c_index=0.7500 | val_c_index=0.5343 | val_HR=1.317 [0.506, 3.430] | val_logrank_p=0.5714 | val_AUC_mean=0.4810 (auc_365d=0.4135 auc_730d=0.6350 auc_1095d=0.3945)
Epoch  20 | lr=3.63e-04 | loss=1.6177 | train_c_index=0.7513 | val_c_index=0.5451 | val_HR=1.341 [0.515, 3.490] | val_logrank_p=0.5460 | val_AUC_mean=0.4749 (auc_365d=0.4332 auc_730d=0.6362 auc_1095d=0.3554)
Epoch  21 | lr=3.09e-04 | loss=1.6202 | train_c_index=0.7504 | val_c_index=0.5487 | val_HR=1.341 [0.515, 3.490] | val_logrank_p=0.5460 | val_AUC_mean=0.4749 (auc_365d=0.4331 auc_730d=0.6362 auc_1095d=0.3554)
Epoch  22 | lr=2.58e-04 | loss=1.6222 | train_c_index=0.7504 | val_c_index=0.5523 | val_HR=1.341 [0.515, 3.490] | val_logrank_p=0.5460 | val_AUC_mean=0.4769 (auc_365d=0.4392 auc_730d=0.6362 auc_1095d=0.3554)
Epoch  23 | lr=2.09e-04 | loss=1.5846 | train_c_index=0.7508 | val_c_index=0.5451 | val_HR=1.341 [0.515, 3.490] | val_logrank_p=0.5460 | val_AUC_mean=0.4727 (auc_365d=0.4266 auc_730d=0.6362 auc_1095d=0.3554)
Epoch  24 | lr=1.65e-04 | loss=1.6091 | train_c_index=0.7496 | val_c_index=0.5415 | val_HR=1.341 [0.515, 3.490] | val_logrank_p=0.5460 | val_AUC_mean=0.4635 (auc_365d=0.4197 auc_730d=0.6155 auc_1095d=0.3554)
Epoch  25 | lr=1.26e-04 | loss=1.5902 | train_c_index=0.7500 | val_c_index=0.5451 | val_HR=1.341 [0.515, 3.490] | val_logrank_p=0.5460 | val_AUC_mean=0.4852 (auc_365d=0.4262 auc_730d=0.6350 auc_1095d=0.3945)
Epoch  26 | lr=9.14e-05 | loss=1.6048 | train_c_index=0.7504 | val_c_index=0.5487 | val_HR=1.341 [0.515, 3.490] | val_logrank_p=0.5460 | val_AUC_mean=0.4875 (auc_365d=0.4330 auc_730d=0.6350 auc_1095d=0.3945)
Epoch  27 | lr=6.27e-05 | loss=1.6427 | train_c_index=0.7508 | val_c_index=0.5487 | val_HR=1.341 [0.515, 3.490] | val_logrank_p=0.5460 | val_AUC_mean=0.4875 (auc_365d=0.4330 auc_730d=0.6350 auc_1095d=0.3945)
Epoch  28 | lr=3.99e-05 | loss=1.5830 | train_c_index=0.7500 | val_c_index=0.5487 | val_HR=1.341 [0.515, 3.490] | val_logrank_p=0.5460 | val_AUC_mean=0.4875 (auc_365d=0.4330 auc_730d=0.6350 auc_1095d=0.3945)
Epoch  29 | lr=2.33e-05 | loss=1.6262 | train_c_index=0.7492 | val_c_index=0.5487 | val_HR=1.341 [0.515, 3.490] | val_logrank_p=0.5460 | val_AUC_mean=0.4875 (auc_365d=0.4330 auc_730d=0.6350 auc_1095d=0.3945)
Epoch  30 | lr=1.33e-05 | loss=1.6075 | train_c_index=0.7492 | val_c_index=0.5487 | val_HR=1.341 [0.515, 3.490] | val_logrank_p=0.5460 | val_AUC_mean=0.4875 (auc_365d=0.4330 auc_730d=0.6350 auc_1095d=0.3945)

=== Internal Test (best checkpoint epoch 2) ===
test_c_index=0.6316 | test_HR=1.481 [0.563, 3.898] | test_logrank_p=0.4236 | test_AUC_mean=0.6481 (auc_365d=0.7230 auc_730d=0.5813 auc_1095d=0.6400)
  -> fold predictions saved: D:\wonse\Documents\Job\urban_datalab\PATH-ViT\.logs\kfold_preds\tcga_M5_STG_R_FOLD0OF5_seed42_fold0of5.csv
wandb: updating run metadata
wandb: uploading history steps 21-29, summary, console lines 27-38
wandb: 
wandb: Run history:
wandb:              train/c_index ▁▃▃▄▄▅▅▅▆▆▆▇▇▇▇▇██████████████
wandb:                 train/loss █▇▇▆▆▅▆▄▄▅▄▄▄▄▄▂▃▂▁▂▂▂▁▁▁▁▂▁▂▁
wandb:                   train/lr ▃▆██████▇▇▇▇▆▆▅▅▅▄▄▃▃▃▂▂▂▂▁▁▁▁
wandb:   val_performance/auc_mean ▇████▇█▇▆▆▆▆▆▅▅▄▃▃▁▁▁▁▁▁▁▁▁▁▁▁
wandb:    val_performance/c_index ▂██▇▆▅▅▄▅▄▄▅▅▃▃▂▃▃▁▂▂▂▂▁▂▂▂▂▂▂
wandb:         val_performance/hr ▁█▅▅▅▅▅▂▃▂▅▅▆▅▅▅▁▁▁▁▁▁▁▁▁▁▁▁▁▁
wandb: val_performance/log_rank_p █▁▂▂▂▂▂▅▃▄▂▂▁▂▂▂▇▇▇▇▇▇▇▇▇▇▇▇▇▇
wandb: 
wandb: Run summary:
wandb:               best_epoch 2
wandb:         best_val_c_index 0.64982
wandb:            test_auc_mean 0.64809
wandb:             test_c_index 0.63158
wandb:                  test_hr 1.48104
wandb:          test_log_rank_p 0.4236
wandb:            train/c_index 0.74916
wandb:               train/loss 1.60752
wandb:                 train/lr 1e-05
wandb: val_performance/auc_mean 0.48751
wandb:                       +3 ...
wandb: 
wandb:  View run TCGA_M5_STG_R_FOLD0OF5_seed42_0816::1653 at: https://wandb.ai/justin212553/Path-ViT/runs/r5t70t3e
wandb:  View project at: https://wandb.ai/justin212553/Path-ViT
wandb: Synced 5 W&B file(s), 0 media file(s), 0 artifact file(s) and 0 other file(s)
wandb: Find logs at: .\.wandb\run-20260816_165330-r5t70t3e\logs

=== External Test (cptac 전체 코호트) ===
external_c_index=0.5036 | external_HR=1.150 [0.796, 1.662] | external_logrank_p=0.4620 | external_AUC_mean=0.5172 (auc_365d=0.4442 auc_730d=0.5221 auc_1095d=0.5853)
wandb: setting up run sa1nzwvp
wandb: Tracking run with wandb version 0.28.0
wandb: Run data is saved locally in D:\wonse\Documents\Job\urban_datalab\PATH-ViT\.wandb\run-20260816_165414-sa1nzwvp
wandb: Run `wandb offline` to turn off syncing.
wandb: Syncing run TCGA_XM5_STG_R_FOLD0OF5_seed42_0816::1653
wandb:  View project at https://wandb.ai/justin212553/Path-ViT
wandb:  View run at https://wandb.ai/justin212553/Path-ViT/runs/sa1nzwvp
wandb: updating run metadata; uploading summary
wandb: uploading wandb-metadata.json; uploading requirements.txt; uploading wandb-summary.json; uploading config.yaml
wandb: 
wandb: Run history:
wandb:   external/auc_mean ▁
wandb:    external/c_index ▁
wandb:         external/hr ▁
wandb: external/log_rank_p ▁
wandb: 
wandb: Run summary:
wandb:   external/auc_mean 0.51721
wandb:    external/c_index 0.50359
wandb:         external/hr 1.15025
wandb: external/log_rank_p 0.46197
wandb: 
wandb:  View run TCGA_XM5_STG_R_FOLD0OF5_seed42_0816::1653 at: https://wandb.ai/justin212553/Path-ViT/runs/sa1nzwvp
wandb:  View project at: https://wandb.ai/justin212553/Path-ViT
wandb: Synced 4 W&B file(s), 0 media file(s), 0 artifact file(s) and 0 other file(s)
wandb: Find logs at: .\.wandb\run-20260816_165414-sa1nzwvp\logs
=== FINAL M5 seed=42 fold=0/5 Complete: Sun Aug 16 16:54:16     2026 ===
=== FINAL M5 seed=42 fold=1/5 Start: Sun Aug 16 16:54:16     2026 ===
wandb: [wandb.login()] Loaded credentials for https://api.wandb.ai from C:\Users\wonse\_netrc.
wandb: W&B API key is configured. Use `wandb login --relogin` to force relogin
wandb: setting up run 6x1l9e2a
wandb: Tracking run with wandb version 0.28.0
wandb: Run data is saved locally in D:\wonse\Documents\Job\urban_datalab\PATH-ViT\.wandb\run-20260816_165429-6x1l9e2a
wandb: Run `wandb offline` to turn off syncing.
wandb: Syncing run TCGA_M5_STG_R_FOLD1OF5_seed42_0816::1654
wandb:  View project at https://wandb.ai/justin212553/Path-ViT
wandb:  View run at https://wandb.ai/justin212553/Path-ViT/runs/6x1l9e2a
Model: M5_STG_R_FOLD1OF5 (ClinicalOnly) | params=5,313
Dataset: tcga  (5-fold CV, fold 1)  Train: 91  Val: 31  Test(internal): 30 patients
lr=1.0e-03 | weight_decay=1.0e-02 | epochs=30 | cox_batch_size=16
Epoch   1 | lr=3.33e-04 | loss=2.0261 | train_c_index=0.6019 | val_c_index=0.6134 | val_HR=1.298 [0.481, 3.506] | val_logrank_p=0.6060 | val_AUC_mean=0.5822 (auc_365d=0.7307 auc_730d=0.5021 auc_1095d=0.5140)
  -> checkpoint saved (c_index=0.6134)
Epoch   2 | lr=6.67e-04 | loss=1.9285 | train_c_index=0.6567 | val_c_index=0.6431 | val_HR=1.314 [0.501, 3.442] | val_logrank_p=0.5776 | val_AUC_mean=0.5695 (auc_365d=0.7489 auc_730d=0.4553 auc_1095d=0.5043)
  -> checkpoint saved (c_index=0.6431)
Epoch   3 | lr=1.00e-03 | loss=1.8112 | train_c_index=0.6697 | val_c_index=0.6394 | val_HR=1.578 [0.597, 4.176] | val_logrank_p=0.3538 | val_AUC_mean=0.5509 (auc_365d=0.6863 auc_730d=0.4711 auc_1095d=0.4951)
Epoch   4 | lr=1.00e-03 | loss=1.8054 | train_c_index=0.6771 | val_c_index=0.6431 | val_HR=1.316 [0.504, 3.436] | val_logrank_p=0.5741 | val_AUC_mean=0.5449 (auc_365d=0.7005 auc_730d=0.4922 auc_1095d=0.4419)
Epoch   5 | lr=9.97e-04 | loss=1.7883 | train_c_index=0.6779 | val_c_index=0.6617 | val_HR=1.578 [0.597, 4.176] | val_logrank_p=0.3538 | val_AUC_mean=0.5924 (auc_365d=0.7309 auc_730d=0.5046 auc_1095d=0.5417)
  -> checkpoint saved (c_index=0.6617)
Epoch   6 | lr=9.87e-04 | loss=1.7797 | train_c_index=0.6848 | val_c_index=0.6617 | val_HR=1.475 [0.563, 3.865] | val_logrank_p=0.4259 | val_AUC_mean=0.5901 (auc_365d=0.7241 auc_730d=0.5046 auc_1095d=0.5417)
Epoch   7 | lr=9.70e-04 | loss=1.7867 | train_c_index=0.6955 | val_c_index=0.6617 | val_HR=1.475 [0.563, 3.865] | val_logrank_p=0.4259 | val_AUC_mean=0.5901 (auc_365d=0.7241 auc_730d=0.5046 auc_1095d=0.5417)
Epoch   8 | lr=9.47e-04 | loss=1.7400 | train_c_index=0.7008 | val_c_index=0.6580 | val_HR=1.405 [0.537, 3.674] | val_logrank_p=0.4862 | val_AUC_mean=0.6009 (auc_365d=0.7250 auc_730d=0.5162 auc_1095d=0.5614)
Epoch   9 | lr=9.19e-04 | loss=1.7697 | train_c_index=0.7069 | val_c_index=0.6357 | val_HR=1.405 [0.537, 3.674] | val_logrank_p=0.4862 | val_AUC_mean=0.6111 (auc_365d=0.6932 auc_730d=0.5327 auc_1095d=0.6074)
Epoch  10 | lr=8.84e-04 | loss=1.7771 | train_c_index=0.7192 | val_c_index=0.6283 | val_HR=1.377 [0.526, 3.602] | val_logrank_p=0.5127 | val_AUC_mean=0.5798 (auc_365d=0.7011 auc_730d=0.5210 auc_1095d=0.5174)
Epoch  11 | lr=8.45e-04 | loss=1.7780 | train_c_index=0.7306 | val_c_index=0.6506 | val_HR=1.377 [0.526, 3.602] | val_logrank_p=0.5127 | val_AUC_mean=0.6170 (auc_365d=0.7462 auc_730d=0.5700 auc_1095d=0.5347)
Epoch  12 | lr=8.01e-04 | loss=1.6505 | train_c_index=0.7343 | val_c_index=0.6431 | val_HR=1.377 [0.526, 3.602] | val_logrank_p=0.5127 | val_AUC_mean=0.6123 (auc_365d=0.7149 auc_730d=0.5612 auc_1095d=0.5609)
Epoch  13 | lr=7.52e-04 | loss=1.7374 | train_c_index=0.7433 | val_c_index=0.6506 | val_HR=1.377 [0.526, 3.602] | val_logrank_p=0.5127 | val_AUC_mean=0.6295 (auc_365d=0.7162 auc_730d=0.5916 auc_1095d=0.5807)
Epoch  14 | lr=7.01e-04 | loss=1.6857 | train_c_index=0.7400 | val_c_index=0.6506 | val_HR=1.377 [0.526, 3.602] | val_logrank_p=0.5127 | val_AUC_mean=0.6295 (auc_365d=0.7162 auc_730d=0.5916 auc_1095d=0.5807)
Epoch  15 | lr=6.47e-04 | loss=1.6961 | train_c_index=0.7416 | val_c_index=0.6394 | val_HR=1.599 [0.614, 4.164] | val_logrank_p=0.3324 | val_AUC_mean=0.6188 (auc_365d=0.6623 auc_730d=0.5604 auc_1095d=0.6336)
Epoch  16 | lr=5.91e-04 | loss=1.6865 | train_c_index=0.7457 | val_c_index=0.6320 | val_HR=1.599 [0.614, 4.164] | val_logrank_p=0.3324 | val_AUC_mean=0.6135 (auc_365d=0.6544 auc_730d=0.5525 auc_1095d=0.6336)
Epoch  17 | lr=5.34e-04 | loss=1.7109 | train_c_index=0.7478 | val_c_index=0.6283 | val_HR=2.362 [0.888, 6.282] | val_logrank_p=0.0763 | val_AUC_mean=0.6109 (auc_365d=0.6544 auc_730d=0.5446 auc_1095d=0.6336)
Epoch  18 | lr=4.76e-04 | loss=1.6893 | train_c_index=0.7514 | val_c_index=0.6208 | val_HR=2.362 [0.888, 6.282] | val_logrank_p=0.0763 | val_AUC_mean=0.6059 (auc_365d=0.6394 auc_730d=0.5446 auc_1095d=0.6336)
Epoch  19 | lr=4.19e-04 | loss=1.6411 | train_c_index=0.7592 | val_c_index=0.6208 | val_HR=1.599 [0.614, 4.164] | val_logrank_p=0.3324 | val_AUC_mean=0.6149 (auc_365d=0.6465 auc_730d=0.5477 auc_1095d=0.6507)
Epoch  20 | lr=3.63e-04 | loss=1.5929 | train_c_index=0.7571 | val_c_index=0.6059 | val_HR=1.599 [0.614, 4.164] | val_logrank_p=0.3324 | val_AUC_mean=0.6000 (auc_365d=0.6323 auc_730d=0.5169 auc_1095d=0.6507)
Epoch  21 | lr=3.09e-04 | loss=1.6061 | train_c_index=0.7580 | val_c_index=0.6022 | val_HR=1.599 [0.614, 4.164] | val_logrank_p=0.3324 | val_AUC_mean=0.6000 (auc_365d=0.6323 auc_730d=0.5169 auc_1095d=0.6507)
Epoch  22 | lr=2.58e-04 | loss=1.6491 | train_c_index=0.7621 | val_c_index=0.6134 | val_HR=1.599 [0.614, 4.164] | val_logrank_p=0.3324 | val_AUC_mean=0.6131 (auc_365d=0.6469 auc_730d=0.5239 auc_1095d=0.6687)
Epoch  23 | lr=2.09e-04 | loss=1.5917 | train_c_index=0.7604 | val_c_index=0.6283 | val_HR=1.599 [0.614, 4.164] | val_logrank_p=0.3324 | val_AUC_mean=0.6155 (auc_365d=0.6539 auc_730d=0.5239 auc_1095d=0.6687)
Epoch  24 | lr=1.65e-04 | loss=1.6609 | train_c_index=0.7649 | val_c_index=0.6431 | val_HR=1.599 [0.614, 4.164] | val_logrank_p=0.3324 | val_AUC_mean=0.6249 (auc_365d=0.6755 auc_730d=0.5305 auc_1095d=0.6687)
Epoch  25 | lr=1.26e-04 | loss=1.6856 | train_c_index=0.7645 | val_c_index=0.6357 | val_HR=1.599 [0.614, 4.164] | val_logrank_p=0.3324 | val_AUC_mean=0.6225 (auc_365d=0.6684 auc_730d=0.5305 auc_1095d=0.6687)
Epoch  26 | lr=9.14e-05 | loss=1.6295 | train_c_index=0.7674 | val_c_index=0.6320 | val_HR=1.599 [0.614, 4.164] | val_logrank_p=0.3324 | val_AUC_mean=0.6252 (auc_365d=0.6763 auc_730d=0.5305 auc_1095d=0.6687)
Epoch  27 | lr=6.27e-05 | loss=1.6134 | train_c_index=0.7694 | val_c_index=0.6320 | val_HR=1.599 [0.614, 4.164] | val_logrank_p=0.3324 | val_AUC_mean=0.6225 (auc_365d=0.6684 auc_730d=0.5305 auc_1095d=0.6687)
Epoch  28 | lr=3.99e-05 | loss=1.5987 | train_c_index=0.7686 | val_c_index=0.6283 | val_HR=1.599 [0.614, 4.164] | val_logrank_p=0.3324 | val_AUC_mean=0.6225 (auc_365d=0.6684 auc_730d=0.5305 auc_1095d=0.6687)
Epoch  29 | lr=2.33e-05 | loss=1.5511 | train_c_index=0.7682 | val_c_index=0.6283 | val_HR=1.599 [0.614, 4.164] | val_logrank_p=0.3324 | val_AUC_mean=0.6225 (auc_365d=0.6684 auc_730d=0.5305 auc_1095d=0.6687)
Epoch  30 | lr=1.33e-05 | loss=1.6758 | train_c_index=0.7690 | val_c_index=0.6283 | val_HR=1.599 [0.614, 4.164] | val_logrank_p=0.3324 | val_AUC_mean=0.6225 (auc_365d=0.6684 auc_730d=0.5305 auc_1095d=0.6687)

=== Internal Test (best checkpoint epoch 5) ===
test_c_index=0.5160 | test_HR=0.811 [0.301, 2.185] | test_logrank_p=0.6776 | test_AUC_mean=0.4954 (auc_365d=0.4639 auc_730d=0.5652 auc_1095d=0.4570)
  -> fold predictions saved: D:\wonse\Documents\Job\urban_datalab\PATH-ViT\.logs\kfold_preds\tcga_M5_STG_R_FOLD1OF5_seed42_fold1of5.csv
wandb: updating run metadata
wandb: uploading output.log; uploading wandb-summary.json; uploading config.yaml
wandb: 
wandb: Run history:
wandb:              train/c_index ▁▃▄▄▄▄▅▅▅▆▆▇▇▇▇▇▇▇█▇██████████
wandb:                 train/loss █▇▅▅▄▄▄▄▄▄▄▂▄▃▃▃▃▃▂▂▂▂▂▃▃▂▂▂▁▃
wandb:                   train/lr ▃▆██████▇▇▇▇▆▆▅▅▅▄▄▃▃▃▂▂▂▂▁▁▁▁
wandb:   val_performance/auc_mean ▄▃▁▁▅▅▅▆▆▄▇▇██▇▇▆▆▇▆▆▇▇█▇█▇▇▇▇
wandb:    val_performance/c_index ▂▆▅▆████▅▄▇▆▇▇▅▅▄▃▃▁▁▂▄▆▅▅▅▄▄▄
wandb:         val_performance/hr ▁▁▃▁▃▂▂▂▂▂▂▂▂▂▃▃██▃▃▃▃▃▃▃▃▃▃▃▃
wandb: val_performance/log_rank_p ██▅█▅▆▆▆▆▇▇▇▇▇▄▄▁▁▄▄▄▄▄▄▄▄▄▄▄▄
wandb: 
wandb: Run summary:
wandb:               best_epoch 5
wandb:         best_val_c_index 0.66171
wandb:            test_auc_mean 0.49536
wandb:             test_c_index 0.51596
wandb:                  test_hr 0.81061
wandb:          test_log_rank_p 0.67756
wandb:            train/c_index 0.769
wandb:               train/loss 1.6758
wandb:                 train/lr 1e-05
wandb: val_performance/auc_mean 0.62254
wandb:                       +3 ...
wandb: 
wandb:  View run TCGA_M5_STG_R_FOLD1OF5_seed42_0816::1654 at: https://wandb.ai/justin212553/Path-ViT/runs/6x1l9e2a
wandb:  View project at: https://wandb.ai/justin212553/Path-ViT
wandb: Synced 5 W&B file(s), 0 media file(s), 0 artifact file(s) and 0 other file(s)
wandb: Find logs at: .\.wandb\run-20260816_165429-6x1l9e2a\logs

=== External Test (cptac 전체 코호트) ===
external_c_index=0.4872 | external_HR=0.825 [0.572, 1.191] | external_logrank_p=0.3017 | external_AUC_mean=0.4871 (auc_365d=0.4408 auc_730d=0.5128 auc_1095d=0.5076)
wandb: Currently logged in as: justin212553 to https://api.wandb.ai. Use `wandb login --relogin` to force relogin
wandb: setting up run sy3a0aee
wandb: Tracking run with wandb version 0.28.0
wandb: Run data is saved locally in D:\wonse\Documents\Job\urban_datalab\PATH-ViT\.wandb\run-20260816_165515-sy3a0aee
wandb: Run `wandb offline` to turn off syncing.
wandb: Syncing run TCGA_XM5_STG_R_FOLD1OF5_seed42_0816::1654
wandb:  View project at https://wandb.ai/justin212553/Path-ViT
wandb:  View run at https://wandb.ai/justin212553/Path-ViT/runs/sy3a0aee
wandb: updating run metadata; uploading summary
wandb: uploading config.yaml; uploading wandb-metadata.json; uploading requirements.txt; uploading wandb-summary.json
wandb: 
wandb: Run history:
wandb:   external/auc_mean ▁
wandb:    external/c_index ▁
wandb:         external/hr ▁
wandb: external/log_rank_p ▁
wandb: 
wandb: Run summary:
wandb:   external/auc_mean 0.48709
wandb:    external/c_index 0.4872
wandb:         external/hr 0.82494
wandb: external/log_rank_p 0.30172
wandb: 
wandb:  View run TCGA_XM5_STG_R_FOLD1OF5_seed42_0816::1654 at: https://wandb.ai/justin212553/Path-ViT/runs/sy3a0aee
wandb:  View project at: https://wandb.ai/justin212553/Path-ViT
wandb: Synced 4 W&B file(s), 0 media file(s), 0 artifact file(s) and 0 other file(s)
wandb: Find logs at: .\.wandb\run-20260816_165515-sy3a0aee\logs
=== FINAL M5 seed=42 fold=1/5 Complete: Sun Aug 16 16:55:18     2026 ===
=== FINAL M5 seed=42 fold=2/5 Start: Sun Aug 16 16:55:18     2026 ===
wandb: [wandb.login()] Loaded credentials for https://api.wandb.ai from C:\Users\wonse\_netrc.
wandb: Currently logged in as: justin212553 to https://api.wandb.ai. Use `wandb login --relogin` to force relogin
wandb: setting up run ld47f7lv
wandb: Tracking run with wandb version 0.28.0
wandb: Run data is saved locally in D:\wonse\Documents\Job\urban_datalab\PATH-ViT\.wandb\run-20260816_165526-ld47f7lv
wandb: Run `wandb offline` to turn off syncing.
wandb: Syncing run TCGA_M5_STG_R_FOLD2OF5_seed42_0816::1655
wandb:  View project at https://wandb.ai/justin212553/Path-ViT
wandb:  View run at https://wandb.ai/justin212553/Path-ViT/runs/ld47f7lv
Model: M5_STG_R_FOLD2OF5 (ClinicalOnly) | params=5,313
Dataset: tcga  (5-fold CV, fold 2)  Train: 92  Val: 31  Test(internal): 29 patients
lr=1.0e-03 | weight_decay=1.0e-02 | epochs=30 | cox_batch_size=16
Epoch   1 | lr=3.33e-04 | loss=2.0810 | train_c_index=0.5451 | val_c_index=0.4615 | val_HR=0.874 [0.324, 2.355] | val_logrank_p=0.7896 | val_AUC_mean=0.3530 (auc_365d=0.4150 auc_730d=0.3483 auc_1095d=0.2956)
  -> checkpoint saved (c_index=0.4615)
Epoch   2 | lr=6.67e-04 | loss=2.0211 | train_c_index=0.6116 | val_c_index=0.5971 | val_HR=2.615 [0.950, 7.203] | val_logrank_p=0.0546 | val_AUC_mean=0.5904 (auc_365d=0.6136 auc_730d=0.4961 auc_1095d=0.6615)
  -> checkpoint saved (c_index=0.5971)
Epoch   3 | lr=1.00e-03 | loss=2.0217 | train_c_index=0.6334 | val_c_index=0.6337 | val_HR=1.865 [0.686, 5.066] | val_logrank_p=0.2147 | val_AUC_mean=0.6200 (auc_365d=0.6121 auc_730d=0.5491 auc_1095d=0.6987)
  -> checkpoint saved (c_index=0.6337)
Epoch   4 | lr=1.00e-03 | loss=1.9585 | train_c_index=0.6490 | val_c_index=0.5971 | val_HR=1.601 [0.585, 4.387] | val_logrank_p=0.3560 | val_AUC_mean=0.5799 (auc_365d=0.5978 auc_730d=0.5227 auc_1095d=0.6191)
Epoch   5 | lr=9.97e-04 | loss=2.0070 | train_c_index=0.6700 | val_c_index=0.5385 | val_HR=0.743 [0.282, 1.960] | val_logrank_p=0.5473 | val_AUC_mean=0.5012 (auc_365d=0.5197 auc_730d=0.4185 auc_1095d=0.5653)
Epoch   6 | lr=9.87e-04 | loss=1.9842 | train_c_index=0.6778 | val_c_index=0.5275 | val_HR=0.743 [0.282, 1.960] | val_logrank_p=0.5473 | val_AUC_mean=0.5124 (auc_365d=0.5128 auc_730d=0.4144 auc_1095d=0.6101)
Epoch   7 | lr=9.70e-04 | loss=1.9236 | train_c_index=0.6941 | val_c_index=0.4542 | val_HR=0.600 [0.221, 1.628] | val_logrank_p=0.3105 | val_AUC_mean=0.4433 (auc_365d=0.4020 auc_730d=0.3563 auc_1095d=0.5715)
Epoch   8 | lr=9.47e-04 | loss=1.8734 | train_c_index=0.7011 | val_c_index=0.4396 | val_HR=0.600 [0.221, 1.628] | val_logrank_p=0.3105 | val_AUC_mean=0.4146 (auc_365d=0.3789 auc_730d=0.3360 auc_1095d=0.5288)
Epoch   9 | lr=9.19e-04 | loss=1.8771 | train_c_index=0.6960 | val_c_index=0.4799 | val_HR=0.743 [0.282, 1.960] | val_logrank_p=0.5473 | val_AUC_mean=0.4546 (auc_365d=0.4658 auc_730d=0.3597 auc_1095d=0.5382)
Epoch  10 | lr=8.84e-04 | loss=1.8881 | train_c_index=0.6968 | val_c_index=0.4908 | val_HR=0.530 [0.196, 1.437] | val_logrank_p=0.2050 | val_AUC_mean=0.4636 (auc_365d=0.4655 auc_730d=0.3873 auc_1095d=0.5382)
Epoch  11 | lr=8.45e-04 | loss=1.8648 | train_c_index=0.7003 | val_c_index=0.4945 | val_HR=0.530 [0.196, 1.437] | val_logrank_p=0.2050 | val_AUC_mean=0.4505 (auc_365d=0.4655 auc_730d=0.3873 auc_1095d=0.4987)
Epoch  12 | lr=8.01e-04 | loss=1.8471 | train_c_index=0.7015 | val_c_index=0.4982 | val_HR=0.573 [0.211, 1.554] | val_logrank_p=0.2681 | val_AUC_mean=0.4699 (auc_365d=0.4655 auc_730d=0.4061 auc_1095d=0.5382)
Epoch  13 | lr=7.52e-04 | loss=1.6317 | train_c_index=0.7143 | val_c_index=0.4872 | val_HR=0.804 [0.305, 2.120] | val_logrank_p=0.6584 | val_AUC_mean=0.4127 (auc_365d=0.4452 auc_730d=0.3315 auc_1095d=0.4614)
Epoch  14 | lr=7.01e-04 | loss=1.8459 | train_c_index=0.7213 | val_c_index=0.4799 | val_HR=0.804 [0.305, 2.120] | val_logrank_p=0.6584 | val_AUC_mean=0.3993 (auc_365d=0.4349 auc_730d=0.3236 auc_1095d=0.4394)
Epoch  15 | lr=6.47e-04 | loss=1.8312 | train_c_index=0.7384 | val_c_index=0.4908 | val_HR=0.804 [0.305, 2.120] | val_logrank_p=0.6584 | val_AUC_mean=0.4481 (auc_365d=0.4567 auc_730d=0.3704 auc_1095d=0.5171)
Epoch  16 | lr=5.91e-04 | loss=1.7930 | train_c_index=0.7431 | val_c_index=0.5165 | val_HR=0.712 [0.270, 1.874] | val_logrank_p=0.4888 | val_AUC_mean=0.4684 (auc_365d=0.4894 auc_730d=0.3986 auc_1095d=0.5171)
Epoch  17 | lr=5.34e-04 | loss=1.7731 | train_c_index=0.7513 | val_c_index=0.5238 | val_HR=0.712 [0.270, 1.874] | val_logrank_p=0.4888 | val_AUC_mean=0.4762 (auc_365d=0.5040 auc_730d=0.4073 auc_1095d=0.5171)
Epoch  18 | lr=4.76e-04 | loss=1.7448 | train_c_index=0.7505 | val_c_index=0.5311 | val_HR=0.712 [0.270, 1.874] | val_logrank_p=0.4888 | val_AUC_mean=0.4850 (auc_365d=0.5116 auc_730d=0.4261 auc_1095d=0.5171)
Epoch  19 | lr=4.19e-04 | loss=1.7510 | train_c_index=0.7552 | val_c_index=0.5311 | val_HR=0.573 [0.211, 1.554] | val_logrank_p=0.2681 | val_AUC_mean=0.4848 (auc_365d=0.5112 auc_730d=0.4261 auc_1095d=0.5171)
Epoch  20 | lr=3.63e-04 | loss=1.7018 | train_c_index=0.7590 | val_c_index=0.5128 | val_HR=0.573 [0.211, 1.554] | val_logrank_p=0.2681 | val_AUC_mean=0.4635 (auc_365d=0.4837 auc_730d=0.3898 auc_1095d=0.5171)
Epoch  21 | lr=3.09e-04 | loss=1.6312 | train_c_index=0.7633 | val_c_index=0.5128 | val_HR=0.573 [0.211, 1.554] | val_logrank_p=0.2681 | val_AUC_mean=0.4659 (auc_365d=0.4908 auc_730d=0.3898 auc_1095d=0.5171)
Epoch  22 | lr=2.58e-04 | loss=1.7860 | train_c_index=0.7633 | val_c_index=0.5128 | val_HR=0.573 [0.211, 1.554] | val_logrank_p=0.2681 | val_AUC_mean=0.4659 (auc_365d=0.4908 auc_730d=0.3898 auc_1095d=0.5171)
Epoch  23 | lr=2.09e-04 | loss=1.6759 | train_c_index=0.7660 | val_c_index=0.5165 | val_HR=0.573 [0.211, 1.554] | val_logrank_p=0.2681 | val_AUC_mean=0.4684 (auc_365d=0.4984 auc_730d=0.3898 auc_1095d=0.5171)
Epoch  24 | lr=1.65e-04 | loss=1.7153 | train_c_index=0.7672 | val_c_index=0.5128 | val_HR=0.573 [0.211, 1.554] | val_logrank_p=0.2681 | val_AUC_mean=0.4649 (auc_365d=0.4896 auc_730d=0.3881 auc_1095d=0.5171)
Epoch  25 | lr=1.26e-04 | loss=1.7422 | train_c_index=0.7703 | val_c_index=0.5165 | val_HR=0.610 [0.225, 1.654] | val_logrank_p=0.3263 | val_AUC_mean=0.4733 (auc_365d=0.5043 auc_730d=0.3986 auc_1095d=0.5171)
Epoch  26 | lr=9.14e-05 | loss=1.6964 | train_c_index=0.7703 | val_c_index=0.5092 | val_HR=0.610 [0.225, 1.654] | val_logrank_p=0.3263 | val_AUC_mean=0.4623 (auc_365d=0.4904 auc_730d=0.3793 auc_1095d=0.5171)
Epoch  27 | lr=6.27e-05 | loss=1.6533 | train_c_index=0.7688 | val_c_index=0.5055 | val_HR=0.573 [0.211, 1.554] | val_logrank_p=0.2681 | val_AUC_mean=0.4599 (auc_365d=0.4832 auc_730d=0.3793 auc_1095d=0.5171)
Epoch  28 | lr=3.99e-05 | loss=1.6260 | train_c_index=0.7692 | val_c_index=0.5055 | val_HR=0.573 [0.211, 1.554] | val_logrank_p=0.2681 | val_AUC_mean=0.4599 (auc_365d=0.4832 auc_730d=0.3793 auc_1095d=0.5171)
Epoch  29 | lr=2.33e-05 | loss=1.6434 | train_c_index=0.7699 | val_c_index=0.5128 | val_HR=0.610 [0.225, 1.654] | val_logrank_p=0.3263 | val_AUC_mean=0.4683 (auc_365d=0.4980 auc_730d=0.3898 auc_1095d=0.5171)
Epoch  30 | lr=1.33e-05 | loss=1.6508 | train_c_index=0.7699 | val_c_index=0.5128 | val_HR=0.610 [0.225, 1.654] | val_logrank_p=0.3263 | val_AUC_mean=0.4683 (auc_365d=0.4980 auc_730d=0.3898 auc_1095d=0.5171)

=== Internal Test (best checkpoint epoch 3) ===
test_c_index=0.6923 | test_HR=2.872 [0.898, 9.188] | test_logrank_p=0.0628 | test_AUC_mean=0.7582 (auc_365d=0.6261 auc_730d=0.7647 auc_1095d=0.8837)
  -> fold predictions saved: D:\wonse\Documents\Job\urban_datalab\PATH-ViT\.logs\kfold_preds\tcga_M5_STG_R_FOLD2OF5_seed42_fold2of5.csv
wandb: updating run metadata
wandb: uploading config.yaml
wandb: 
wandb: Run history:
wandb:              train/c_index ▁▃▄▄▅▅▆▆▆▆▆▆▆▆▇▇▇▇████████████
wandb:                 train/loss █▇▇▆▇▇▆▅▅▅▅▄▁▄▄▄▃▃▃▂▁▃▂▂▃▂▁▁▁▁
wandb:                   train/lr ▃▆██████▇▇▇▇▆▆▅▅▅▄▄▃▃▃▂▂▂▂▁▁▁▁
wandb:   val_performance/auc_mean ▁▇█▇▅▅▃▃▄▄▄▄▃▂▃▄▄▄▄▄▄▄▄▄▄▄▄▄▄▄
wandb:    val_performance/c_index ▂▇█▇▅▄▂▁▂▃▃▃▃▂▃▄▄▄▄▄▄▄▄▄▄▄▃▃▄▄
wandb:         val_performance/hr ▂█▅▅▂▂▁▁▂▁▁▁▂▂▂▂▂▂▁▁▁▁▁▁▁▁▁▁▁▁
wandb: val_performance/log_rank_p █▁▃▄▆▆▃▃▆▂▂▃▇▇▇▅▅▅▃▃▃▃▃▃▄▄▃▃▄▄
wandb: 
wandb: Run summary:
wandb:               best_epoch 3
wandb:         best_val_c_index 0.6337
wandb:            test_auc_mean 0.75816
wandb:             test_c_index 0.69231
wandb:                  test_hr 2.87218
wandb:          test_log_rank_p 0.06281
wandb:            train/c_index 0.76993
wandb:               train/loss 1.65078
wandb:                 train/lr 1e-05
wandb: val_performance/auc_mean 0.46829
wandb:                       +3 ...
wandb: 
wandb:  View run TCGA_M5_STG_R_FOLD2OF5_seed42_0816::1655 at: https://wandb.ai/justin212553/Path-ViT/runs/ld47f7lv
wandb:  View project at: https://wandb.ai/justin212553/Path-ViT
wandb: Synced 5 W&B file(s), 0 media file(s), 0 artifact file(s) and 0 other file(s)
wandb: Find logs at: .\.wandb\run-20260816_165526-ld47f7lv\logs

=== External Test (cptac 전체 코호트) ===
external_c_index=0.5037 | external_HR=1.251 [0.863, 1.814] | external_logrank_p=0.2382 | external_AUC_mean=0.5299 (auc_365d=0.4353 auc_730d=0.5331 auc_1095d=0.6213)
wandb: setting up run mn03wqnr
wandb: Tracking run with wandb version 0.28.0
wandb: Run data is saved locally in D:\wonse\Documents\Job\urban_datalab\PATH-ViT\.wandb\run-20260816_165615-mn03wqnr
wandb: Run `wandb offline` to turn off syncing.
wandb: Syncing run TCGA_XM5_STG_R_FOLD2OF5_seed42_0816::1655
wandb:  View project at https://wandb.ai/justin212553/Path-ViT
wandb:  View run at https://wandb.ai/justin212553/Path-ViT/runs/mn03wqnr
wandb: updating run metadata; uploading summary
wandb: uploading wandb-metadata.json; uploading requirements.txt; uploading wandb-summary.json; uploading config.yaml
wandb: 
wandb: Run history:
wandb:   external/auc_mean ▁
wandb:    external/c_index ▁
wandb:         external/hr ▁
wandb: external/log_rank_p ▁
wandb: 
wandb: Run summary:
wandb:   external/auc_mean 0.5299
wandb:    external/c_index 0.50371
wandb:         external/hr 1.25074
wandb: external/log_rank_p 0.23816
wandb: 
wandb:  View run TCGA_XM5_STG_R_FOLD2OF5_seed42_0816::1655 at: https://wandb.ai/justin212553/Path-ViT/runs/mn03wqnr
wandb:  View project at: https://wandb.ai/justin212553/Path-ViT
wandb: Synced 4 W&B file(s), 0 media file(s), 0 artifact file(s) and 0 other file(s)
wandb: Find logs at: .\.wandb\run-20260816_165615-mn03wqnr\logs
=== FINAL M5 seed=42 fold=2/5 Complete: Sun Aug 16 16:56:17     2026 ===
=== FINAL M5 seed=42 fold=3/5 Start: Sun Aug 16 16:56:17     2026 ===
wandb: [wandb.login()] Loaded credentials for https://api.wandb.ai from C:\Users\wonse\_netrc.
wandb: Currently logged in as: justin212553 to https://api.wandb.ai. Use `wandb login --relogin` to force relogin
wandb: setting up run 5izlxo6u
wandb: Tracking run with wandb version 0.28.0
wandb: Run data is saved locally in D:\wonse\Documents\Job\urban_datalab\PATH-ViT\.wandb\run-20260816_165626-5izlxo6u
wandb: Run `wandb offline` to turn off syncing.
wandb: Syncing run TCGA_M5_STG_R_FOLD3OF5_seed42_0816::1656
wandb:  View project at https://wandb.ai/justin212553/Path-ViT
wandb:  View run at https://wandb.ai/justin212553/Path-ViT/runs/5izlxo6u
Model: M5_STG_R_FOLD3OF5 (ClinicalOnly) | params=5,313
Dataset: tcga  (5-fold CV, fold 3)  Train: 90  Val: 31  Test(internal): 31 patients
lr=1.0e-03 | weight_decay=1.0e-02 | epochs=30 | cox_batch_size=16
Epoch   1 | lr=3.33e-04 | loss=2.0198 | train_c_index=0.6061 | val_c_index=0.4286 | val_HR=0.851 [0.318, 2.280] | val_logrank_p=0.7486 | val_AUC_mean=0.4991 (auc_365d=0.3274 auc_730d=0.5941 auc_1095d=0.5760)
  -> checkpoint saved (c_index=0.4286)
Epoch   2 | lr=6.67e-04 | loss=1.8612 | train_c_index=0.6609 | val_c_index=0.5083 | val_HR=1.105 [0.398, 3.065] | val_logrank_p=0.8478 | val_AUC_mean=0.6356 (auc_365d=0.4462 auc_730d=0.7010 auc_1095d=0.7595)
  -> checkpoint saved (c_index=0.5083)
Epoch   3 | lr=1.00e-03 | loss=1.8469 | train_c_index=0.6629 | val_c_index=0.5282 | val_HR=1.105 [0.398, 3.065] | val_logrank_p=0.8478 | val_AUC_mean=0.6383 (auc_365d=0.4506 auc_730d=0.7046 auc_1095d=0.7595)
  -> checkpoint saved (c_index=0.5282)
Epoch   4 | lr=1.00e-03 | loss=1.8740 | train_c_index=0.6679 | val_c_index=0.5449 | val_HR=1.105 [0.398, 3.065] | val_logrank_p=0.8478 | val_AUC_mean=0.6923 (auc_365d=0.4802 auc_730d=0.7489 auc_1095d=0.8479)
  -> checkpoint saved (c_index=0.5449)
Epoch   5 | lr=9.97e-04 | loss=1.8371 | train_c_index=0.6779 | val_c_index=0.5581 | val_HR=1.105 [0.398, 3.065] | val_logrank_p=0.8478 | val_AUC_mean=0.6886 (auc_365d=0.4927 auc_730d=0.7482 auc_1095d=0.8249)
  -> checkpoint saved (c_index=0.5581)
Epoch   6 | lr=9.87e-04 | loss=1.8136 | train_c_index=0.6915 | val_c_index=0.5681 | val_HR=1.105 [0.398, 3.065] | val_logrank_p=0.8478 | val_AUC_mean=0.7165 (auc_365d=0.4989 auc_730d=0.7966 auc_1095d=0.8539)
  -> checkpoint saved (c_index=0.5681)
Epoch   7 | lr=9.70e-04 | loss=1.7650 | train_c_index=0.7056 | val_c_index=0.5880 | val_HR=1.739 [0.616, 4.907] | val_logrank_p=0.2898 | val_AUC_mean=0.7580 (auc_365d=0.5241 auc_730d=0.8502 auc_1095d=0.8997)
  -> checkpoint saved (c_index=0.5880)
Epoch   8 | lr=9.47e-04 | loss=1.7771 | train_c_index=0.7077 | val_c_index=0.5581 | val_HR=1.105 [0.398, 3.065] | val_logrank_p=0.8478 | val_AUC_mean=0.7064 (auc_365d=0.4797 auc_730d=0.7929 auc_1095d=0.8467)
Epoch   9 | lr=9.19e-04 | loss=1.7838 | train_c_index=0.7235 | val_c_index=0.5316 | val_HR=1.137 [0.435, 2.971] | val_logrank_p=0.7931 | val_AUC_mean=0.6452 (auc_365d=0.4554 auc_730d=0.7326 auc_1095d=0.7476)
Epoch  10 | lr=8.84e-04 | loss=1.7502 | train_c_index=0.7388 | val_c_index=0.5415 | val_HR=1.137 [0.435, 2.971] | val_logrank_p=0.7931 | val_AUC_mean=0.6662 (auc_365d=0.4747 auc_730d=0.7603 auc_1095d=0.7635)
Epoch  11 | lr=8.45e-04 | loss=1.7402 | train_c_index=0.7438 | val_c_index=0.5382 | val_HR=1.265 [0.457, 3.503] | val_logrank_p=0.6505 | val_AUC_mean=0.6605 (auc_365d=0.4667 auc_730d=0.7513 auc_1095d=0.7635)
Epoch  12 | lr=8.01e-04 | loss=1.7234 | train_c_index=0.7467 | val_c_index=0.5282 | val_HR=0.919 [0.352, 2.399] | val_logrank_p=0.8619 | val_AUC_mean=0.6460 (auc_365d=0.4667 auc_730d=0.7296 auc_1095d=0.7418)
Epoch  13 | lr=7.52e-04 | loss=1.6875 | train_c_index=0.7546 | val_c_index=0.5083 | val_HR=0.919 [0.352, 2.399] | val_logrank_p=0.8619 | val_AUC_mean=0.6204 (auc_365d=0.4631 auc_730d=0.6866 auc_1095d=0.7114)
Epoch  14 | lr=7.01e-04 | loss=1.6439 | train_c_index=0.7546 | val_c_index=0.5017 | val_HR=0.919 [0.352, 2.399] | val_logrank_p=0.8619 | val_AUC_mean=0.5717 (auc_365d=0.4322 auc_730d=0.6370 auc_1095d=0.6459)
Epoch  15 | lr=6.47e-04 | loss=1.6319 | train_c_index=0.7587 | val_c_index=0.4917 | val_HR=0.919 [0.352, 2.399] | val_logrank_p=0.8619 | val_AUC_mean=0.5555 (auc_365d=0.4330 auc_730d=0.6201 auc_1095d=0.6133)
Epoch  16 | lr=5.91e-04 | loss=1.7571 | train_c_index=0.7575 | val_c_index=0.4884 | val_HR=0.919 [0.352, 2.399] | val_logrank_p=0.8619 | val_AUC_mean=0.5568 (auc_365d=0.4388 auc_730d=0.6183 auc_1095d=0.6133)
Epoch  17 | lr=5.34e-04 | loss=1.6555 | train_c_index=0.7670 | val_c_index=0.4950 | val_HR=0.919 [0.352, 2.399] | val_logrank_p=0.8619 | val_AUC_mean=0.5798 (auc_365d=0.4388 auc_730d=0.6521 auc_1095d=0.6484)
Epoch  18 | lr=4.76e-04 | loss=1.5953 | train_c_index=0.7699 | val_c_index=0.4817 | val_HR=0.919 [0.352, 2.399] | val_logrank_p=0.8619 | val_AUC_mean=0.5768 (auc_365d=0.4191 auc_730d=0.6630 auc_1095d=0.6484)
Epoch  19 | lr=4.19e-04 | loss=1.7106 | train_c_index=0.7703 | val_c_index=0.4884 | val_HR=0.881 [0.337, 2.305] | val_logrank_p=0.7965 | val_AUC_mean=0.5999 (auc_365d=0.4249 auc_730d=0.6841 auc_1095d=0.6907)
Epoch  20 | lr=3.63e-04 | loss=1.6397 | train_c_index=0.7720 | val_c_index=0.5249 | val_HR=0.881 [0.337, 2.305] | val_logrank_p=0.7965 | val_AUC_mean=0.6336 (auc_365d=0.4496 auc_730d=0.7301 auc_1095d=0.7211)
Epoch  21 | lr=3.09e-04 | loss=1.6230 | train_c_index=0.7745 | val_c_index=0.5183 | val_HR=0.881 [0.337, 2.305] | val_logrank_p=0.7965 | val_AUC_mean=0.6236 (auc_365d=0.4433 auc_730d=0.7222 auc_1095d=0.7053)
Epoch  22 | lr=2.58e-04 | loss=1.6444 | train_c_index=0.7749 | val_c_index=0.5216 | val_HR=1.229 [0.472, 3.199] | val_logrank_p=0.6728 | val_AUC_mean=0.5949 (auc_365d=0.4317 auc_730d=0.6974 auc_1095d=0.6557)
Epoch  23 | lr=2.09e-04 | loss=1.6969 | train_c_index=0.7745 | val_c_index=0.5282 | val_HR=1.198 [0.460, 3.121] | val_logrank_p=0.7116 | val_AUC_mean=0.5973 (auc_365d=0.4388 auc_730d=0.6974 auc_1095d=0.6557)
Epoch  24 | lr=1.65e-04 | loss=1.6439 | train_c_index=0.7745 | val_c_index=0.5349 | val_HR=1.364 [0.524, 3.554] | val_logrank_p=0.5230 | val_AUC_mean=0.5976 (auc_365d=0.4397 auc_730d=0.6974 auc_1095d=0.6557)
Epoch  25 | lr=1.26e-04 | loss=1.5554 | train_c_index=0.7753 | val_c_index=0.5415 | val_HR=1.364 [0.524, 3.554] | val_logrank_p=0.5230 | val_AUC_mean=0.6068 (auc_365d=0.4455 auc_730d=0.7046 auc_1095d=0.6702)
Epoch  26 | lr=9.14e-05 | loss=1.6508 | train_c_index=0.7736 | val_c_index=0.5382 | val_HR=1.400 [0.538, 3.646] | val_logrank_p=0.4887 | val_AUC_mean=0.5976 (auc_365d=0.4397 auc_730d=0.6974 auc_1095d=0.6557)
Epoch  27 | lr=6.27e-05 | loss=1.6005 | train_c_index=0.7732 | val_c_index=0.5382 | val_HR=1.400 [0.538, 3.646] | val_logrank_p=0.4887 | val_AUC_mean=0.5976 (auc_365d=0.4397 auc_730d=0.6974 auc_1095d=0.6557)
Epoch  28 | lr=3.99e-05 | loss=1.6855 | train_c_index=0.7749 | val_c_index=0.5349 | val_HR=1.400 [0.538, 3.646] | val_logrank_p=0.4887 | val_AUC_mean=0.5976 (auc_365d=0.4397 auc_730d=0.6974 auc_1095d=0.6557)
Epoch  29 | lr=2.33e-05 | loss=1.5660 | train_c_index=0.7745 | val_c_index=0.5349 | val_HR=1.400 [0.538, 3.646] | val_logrank_p=0.4887 | val_AUC_mean=0.5976 (auc_365d=0.4397 auc_730d=0.6974 auc_1095d=0.6557)
Epoch  30 | lr=1.33e-05 | loss=1.6743 | train_c_index=0.7745 | val_c_index=0.5349 | val_HR=1.400 [0.538, 3.646] | val_logrank_p=0.4887 | val_AUC_mean=0.5976 (auc_365d=0.4397 auc_730d=0.6974 auc_1095d=0.6557)

=== Internal Test (best checkpoint epoch 7) ===
test_c_index=0.5670 | test_HR=1.704 [0.635, 4.576] | test_logrank_p=0.2846 | test_AUC_mean=0.6006 (auc_365d=0.6183 auc_730d=0.5829 auc_1095d=nan)
  -> fold predictions saved: D:\wonse\Documents\Job\urban_datalab\PATH-ViT\.logs\kfold_preds\tcga_M5_STG_R_FOLD3OF5_seed42_fold3of5.csv
wandb: updating run metadata
wandb: uploading history steps 20-29, summary, console lines 31-43
wandb: 
wandb: Run history:
wandb:              train/c_index ▁▃▃▄▄▅▅▅▆▆▇▇▇▇▇▇██████████████
wandb:                 train/loss █▆▅▆▅▅▄▄▄▄▄▄▃▂▂▄▃▂▃▂▂▂▃▂▁▂▂▃▁▃
wandb:                   train/lr ▃▆██████▇▇▇▇▆▆▅▅▅▄▄▃▃▃▂▂▂▂▁▁▁▁
wandb:   val_performance/auc_mean ▁▅▅▆▆▇█▇▅▆▅▅▄▃▃▃▃▃▄▅▄▄▄▄▄▄▄▄▄▄
wandb:    val_performance/c_index ▁▅▅▆▇▇█▇▆▆▆▅▅▄▄▄▄▃▄▅▅▅▅▆▆▆▆▆▆▆
wandb:         val_performance/hr ▁▃▃▃▃▃█▃▃▃▄▂▂▂▂▂▂▂▁▁▁▄▄▅▅▅▅▅▅▅
wandb: val_performance/log_rank_p ▇█████▁█▇▇▅███████▇▇▇▆▆▄▄▃▃▃▃▃
wandb: 
wandb: Run summary:
wandb:               best_epoch 7
wandb:         best_val_c_index 0.58804
wandb:            test_auc_mean 0.60059
wandb:             test_c_index 0.56705
wandb:                  test_hr 1.70405
wandb:          test_log_rank_p 0.2846
wandb:            train/c_index 0.77446
wandb:               train/loss 1.67426
wandb:                 train/lr 1e-05
wandb: val_performance/auc_mean 0.59758
wandb:                       +3 ...
wandb: 
wandb:  View run TCGA_M5_STG_R_FOLD3OF5_seed42_0816::1656 at: https://wandb.ai/justin212553/Path-ViT/runs/5izlxo6u
wandb:  View project at: https://wandb.ai/justin212553/Path-ViT
wandb: Synced 5 W&B file(s), 0 media file(s), 0 artifact file(s) and 0 other file(s)
wandb: Find logs at: .\.wandb\run-20260816_165626-5izlxo6u\logs

=== External Test (cptac 전체 코호트) ===
external_c_index=0.5089 | external_HR=1.027 [0.712, 1.482] | external_logrank_p=0.8917 | external_AUC_mean=0.5088 (auc_365d=0.4603 auc_730d=0.5395 auc_1095d=0.5266)
wandb: setting up run 6v42zmb3
wandb: Tracking run with wandb version 0.28.0
wandb: Run data is saved locally in D:\wonse\Documents\Job\urban_datalab\PATH-ViT\.wandb\run-20260816_165727-6v42zmb3
wandb: Run `wandb offline` to turn off syncing.
wandb: Syncing run TCGA_XM5_STG_R_FOLD3OF5_seed42_0816::1656
wandb:  View project at https://wandb.ai/justin212553/Path-ViT
wandb:  View run at https://wandb.ai/justin212553/Path-ViT/runs/6v42zmb3
wandb: updating run metadata; uploading summary
wandb: uploading config.yaml
wandb: 
wandb: Run history:
wandb:   external/auc_mean ▁
wandb:    external/c_index ▁
wandb:         external/hr ▁
wandb: external/log_rank_p ▁
wandb: 
wandb: Run summary:
wandb:   external/auc_mean 0.50879
wandb:    external/c_index 0.50885
wandb:         external/hr 1.02716
wandb: external/log_rank_p 0.89166
wandb: 
wandb:  View run TCGA_XM5_STG_R_FOLD3OF5_seed42_0816::1656 at: https://wandb.ai/justin212553/Path-ViT/runs/6v42zmb3
wandb:  View project at: https://wandb.ai/justin212553/Path-ViT
wandb: Synced 4 W&B file(s), 0 media file(s), 0 artifact file(s) and 0 other file(s)
wandb: Find logs at: .\.wandb\run-20260816_165727-6v42zmb3\logs
=== FINAL M5 seed=42 fold=3/5 Complete: Sun Aug 16 16:57:29     2026 ===
=== FINAL M5 seed=42 fold=4/5 Start: Sun Aug 16 16:57:29     2026 ===
wandb: [wandb.login()] Loaded credentials for https://api.wandb.ai from C:\Users\wonse\_netrc.
wandb: Currently logged in as: justin212553 to https://api.wandb.ai. Use `wandb login --relogin` to force relogin
wandb: setting up run q8t803d0
wandb: Tracking run with wandb version 0.28.0
wandb: Run data is saved locally in D:\wonse\Documents\Job\urban_datalab\PATH-ViT\.wandb\run-20260816_165737-q8t803d0
wandb: Run `wandb offline` to turn off syncing.
wandb: Syncing run TCGA_M5_STG_R_FOLD4OF5_seed42_0816::1657
wandb:  View project at https://wandb.ai/justin212553/Path-ViT
wandb:  View run at https://wandb.ai/justin212553/Path-ViT/runs/q8t803d0
Model: M5_STG_R_FOLD4OF5 (ClinicalOnly) | params=5,313
Dataset: tcga  (5-fold CV, fold 4)  Train: 90  Val: 31  Test(internal): 31 patients
lr=1.0e-03 | weight_decay=1.0e-02 | epochs=30 | cox_batch_size=16
Epoch   1 | lr=3.33e-04 | loss=1.9681 | train_c_index=0.5723 | val_c_index=0.5056 | val_HR=0.822 [0.303, 2.228] | val_logrank_p=0.6990 | val_AUC_mean=0.5258 (auc_365d=0.5274 auc_730d=0.4969 auc_1095d=0.5531)
  -> checkpoint saved (c_index=0.5056)
Epoch   2 | lr=6.67e-04 | loss=1.9407 | train_c_index=0.6611 | val_c_index=0.5242 | val_HR=1.345 [0.511, 3.542] | val_logrank_p=0.5467 | val_AUC_mean=0.5281 (auc_365d=0.5052 auc_730d=0.5347 auc_1095d=0.5445)
  -> checkpoint saved (c_index=0.5242)
Epoch   3 | lr=1.00e-03 | loss=1.9188 | train_c_index=0.6764 | val_c_index=0.5316 | val_HR=0.958 [0.369, 2.490] | val_logrank_p=0.9295 | val_AUC_mean=0.5662 (auc_365d=0.4984 auc_730d=0.6000 auc_1095d=0.6003)
  -> checkpoint saved (c_index=0.5316)
Epoch   4 | lr=1.00e-03 | loss=1.7500 | train_c_index=0.6904 | val_c_index=0.5279 | val_HR=1.179 [0.447, 3.109] | val_logrank_p=0.7383 | val_AUC_mean=0.5700 (auc_365d=0.4912 auc_730d=0.6186 auc_1095d=0.6003)
Epoch   5 | lr=9.97e-04 | loss=1.8217 | train_c_index=0.6908 | val_c_index=0.5167 | val_HR=1.179 [0.447, 3.109] | val_logrank_p=0.7383 | val_AUC_mean=0.5588 (auc_365d=0.4705 auc_730d=0.6056 auc_1095d=0.6003)
Epoch   6 | lr=9.87e-04 | loss=1.8413 | train_c_index=0.6958 | val_c_index=0.5056 | val_HR=1.179 [0.447, 3.109] | val_logrank_p=0.7383 | val_AUC_mean=0.5568 (auc_365d=0.4644 auc_730d=0.6056 auc_1095d=0.6003)
Epoch   7 | lr=9.70e-04 | loss=1.8079 | train_c_index=0.7053 | val_c_index=0.5167 | val_HR=1.179 [0.447, 3.109] | val_logrank_p=0.7383 | val_AUC_mean=0.5602 (auc_365d=0.4638 auc_730d=0.6166 auc_1095d=0.6003)
Epoch   8 | lr=9.47e-04 | loss=1.8997 | train_c_index=0.7177 | val_c_index=0.5242 | val_HR=0.999 [0.375, 2.658] | val_logrank_p=0.9976 | val_AUC_mean=0.5633 (auc_365d=0.4486 auc_730d=0.6410 auc_1095d=0.6003)
Epoch   9 | lr=9.19e-04 | loss=1.8468 | train_c_index=0.7251 | val_c_index=0.5093 | val_HR=0.999 [0.375, 2.658] | val_logrank_p=0.9976 | val_AUC_mean=0.5585 (auc_365d=0.4343 auc_730d=0.6410 auc_1095d=0.6003)
Epoch  10 | lr=8.84e-04 | loss=1.7051 | train_c_index=0.7346 | val_c_index=0.5130 | val_HR=0.999 [0.375, 2.658] | val_logrank_p=0.9976 | val_AUC_mean=0.5709 (auc_365d=0.4334 auc_730d=0.6531 auc_1095d=0.6261)
Epoch  11 | lr=8.45e-04 | loss=1.6791 | train_c_index=0.7408 | val_c_index=0.5204 | val_HR=0.972 [0.373, 2.534] | val_logrank_p=0.9544 | val_AUC_mean=0.5781 (auc_365d=0.4414 auc_730d=0.6668 auc_1095d=0.6261)
Epoch  12 | lr=8.01e-04 | loss=1.7106 | train_c_index=0.7466 | val_c_index=0.5316 | val_HR=0.972 [0.373, 2.534] | val_logrank_p=0.9544 | val_AUC_mean=0.5896 (auc_365d=0.4486 auc_730d=0.6942 auc_1095d=0.6261)
Epoch  13 | lr=7.52e-04 | loss=1.7091 | train_c_index=0.7540 | val_c_index=0.5390 | val_HR=0.972 [0.373, 2.534] | val_logrank_p=0.9544 | val_AUC_mean=0.5992 (auc_365d=0.4710 auc_730d=0.7007 auc_1095d=0.6261)
  -> checkpoint saved (c_index=0.5390)
Epoch  14 | lr=7.01e-04 | loss=1.6418 | train_c_index=0.7602 | val_c_index=0.5576 | val_HR=1.075 [0.413, 2.793] | val_logrank_p=0.8823 | val_AUC_mean=0.6094 (auc_365d=0.5013 auc_730d=0.7007 auc_1095d=0.6261)
  -> checkpoint saved (c_index=0.5576)
Epoch  15 | lr=6.47e-04 | loss=1.6840 | train_c_index=0.7660 | val_c_index=0.5502 | val_HR=1.075 [0.413, 2.793] | val_logrank_p=0.8823 | val_AUC_mean=0.6057 (auc_365d=0.4790 auc_730d=0.7121 auc_1095d=0.6261)
Epoch  16 | lr=5.91e-04 | loss=1.6737 | train_c_index=0.7681 | val_c_index=0.5465 | val_HR=1.075 [0.413, 2.793] | val_logrank_p=0.8823 | val_AUC_mean=0.6135 (auc_365d=0.4804 auc_730d=0.7192 auc_1095d=0.6410)
Epoch  17 | lr=5.34e-04 | loss=1.6593 | train_c_index=0.7722 | val_c_index=0.5465 | val_HR=1.075 [0.413, 2.793] | val_logrank_p=0.8823 | val_AUC_mean=0.6135 (auc_365d=0.4804 auc_730d=0.7192 auc_1095d=0.6410)
Epoch  18 | lr=4.76e-04 | loss=1.6413 | train_c_index=0.7800 | val_c_index=0.5576 | val_HR=1.075 [0.413, 2.793] | val_logrank_p=0.8823 | val_AUC_mean=0.6180 (auc_365d=0.4939 auc_730d=0.7192 auc_1095d=0.6410)
Epoch  19 | lr=4.19e-04 | loss=1.6548 | train_c_index=0.7854 | val_c_index=0.5502 | val_HR=0.836 [0.321, 2.174] | val_logrank_p=0.7132 | val_AUC_mean=0.6197 (auc_365d=0.4788 auc_730d=0.7256 auc_1095d=0.6547)
Epoch  20 | lr=3.63e-04 | loss=1.4873 | train_c_index=0.7854 | val_c_index=0.5576 | val_HR=1.130 [0.434, 2.946] | val_logrank_p=0.8023 | val_AUC_mean=0.6288 (auc_365d=0.4859 auc_730d=0.7321 auc_1095d=0.6684)
Epoch  21 | lr=3.09e-04 | loss=1.5733 | train_c_index=0.7916 | val_c_index=0.5576 | val_HR=1.130 [0.434, 2.946] | val_logrank_p=0.8023 | val_AUC_mean=0.6288 (auc_365d=0.4859 auc_730d=0.7321 auc_1095d=0.6684)
Epoch  22 | lr=2.58e-04 | loss=1.4426 | train_c_index=0.7887 | val_c_index=0.5576 | val_HR=1.130 [0.434, 2.946] | val_logrank_p=0.8023 | val_AUC_mean=0.6288 (auc_365d=0.4859 auc_730d=0.7321 auc_1095d=0.6684)
Epoch  23 | lr=2.09e-04 | loss=1.6216 | train_c_index=0.7883 | val_c_index=0.5465 | val_HR=1.130 [0.434, 2.946] | val_logrank_p=0.8023 | val_AUC_mean=0.6240 (auc_365d=0.4716 auc_730d=0.7321 auc_1095d=0.6684)
Epoch  24 | lr=1.65e-04 | loss=1.4861 | train_c_index=0.7883 | val_c_index=0.5465 | val_HR=1.459 [0.552, 3.851] | val_logrank_p=0.4434 | val_AUC_mean=0.6243 (auc_365d=0.4724 auc_730d=0.7321 auc_1095d=0.6684)
Epoch  25 | lr=1.26e-04 | loss=1.4863 | train_c_index=0.7924 | val_c_index=0.5576 | val_HR=1.459 [0.552, 3.851] | val_logrank_p=0.4434 | val_AUC_mean=0.6294 (auc_365d=0.4876 auc_730d=0.7321 auc_1095d=0.6684)
Epoch  26 | lr=9.14e-05 | loss=1.5282 | train_c_index=0.7924 | val_c_index=0.5576 | val_HR=1.459 [0.552, 3.851] | val_logrank_p=0.4434 | val_AUC_mean=0.6294 (auc_365d=0.4876 auc_730d=0.7321 auc_1095d=0.6684)
Epoch  27 | lr=6.27e-05 | loss=1.5389 | train_c_index=0.7937 | val_c_index=0.5613 | val_HR=1.459 [0.552, 3.851] | val_logrank_p=0.4434 | val_AUC_mean=0.6318 (auc_365d=0.4948 auc_730d=0.7321 auc_1095d=0.6684)
  -> checkpoint saved (c_index=0.5613)
Epoch  28 | lr=3.99e-05 | loss=1.5928 | train_c_index=0.7945 | val_c_index=0.5613 | val_HR=1.459 [0.552, 3.851] | val_logrank_p=0.4434 | val_AUC_mean=0.6318 (auc_365d=0.4948 auc_730d=0.7321 auc_1095d=0.6684)
Epoch  29 | lr=2.33e-05 | loss=1.5728 | train_c_index=0.7945 | val_c_index=0.5613 | val_HR=1.459 [0.552, 3.851] | val_logrank_p=0.4434 | val_AUC_mean=0.6318 (auc_365d=0.4948 auc_730d=0.7321 auc_1095d=0.6684)
Epoch  30 | lr=1.33e-05 | loss=1.5263 | train_c_index=0.7945 | val_c_index=0.5613 | val_HR=1.459 [0.552, 3.851] | val_logrank_p=0.4434 | val_AUC_mean=0.6318 (auc_365d=0.4948 auc_730d=0.7321 auc_1095d=0.6684)

=== Internal Test (best checkpoint epoch 27) ===
test_c_index=0.5375 | test_HR=1.422 [0.543, 3.726] | test_logrank_p=0.4717 | test_AUC_mean=0.5866 (auc_365d=0.5561 auc_730d=0.6215 auc_1095d=0.5822)
  -> fold predictions saved: D:\wonse\Documents\Job\urban_datalab\PATH-ViT\.logs\kfold_preds\tcga_M5_STG_R_FOLD4OF5_seed42_fold4of5.csv
wandb: updating run metadata
wandb: uploading output.log; uploading wandb-summary.json; uploading config.yaml
wandb: 
wandb: Run history:
wandb:              train/c_index ▁▄▄▅▅▅▅▆▆▆▆▆▇▇▇▇▇█████████████
wandb:                 train/loss ██▇▅▆▆▆▇▆▄▄▅▅▄▄▄▄▄▄▂▃▁▃▂▂▂▂▃▃▂
wandb:                   train/lr ▃▆██████▇▇▇▇▆▆▅▅▅▄▄▃▃▃▂▂▂▂▁▁▁▁
wandb:   val_performance/auc_mean ▁▁▄▄▃▃▃▃▃▄▄▅▆▇▆▇▇▇▇███▇███████
wandb:    val_performance/c_index ▁▃▄▄▂▁▂▃▁▂▃▄▅█▇▆▆█▇███▆▆██████
wandb:         val_performance/hr ▁▇▂▅▅▅▅▃▃▃▃▃▃▄▄▄▄▄▁▄▄▄▄███████
wandb: val_performance/log_rank_p ▄▂▇▅▅▅▅███▇▇▇▇▇▇▇▇▄▆▆▆▆▁▁▁▁▁▁▁
wandb: 
wandb: Run summary:
wandb:               best_epoch 27
wandb:         best_val_c_index 0.56134
wandb:            test_auc_mean 0.58662
wandb:             test_c_index 0.53754
wandb:                  test_hr 1.42193
wandb:          test_log_rank_p 0.47172
wandb:            train/c_index 0.79451
wandb:               train/loss 1.52633
wandb:                 train/lr 1e-05
wandb: val_performance/auc_mean 0.63176
wandb:                       +3 ...
wandb: 
wandb:  View run TCGA_M5_STG_R_FOLD4OF5_seed42_0816::1657 at: https://wandb.ai/justin212553/Path-ViT/runs/q8t803d0
wandb:  View project at: https://wandb.ai/justin212553/Path-ViT
wandb: Synced 5 W&B file(s), 0 media file(s), 0 artifact file(s) and 0 other file(s)
wandb: Find logs at: .\.wandb\run-20260816_165737-q8t803d0\logs

=== External Test (cptac 전체 코호트) ===
external_c_index=0.5768 | external_HR=1.484 [1.027, 2.143] | external_logrank_p=0.0342 | external_AUC_mean=0.5814 (auc_365d=0.6203 auc_730d=0.5951 auc_1095d=0.5288)
wandb: setting up run g3ds2w66
wandb: Tracking run with wandb version 0.28.0
wandb: Run data is saved locally in D:\wonse\Documents\Job\urban_datalab\PATH-ViT\.wandb\run-20260816_165842-g3ds2w66
wandb: Run `wandb offline` to turn off syncing.
wandb: Syncing run TCGA_XM5_STG_R_FOLD4OF5_seed42_0816::1657
wandb:  View project at https://wandb.ai/justin212553/Path-ViT
wandb:  View run at https://wandb.ai/justin212553/Path-ViT/runs/g3ds2w66
wandb: updating run metadata; uploading summary
wandb: uploading requirements.txt; uploading wandb-summary.json; uploading config.yaml; uploading wandb-metadata.json
wandb: 
wandb: Run history:
wandb:   external/auc_mean ▁
wandb:    external/c_index ▁
wandb:         external/hr ▁
wandb: external/log_rank_p ▁
wandb: 
wandb: Run summary:
wandb:   external/auc_mean 0.58137
wandb:    external/c_index 0.57682
wandb:         external/hr 1.48361
wandb: external/log_rank_p 0.03417
wandb: 
wandb:  View run TCGA_XM5_STG_R_FOLD4OF5_seed42_0816::1657 at: https://wandb.ai/justin212553/Path-ViT/runs/g3ds2w66
wandb:  View project at: https://wandb.ai/justin212553/Path-ViT
wandb: Synced 4 W&B file(s), 0 media file(s), 0 artifact file(s) and 0 other file(s)
wandb: Find logs at: .\.wandb\run-20260816_165842-g3ds2w66\logs
=== FINAL M5 seed=42 fold=4/5 Complete: Sun Aug 16 16:58:45     2026 ===
=== FINAL M5 seed=84 fold=0/5 Start: Sun Aug 16 16:58:45     2026 ===
wandb: [wandb.login()] Loaded credentials for https://api.wandb.ai from C:\Users\wonse\_netrc.
wandb: W&B API key is configured. Use `wandb login --relogin` to force relogin
wandb: setting up run f1u5n72b
wandb: Tracking run with wandb version 0.28.0
wandb: Run data is saved locally in D:\wonse\Documents\Job\urban_datalab\PATH-ViT\.wandb\run-20260816_165856-f1u5n72b
wandb: Run `wandb offline` to turn off syncing.
wandb: Syncing run TCGA_M5_STG_R_FOLD0OF5_seed84_0816::1658
wandb:  View project at https://wandb.ai/justin212553/Path-ViT
wandb:  View run at https://wandb.ai/justin212553/Path-ViT/runs/f1u5n72b
Model: M5_STG_R_FOLD0OF5 (ClinicalOnly) | params=5,313
Dataset: tcga  (5-fold CV, fold 0)  Train: 90  Val: 31  Test(internal): 31 patients
lr=1.0e-03 | weight_decay=1.0e-02 | epochs=30 | cox_batch_size=16
Epoch   1 | lr=3.33e-04 | loss=2.0076 | train_c_index=0.5604 | val_c_index=0.4618 | val_HR=0.861 [0.318, 2.329] | val_logrank_p=0.7683 | val_AUC_mean=0.6813 (auc_365d=0.4260 auc_730d=0.6531 auc_1095d=0.9648)
  -> checkpoint saved (c_index=0.4618)
Epoch   2 | lr=6.67e-04 | loss=1.9861 | train_c_index=0.6556 | val_c_index=0.5382 | val_HR=1.204 [0.449, 3.227] | val_logrank_p=0.7116 | val_AUC_mean=0.7027 (auc_365d=0.5783 auc_730d=0.6337 auc_1095d=0.8962)
  -> checkpoint saved (c_index=0.5382)
Epoch   3 | lr=1.00e-03 | loss=1.8939 | train_c_index=0.6665 | val_c_index=0.5548 | val_HR=1.347 [0.500, 3.626] | val_logrank_p=0.5543 | val_AUC_mean=0.6209 (auc_365d=0.6466 auc_730d=0.5702 auc_1095d=0.6458)
  -> checkpoint saved (c_index=0.5548)
Epoch   4 | lr=1.00e-03 | loss=1.8958 | train_c_index=0.6681 | val_c_index=0.5615 | val_HR=1.626 [0.603, 4.383] | val_logrank_p=0.3324 | val_AUC_mean=0.6433 (auc_365d=0.6152 auc_730d=0.6209 auc_1095d=0.6937)
  -> checkpoint saved (c_index=0.5615)
Epoch   5 | lr=9.97e-04 | loss=1.7923 | train_c_index=0.6853 | val_c_index=0.5615 | val_HR=1.626 [0.603, 4.383] | val_logrank_p=0.3324 | val_AUC_mean=0.6715 (auc_365d=0.6155 auc_730d=0.6347 auc_1095d=0.7642)
Epoch   6 | lr=9.87e-04 | loss=1.8059 | train_c_index=0.6920 | val_c_index=0.5548 | val_HR=1.427 [0.528, 3.856] | val_logrank_p=0.4812 | val_AUC_mean=0.6551 (auc_365d=0.5780 auc_730d=0.6584 auc_1095d=0.7290)
Epoch   7 | lr=9.70e-04 | loss=1.8171 | train_c_index=0.6925 | val_c_index=0.5615 | val_HR=1.427 [0.528, 3.856] | val_logrank_p=0.4812 | val_AUC_mean=0.6504 (auc_365d=0.5780 auc_730d=0.6441 auc_1095d=0.7290)
Epoch   8 | lr=9.47e-04 | loss=1.7936 | train_c_index=0.6958 | val_c_index=0.5548 | val_HR=1.029 [0.385, 2.754] | val_logrank_p=0.9545 | val_AUC_mean=0.6242 (auc_365d=0.5790 auc_730d=0.5999 auc_1095d=0.6937)
Epoch   9 | lr=9.19e-04 | loss=1.8012 | train_c_index=0.6971 | val_c_index=0.5581 | val_HR=1.217 [0.449, 3.298] | val_logrank_p=0.6987 | val_AUC_mean=0.6227 (auc_365d=0.5975 auc_730d=0.5770 auc_1095d=0.6937)
Epoch  10 | lr=8.84e-04 | loss=1.8205 | train_c_index=0.7017 | val_c_index=0.5515 | val_HR=1.114 [0.412, 3.012] | val_logrank_p=0.8322 | val_AUC_mean=0.6467 (auc_365d=0.6099 auc_730d=0.5661 auc_1095d=0.7642)
Epoch  11 | lr=8.45e-04 | loss=1.7634 | train_c_index=0.7071 | val_c_index=0.5615 | val_HR=1.093 [0.404, 2.954] | val_logrank_p=0.8610 | val_AUC_mean=0.6594 (auc_365d=0.6095 auc_730d=0.6045 auc_1095d=0.7642)
Epoch  12 | lr=8.01e-04 | loss=1.7197 | train_c_index=0.7226 | val_c_index=0.5648 | val_HR=1.093 [0.404, 2.954] | val_logrank_p=0.8610 | val_AUC_mean=0.6757 (auc_365d=0.6218 auc_730d=0.6049 auc_1095d=0.8004)
  -> checkpoint saved (c_index=0.5648)
Epoch  13 | lr=7.52e-04 | loss=1.7767 | train_c_index=0.7252 | val_c_index=0.5880 | val_HR=1.241 [0.461, 3.342] | val_logrank_p=0.6688 | val_AUC_mean=0.6935 (auc_365d=0.6715 auc_730d=0.6085 auc_1095d=0.8004)
  -> checkpoint saved (c_index=0.5880)
Epoch  14 | lr=7.01e-04 | loss=1.6800 | train_c_index=0.7348 | val_c_index=0.5880 | val_HR=2.042 [0.739, 5.640] | val_logrank_p=0.1599 | val_AUC_mean=0.7012 (auc_365d=0.6715 auc_730d=0.6317 auc_1095d=0.8004)
Epoch  15 | lr=6.47e-04 | loss=1.6703 | train_c_index=0.7373 | val_c_index=0.5847 | val_HR=2.042 [0.739, 5.640] | val_logrank_p=0.1599 | val_AUC_mean=0.7012 (auc_365d=0.6715 auc_730d=0.6317 auc_1095d=0.8004)
Epoch  16 | lr=5.91e-04 | loss=1.6436 | train_c_index=0.7419 | val_c_index=0.5914 | val_HR=2.042 [0.739, 5.640] | val_logrank_p=0.1599 | val_AUC_mean=0.6983 (auc_365d=0.6704 auc_730d=0.6242 auc_1095d=0.8004)
  -> checkpoint saved (c_index=0.5914)
Epoch  17 | lr=5.34e-04 | loss=1.5915 | train_c_index=0.7356 | val_c_index=0.5914 | val_HR=1.786 [0.645, 4.951] | val_logrank_p=0.2582 | val_AUC_mean=0.6835 (auc_365d=0.6578 auc_730d=0.6285 auc_1095d=0.7642)
Epoch  18 | lr=4.76e-04 | loss=1.6942 | train_c_index=0.7365 | val_c_index=0.6013 | val_HR=1.786 [0.645, 4.951] | val_logrank_p=0.2582 | val_AUC_mean=0.6877 (auc_365d=0.6639 auc_730d=0.6351 auc_1095d=0.7642)
  -> checkpoint saved (c_index=0.6013)
Epoch  19 | lr=4.19e-04 | loss=1.6469 | train_c_index=0.7419 | val_c_index=0.5980 | val_HR=1.786 [0.645, 4.951] | val_logrank_p=0.2582 | val_AUC_mean=0.6880 (auc_365d=0.6578 auc_730d=0.6420 auc_1095d=0.7642)
Epoch  20 | lr=3.63e-04 | loss=1.6679 | train_c_index=0.7449 | val_c_index=0.6013 | val_HR=1.786 [0.645, 4.951] | val_logrank_p=0.2582 | val_AUC_mean=0.6906 (auc_365d=0.6581 auc_730d=0.6495 auc_1095d=0.7642)
Epoch  21 | lr=3.09e-04 | loss=1.6721 | train_c_index=0.7482 | val_c_index=0.6013 | val_HR=1.786 [0.645, 4.951] | val_logrank_p=0.2582 | val_AUC_mean=0.6906 (auc_365d=0.6581 auc_730d=0.6495 auc_1095d=0.7642)
Epoch  22 | lr=2.58e-04 | loss=1.6196 | train_c_index=0.7453 | val_c_index=0.5947 | val_HR=1.786 [0.645, 4.951] | val_logrank_p=0.2582 | val_AUC_mean=0.6906 (auc_365d=0.6581 auc_730d=0.6495 auc_1095d=0.7642)
Epoch  23 | lr=2.09e-04 | loss=1.6907 | train_c_index=0.7491 | val_c_index=0.5914 | val_HR=1.786 [0.645, 4.951] | val_logrank_p=0.2582 | val_AUC_mean=0.6891 (auc_365d=0.6581 auc_730d=0.6450 auc_1095d=0.7642)
Epoch  24 | lr=1.65e-04 | loss=1.6852 | train_c_index=0.7532 | val_c_index=0.5914 | val_HR=1.786 [0.645, 4.951] | val_logrank_p=0.2582 | val_AUC_mean=0.6891 (auc_365d=0.6581 auc_730d=0.6450 auc_1095d=0.7642)
Epoch  25 | lr=1.26e-04 | loss=1.6175 | train_c_index=0.7553 | val_c_index=0.5947 | val_HR=1.786 [0.645, 4.951] | val_logrank_p=0.2582 | val_AUC_mean=0.6946 (auc_365d=0.6581 auc_730d=0.6613 auc_1095d=0.7642)
Epoch  26 | lr=9.14e-05 | loss=1.6068 | train_c_index=0.7558 | val_c_index=0.5947 | val_HR=1.786 [0.645, 4.951] | val_logrank_p=0.2582 | val_AUC_mean=0.6946 (auc_365d=0.6581 auc_730d=0.6613 auc_1095d=0.7642)
Epoch  27 | lr=6.27e-05 | loss=1.5887 | train_c_index=0.7583 | val_c_index=0.5947 | val_HR=1.786 [0.645, 4.951] | val_logrank_p=0.2582 | val_AUC_mean=0.6946 (auc_365d=0.6581 auc_730d=0.6613 auc_1095d=0.7642)
Epoch  28 | lr=3.99e-05 | loss=1.5963 | train_c_index=0.7595 | val_c_index=0.5947 | val_HR=1.786 [0.645, 4.951] | val_logrank_p=0.2582 | val_AUC_mean=0.6946 (auc_365d=0.6581 auc_730d=0.6613 auc_1095d=0.7642)
Epoch  29 | lr=2.33e-05 | loss=1.6456 | train_c_index=0.7587 | val_c_index=0.5947 | val_HR=1.786 [0.645, 4.951] | val_logrank_p=0.2582 | val_AUC_mean=0.6946 (auc_365d=0.6581 auc_730d=0.6613 auc_1095d=0.7642)
Epoch  30 | lr=1.33e-05 | loss=1.6136 | train_c_index=0.7587 | val_c_index=0.5947 | val_HR=1.786 [0.645, 4.951] | val_logrank_p=0.2582 | val_AUC_mean=0.6946 (auc_365d=0.6581 auc_730d=0.6613 auc_1095d=0.7642)

=== Internal Test (best checkpoint epoch 18) ===
test_c_index=0.5390 | test_HR=1.206 [0.462, 3.146] | test_logrank_p=0.7017 | test_AUC_mean=0.3202 (auc_365d=0.5229 auc_730d=0.2390 auc_1095d=0.1987)
  -> fold predictions saved: D:\wonse\Documents\Job\urban_datalab\PATH-ViT\.logs\kfold_preds\tcga_M5_STG_R_FOLD0OF5_seed84_fold0of5.csv
wandb: updating run metadata
wandb: uploading history steps 21-29, summary, console lines 33-44
wandb: 
wandb: Run history:
wandb:              train/c_index ▁▄▅▅▅▆▆▆▆▆▆▇▇▇▇▇▇▇▇▇█▇████████
wandb:                 train/loss ██▆▆▄▅▅▄▅▅▄▃▄▃▂▂▁▃▂▂▂▂▃▃▁▁▁▁▂▁
wandb:                   train/lr ▃▆██████▇▇▇▇▆▆▅▅▅▄▄▃▃▃▂▂▂▂▁▁▁▁
wandb:   val_performance/auc_mean ▆█▁▃▅▄▄▁▁▃▄▆▇███▆▇▇▇▇▇▇▇▇▇▇▇▇▇
wandb:    val_performance/c_index ▁▅▆▆▆▆▆▆▆▅▆▆▇▇▇▇▇█████▇▇██████
wandb:         val_performance/hr ▁▃▄▆▆▄▄▂▃▂▂▂▃███▆▆▆▆▆▆▆▆▆▆▆▆▆▆
wandb: val_performance/log_rank_p ▆▆▄▃▃▄▄█▆▇▇▇▅▁▁▁▂▂▂▂▂▂▂▂▂▂▂▂▂▂
wandb: 
wandb: Run summary:
wandb:               best_epoch 18
wandb:         best_val_c_index 0.60133
wandb:            test_auc_mean 0.3202
wandb:             test_c_index 0.53903
wandb:                  test_hr 1.20581
wandb:          test_log_rank_p 0.70169
wandb:            train/c_index 0.7587
wandb:               train/loss 1.61364
wandb:                 train/lr 1e-05
wandb: val_performance/auc_mean 0.69456
wandb:                       +3 ...
wandb: 
wandb:  View run TCGA_M5_STG_R_FOLD0OF5_seed84_0816::1658 at: https://wandb.ai/justin212553/Path-ViT/runs/f1u5n72b
wandb:  View project at: https://wandb.ai/justin212553/Path-ViT
wandb: Synced 5 W&B file(s), 0 media file(s), 0 artifact file(s) and 0 other file(s)
wandb: Find logs at: .\.wandb\run-20260816_165856-f1u5n72b\logs

=== External Test (cptac 전체 코호트) ===
external_c_index=0.5112 | external_HR=1.042 [0.722, 1.503] | external_logrank_p=0.8228 | external_AUC_mean=0.5193 (auc_365d=0.5373 auc_730d=0.5349 auc_1095d=0.4856)
wandb: Currently logged in as: justin212553 to https://api.wandb.ai. Use `wandb login --relogin` to force relogin
wandb: setting up run qquef8ye
wandb: Tracking run with wandb version 0.28.0
wandb: Run data is saved locally in D:\wonse\Documents\Job\urban_datalab\PATH-ViT\.wandb\run-20260816_165959-qquef8ye
wandb: Run `wandb offline` to turn off syncing.
wandb: Syncing run TCGA_XM5_STG_R_FOLD0OF5_seed84_0816::1658
wandb:  View project at https://wandb.ai/justin212553/Path-ViT
wandb:  View run at https://wandb.ai/justin212553/Path-ViT/runs/qquef8ye
wandb: updating run metadata; uploading summary
wandb: uploading wandb-metadata.json; uploading requirements.txt; uploading wandb-summary.json; uploading config.yaml
wandb: 
wandb: Run history:
wandb:   external/auc_mean ▁
wandb:    external/c_index ▁
wandb:         external/hr ▁
wandb: external/log_rank_p ▁
wandb: 
wandb: Run summary:
wandb:   external/auc_mean 0.51927
wandb:    external/c_index 0.51125
wandb:         external/hr 1.04178
wandb: external/log_rank_p 0.8228
wandb: 
wandb:  View run TCGA_XM5_STG_R_FOLD0OF5_seed84_0816::1658 at: https://wandb.ai/justin212553/Path-ViT/runs/qquef8ye
wandb:  View project at: https://wandb.ai/justin212553/Path-ViT
wandb: Synced 4 W&B file(s), 0 media file(s), 0 artifact file(s) and 0 other file(s)
wandb: Find logs at: .\.wandb\run-20260816_165959-qquef8ye\logs
=== FINAL M5 seed=84 fold=0/5 Complete: Sun Aug 16 17:00:01     2026 ===
=== FINAL M5 seed=84 fold=1/5 Start: Sun Aug 16 17:00:01     2026 ===
wandb: [wandb.login()] Loaded credentials for https://api.wandb.ai from C:\Users\wonse\_netrc.
wandb: Currently logged in as: justin212553 to https://api.wandb.ai. Use `wandb login --relogin` to force relogin
wandb: setting up run z0oiymz6
wandb: Tracking run with wandb version 0.28.0
wandb: Run data is saved locally in D:\wonse\Documents\Job\urban_datalab\PATH-ViT\.wandb\run-20260816_170010-z0oiymz6
wandb: Run `wandb offline` to turn off syncing.
wandb: Syncing run TCGA_M5_STG_R_FOLD1OF5_seed84_0816::1700
wandb:  View project at https://wandb.ai/justin212553/Path-ViT
wandb:  View run at https://wandb.ai/justin212553/Path-ViT/runs/z0oiymz6
Model: M5_STG_R_FOLD1OF5 (ClinicalOnly) | params=5,313
Dataset: tcga  (5-fold CV, fold 1)  Train: 90  Val: 31  Test(internal): 31 patients
lr=1.0e-03 | weight_decay=1.0e-02 | epochs=30 | cox_batch_size=16
Epoch   1 | lr=3.33e-04 | loss=2.0015 | train_c_index=0.5214 | val_c_index=0.5703 | val_HR=1.893 [0.688, 5.211] | val_logrank_p=0.2098 | val_AUC_mean=0.6770 (auc_365d=0.4182 auc_730d=0.7662 auc_1095d=0.8465)
  -> checkpoint saved (c_index=0.5703)
Epoch   2 | lr=6.67e-04 | loss=1.9317 | train_c_index=0.5972 | val_c_index=0.6426 | val_HR=3.155 [1.047, 9.505] | val_logrank_p=0.0321 | val_AUC_mean=0.7839 (auc_365d=0.5856 auc_730d=0.8091 auc_1095d=0.9571)
  -> checkpoint saved (c_index=0.6426)
Epoch   3 | lr=1.00e-03 | loss=1.9099 | train_c_index=0.6293 | val_c_index=0.6578 | val_HR=2.855 [0.962, 8.474] | val_logrank_p=0.0492 | val_AUC_mean=0.8197 (auc_365d=0.6922 auc_730d=0.8121 auc_1095d=0.9549)
  -> checkpoint saved (c_index=0.6578)
Epoch   4 | lr=1.00e-03 | loss=1.9006 | train_c_index=0.6332 | val_c_index=0.6502 | val_HR=2.913 [0.932, 9.099] | val_logrank_p=0.0558 | val_AUC_mean=0.8040 (auc_365d=0.7014 auc_730d=0.7782 auc_1095d=0.9323)
Epoch   5 | lr=9.97e-04 | loss=1.8552 | train_c_index=0.6466 | val_c_index=0.6578 | val_HR=4.431 [1.328, 14.784] | val_logrank_p=0.0091 | val_AUC_mean=0.8081 (auc_365d=0.6954 auc_730d=0.7965 auc_1095d=0.9323)
Epoch   6 | lr=9.87e-04 | loss=1.8644 | train_c_index=0.6505 | val_c_index=0.6464 | val_HR=3.991 [1.190, 13.388] | val_logrank_p=0.0169 | val_AUC_mean=0.7999 (auc_365d=0.6468 auc_730d=0.8205 auc_1095d=0.9323)
Epoch   7 | lr=9.70e-04 | loss=1.8416 | train_c_index=0.6644 | val_c_index=0.6426 | val_HR=3.991 [1.190, 13.388] | val_logrank_p=0.0169 | val_AUC_mean=0.7890 (auc_365d=0.6148 auc_730d=0.8388 auc_1095d=0.9134)
Epoch   8 | lr=9.47e-04 | loss=1.8750 | train_c_index=0.6618 | val_c_index=0.6198 | val_HR=2.678 [0.878, 8.169] | val_logrank_p=0.0735 | val_AUC_mean=0.7618 (auc_365d=0.5151 auc_730d=0.8439 auc_1095d=0.9265)
Epoch   9 | lr=9.19e-04 | loss=1.9113 | train_c_index=0.6808 | val_c_index=0.6046 | val_HR=2.546 [0.808, 8.022] | val_logrank_p=0.1003 | val_AUC_mean=0.7610 (auc_365d=0.4808 auc_730d=0.8532 auc_1095d=0.9491)
Epoch  10 | lr=8.84e-04 | loss=1.8726 | train_c_index=0.6895 | val_c_index=0.6008 | val_HR=2.546 [0.808, 8.022] | val_logrank_p=0.1003 | val_AUC_mean=0.7650 (auc_365d=0.4879 auc_730d=0.8579 auc_1095d=0.9491)
Epoch  11 | lr=8.45e-04 | loss=1.8873 | train_c_index=0.6851 | val_c_index=0.6350 | val_HR=1.948 [0.672, 5.651] | val_logrank_p=0.2129 | val_AUC_mean=0.8072 (auc_365d=0.5942 auc_730d=0.8690 auc_1095d=0.9585)
Epoch  12 | lr=8.01e-04 | loss=1.8312 | train_c_index=0.6830 | val_c_index=0.6388 | val_HR=1.948 [0.672, 5.651] | val_logrank_p=0.2129 | val_AUC_mean=0.8116 (auc_365d=0.6189 auc_730d=0.8575 auc_1095d=0.9585)
Epoch  13 | lr=7.52e-04 | loss=1.7970 | train_c_index=0.6929 | val_c_index=0.6464 | val_HR=2.716 [0.917, 8.042] | val_logrank_p=0.0625 | val_AUC_mean=0.8119 (auc_365d=0.6112 auc_730d=0.8659 auc_1095d=0.9585)
Epoch  14 | lr=7.01e-04 | loss=1.7098 | train_c_index=0.7033 | val_c_index=0.6502 | val_HR=2.223 [0.767, 6.445] | val_logrank_p=0.1323 | val_AUC_mean=0.8239 (auc_365d=0.6245 auc_730d=0.8663 auc_1095d=0.9811)
Epoch  15 | lr=6.47e-04 | loss=1.8045 | train_c_index=0.7064 | val_c_index=0.6464 | val_HR=2.160 [0.743, 6.282] | val_logrank_p=0.1488 | val_AUC_mean=0.8268 (auc_365d=0.6330 auc_730d=0.8663 auc_1095d=0.9811)
Epoch  16 | lr=5.91e-04 | loss=1.8082 | train_c_index=0.7090 | val_c_index=0.6426 | val_HR=2.160 [0.743, 6.282] | val_logrank_p=0.1488 | val_AUC_mean=0.8156 (auc_365d=0.6173 auc_730d=0.8485 auc_1095d=0.9811)
Epoch  17 | lr=5.34e-04 | loss=1.6551 | train_c_index=0.7163 | val_c_index=0.6502 | val_HR=2.223 [0.767, 6.445] | val_logrank_p=0.1323 | val_AUC_mean=0.8121 (auc_365d=0.6161 auc_730d=0.8485 auc_1095d=0.9716)
Epoch  18 | lr=4.76e-04 | loss=1.7716 | train_c_index=0.7189 | val_c_index=0.6540 | val_HR=2.223 [0.767, 6.445] | val_logrank_p=0.1323 | val_AUC_mean=0.8209 (auc_365d=0.6154 auc_730d=0.8663 auc_1095d=0.9811)
Epoch  19 | lr=4.19e-04 | loss=1.7080 | train_c_index=0.7211 | val_c_index=0.6540 | val_HR=1.524 [0.535, 4.348] | val_logrank_p=0.4274 | val_AUC_mean=0.8105 (auc_365d=0.5896 auc_730d=0.8609 auc_1095d=0.9811)
Epoch  20 | lr=3.63e-04 | loss=1.7491 | train_c_index=0.7276 | val_c_index=0.6502 | val_HR=1.964 [0.673, 5.735] | val_logrank_p=0.2097 | val_AUC_mean=0.8037 (auc_365d=0.5740 auc_730d=0.8561 auc_1095d=0.9811)
Epoch  21 | lr=3.09e-04 | loss=1.7547 | train_c_index=0.7263 | val_c_index=0.6312 | val_HR=1.524 [0.535, 4.348] | val_logrank_p=0.4274 | val_AUC_mean=0.7881 (auc_365d=0.5413 auc_730d=0.8514 auc_1095d=0.9716)
Epoch  22 | lr=2.58e-04 | loss=1.7086 | train_c_index=0.7272 | val_c_index=0.6274 | val_HR=1.524 [0.535, 4.348] | val_logrank_p=0.4274 | val_AUC_mean=0.7881 (auc_365d=0.5413 auc_730d=0.8514 auc_1095d=0.9716)
Epoch  23 | lr=2.09e-04 | loss=1.7450 | train_c_index=0.7324 | val_c_index=0.6502 | val_HR=1.524 [0.535, 4.348] | val_logrank_p=0.4274 | val_AUC_mean=0.8099 (auc_365d=0.5823 auc_730d=0.8663 auc_1095d=0.9811)
Epoch  24 | lr=1.65e-04 | loss=1.7530 | train_c_index=0.7358 | val_c_index=0.6464 | val_HR=1.524 [0.535, 4.348] | val_logrank_p=0.4274 | val_AUC_mean=0.8153 (auc_365d=0.5986 auc_730d=0.8663 auc_1095d=0.9811)
Epoch  25 | lr=1.26e-04 | loss=1.7218 | train_c_index=0.7350 | val_c_index=0.6464 | val_HR=1.524 [0.535, 4.348] | val_logrank_p=0.4274 | val_AUC_mean=0.8183 (auc_365d=0.6076 auc_730d=0.8663 auc_1095d=0.9811)
Epoch  26 | lr=9.14e-05 | loss=1.6745 | train_c_index=0.7380 | val_c_index=0.6502 | val_HR=1.524 [0.535, 4.348] | val_logrank_p=0.4274 | val_AUC_mean=0.8183 (auc_365d=0.6076 auc_730d=0.8663 auc_1095d=0.9811)
Epoch  27 | lr=6.27e-05 | loss=1.7405 | train_c_index=0.7384 | val_c_index=0.6502 | val_HR=1.524 [0.535, 4.348] | val_logrank_p=0.4274 | val_AUC_mean=0.8183 (auc_365d=0.6076 auc_730d=0.8663 auc_1095d=0.9811)
Epoch  28 | lr=3.99e-05 | loss=1.6842 | train_c_index=0.7388 | val_c_index=0.6502 | val_HR=1.524 [0.535, 4.348] | val_logrank_p=0.4274 | val_AUC_mean=0.8183 (auc_365d=0.6076 auc_730d=0.8663 auc_1095d=0.9811)
Epoch  29 | lr=2.33e-05 | loss=1.7323 | train_c_index=0.7397 | val_c_index=0.6464 | val_HR=1.524 [0.535, 4.348] | val_logrank_p=0.4274 | val_AUC_mean=0.8153 (auc_365d=0.5986 auc_730d=0.8663 auc_1095d=0.9811)
Epoch  30 | lr=1.33e-05 | loss=1.7377 | train_c_index=0.7393 | val_c_index=0.6464 | val_HR=1.524 [0.535, 4.348] | val_logrank_p=0.4274 | val_AUC_mean=0.8153 (auc_365d=0.5986 auc_730d=0.8663 auc_1095d=0.9811)

=== Internal Test (best checkpoint epoch 3) ===
test_c_index=0.5617 | test_HR=1.030 [0.385, 2.755] | test_logrank_p=0.9525 | test_AUC_mean=0.6253 (auc_365d=0.5273 auc_730d=0.7249 auc_1095d=0.6237)
  -> fold predictions saved: D:\wonse\Documents\Job\urban_datalab\PATH-ViT\.logs\kfold_preds\tcga_M5_STG_R_FOLD1OF5_seed84_fold1of5.csv
wandb: updating run metadata
wandb: uploading output.log; uploading wandb-summary.json; uploading config.yaml
wandb: 
wandb: Run history:
wandb:              train/c_index ▁▃▄▅▅▅▆▆▆▆▆▆▇▇▇▇▇▇▇███████████
wandb:                 train/loss █▇▆▆▅▅▅▅▆▅▆▅▄▂▄▄▁▃▂▃▃▂▃▃▂▁▃▂▃▃
wandb:                   train/lr ▃▆██████▇▇▇▇▆▆▅▅▅▄▄▃▃▃▂▂▂▂▁▁▁▁
wandb:   val_performance/auc_mean ▁▆█▇▇▇▆▅▅▅▇▇▇██▇▇█▇▇▆▆▇▇████▇▇
wandb:    val_performance/c_index ▁▇█▇█▇▇▅▄▃▆▆▇▇▇▇▇██▇▆▆▇▇▇▇▇▇▇▇
wandb:         val_performance/hr ▂▅▄▄█▇▇▄▃▃▂▂▄▃▃▃▃▃▁▂▁▁▁▁▁▁▁▁▁▁
wandb: val_performance/log_rank_p ▄▁▂▂▁▁▁▂▃▃▄▄▂▃▃▃▃▃█▄██████████
wandb: 
wandb: Run summary:
wandb:               best_epoch 3
wandb:         best_val_c_index 0.65779
wandb:            test_auc_mean 0.62531
wandb:             test_c_index 0.56173
wandb:                  test_hr 1.03024
wandb:          test_log_rank_p 0.95254
wandb:            train/c_index 0.73928
wandb:               train/loss 1.73769
wandb:                 train/lr 1e-05
wandb: val_performance/auc_mean 0.81533
wandb:                       +3 ...
wandb: 
wandb:  View run TCGA_M5_STG_R_FOLD1OF5_seed84_0816::1700 at: https://wandb.ai/justin212553/Path-ViT/runs/z0oiymz6
wandb:  View project at: https://wandb.ai/justin212553/Path-ViT
wandb: Synced 5 W&B file(s), 0 media file(s), 0 artifact file(s) and 0 other file(s)
wandb: Find logs at: .\.wandb\run-20260816_170010-z0oiymz6\logs

=== External Test (cptac 전체 코호트) ===
external_c_index=0.5446 | external_HR=1.210 [0.838, 1.746] | external_logrank_p=0.3105 | external_AUC_mean=0.5508 (auc_365d=0.5410 auc_730d=0.5886 auc_1095d=0.5228)
wandb: setting up run cng0xr35
wandb: Tracking run with wandb version 0.28.0
wandb: Run data is saved locally in D:\wonse\Documents\Job\urban_datalab\PATH-ViT\.wandb\run-20260816_170112-cng0xr35
wandb: Run `wandb offline` to turn off syncing.
wandb: Syncing run TCGA_XM5_STG_R_FOLD1OF5_seed84_0816::1700
wandb:  View project at https://wandb.ai/justin212553/Path-ViT
wandb:  View run at https://wandb.ai/justin212553/Path-ViT/runs/cng0xr35
wandb: updating run metadata; uploading summary
wandb: uploading requirements.txt
wandb: 
wandb: Run history:
wandb:   external/auc_mean ▁
wandb:    external/c_index ▁
wandb:         external/hr ▁
wandb: external/log_rank_p ▁
wandb: 
wandb: Run summary:
wandb:   external/auc_mean 0.5508
wandb:    external/c_index 0.54463
wandb:         external/hr 1.20967
wandb: external/log_rank_p 0.31047
wandb: 
wandb:  View run TCGA_XM5_STG_R_FOLD1OF5_seed84_0816::1700 at: https://wandb.ai/justin212553/Path-ViT/runs/cng0xr35
wandb:  View project at: https://wandb.ai/justin212553/Path-ViT
wandb: Synced 4 W&B file(s), 0 media file(s), 0 artifact file(s) and 0 other file(s)
wandb: Find logs at: .\.wandb\run-20260816_170112-cng0xr35\logs
=== FINAL M5 seed=84 fold=1/5 Complete: Sun Aug 16 17:01:14     2026 ===
=== FINAL M5 seed=84 fold=2/5 Start: Sun Aug 16 17:01:14     2026 ===
wandb: [wandb.login()] Loaded credentials for https://api.wandb.ai from C:\Users\wonse\_netrc.
wandb: Currently logged in as: justin212553 to https://api.wandb.ai. Use `wandb login --relogin` to force relogin
wandb: setting up run 6nky02ps
wandb: Tracking run with wandb version 0.28.0
wandb: Run data is saved locally in D:\wonse\Documents\Job\urban_datalab\PATH-ViT\.wandb\run-20260816_170123-6nky02ps
wandb: Run `wandb offline` to turn off syncing.
wandb: Syncing run TCGA_M5_STG_R_FOLD2OF5_seed84_0816::1701
wandb:  View project at https://wandb.ai/justin212553/Path-ViT
wandb:  View run at https://wandb.ai/justin212553/Path-ViT/runs/6nky02ps
Model: M5_STG_R_FOLD2OF5 (ClinicalOnly) | params=5,313
Dataset: tcga  (5-fold CV, fold 2)  Train: 90  Val: 31  Test(internal): 31 patients
lr=1.0e-03 | weight_decay=1.0e-02 | epochs=30 | cox_batch_size=16
Epoch   1 | lr=3.33e-04 | loss=2.0927 | train_c_index=0.5324 | val_c_index=0.5180 | val_HR=0.896 [0.335, 2.395] | val_logrank_p=0.8263 | val_AUC_mean=0.6681 (auc_365d=0.4912 auc_730d=0.6681 auc_1095d=0.8451)
  -> checkpoint saved (c_index=0.5180)
Epoch   2 | lr=6.67e-04 | loss=1.9456 | train_c_index=0.6406 | val_c_index=0.5569 | val_HR=2.289 [0.817, 6.409] | val_logrank_p=0.1057 | val_AUC_mean=0.6549 (auc_365d=0.5065 auc_730d=0.7297 auc_1095d=0.7284)
  -> checkpoint saved (c_index=0.5569)
Epoch   3 | lr=1.00e-03 | loss=1.9245 | train_c_index=0.6703 | val_c_index=0.5749 | val_HR=2.289 [0.817, 6.409] | val_logrank_p=0.1057 | val_AUC_mean=0.6798 (auc_365d=0.5049 auc_730d=0.7512 auc_1095d=0.7833)
  -> checkpoint saved (c_index=0.5749)
Epoch   4 | lr=1.00e-03 | loss=1.9048 | train_c_index=0.6557 | val_c_index=0.5719 | val_HR=1.717 [0.630, 4.684] | val_logrank_p=0.2854 | val_AUC_mean=0.6500 (auc_365d=0.4879 auc_730d=0.7211 auc_1095d=0.7411)
Epoch   5 | lr=9.97e-04 | loss=1.8877 | train_c_index=0.6883 | val_c_index=0.5569 | val_HR=1.853 [0.672, 5.114] | val_logrank_p=0.2272 | val_AUC_mean=0.6305 (auc_365d=0.4785 auc_730d=0.7147 auc_1095d=0.6982)
Epoch   6 | lr=9.87e-04 | loss=1.8474 | train_c_index=0.6937 | val_c_index=0.5359 | val_HR=1.635 [0.598, 4.470] | val_logrank_p=0.3332 | val_AUC_mean=0.6366 (auc_365d=0.4673 auc_730d=0.7288 auc_1095d=0.7137)
Epoch   7 | lr=9.70e-04 | loss=1.7872 | train_c_index=0.7100 | val_c_index=0.5269 | val_HR=1.399 [0.516, 3.789] | val_logrank_p=0.5077 | val_AUC_mean=0.6250 (auc_365d=0.4420 auc_730d=0.7193 auc_1095d=0.7137)
Epoch   8 | lr=9.47e-04 | loss=1.8944 | train_c_index=0.7192 | val_c_index=0.5060 | val_HR=1.362 [0.503, 3.693] | val_logrank_p=0.5417 | val_AUC_mean=0.6048 (auc_365d=0.4267 auc_730d=0.6740 auc_1095d=0.7137)
Epoch   9 | lr=9.19e-04 | loss=1.7320 | train_c_index=0.7221 | val_c_index=0.5120 | val_HR=1.374 [0.508, 3.720] | val_logrank_p=0.5299 | val_AUC_mean=0.6060 (auc_365d=0.4210 auc_730d=0.6988 auc_1095d=0.6982)
Epoch  10 | lr=8.84e-04 | loss=1.7913 | train_c_index=0.7305 | val_c_index=0.5210 | val_HR=1.374 [0.508, 3.720] | val_logrank_p=0.5299 | val_AUC_mean=0.6023 (auc_365d=0.4206 auc_730d=0.7002 auc_1095d=0.6862)
Epoch  11 | lr=8.45e-04 | loss=1.7648 | train_c_index=0.7380 | val_c_index=0.5269 | val_HR=1.374 [0.508, 3.720] | val_logrank_p=0.5299 | val_AUC_mean=0.6125 (auc_365d=0.4352 auc_730d=0.7039 auc_1095d=0.6982)
Epoch  12 | lr=8.01e-04 | loss=1.6285 | train_c_index=0.7530 | val_c_index=0.5359 | val_HR=1.374 [0.508, 3.720] | val_logrank_p=0.5299 | val_AUC_mean=0.6200 (auc_365d=0.4513 auc_730d=0.7103 auc_1095d=0.6982)
Epoch  13 | lr=7.52e-04 | loss=1.7626 | train_c_index=0.7509 | val_c_index=0.5180 | val_HR=0.948 [0.351, 2.557] | val_logrank_p=0.9154 | val_AUC_mean=0.5983 (auc_365d=0.4328 auc_730d=0.6781 auc_1095d=0.6839)
Epoch  14 | lr=7.01e-04 | loss=1.7689 | train_c_index=0.7451 | val_c_index=0.5090 | val_HR=1.104 [0.408, 2.987] | val_logrank_p=0.8457 | val_AUC_mean=0.5937 (auc_365d=0.4311 auc_730d=0.6662 auc_1095d=0.6839)
Epoch  15 | lr=6.47e-04 | loss=1.7987 | train_c_index=0.7555 | val_c_index=0.5120 | val_HR=1.104 [0.408, 2.987] | val_logrank_p=0.8457 | val_AUC_mean=0.5980 (auc_365d=0.4311 auc_730d=0.6790 auc_1095d=0.6839)
Epoch  16 | lr=5.91e-04 | loss=1.6425 | train_c_index=0.7656 | val_c_index=0.5240 | val_HR=1.374 [0.508, 3.720] | val_logrank_p=0.5299 | val_AUC_mean=0.6072 (auc_365d=0.4257 auc_730d=0.7120 auc_1095d=0.6839)
Epoch  17 | lr=5.34e-04 | loss=1.6731 | train_c_index=0.7731 | val_c_index=0.5240 | val_HR=1.374 [0.508, 3.720] | val_logrank_p=0.5299 | val_AUC_mean=0.6004 (auc_365d=0.4189 auc_730d=0.7117 auc_1095d=0.6708)
Epoch  18 | lr=4.76e-04 | loss=1.6872 | train_c_index=0.7731 | val_c_index=0.5299 | val_HR=1.374 [0.508, 3.720] | val_logrank_p=0.5299 | val_AUC_mean=0.6004 (auc_365d=0.4189 auc_730d=0.7117 auc_1095d=0.6708)
Epoch  19 | lr=4.19e-04 | loss=1.6807 | train_c_index=0.7739 | val_c_index=0.5240 | val_HR=1.374 [0.508, 3.720] | val_logrank_p=0.5299 | val_AUC_mean=0.5972 (auc_365d=0.4144 auc_730d=0.7066 auc_1095d=0.6708)
Epoch  20 | lr=3.63e-04 | loss=1.7330 | train_c_index=0.7697 | val_c_index=0.5240 | val_HR=1.374 [0.508, 3.720] | val_logrank_p=0.5299 | val_AUC_mean=0.5972 (auc_365d=0.4144 auc_730d=0.7066 auc_1095d=0.6708)
Epoch  21 | lr=3.09e-04 | loss=1.6973 | train_c_index=0.7693 | val_c_index=0.5240 | val_HR=1.374 [0.508, 3.720] | val_logrank_p=0.5299 | val_AUC_mean=0.5990 (auc_365d=0.4145 auc_730d=0.7117 auc_1095d=0.6708)
Epoch  22 | lr=2.58e-04 | loss=1.6479 | train_c_index=0.7714 | val_c_index=0.5150 | val_HR=1.374 [0.508, 3.720] | val_logrank_p=0.5299 | val_AUC_mean=0.5900 (auc_365d=0.3995 auc_730d=0.6998 auc_1095d=0.6708)
Epoch  23 | lr=2.09e-04 | loss=1.6513 | train_c_index=0.7748 | val_c_index=0.5060 | val_HR=1.374 [0.508, 3.720] | val_logrank_p=0.5299 | val_AUC_mean=0.5813 (auc_365d=0.3995 auc_730d=0.6736 auc_1095d=0.6708)
Epoch  24 | lr=1.65e-04 | loss=1.6299 | train_c_index=0.7748 | val_c_index=0.5060 | val_HR=0.948 [0.351, 2.557] | val_logrank_p=0.9154 | val_AUC_mean=0.5798 (auc_365d=0.3951 auc_730d=0.6736 auc_1095d=0.6708)
Epoch  25 | lr=1.26e-04 | loss=1.6071 | train_c_index=0.7764 | val_c_index=0.4970 | val_HR=0.948 [0.351, 2.557] | val_logrank_p=0.9154 | val_AUC_mean=0.5756 (auc_365d=0.3951 auc_730d=0.6608 auc_1095d=0.6708)
Epoch  26 | lr=9.14e-05 | loss=1.6173 | train_c_index=0.7756 | val_c_index=0.4970 | val_HR=0.948 [0.351, 2.557] | val_logrank_p=0.9154 | val_AUC_mean=0.5756 (auc_365d=0.3951 auc_730d=0.6608 auc_1095d=0.6708)
Epoch  27 | lr=6.27e-05 | loss=1.5758 | train_c_index=0.7764 | val_c_index=0.5000 | val_HR=0.948 [0.351, 2.557] | val_logrank_p=0.9154 | val_AUC_mean=0.5775 (auc_365d=0.4008 auc_730d=0.6608 auc_1095d=0.6708)
Epoch  28 | lr=3.99e-05 | loss=1.6493 | train_c_index=0.7764 | val_c_index=0.5000 | val_HR=0.948 [0.351, 2.557] | val_logrank_p=0.9154 | val_AUC_mean=0.5775 (auc_365d=0.4008 auc_730d=0.6608 auc_1095d=0.6708)
Epoch  29 | lr=2.33e-05 | loss=1.6198 | train_c_index=0.7777 | val_c_index=0.5000 | val_HR=0.948 [0.351, 2.557] | val_logrank_p=0.9154 | val_AUC_mean=0.5775 (auc_365d=0.4008 auc_730d=0.6608 auc_1095d=0.6708)
Epoch  30 | lr=1.33e-05 | loss=1.6302 | train_c_index=0.7773 | val_c_index=0.5000 | val_HR=0.948 [0.351, 2.557] | val_logrank_p=0.9154 | val_AUC_mean=0.5775 (auc_365d=0.4008 auc_730d=0.6608 auc_1095d=0.6708)

=== Internal Test (best checkpoint epoch 3) ===
test_c_index=0.6590 | test_HR=2.664 [0.841, 8.437] | test_logrank_p=0.0836 | test_AUC_mean=0.8104 (auc_365d=0.7638 auc_730d=0.7707 auc_1095d=0.8967)
  -> fold predictions saved: D:\wonse\Documents\Job\urban_datalab\PATH-ViT\.logs\kfold_preds\tcga_M5_STG_R_FOLD2OF5_seed84_fold2of5.csv
wandb: updating run metadata
wandb: updating run metadata; uploading history steps 23-29, summary, console lines 30-39
wandb: uploading history steps 23-29, summary, console lines 30-39
wandb: uploading data
wandb: 
wandb: Run history:
wandb:              train/c_index ▁▄▅▅▅▆▆▆▆▇▇▇▇▇▇███████████████
wandb:                 train/loss █▆▆▅▅▅▄▅▃▄▄▂▄▄▄▂▂▃▂▃▃▂▂▂▁▂▁▂▂▂
wandb:                   train/lr ▃▆██████▇▇▇▇▆▆▅▅▅▄▄▃▃▃▂▂▂▂▁▁▁▁
wandb:   val_performance/auc_mean ▇▆█▆▅▅▄▃▃▃▃▄▃▂▃▃▃▃▂▂▃▂▁▁▁▁▁▁▁▁
wandb:    val_performance/c_index ▃▆██▆▄▄▂▂▃▄▄▃▂▂▃▃▄▃▃▃▃▂▂▁▁▁▁▁▁
wandb:         val_performance/hr ▁██▅▆▅▄▃▃▃▃▃▁▂▂▃▃▃▃▃▃▃▃▁▁▁▁▁▁▁
wandb: val_performance/log_rank_p ▇▁▁▃▂▃▄▅▅▅▅▅█▇▇▅▅▅▅▅▅▅▅███████
wandb: 
wandb: Run summary:
wandb:               best_epoch 3
wandb:         best_val_c_index 0.57485
wandb:            test_auc_mean 0.81039
wandb:             test_c_index 0.65899
wandb:                  test_hr 2.66388
wandb:          test_log_rank_p 0.08362
wandb:            train/c_index 0.77727
wandb:               train/loss 1.63018
wandb:                 train/lr 1e-05
wandb: val_performance/auc_mean 0.57746
wandb:                       +3 ...
wandb: 
wandb:  View run TCGA_M5_STG_R_FOLD2OF5_seed84_0816::1701 at: https://wandb.ai/justin212553/Path-ViT/runs/6nky02ps
wandb:  View project at: https://wandb.ai/justin212553/Path-ViT
wandb: Synced 5 W&B file(s), 0 media file(s), 0 artifact file(s) and 0 other file(s)
wandb: Find logs at: .\.wandb\run-20260816_170123-6nky02ps\logs

=== External Test (cptac 전체 코호트) ===
external_c_index=0.5702 | external_HR=1.399 [0.967, 2.025] | external_logrank_p=0.0750 | external_AUC_mean=0.5846 (auc_365d=0.5853 auc_730d=0.6101 auc_1095d=0.5585)
wandb: setting up run yaymstpq
wandb: Tracking run with wandb version 0.28.0
wandb: Run data is saved locally in D:\wonse\Documents\Job\urban_datalab\PATH-ViT\.wandb\run-20260816_170235-yaymstpq
wandb: Run `wandb offline` to turn off syncing.
wandb: Syncing run TCGA_XM5_STG_R_FOLD2OF5_seed84_0816::1701
wandb:  View project at https://wandb.ai/justin212553/Path-ViT
wandb:  View run at https://wandb.ai/justin212553/Path-ViT/runs/yaymstpq
wandb: updating run metadata; uploading summary
wandb: uploading requirements.txt; uploading config.yaml
wandb: 
wandb: Run history:
wandb:   external/auc_mean ▁
wandb:    external/c_index ▁
wandb:         external/hr ▁
wandb: external/log_rank_p ▁
wandb: 
wandb: Run summary:
wandb:   external/auc_mean 0.58461
wandb:    external/c_index 0.57024
wandb:         external/hr 1.39938
wandb: external/log_rank_p 0.075
wandb: 
wandb:  View run TCGA_XM5_STG_R_FOLD2OF5_seed84_0816::1701 at: https://wandb.ai/justin212553/Path-ViT/runs/yaymstpq
wandb:  View project at: https://wandb.ai/justin212553/Path-ViT
wandb: Synced 4 W&B file(s), 0 media file(s), 0 artifact file(s) and 0 other file(s)
wandb: Find logs at: .\.wandb\run-20260816_170235-yaymstpq\logs
=== FINAL M5 seed=84 fold=2/5 Complete: Sun Aug 16 17:02:38     2026 ===
=== FINAL M5 seed=84 fold=3/5 Start: Sun Aug 16 17:02:38     2026 ===
wandb: [wandb.login()] Loaded credentials for https://api.wandb.ai from C:\Users\wonse\_netrc.
wandb: Currently logged in as: justin212553 to https://api.wandb.ai. Use `wandb login --relogin` to force relogin
wandb: setting up run vmohpr6r
wandb: Tracking run with wandb version 0.28.0
wandb: Run data is saved locally in D:\wonse\Documents\Job\urban_datalab\PATH-ViT\.wandb\run-20260816_170246-vmohpr6r
wandb: Run `wandb offline` to turn off syncing.
wandb: Syncing run TCGA_M5_STG_R_FOLD3OF5_seed84_0816::1702
wandb:  View project at https://wandb.ai/justin212553/Path-ViT
wandb:  View run at https://wandb.ai/justin212553/Path-ViT/runs/vmohpr6r
Model: M5_STG_R_FOLD3OF5 (ClinicalOnly) | params=5,313
Dataset: tcga  (5-fold CV, fold 3)  Train: 92  Val: 31  Test(internal): 29 patients
lr=1.0e-03 | weight_decay=1.0e-02 | epochs=30 | cox_batch_size=16
Epoch   1 | lr=3.33e-04 | loss=2.0574 | train_c_index=0.5062 | val_c_index=0.4752 | val_HR=0.712 [0.272, 1.865] | val_logrank_p=0.4872 | val_AUC_mean=0.2261 (auc_365d=0.4994 auc_730d=0.0894 auc_1095d=0.0894)
  -> checkpoint saved (c_index=0.4752)
Epoch   2 | lr=6.67e-04 | loss=1.9567 | train_c_index=0.6210 | val_c_index=0.5743 | val_HR=1.598 [0.606, 4.215] | val_logrank_p=0.3397 | val_AUC_mean=0.2916 (auc_365d=0.5805 auc_730d=0.1472 auc_1095d=0.1472)
  -> checkpoint saved (c_index=0.5743)
Epoch   3 | lr=1.00e-03 | loss=1.8969 | train_c_index=0.6580 | val_c_index=0.6172 | val_HR=2.291 [0.857, 6.127] | val_logrank_p=0.0901 | val_AUC_mean=0.4259 (auc_365d=0.6143 auc_730d=0.3317 auc_1095d=0.3317)
  -> checkpoint saved (c_index=0.6172)
Epoch   4 | lr=1.00e-03 | loss=1.8135 | train_c_index=0.6754 | val_c_index=0.6238 | val_HR=1.736 [0.658, 4.579] | val_logrank_p=0.2593 | val_AUC_mean=0.4598 (auc_365d=0.6034 auc_730d=0.3880 auc_1095d=0.3880)
  -> checkpoint saved (c_index=0.6238)
Epoch   5 | lr=9.97e-04 | loss=1.7879 | train_c_index=0.6907 | val_c_index=0.6238 | val_HR=1.736 [0.658, 4.579] | val_logrank_p=0.2593 | val_AUC_mean=0.4475 (auc_365d=0.5666 auc_730d=0.3880 auc_1095d=0.3880)
Epoch   6 | lr=9.87e-04 | loss=1.7725 | train_c_index=0.7022 | val_c_index=0.5908 | val_HR=1.519 [0.581, 3.971] | val_logrank_p=0.3910 | val_AUC_mean=0.4361 (auc_365d=0.5323 auc_730d=0.3880 auc_1095d=0.3880)
Epoch   7 | lr=9.70e-04 | loss=1.7149 | train_c_index=0.7111 | val_c_index=0.6040 | val_HR=2.004 [0.757, 5.306] | val_logrank_p=0.1538 | val_AUC_mean=0.4146 (auc_365d=0.5506 auc_730d=0.3465 auc_1095d=0.3465)
Epoch   8 | lr=9.47e-04 | loss=1.7429 | train_c_index=0.7200 | val_c_index=0.6073 | val_HR=2.115 [0.791, 5.655] | val_logrank_p=0.1274 | val_AUC_mean=0.3841 (auc_365d=0.5609 auc_730d=0.2957 auc_1095d=0.2957)
Epoch   9 | lr=9.19e-04 | loss=1.7914 | train_c_index=0.7298 | val_c_index=0.5842 | val_HR=1.890 [0.712, 5.018] | val_logrank_p=0.1945 | val_AUC_mean=0.4067 (auc_365d=0.5270 auc_730d=0.3465 auc_1095d=0.3465)
Epoch  10 | lr=8.84e-04 | loss=1.6709 | train_c_index=0.7324 | val_c_index=0.5710 | val_HR=1.275 [0.484, 3.356] | val_logrank_p=0.6223 | val_AUC_mean=0.4264 (auc_365d=0.5091 auc_730d=0.3851 auc_1095d=0.3851)
Epoch  11 | lr=8.45e-04 | loss=1.6662 | train_c_index=0.7498 | val_c_index=0.5743 | val_HR=1.275 [0.484, 3.356] | val_logrank_p=0.6223 | val_AUC_mean=0.4282 (auc_365d=0.5145 auc_730d=0.3851 auc_1095d=0.3851)
Epoch  12 | lr=8.01e-04 | loss=1.6755 | train_c_index=0.7587 | val_c_index=0.5479 | val_HR=1.386 [0.529, 3.633] | val_logrank_p=0.5053 | val_AUC_mean=0.4127 (auc_365d=0.4679 auc_730d=0.3851 auc_1095d=0.3851)
Epoch  13 | lr=7.52e-04 | loss=1.6381 | train_c_index=0.7608 | val_c_index=0.5380 | val_HR=1.386 [0.529, 3.633] | val_logrank_p=0.5053 | val_AUC_mean=0.3511 (auc_365d=0.4618 auc_730d=0.2957 auc_1095d=0.2957)
Epoch  14 | lr=7.01e-04 | loss=1.5747 | train_c_index=0.7732 | val_c_index=0.5314 | val_HR=1.089 [0.415, 2.852] | val_logrank_p=0.8625 | val_AUC_mean=0.3490 (auc_365d=0.4556 auc_730d=0.2957 auc_1095d=0.2957)
Epoch  15 | lr=6.47e-04 | loss=1.5327 | train_c_index=0.7825 | val_c_index=0.5281 | val_HR=1.089 [0.415, 2.852] | val_logrank_p=0.8625 | val_AUC_mean=0.3496 (auc_365d=0.4575 auc_730d=0.2957 auc_1095d=0.2957)
Epoch  16 | lr=5.91e-04 | loss=1.5675 | train_c_index=0.7847 | val_c_index=0.5512 | val_HR=1.211 [0.458, 3.200] | val_logrank_p=0.6986 | val_AUC_mean=0.3578 (auc_365d=0.4821 auc_730d=0.2957 auc_1095d=0.2957)
Epoch  17 | lr=5.34e-04 | loss=1.5780 | train_c_index=0.7898 | val_c_index=0.5413 | val_HR=1.211 [0.458, 3.200] | val_logrank_p=0.6986 | val_AUC_mean=0.3540 (auc_365d=0.4705 auc_730d=0.2957 auc_1095d=0.2957)
Epoch  18 | lr=4.76e-04 | loss=1.5306 | train_c_index=0.7944 | val_c_index=0.5314 | val_HR=1.211 [0.458, 3.200] | val_logrank_p=0.6986 | val_AUC_mean=0.3215 (auc_365d=0.4559 auc_730d=0.2543 auc_1095d=0.2543)
Epoch  19 | lr=4.19e-04 | loss=1.4994 | train_c_index=0.7987 | val_c_index=0.5347 | val_HR=1.211 [0.458, 3.200] | val_logrank_p=0.6986 | val_AUC_mean=0.3197 (auc_365d=0.4504 auc_730d=0.2543 auc_1095d=0.2543)
Epoch  20 | lr=3.63e-04 | loss=1.5027 | train_c_index=0.8025 | val_c_index=0.5413 | val_HR=1.211 [0.458, 3.200] | val_logrank_p=0.6986 | val_AUC_mean=0.3483 (auc_365d=0.4534 auc_730d=0.2957 auc_1095d=0.2957)
Epoch  21 | lr=3.09e-04 | loss=1.4925 | train_c_index=0.8068 | val_c_index=0.5248 | val_HR=1.211 [0.458, 3.200] | val_logrank_p=0.6986 | val_AUC_mean=0.3413 (auc_365d=0.4324 auc_730d=0.2957 auc_1095d=0.2957)
Epoch  22 | lr=2.58e-04 | loss=1.5419 | train_c_index=0.8059 | val_c_index=0.5314 | val_HR=1.211 [0.458, 3.200] | val_logrank_p=0.6986 | val_AUC_mean=0.3453 (auc_365d=0.4444 auc_730d=0.2957 auc_1095d=0.2957)
Epoch  23 | lr=2.09e-04 | loss=1.4497 | train_c_index=0.8102 | val_c_index=0.5314 | val_HR=1.211 [0.458, 3.200] | val_logrank_p=0.6986 | val_AUC_mean=0.3160 (auc_365d=0.4394 auc_730d=0.2543 auc_1095d=0.2543)
Epoch  24 | lr=1.65e-04 | loss=1.4485 | train_c_index=0.8110 | val_c_index=0.5281 | val_HR=1.211 [0.458, 3.200] | val_logrank_p=0.6986 | val_AUC_mean=0.3160 (auc_365d=0.4394 auc_730d=0.2543 auc_1095d=0.2543)
Epoch  25 | lr=1.26e-04 | loss=1.4574 | train_c_index=0.8131 | val_c_index=0.5281 | val_HR=1.211 [0.458, 3.200] | val_logrank_p=0.6986 | val_AUC_mean=0.3161 (auc_365d=0.4398 auc_730d=0.2543 auc_1095d=0.2543)
Epoch  26 | lr=9.14e-05 | loss=1.4555 | train_c_index=0.8144 | val_c_index=0.5281 | val_HR=1.211 [0.458, 3.200] | val_logrank_p=0.6986 | val_AUC_mean=0.3161 (auc_365d=0.4398 auc_730d=0.2543 auc_1095d=0.2543)
Epoch  27 | lr=6.27e-05 | loss=1.5000 | train_c_index=0.8144 | val_c_index=0.5281 | val_HR=1.211 [0.458, 3.200] | val_logrank_p=0.6986 | val_AUC_mean=0.3161 (auc_365d=0.4398 auc_730d=0.2543 auc_1095d=0.2543)
Epoch  28 | lr=3.99e-05 | loss=1.4662 | train_c_index=0.8157 | val_c_index=0.5314 | val_HR=1.211 [0.458, 3.200] | val_logrank_p=0.6986 | val_AUC_mean=0.3181 (auc_365d=0.4458 auc_730d=0.2543 auc_1095d=0.2543)
Epoch  29 | lr=2.33e-05 | loss=1.5128 | train_c_index=0.8153 | val_c_index=0.5314 | val_HR=1.211 [0.458, 3.200] | val_logrank_p=0.6986 | val_AUC_mean=0.3181 (auc_365d=0.4458 auc_730d=0.2543 auc_1095d=0.2543)
Epoch  30 | lr=1.33e-05 | loss=1.4929 | train_c_index=0.8157 | val_c_index=0.5314 | val_HR=1.211 [0.458, 3.200] | val_logrank_p=0.6986 | val_AUC_mean=0.3181 (auc_365d=0.4458 auc_730d=0.2543 auc_1095d=0.2543)

=== Internal Test (best checkpoint epoch 4) ===
test_c_index=0.6159 | test_HR=1.613 [0.583, 4.464] | test_logrank_p=0.3527 | test_AUC_mean=0.7631 (auc_365d=0.6845 auc_730d=0.6299 auc_1095d=0.9749)
  -> fold predictions saved: D:\wonse\Documents\Job\urban_datalab\PATH-ViT\.logs\kfold_preds\tcga_M5_STG_R_FOLD3OF5_seed84_fold3of5.csv
wandb: updating run metadata
wandb: uploading output.log
wandb: 
wandb: Run history:
wandb:              train/c_index ▁▄▄▅▅▅▆▆▆▆▇▇▇▇▇▇▇█████████████
wandb:                 train/loss █▇▆▅▅▅▄▄▅▄▄▄▃▂▂▂▂▂▂▂▂▂▁▁▁▁▂▁▂▂
wandb:                   train/lr ▃▆██████▇▇▇▇▆▆▅▅▅▄▄▃▃▃▂▂▂▂▁▁▁▁
wandb:   val_performance/auc_mean ▁▃▇██▇▇▆▆▇▇▇▅▅▅▅▅▄▄▅▄▅▄▄▄▄▄▄▄▄
wandb:    val_performance/c_index ▁▆███▆▇▇▆▆▆▄▄▄▃▅▄▄▄▄▃▄▄▃▃▃▃▄▄▄
wandb:         val_performance/hr ▁▅█▆▆▅▇▇▆▃▃▄▄▃▃▃▃▃▃▃▃▃▃▃▃▃▃▃▃▃
wandb: val_performance/log_rank_p ▅▃▁▃▃▄▂▁▂▆▆▅▅██▇▇▇▇▇▇▇▇▇▇▇▇▇▇▇
wandb: 
wandb: Run summary:
wandb:               best_epoch 4
wandb:         best_val_c_index 0.62376
wandb:            test_auc_mean 0.76308
wandb:             test_c_index 0.61592
wandb:                  test_hr 1.61312
wandb:          test_log_rank_p 0.3527
wandb:            train/c_index 0.81569
wandb:               train/loss 1.49294
wandb:                 train/lr 1e-05
wandb: val_performance/auc_mean 0.31814
wandb:                       +3 ...
wandb: 
wandb:  View run TCGA_M5_STG_R_FOLD3OF5_seed84_0816::1702 at: https://wandb.ai/justin212553/Path-ViT/runs/vmohpr6r
wandb:  View project at: https://wandb.ai/justin212553/Path-ViT
wandb: Synced 5 W&B file(s), 0 media file(s), 0 artifact file(s) and 0 other file(s)
wandb: Find logs at: .\.wandb\run-20260816_170246-vmohpr6r\logs

=== External Test (cptac 전체 코호트) ===
external_c_index=0.5637 | external_HR=1.318 [0.913, 1.903] | external_logrank_p=0.1415 | external_AUC_mean=0.5765 (auc_365d=0.5770 auc_730d=0.5995 auc_1095d=0.5531)
wandb: setting up run zneztst6
wandb: Tracking run with wandb version 0.28.0
wandb: Run data is saved locally in D:\wonse\Documents\Job\urban_datalab\PATH-ViT\.wandb\run-20260816_170353-zneztst6
wandb: Run `wandb offline` to turn off syncing.
wandb: Syncing run TCGA_XM5_STG_R_FOLD3OF5_seed84_0816::1702
wandb:  View project at https://wandb.ai/justin212553/Path-ViT
wandb:  View run at https://wandb.ai/justin212553/Path-ViT/runs/zneztst6
wandb: updating run metadata; uploading summary
wandb: uploading wandb-summary.json; uploading config.yaml; uploading wandb-metadata.json; uploading requirements.txt
wandb: 
wandb: Run history:
wandb:   external/auc_mean ▁
wandb:    external/c_index ▁
wandb:         external/hr ▁
wandb: external/log_rank_p ▁
wandb: 
wandb: Run summary:
wandb:   external/auc_mean 0.57654
wandb:    external/c_index 0.56366
wandb:         external/hr 1.31783
wandb: external/log_rank_p 0.14151
wandb: 
wandb:  View run TCGA_XM5_STG_R_FOLD3OF5_seed84_0816::1702 at: https://wandb.ai/justin212553/Path-ViT/runs/zneztst6
wandb:  View project at: https://wandb.ai/justin212553/Path-ViT
wandb: Synced 4 W&B file(s), 0 media file(s), 0 artifact file(s) and 0 other file(s)
wandb: Find logs at: .\.wandb\run-20260816_170353-zneztst6\logs
=== FINAL M5 seed=84 fold=3/5 Complete: Sun Aug 16 17:03:56     2026 ===
=== FINAL M5 seed=84 fold=4/5 Start: Sun Aug 16 17:03:56     2026 ===
wandb: [wandb.login()] Loaded credentials for https://api.wandb.ai from C:\Users\wonse\_netrc.
wandb: Currently logged in as: justin212553 to https://api.wandb.ai. Use `wandb login --relogin` to force relogin
wandb: setting up run 64q78rw4
wandb: Tracking run with wandb version 0.28.0
wandb: Run data is saved locally in D:\wonse\Documents\Job\urban_datalab\PATH-ViT\.wandb\run-20260816_170405-64q78rw4
wandb: Run `wandb offline` to turn off syncing.
wandb: Syncing run TCGA_M5_STG_R_FOLD4OF5_seed84_0816::1704
wandb:  View project at https://wandb.ai/justin212553/Path-ViT
wandb:  View run at https://wandb.ai/justin212553/Path-ViT/runs/64q78rw4
Model: M5_STG_R_FOLD4OF5 (ClinicalOnly) | params=5,313
Dataset: tcga  (5-fold CV, fold 4)  Train: 91  Val: 31  Test(internal): 30 patients
lr=1.0e-03 | weight_decay=1.0e-02 | epochs=30 | cox_batch_size=16
Epoch   1 | lr=3.33e-04 | loss=2.0609 | train_c_index=0.5273 | val_c_index=0.4840 | val_HR=0.832 [0.309, 2.242] | val_logrank_p=0.7232 | val_AUC_mean=0.4346 (auc_365d=0.4566 auc_730d=0.3751 auc_1095d=0.4720)
  -> checkpoint saved (c_index=0.4840)
Epoch   2 | lr=6.67e-04 | loss=1.9114 | train_c_index=0.6150 | val_c_index=0.6506 | val_HR=1.540 [0.557, 4.257] | val_logrank_p=0.3942 | val_AUC_mean=0.6219 (auc_365d=0.6884 auc_730d=0.4419 auc_1095d=0.7353)
  -> checkpoint saved (c_index=0.6506)
Epoch   3 | lr=1.00e-03 | loss=1.8610 | train_c_index=0.6465 | val_c_index=0.6891 | val_HR=2.330 [0.825, 6.578] | val_logrank_p=0.0969 | val_AUC_mean=0.6671 (auc_365d=0.6935 auc_730d=0.5083 auc_1095d=0.7996)
  -> checkpoint saved (c_index=0.6891)
Epoch   4 | lr=1.00e-03 | loss=1.9666 | train_c_index=0.6527 | val_c_index=0.6987 | val_HR=2.330 [0.825, 6.578] | val_logrank_p=0.0969 | val_AUC_mean=0.7047 (auc_365d=0.6879 auc_730d=0.5379 auc_1095d=0.8883)
  -> checkpoint saved (c_index=0.6987)
Epoch   5 | lr=9.97e-04 | loss=1.8559 | train_c_index=0.6711 | val_c_index=0.6763 | val_HR=2.404 [0.851, 6.790] | val_logrank_p=0.0847 | val_AUC_mean=0.6908 (auc_365d=0.6611 auc_730d=0.5229 auc_1095d=0.8883)
Epoch   6 | lr=9.87e-04 | loss=1.8246 | train_c_index=0.7018 | val_c_index=0.6282 | val_HR=2.404 [0.851, 6.790] | val_logrank_p=0.0847 | val_AUC_mean=0.6460 (auc_365d=0.6239 auc_730d=0.4943 auc_1095d=0.8199)
Epoch   7 | lr=9.70e-04 | loss=1.8134 | train_c_index=0.7068 | val_c_index=0.6282 | val_HR=1.581 [0.571, 4.378] | val_logrank_p=0.3663 | val_AUC_mean=0.6684 (auc_365d=0.6304 auc_730d=0.5298 auc_1095d=0.8449)
Epoch   8 | lr=9.47e-04 | loss=1.7670 | train_c_index=0.7154 | val_c_index=0.6218 | val_HR=2.404 [0.851, 6.790] | val_logrank_p=0.0847 | val_AUC_mean=0.6569 (auc_365d=0.6292 auc_730d=0.5215 auc_1095d=0.8199)
Epoch   9 | lr=9.19e-04 | loss=1.6621 | train_c_index=0.7186 | val_c_index=0.6250 | val_HR=2.404 [0.851, 6.790] | val_logrank_p=0.0847 | val_AUC_mean=0.6864 (auc_365d=0.6356 auc_730d=0.5421 auc_1095d=0.8816)
Epoch  10 | lr=8.84e-04 | loss=1.7821 | train_c_index=0.7301 | val_c_index=0.6250 | val_HR=2.404 [0.851, 6.790] | val_logrank_p=0.0847 | val_AUC_mean=0.6872 (auc_365d=0.6356 auc_730d=0.5444 auc_1095d=0.8816)
Epoch  11 | lr=8.45e-04 | loss=1.7258 | train_c_index=0.7367 | val_c_index=0.6218 | val_HR=2.404 [0.851, 6.790] | val_logrank_p=0.0847 | val_AUC_mean=0.6719 (auc_365d=0.6354 auc_730d=0.5330 auc_1095d=0.8474)
Epoch  12 | lr=8.01e-04 | loss=1.6734 | train_c_index=0.7465 | val_c_index=0.6218 | val_HR=2.376 [0.841, 6.712] | val_logrank_p=0.0892 | val_AUC_mean=0.6350 (auc_365d=0.6519 auc_730d=0.4944 auc_1095d=0.7586)
Epoch  13 | lr=7.52e-04 | loss=1.5860 | train_c_index=0.7588 | val_c_index=0.6090 | val_HR=2.964 [1.008, 8.715] | val_logrank_p=0.0367 | val_AUC_mean=0.6383 (auc_365d=0.6412 auc_730d=0.5150 auc_1095d=0.7586)
Epoch  14 | lr=7.01e-04 | loss=1.6614 | train_c_index=0.7670 | val_c_index=0.5962 | val_HR=1.955 [0.694, 5.510] | val_logrank_p=0.1907 | val_AUC_mean=0.6326 (auc_365d=0.6241 auc_730d=0.5150 auc_1095d=0.7586)
Epoch  15 | lr=6.47e-04 | loss=1.6735 | train_c_index=0.7760 | val_c_index=0.6090 | val_HR=1.862 [0.660, 5.256] | val_logrank_p=0.2266 | val_AUC_mean=0.6448 (auc_365d=0.6425 auc_730d=0.5333 auc_1095d=0.7586)
Epoch  16 | lr=5.91e-04 | loss=1.6179 | train_c_index=0.7781 | val_c_index=0.5929 | val_HR=1.862 [0.660, 5.256] | val_logrank_p=0.2266 | val_AUC_mean=0.6136 (auc_365d=0.6222 auc_730d=0.5144 auc_1095d=0.7041)
Epoch  17 | lr=5.34e-04 | loss=1.5011 | train_c_index=0.7822 | val_c_index=0.5833 | val_HR=1.862 [0.660, 5.256] | val_logrank_p=0.2266 | val_AUC_mean=0.6291 (auc_365d=0.6165 auc_730d=0.5120 auc_1095d=0.7586)
Epoch  18 | lr=4.76e-04 | loss=1.5522 | train_c_index=0.7855 | val_c_index=0.5962 | val_HR=1.862 [0.660, 5.256] | val_logrank_p=0.2266 | val_AUC_mean=0.6182 (auc_365d=0.6360 auc_730d=0.5144 auc_1095d=0.7041)
Epoch  19 | lr=4.19e-04 | loss=1.5758 | train_c_index=0.7846 | val_c_index=0.5994 | val_HR=1.862 [0.660, 5.256] | val_logrank_p=0.2266 | val_AUC_mean=0.6198 (auc_365d=0.6310 auc_730d=0.5243 auc_1095d=0.7041)
Epoch  20 | lr=3.63e-04 | loss=1.5540 | train_c_index=0.7863 | val_c_index=0.5994 | val_HR=1.862 [0.660, 5.256] | val_logrank_p=0.2266 | val_AUC_mean=0.6168 (auc_365d=0.6310 auc_730d=0.5153 auc_1095d=0.7041)
Epoch  21 | lr=3.09e-04 | loss=1.6165 | train_c_index=0.7924 | val_c_index=0.6090 | val_HR=1.862 [0.660, 5.256] | val_logrank_p=0.2266 | val_AUC_mean=0.6242 (auc_365d=0.6426 auc_730d=0.5258 auc_1095d=0.7041)
Epoch  22 | lr=2.58e-04 | loss=1.5808 | train_c_index=0.7977 | val_c_index=0.6058 | val_HR=1.862 [0.660, 5.256] | val_logrank_p=0.2266 | val_AUC_mean=0.6242 (auc_365d=0.6426 auc_730d=0.5258 auc_1095d=0.7041)
Epoch  23 | lr=2.09e-04 | loss=1.4983 | train_c_index=0.8002 | val_c_index=0.5994 | val_HR=1.862 [0.660, 5.256] | val_logrank_p=0.2266 | val_AUC_mean=0.6196 (auc_365d=0.6371 auc_730d=0.5177 auc_1095d=0.7041)
Epoch  24 | lr=1.65e-04 | loss=1.5352 | train_c_index=0.8014 | val_c_index=0.5994 | val_HR=1.862 [0.660, 5.256] | val_logrank_p=0.2266 | val_AUC_mean=0.6196 (auc_365d=0.6371 auc_730d=0.5177 auc_1095d=0.7041)
Epoch  25 | lr=1.26e-04 | loss=1.4829 | train_c_index=0.8006 | val_c_index=0.6026 | val_HR=1.862 [0.660, 5.256] | val_logrank_p=0.2266 | val_AUC_mean=0.6196 (auc_365d=0.6371 auc_730d=0.5177 auc_1095d=0.7041)
Epoch  26 | lr=9.14e-05 | loss=1.5288 | train_c_index=0.8006 | val_c_index=0.6058 | val_HR=1.862 [0.660, 5.256] | val_logrank_p=0.2266 | val_AUC_mean=0.6242 (auc_365d=0.6426 auc_730d=0.5258 auc_1095d=0.7041)
Epoch  27 | lr=6.27e-05 | loss=1.4830 | train_c_index=0.7986 | val_c_index=0.6090 | val_HR=1.862 [0.660, 5.256] | val_logrank_p=0.2266 | val_AUC_mean=0.6242 (auc_365d=0.6426 auc_730d=0.5258 auc_1095d=0.7041)
Epoch  28 | lr=3.99e-05 | loss=1.4785 | train_c_index=0.7986 | val_c_index=0.6090 | val_HR=1.862 [0.660, 5.256] | val_logrank_p=0.2266 | val_AUC_mean=0.6242 (auc_365d=0.6426 auc_730d=0.5258 auc_1095d=0.7041)
Epoch  29 | lr=2.33e-05 | loss=1.5095 | train_c_index=0.7986 | val_c_index=0.6090 | val_HR=1.862 [0.660, 5.256] | val_logrank_p=0.2266 | val_AUC_mean=0.6242 (auc_365d=0.6426 auc_730d=0.5258 auc_1095d=0.7041)
Epoch  30 | lr=1.33e-05 | loss=1.4016 | train_c_index=0.7990 | val_c_index=0.6090 | val_HR=1.862 [0.660, 5.256] | val_logrank_p=0.2266 | val_AUC_mean=0.6242 (auc_365d=0.6426 auc_730d=0.5258 auc_1095d=0.7041)

=== Internal Test (best checkpoint epoch 4) ===
test_c_index=0.5702 | test_HR=1.058 [0.391, 2.862] | test_logrank_p=0.9114 | test_AUC_mean=0.5112 (auc_365d=0.5556 auc_730d=0.5591 auc_1095d=0.4190)
  -> fold predictions saved: D:\wonse\Documents\Job\urban_datalab\PATH-ViT\.logs\kfold_preds\tcga_M5_STG_R_FOLD4OF5_seed84_fold4of5.csv
wandb: updating run metadata
wandb: uploading output.log; uploading config.yaml
wandb: 
wandb: Run history:
wandb:              train/c_index ▁▃▄▄▅▅▆▆▆▆▆▇▇▇▇▇██████████████
wandb:                 train/loss █▆▆▇▆▅▅▅▄▅▄▄▃▄▄▃▂▃▃▃▃▃▂▂▂▂▂▂▂▁
wandb:                   train/lr ▃▆██████▇▇▇▇▆▆▅▅▅▄▄▃▃▃▂▂▂▂▁▁▁▁
wandb:   val_performance/auc_mean ▁▆▇██▆▇▇██▇▆▆▆▆▆▆▆▆▆▆▆▆▆▆▆▆▆▆▆
wandb:    val_performance/c_index ▁▆██▇▆▆▅▆▆▅▅▅▅▅▅▄▅▅▅▅▅▅▅▅▅▅▅▅▅
wandb:         val_performance/hr ▁▃▆▆▆▆▃▆▆▆▆▆█▅▄▄▄▄▄▄▄▄▄▄▄▄▄▄▄▄
wandb: val_performance/log_rank_p █▅▂▂▁▁▄▁▁▁▁▂▁▃▃▃▃▃▃▃▃▃▃▃▃▃▃▃▃▃
wandb: 
wandb: Run summary:
wandb:               best_epoch 4
wandb:         best_val_c_index 0.69872
wandb:            test_auc_mean 0.51123
wandb:             test_c_index 0.57025
wandb:                  test_hr 1.058
wandb:          test_log_rank_p 0.91138
wandb:            train/c_index 0.79898
wandb:               train/loss 1.40163
wandb:                 train/lr 1e-05
wandb: val_performance/auc_mean 0.62419
wandb:                       +3 ...
wandb: 
wandb:  View run TCGA_M5_STG_R_FOLD4OF5_seed84_0816::1704 at: https://wandb.ai/justin212553/Path-ViT/runs/64q78rw4
wandb:  View project at: https://wandb.ai/justin212553/Path-ViT
wandb: Synced 5 W&B file(s), 0 media file(s), 0 artifact file(s) and 0 other file(s)
wandb: Find logs at: .\.wandb\run-20260816_170405-64q78rw4\logs

=== External Test (cptac 전체 코호트) ===
external_c_index=0.5469 | external_HR=1.233 [0.854, 1.781] | external_logrank_p=0.2654 | external_AUC_mean=0.5508 (auc_365d=0.5506 auc_730d=0.5661 auc_1095d=0.5357)
wandb: setting up run p51rmsn0
wandb: Tracking run with wandb version 0.28.0
wandb: Run data is saved locally in D:\wonse\Documents\Job\urban_datalab\PATH-ViT\.wandb\run-20260816_170512-p51rmsn0
wandb: Run `wandb offline` to turn off syncing.
wandb: Syncing run TCGA_XM5_STG_R_FOLD4OF5_seed84_0816::1704
wandb:  View project at https://wandb.ai/justin212553/Path-ViT
wandb:  View run at https://wandb.ai/justin212553/Path-ViT/runs/p51rmsn0
wandb: updating run metadata; uploading summary
wandb: uploading requirements.txt; uploading wandb-summary.json; uploading config.yaml; uploading wandb-metadata.json
wandb: 
wandb: Run history:
wandb:   external/auc_mean ▁
wandb:    external/c_index ▁
wandb:         external/hr ▁
wandb: external/log_rank_p ▁
wandb: 
wandb: Run summary:
wandb:   external/auc_mean 0.55078
wandb:    external/c_index 0.54691
wandb:         external/hr 1.23315
wandb: external/log_rank_p 0.26544
wandb: 
wandb:  View run TCGA_XM5_STG_R_FOLD4OF5_seed84_0816::1704 at: https://wandb.ai/justin212553/Path-ViT/runs/p51rmsn0
wandb:  View project at: https://wandb.ai/justin212553/Path-ViT
wandb: Synced 4 W&B file(s), 0 media file(s), 0 artifact file(s) and 0 other file(s)
wandb: Find logs at: .\.wandb\run-20260816_170512-p51rmsn0\logs
=== FINAL M5 seed=84 fold=4/5 Complete: Sun Aug 16 17:05:14     2026 ===
=== FINAL M5 seed=126 fold=0/5 Start: Sun Aug 16 17:05:14     2026 ===
wandb: [wandb.login()] Loaded credentials for https://api.wandb.ai from C:\Users\wonse\_netrc.
wandb: Currently logged in as: justin212553 to https://api.wandb.ai. Use `wandb login --relogin` to force relogin
wandb: setting up run cqsgzxev
wandb: Tracking run with wandb version 0.28.0
wandb: Run data is saved locally in D:\wonse\Documents\Job\urban_datalab\PATH-ViT\.wandb\run-20260816_170523-cqsgzxev
wandb: Run `wandb offline` to turn off syncing.
wandb: Syncing run TCGA_M5_STG_R_FOLD0OF5_seed126_0816::1705
wandb:  View project at https://wandb.ai/justin212553/Path-ViT
wandb:  View run at https://wandb.ai/justin212553/Path-ViT/runs/cqsgzxev
Model: M5_STG_R_FOLD0OF5 (ClinicalOnly) | params=5,313
Dataset: tcga  (5-fold CV, fold 0)  Train: 90  Val: 31  Test(internal): 31 patients
lr=1.0e-03 | weight_decay=1.0e-02 | epochs=30 | cox_batch_size=16
Epoch   1 | lr=3.33e-04 | loss=1.9711 | train_c_index=0.4894 | val_c_index=0.4115 | val_HR=0.323 [0.111, 0.941] | val_logrank_p=0.0304 | val_AUC_mean=0.2913 (auc_365d=0.4750 auc_730d=0.3255 auc_1095d=0.0733)
  -> checkpoint saved (c_index=0.4115)
Epoch   2 | lr=6.67e-04 | loss=2.0470 | train_c_index=0.5359 | val_c_index=0.4731 | val_HR=0.404 [0.146, 1.119] | val_logrank_p=0.0726 | val_AUC_mean=0.3846 (auc_365d=0.5865 auc_730d=0.4211 auc_1095d=0.1462)
  -> checkpoint saved (c_index=0.4731)
Epoch   3 | lr=1.00e-03 | loss=1.9612 | train_c_index=0.5760 | val_c_index=0.5115 | val_HR=1.194 [0.459, 3.107] | val_logrank_p=0.7165 | val_AUC_mean=0.4757 (auc_365d=0.6943 auc_730d=0.5035 auc_1095d=0.2294)
  -> checkpoint saved (c_index=0.5115)
Epoch   4 | lr=1.00e-03 | loss=1.9644 | train_c_index=0.5932 | val_c_index=0.5654 | val_HR=1.511 [0.580, 3.936] | val_logrank_p=0.3946 | val_AUC_mean=0.5322 (auc_365d=0.7645 auc_730d=0.5178 auc_1095d=0.3142)
  -> checkpoint saved (c_index=0.5654)
Epoch   5 | lr=9.97e-04 | loss=1.9633 | train_c_index=0.5916 | val_c_index=0.5462 | val_HR=1.420 [0.544, 3.705] | val_logrank_p=0.4717 | val_AUC_mean=0.5254 (auc_365d=0.7270 auc_730d=0.5190 auc_1095d=0.3302)
Epoch   6 | lr=9.87e-04 | loss=1.9389 | train_c_index=0.6113 | val_c_index=0.5346 | val_HR=1.193 [0.457, 3.113] | val_logrank_p=0.7184 | val_AUC_mean=0.5171 (auc_365d=0.7183 auc_730d=0.5028 auc_1095d=0.3302)
Epoch   7 | lr=9.70e-04 | loss=1.9489 | train_c_index=0.6149 | val_c_index=0.5308 | val_HR=1.193 [0.457, 3.113] | val_logrank_p=0.7184 | val_AUC_mean=0.4991 (auc_365d=0.6912 auc_730d=0.4976 auc_1095d=0.3085)
Epoch   8 | lr=9.47e-04 | loss=1.9329 | train_c_index=0.6241 | val_c_index=0.5154 | val_HR=1.180 [0.452, 3.078] | val_logrank_p=0.7348 | val_AUC_mean=0.4652 (auc_365d=0.6822 auc_730d=0.4902 auc_1095d=0.2232)
Epoch   9 | lr=9.19e-04 | loss=1.8378 | train_c_index=0.6381 | val_c_index=0.5038 | val_HR=1.498 [0.574, 3.907] | val_logrank_p=0.4056 | val_AUC_mean=0.4562 (auc_365d=0.6551 auc_730d=0.4902 auc_1095d=0.2232)
Epoch  10 | lr=8.84e-04 | loss=1.8676 | train_c_index=0.6510 | val_c_index=0.4885 | val_HR=0.893 [0.341, 2.341] | val_logrank_p=0.8176 | val_AUC_mean=0.4638 (auc_365d=0.6194 auc_730d=0.4636 auc_1095d=0.3085)
Epoch  11 | lr=8.45e-04 | loss=1.8943 | train_c_index=0.6522 | val_c_index=0.5077 | val_HR=0.893 [0.341, 2.341] | val_logrank_p=0.8176 | val_AUC_mean=0.4879 (auc_365d=0.6854 auc_730d=0.4697 auc_1095d=0.3085)
Epoch  12 | lr=8.01e-04 | loss=1.7201 | train_c_index=0.6630 | val_c_index=0.4923 | val_HR=1.498 [0.574, 3.907] | val_logrank_p=0.4056 | val_AUC_mean=0.4748 (auc_365d=0.6566 auc_730d=0.4754 auc_1095d=0.2925)
Epoch  13 | lr=7.52e-04 | loss=1.8142 | train_c_index=0.6730 | val_c_index=0.4923 | val_HR=1.498 [0.574, 3.907] | val_logrank_p=0.4056 | val_AUC_mean=0.4542 (auc_365d=0.6566 auc_730d=0.4828 auc_1095d=0.2232)
Epoch  14 | lr=7.01e-04 | loss=1.8201 | train_c_index=0.6798 | val_c_index=0.4885 | val_HR=0.846 [0.322, 2.222] | val_logrank_p=0.7342 | val_AUC_mean=0.4304 (auc_365d=0.6555 auc_730d=0.4606 auc_1095d=0.1751)
Epoch  15 | lr=6.47e-04 | loss=1.8319 | train_c_index=0.6870 | val_c_index=0.4769 | val_HR=0.824 [0.314, 2.160] | val_logrank_p=0.6934 | val_AUC_mean=0.4392 (auc_365d=0.6385 auc_730d=0.4693 auc_1095d=0.2099)
Epoch  16 | lr=5.91e-04 | loss=1.7536 | train_c_index=0.6915 | val_c_index=0.4846 | val_HR=0.824 [0.314, 2.160] | val_logrank_p=0.6934 | val_AUC_mean=0.4392 (auc_365d=0.6385 auc_730d=0.4693 auc_1095d=0.2099)
Epoch  17 | lr=5.34e-04 | loss=1.7800 | train_c_index=0.6939 | val_c_index=0.4692 | val_HR=0.893 [0.341, 2.341] | val_logrank_p=0.8176 | val_AUC_mean=0.4422 (auc_365d=0.6114 auc_730d=0.4722 auc_1095d=0.2430)
Epoch  18 | lr=4.76e-04 | loss=1.8136 | train_c_index=0.6967 | val_c_index=0.4538 | val_HR=0.893 [0.341, 2.341] | val_logrank_p=0.8176 | val_AUC_mean=0.4367 (auc_365d=0.5948 auc_730d=0.4722 auc_1095d=0.2430)
Epoch  19 | lr=4.19e-04 | loss=1.7082 | train_c_index=0.7007 | val_c_index=0.4654 | val_HR=0.824 [0.314, 2.160] | val_logrank_p=0.6934 | val_AUC_mean=0.4392 (auc_365d=0.6024 auc_730d=0.4722 auc_1095d=0.2430)
Epoch  20 | lr=3.63e-04 | loss=1.8367 | train_c_index=0.6967 | val_c_index=0.4731 | val_HR=0.824 [0.314, 2.160] | val_logrank_p=0.6934 | val_AUC_mean=0.4341 (auc_365d=0.6295 auc_730d=0.4631 auc_1095d=0.2099)
Epoch  21 | lr=3.09e-04 | loss=1.7569 | train_c_index=0.7043 | val_c_index=0.4654 | val_HR=0.824 [0.314, 2.160] | val_logrank_p=0.6934 | val_AUC_mean=0.4341 (auc_365d=0.6295 auc_730d=0.4631 auc_1095d=0.2099)
Epoch  22 | lr=2.58e-04 | loss=1.7680 | train_c_index=0.7067 | val_c_index=0.4577 | val_HR=0.824 [0.314, 2.160] | val_logrank_p=0.6934 | val_AUC_mean=0.4392 (auc_365d=0.6024 auc_730d=0.4722 auc_1095d=0.2430)
Epoch  23 | lr=2.09e-04 | loss=1.7580 | train_c_index=0.7111 | val_c_index=0.4500 | val_HR=0.824 [0.314, 2.160] | val_logrank_p=0.6934 | val_AUC_mean=0.4362 (auc_365d=0.5934 auc_730d=0.4722 auc_1095d=0.2430)
Epoch  24 | lr=1.65e-04 | loss=1.7388 | train_c_index=0.7171 | val_c_index=0.4423 | val_HR=0.824 [0.314, 2.160] | val_logrank_p=0.6934 | val_AUC_mean=0.4237 (auc_365d=0.5753 auc_730d=0.4660 auc_1095d=0.2296)
Epoch  25 | lr=1.26e-04 | loss=1.7508 | train_c_index=0.7163 | val_c_index=0.4462 | val_HR=0.824 [0.314, 2.160] | val_logrank_p=0.6934 | val_AUC_mean=0.4241 (auc_365d=0.5767 auc_730d=0.4660 auc_1095d=0.2296)
Epoch  26 | lr=9.14e-05 | loss=1.7455 | train_c_index=0.7183 | val_c_index=0.4500 | val_HR=0.824 [0.314, 2.160] | val_logrank_p=0.6934 | val_AUC_mean=0.4272 (auc_365d=0.5858 auc_730d=0.4660 auc_1095d=0.2296)
Epoch  27 | lr=6.27e-05 | loss=1.7109 | train_c_index=0.7179 | val_c_index=0.4500 | val_HR=0.824 [0.314, 2.160] | val_logrank_p=0.6934 | val_AUC_mean=0.4272 (auc_365d=0.5858 auc_730d=0.4660 auc_1095d=0.2296)
Epoch  28 | lr=3.99e-05 | loss=1.7928 | train_c_index=0.7183 | val_c_index=0.4423 | val_HR=0.824 [0.314, 2.160] | val_logrank_p=0.6934 | val_AUC_mean=0.4241 (auc_365d=0.5767 auc_730d=0.4660 auc_1095d=0.2296)
Epoch  29 | lr=2.33e-05 | loss=1.7523 | train_c_index=0.7179 | val_c_index=0.4423 | val_HR=0.824 [0.314, 2.160] | val_logrank_p=0.6934 | val_AUC_mean=0.4241 (auc_365d=0.5767 auc_730d=0.4660 auc_1095d=0.2296)
Epoch  30 | lr=1.33e-05 | loss=1.7284 | train_c_index=0.7179 | val_c_index=0.4423 | val_HR=0.824 [0.314, 2.160] | val_logrank_p=0.6934 | val_AUC_mean=0.4241 (auc_365d=0.5767 auc_730d=0.4660 auc_1095d=0.2296)

=== Internal Test (best checkpoint epoch 4) ===
test_c_index=0.6782 | test_HR=1.636 [0.607, 4.410] | test_logrank_p=0.3264 | test_AUC_mean=0.6486 (auc_365d=0.7164 auc_730d=0.5201 auc_1095d=0.7094)
  -> fold predictions saved: D:\wonse\Documents\Job\urban_datalab\PATH-ViT\.logs\kfold_preds\tcga_M5_STG_R_FOLD0OF5_seed126_fold0of5.csv
wandb: updating run metadata
wandb: uploading output.log; uploading wandb-summary.json; uploading config.yaml
wandb: 
wandb: Run history:
wandb:              train/c_index ▁▂▄▄▄▅▅▅▆▆▆▆▇▇▇▇▇▇▇▇██████████
wandb:                 train/loss ▆█▆▆▆▆▆▆▄▄▅▁▃▃▄▂▂▃▁▄▂▂▂▂▂▂▁▃▂▁
wandb:                   train/lr ▃▆██████▇▇▇▇▆▆▅▅▅▄▄▃▃▃▂▂▂▂▁▁▁▁
wandb:   val_performance/auc_mean ▁▄▆███▇▆▆▆▇▆▆▅▅▅▅▅▅▅▅▅▅▅▅▅▅▅▅▅
wandb:    val_performance/c_index ▁▄▆█▇▇▆▆▅▄▅▅▅▄▄▄▄▃▃▄▃▃▃▂▃▃▃▂▂▂
wandb:         val_performance/hr ▁▁▆█▇▆▆▆█▄▄██▄▄▄▄▄▄▄▄▄▄▄▄▄▄▄▄▄
wandb: val_performance/log_rank_p ▁▁▇▄▅▇▇▇▄██▄▄▇▇▇██▇▇▇▇▇▇▇▇▇▇▇▇
wandb: 
wandb: Run summary:
wandb:               best_epoch 4
wandb:         best_val_c_index 0.56538
wandb:            test_auc_mean 0.64864
wandb:             test_c_index 0.67816
wandb:                  test_hr 1.63562
wandb:          test_log_rank_p 0.3264
wandb:            train/c_index 0.71792
wandb:               train/loss 1.72844
wandb:                 train/lr 1e-05
wandb: val_performance/auc_mean 0.42414
wandb:                       +3 ...
wandb: 
wandb:  View run TCGA_M5_STG_R_FOLD0OF5_seed126_0816::1705 at: https://wandb.ai/justin212553/Path-ViT/runs/cqsgzxev
wandb:  View project at: https://wandb.ai/justin212553/Path-ViT
wandb: Synced 5 W&B file(s), 0 media file(s), 0 artifact file(s) and 0 other file(s)
wandb: Find logs at: .\.wandb\run-20260816_170523-cqsgzxev\logs

=== External Test (cptac 전체 코호트) ===
external_c_index=0.5513 | external_HR=1.345 [0.932, 1.942] | external_logrank_p=0.1133 | external_AUC_mean=0.5582 (auc_365d=0.5747 auc_730d=0.5623 auc_1095d=0.5375)
wandb: setting up run 7fk7xs55
wandb: Tracking run with wandb version 0.28.0
wandb: Run data is saved locally in D:\wonse\Documents\Job\urban_datalab\PATH-ViT\.wandb\run-20260816_170630-7fk7xs55
wandb: Run `wandb offline` to turn off syncing.
wandb: Syncing run TCGA_XM5_STG_R_FOLD0OF5_seed126_0816::1705
wandb:  View project at https://wandb.ai/justin212553/Path-ViT
wandb:  View run at https://wandb.ai/justin212553/Path-ViT/runs/7fk7xs55
wandb: updating run metadata; uploading summary
wandb: uploading wandb-metadata.json; uploading requirements.txt; uploading wandb-summary.json; uploading config.yaml
wandb: 
wandb: Run history:
wandb:   external/auc_mean ▁
wandb:    external/c_index ▁
wandb:         external/hr ▁
wandb: external/log_rank_p ▁
wandb: 
wandb: Run summary:
wandb:   external/auc_mean 0.55817
wandb:    external/c_index 0.55133
wandb:         external/hr 1.34533
wandb: external/log_rank_p 0.11331
wandb: 
wandb:  View run TCGA_XM5_STG_R_FOLD0OF5_seed126_0816::1705 at: https://wandb.ai/justin212553/Path-ViT/runs/7fk7xs55
wandb:  View project at: https://wandb.ai/justin212553/Path-ViT
wandb: Synced 4 W&B file(s), 0 media file(s), 0 artifact file(s) and 0 other file(s)
wandb: Find logs at: .\.wandb\run-20260816_170630-7fk7xs55\logs
=== FINAL M5 seed=126 fold=0/5 Complete: Sun Aug 16 17:06:32     2026 ===
=== FINAL M5 seed=126 fold=1/5 Start: Sun Aug 16 17:06:33     2026 ===
wandb: [wandb.login()] Loaded credentials for https://api.wandb.ai from C:\Users\wonse\_netrc.
wandb: Currently logged in as: justin212553 to https://api.wandb.ai. Use `wandb login --relogin` to force relogin
wandb: setting up run ocywfo3k
wandb: Tracking run with wandb version 0.28.0
wandb: Run data is saved locally in D:\wonse\Documents\Job\urban_datalab\PATH-ViT\.wandb\run-20260816_170642-ocywfo3k
wandb: Run `wandb offline` to turn off syncing.
wandb: Syncing run TCGA_M5_STG_R_FOLD1OF5_seed126_0816::1706
wandb:  View project at https://wandb.ai/justin212553/Path-ViT
wandb:  View run at https://wandb.ai/justin212553/Path-ViT/runs/ocywfo3k
Model: M5_STG_R_FOLD1OF5 (ClinicalOnly) | params=5,313
Dataset: tcga  (5-fold CV, fold 1)  Train: 91  Val: 31  Test(internal): 30 patients
lr=1.0e-03 | weight_decay=1.0e-02 | epochs=30 | cox_batch_size=16
Epoch   1 | lr=3.33e-04 | loss=2.0029 | train_c_index=0.5827 | val_c_index=0.5817 | val_HR=1.641 [0.606, 4.440] | val_logrank_p=0.3243 | val_AUC_mean=0.6357 (auc_365d=0.6185 auc_730d=0.4815 auc_1095d=0.8071)
  -> checkpoint saved (c_index=0.5817)
Epoch   2 | lr=6.67e-04 | loss=1.9292 | train_c_index=0.6378 | val_c_index=0.5976 | val_HR=1.561 [0.576, 4.226] | val_logrank_p=0.3761 | val_AUC_mean=0.6772 (auc_365d=0.6317 auc_730d=0.5764 auc_1095d=0.8235)
  -> checkpoint saved (c_index=0.5976)
Epoch   3 | lr=1.00e-03 | loss=1.8343 | train_c_index=0.6584 | val_c_index=0.6295 | val_HR=2.032 [0.732, 5.640] | val_logrank_p=0.1635 | val_AUC_mean=0.7041 (auc_365d=0.6216 auc_730d=0.6169 auc_1095d=0.8737)
  -> checkpoint saved (c_index=0.6295)
Epoch   4 | lr=1.00e-03 | loss=1.9070 | train_c_index=0.6632 | val_c_index=0.6295 | val_HR=1.619 [0.598, 4.384] | val_logrank_p=0.3301 | val_AUC_mean=0.6974 (auc_365d=0.6309 auc_730d=0.5877 auc_1095d=0.8737)
Epoch   5 | lr=9.97e-04 | loss=1.8246 | train_c_index=0.6757 | val_c_index=0.6255 | val_HR=2.080 [0.749, 5.772] | val_logrank_p=0.1455 | val_AUC_mean=0.7007 (auc_365d=0.6302 auc_730d=0.5984 auc_1095d=0.8737)
Epoch   6 | lr=9.87e-04 | loss=1.8072 | train_c_index=0.6789 | val_c_index=0.6135 | val_HR=2.080 [0.749, 5.772] | val_logrank_p=0.1455 | val_AUC_mean=0.6887 (auc_365d=0.6046 auc_730d=0.5877 auc_1095d=0.8737)
Epoch   7 | lr=9.70e-04 | loss=1.8618 | train_c_index=0.6881 | val_c_index=0.6135 | val_HR=2.080 [0.749, 5.772] | val_logrank_p=0.1455 | val_AUC_mean=0.6976 (auc_365d=0.6209 auc_730d=0.5984 auc_1095d=0.8737)
Epoch   8 | lr=9.47e-04 | loss=1.7742 | train_c_index=0.7018 | val_c_index=0.6056 | val_HR=1.643 [0.594, 4.544] | val_logrank_p=0.3250 | val_AUC_mean=0.6853 (auc_365d=0.5953 auc_730d=0.5868 auc_1095d=0.8737)
Epoch   9 | lr=9.19e-04 | loss=1.8504 | train_c_index=0.7099 | val_c_index=0.6414 | val_HR=2.080 [0.749, 5.772] | val_logrank_p=0.1455 | val_AUC_mean=0.7003 (auc_365d=0.6402 auc_730d=0.6120 auc_1095d=0.8486)
  -> checkpoint saved (c_index=0.6414)
Epoch  10 | lr=8.84e-04 | loss=1.7507 | train_c_index=0.7175 | val_c_index=0.6414 | val_HR=2.080 [0.749, 5.772] | val_logrank_p=0.1455 | val_AUC_mean=0.7044 (auc_365d=0.6410 auc_730d=0.6236 auc_1095d=0.8486)
Epoch  11 | lr=8.45e-04 | loss=1.6973 | train_c_index=0.7247 | val_c_index=0.6016 | val_HR=1.643 [0.594, 4.544] | val_logrank_p=0.3250 | val_AUC_mean=0.6599 (auc_365d=0.5698 auc_730d=0.5612 auc_1095d=0.8486)
Epoch  12 | lr=8.01e-04 | loss=1.7470 | train_c_index=0.7239 | val_c_index=0.5976 | val_HR=2.515 [0.864, 7.321] | val_logrank_p=0.0793 | val_AUC_mean=0.6601 (auc_365d=0.5698 auc_730d=0.5621 auc_1095d=0.8486)
Epoch  13 | lr=7.52e-04 | loss=1.7360 | train_c_index=0.7207 | val_c_index=0.5936 | val_HR=1.585 [0.573, 4.387] | val_logrank_p=0.3687 | val_AUC_mean=0.6673 (auc_365d=0.5512 auc_730d=0.5770 auc_1095d=0.8737)
Epoch  14 | lr=7.01e-04 | loss=1.7492 | train_c_index=0.7243 | val_c_index=0.5777 | val_HR=1.585 [0.573, 4.387] | val_logrank_p=0.3687 | val_AUC_mean=0.6425 (auc_365d=0.5427 auc_730d=0.5363 auc_1095d=0.8486)
Epoch  15 | lr=6.47e-04 | loss=1.7071 | train_c_index=0.7320 | val_c_index=0.5777 | val_HR=1.643 [0.594, 4.544] | val_logrank_p=0.3250 | val_AUC_mean=0.6323 (auc_365d=0.5520 auc_730d=0.5214 auc_1095d=0.8235)
Epoch  16 | lr=5.91e-04 | loss=1.7053 | train_c_index=0.7416 | val_c_index=0.5857 | val_HR=1.643 [0.594, 4.544] | val_logrank_p=0.3250 | val_AUC_mean=0.6354 (auc_365d=0.5613 auc_730d=0.5214 auc_1095d=0.8235)
Epoch  17 | lr=5.34e-04 | loss=1.7443 | train_c_index=0.7473 | val_c_index=0.5697 | val_HR=1.643 [0.594, 4.544] | val_logrank_p=0.3250 | val_AUC_mean=0.6136 (auc_365d=0.5535 auc_730d=0.5000 auc_1095d=0.7874)
Epoch  18 | lr=4.76e-04 | loss=1.7196 | train_c_index=0.7533 | val_c_index=0.5498 | val_HR=1.643 [0.594, 4.544] | val_logrank_p=0.3250 | val_AUC_mean=0.5961 (auc_365d=0.5009 auc_730d=0.5000 auc_1095d=0.7874)
Epoch  19 | lr=4.19e-04 | loss=1.6614 | train_c_index=0.7577 | val_c_index=0.5498 | val_HR=1.643 [0.594, 4.544] | val_logrank_p=0.3250 | val_AUC_mean=0.5813 (auc_365d=0.5009 auc_730d=0.4556 auc_1095d=0.7874)
Epoch  20 | lr=3.63e-04 | loss=1.6316 | train_c_index=0.7581 | val_c_index=0.5618 | val_HR=1.643 [0.594, 4.544] | val_logrank_p=0.3250 | val_AUC_mean=0.5878 (auc_365d=0.5202 auc_730d=0.4556 auc_1095d=0.7874)
Epoch  21 | lr=3.09e-04 | loss=1.6260 | train_c_index=0.7586 | val_c_index=0.5697 | val_HR=1.643 [0.594, 4.544] | val_logrank_p=0.3250 | val_AUC_mean=0.5934 (auc_365d=0.5372 auc_730d=0.4556 auc_1095d=0.7874)
Epoch  22 | lr=2.58e-04 | loss=1.6803 | train_c_index=0.7614 | val_c_index=0.5697 | val_HR=1.643 [0.594, 4.544] | val_logrank_p=0.3250 | val_AUC_mean=0.5937 (auc_365d=0.5380 auc_730d=0.4556 auc_1095d=0.7874)
Epoch  23 | lr=2.09e-04 | loss=1.6214 | train_c_index=0.7670 | val_c_index=0.5817 | val_HR=1.643 [0.594, 4.544] | val_logrank_p=0.3250 | val_AUC_mean=0.6027 (auc_365d=0.5473 auc_730d=0.4733 auc_1095d=0.7874)
Epoch  24 | lr=1.65e-04 | loss=1.5077 | train_c_index=0.7702 | val_c_index=0.5817 | val_HR=1.643 [0.594, 4.544] | val_logrank_p=0.3250 | val_AUC_mean=0.6027 (auc_365d=0.5473 auc_730d=0.4733 auc_1095d=0.7874)
Epoch  25 | lr=1.26e-04 | loss=1.6743 | train_c_index=0.7734 | val_c_index=0.5857 | val_HR=1.643 [0.594, 4.544] | val_logrank_p=0.3250 | val_AUC_mean=0.6097 (auc_365d=0.5566 auc_730d=0.4850 auc_1095d=0.7874)
Epoch  26 | lr=9.14e-05 | loss=1.6950 | train_c_index=0.7746 | val_c_index=0.5857 | val_HR=1.643 [0.594, 4.544] | val_logrank_p=0.3250 | val_AUC_mean=0.6097 (auc_365d=0.5566 auc_730d=0.4850 auc_1095d=0.7874)
Epoch  27 | lr=6.27e-05 | loss=1.7800 | train_c_index=0.7759 | val_c_index=0.5777 | val_HR=1.643 [0.594, 4.544] | val_logrank_p=0.3250 | val_AUC_mean=0.6068 (auc_365d=0.5480 auc_730d=0.4850 auc_1095d=0.7874)
Epoch  28 | lr=3.99e-05 | loss=1.7046 | train_c_index=0.7746 | val_c_index=0.5777 | val_HR=1.643 [0.594, 4.544] | val_logrank_p=0.3250 | val_AUC_mean=0.6068 (auc_365d=0.5480 auc_730d=0.4850 auc_1095d=0.7874)
Epoch  29 | lr=2.33e-05 | loss=1.6299 | train_c_index=0.7751 | val_c_index=0.5777 | val_HR=1.643 [0.594, 4.544] | val_logrank_p=0.3250 | val_AUC_mean=0.6068 (auc_365d=0.5480 auc_730d=0.4850 auc_1095d=0.7874)
Epoch  30 | lr=1.33e-05 | loss=1.6376 | train_c_index=0.7751 | val_c_index=0.5777 | val_HR=1.643 [0.594, 4.544] | val_logrank_p=0.3250 | val_AUC_mean=0.6068 (auc_365d=0.5480 auc_730d=0.4850 auc_1095d=0.7874)

=== Internal Test (best checkpoint epoch 9) ===
test_c_index=0.4296 | test_HR=0.597 [0.220, 1.621] | test_logrank_p=0.3068 | test_AUC_mean=0.4570 (auc_365d=0.3582 auc_730d=0.4972 auc_1095d=0.5155)
  -> fold predictions saved: D:\wonse\Documents\Job\urban_datalab\PATH-ViT\.logs\kfold_preds\tcga_M5_STG_R_FOLD1OF5_seed126_fold1of5.csv
wandb: updating run metadata
wandb: uploading history steps 26-29, summary, console lines 34-40
wandb: 
wandb: Run history:
wandb:              train/c_index ▁▃▄▄▄▄▅▅▆▆▆▆▆▆▆▇▇▇▇▇▇▇████████
wandb:                 train/loss █▇▆▇▅▅▆▅▆▄▄▄▄▄▄▄▄▄▃▃▃▃▃▁▃▄▅▄▃▃
wandb:                   train/lr ▃▆██████▇▇▇▇▆▆▅▅▅▄▄▃▃▃▂▂▂▂▁▁▁▁
wandb:   val_performance/auc_mean ▄▆███▇█▇██▅▅▆▄▄▄▃▂▁▁▂▂▂▂▃▃▂▂▂▂
wandb:    val_performance/c_index ▃▅▇▇▇▆▆▅██▅▅▄▃▃▄▃▁▁▂▃▃▃▃▄▄▃▃▃▃
wandb:         val_performance/hr ▂▁▄▁▅▅▅▂▅▅▂█▁▁▂▂▂▂▂▂▂▂▂▂▂▂▂▂▂▂
wandb: val_performance/log_rank_p ▇█▃▇▃▃▃▇▃▃▇▁██▇▇▇▇▇▇▇▇▇▇▇▇▇▇▇▇
wandb: 
wandb: Run summary:
wandb:               best_epoch 9
wandb:         best_val_c_index 0.64143
wandb:            test_auc_mean 0.45697
wandb:             test_c_index 0.42958
wandb:                  test_hr 0.59747
wandb:          test_log_rank_p 0.3068
wandb:            train/c_index 0.77505
wandb:               train/loss 1.63756
wandb:                 train/lr 1e-05
wandb: val_performance/auc_mean 0.60682
wandb:                       +3 ...
wandb: 
wandb:  View run TCGA_M5_STG_R_FOLD1OF5_seed126_0816::1706 at: https://wandb.ai/justin212553/Path-ViT/runs/ocywfo3k
wandb:  View project at: https://wandb.ai/justin212553/Path-ViT
wandb: Synced 5 W&B file(s), 0 media file(s), 0 artifact file(s) and 0 other file(s)
wandb: Find logs at: .\.wandb\run-20260816_170642-ocywfo3k\logs

=== External Test (cptac 전체 코호트) ===
external_c_index=0.5257 | external_HR=1.012 [0.700, 1.464] | external_logrank_p=0.9486 | external_AUC_mean=0.5149 (auc_365d=0.5144 auc_730d=0.5702 auc_1095d=0.4602)
wandb: setting up run 2ncyutaz
wandb: Tracking run with wandb version 0.28.0
wandb: Run data is saved locally in D:\wonse\Documents\Job\urban_datalab\PATH-ViT\.wandb\run-20260816_170752-2ncyutaz
wandb: Run `wandb offline` to turn off syncing.
wandb: Syncing run TCGA_XM5_STG_R_FOLD1OF5_seed126_0816::1706
wandb:  View project at https://wandb.ai/justin212553/Path-ViT
wandb:  View run at https://wandb.ai/justin212553/Path-ViT/runs/2ncyutaz
wandb: updating run metadata; uploading summary
wandb: 
wandb: Run history:
wandb:   external/auc_mean ▁
wandb:    external/c_index ▁
wandb:         external/hr ▁
wandb: external/log_rank_p ▁
wandb: 
wandb: Run summary:
wandb:   external/auc_mean 0.51493
wandb:    external/c_index 0.52573
wandb:         external/hr 1.01243
wandb: external/log_rank_p 0.94859
wandb: 
wandb:  View run TCGA_XM5_STG_R_FOLD1OF5_seed126_0816::1706 at: https://wandb.ai/justin212553/Path-ViT/runs/2ncyutaz
wandb:  View project at: https://wandb.ai/justin212553/Path-ViT
wandb: Synced 4 W&B file(s), 0 media file(s), 0 artifact file(s) and 0 other file(s)
wandb: Find logs at: .\.wandb\run-20260816_170752-2ncyutaz\logs
=== FINAL M5 seed=126 fold=1/5 Complete: Sun Aug 16 17:08:02     2026 ===
=== FINAL M5 seed=126 fold=2/5 Start: Sun Aug 16 17:08:02     2026 ===
wandb: [wandb.login()] Loaded credentials for https://api.wandb.ai from C:\Users\wonse\_netrc.
wandb: Currently logged in as: justin212553 to https://api.wandb.ai. Use `wandb login --relogin` to force relogin
wandb: setting up run ehujlh7u
wandb: Tracking run with wandb version 0.28.0
wandb: Run data is saved locally in D:\wonse\Documents\Job\urban_datalab\PATH-ViT\.wandb\run-20260816_170811-ehujlh7u
wandb: Run `wandb offline` to turn off syncing.
wandb: Syncing run TCGA_M5_STG_R_FOLD2OF5_seed126_0816::1708
wandb:  View project at https://wandb.ai/justin212553/Path-ViT
wandb:  View run at https://wandb.ai/justin212553/Path-ViT/runs/ehujlh7u
Model: M5_STG_R_FOLD2OF5 (ClinicalOnly) | params=5,313
Dataset: tcga  (5-fold CV, fold 2)  Train: 92  Val: 31  Test(internal): 29 patients
lr=1.0e-03 | weight_decay=1.0e-02 | epochs=30 | cox_batch_size=16
Epoch   1 | lr=3.33e-04 | loss=2.1676 | train_c_index=0.4966 | val_c_index=0.4710 | val_HR=0.758 [0.288, 1.997] | val_logrank_p=0.5730 | val_AUC_mean=0.5690 (auc_365d=0.5093 auc_730d=0.5458 auc_1095d=0.6520)
  -> checkpoint saved (c_index=0.4710)
Epoch   2 | lr=6.67e-04 | loss=1.9786 | train_c_index=0.5658 | val_c_index=0.4457 | val_HR=0.559 [0.206, 1.515] | val_logrank_p=0.2450 | val_AUC_mean=0.4964 (auc_365d=0.4915 auc_730d=0.4524 auc_1095d=0.5452)
Epoch   3 | lr=1.00e-03 | loss=1.9715 | train_c_index=0.5938 | val_c_index=0.4928 | val_HR=0.571 [0.211, 1.548] | val_logrank_p=0.2633 | val_AUC_mean=0.4783 (auc_365d=0.5154 auc_730d=0.4894 auc_1095d=0.4302)
  -> checkpoint saved (c_index=0.4928)
Epoch   4 | lr=1.00e-03 | loss=1.9266 | train_c_index=0.6199 | val_c_index=0.5072 | val_HR=0.830 [0.315, 2.187] | val_logrank_p=0.6962 | val_AUC_mean=0.4631 (auc_365d=0.5529 auc_730d=0.4621 auc_1095d=0.3743)
  -> checkpoint saved (c_index=0.5072)
Epoch   5 | lr=9.97e-04 | loss=1.8702 | train_c_index=0.6317 | val_c_index=0.5000 | val_HR=0.830 [0.315, 2.187] | val_logrank_p=0.6962 | val_AUC_mean=0.4357 (auc_365d=0.5378 auc_730d=0.4387 auc_1095d=0.3306)
Epoch   6 | lr=9.87e-04 | loss=1.8767 | train_c_index=0.6440 | val_c_index=0.5036 | val_HR=0.830 [0.315, 2.187] | val_logrank_p=0.6962 | val_AUC_mean=0.4353 (auc_365d=0.5290 auc_730d=0.4464 auc_1095d=0.3306)
Epoch   7 | lr=9.70e-04 | loss=1.9184 | train_c_index=0.6507 | val_c_index=0.5000 | val_HR=0.747 [0.284, 1.968] | val_logrank_p=0.5520 | val_AUC_mean=0.4388 (auc_365d=0.5122 auc_730d=0.4602 auc_1095d=0.3440)
Epoch   8 | lr=9.47e-04 | loss=1.8609 | train_c_index=0.6586 | val_c_index=0.4964 | val_HR=0.747 [0.284, 1.968] | val_logrank_p=0.5520 | val_AUC_mean=0.4500 (auc_365d=0.5122 auc_730d=0.4938 auc_1095d=0.3440)
Epoch   9 | lr=9.19e-04 | loss=1.8487 | train_c_index=0.6586 | val_c_index=0.4710 | val_HR=0.747 [0.284, 1.968] | val_logrank_p=0.5520 | val_AUC_mean=0.4219 (auc_365d=0.4835 auc_730d=0.4382 auc_1095d=0.3440)
Epoch  10 | lr=8.84e-04 | loss=1.8063 | train_c_index=0.6716 | val_c_index=0.4638 | val_HR=0.626 [0.231, 1.697] | val_logrank_p=0.3515 | val_AUC_mean=0.4081 (auc_365d=0.4604 auc_730d=0.4317 auc_1095d=0.3322)
Epoch  11 | lr=8.45e-04 | loss=1.8146 | train_c_index=0.6787 | val_c_index=0.4601 | val_HR=0.626 [0.231, 1.697] | val_logrank_p=0.3515 | val_AUC_mean=0.3997 (auc_365d=0.4532 auc_730d=0.4253 auc_1095d=0.3205)
Epoch  12 | lr=8.01e-04 | loss=1.7409 | train_c_index=0.6925 | val_c_index=0.4601 | val_HR=0.626 [0.231, 1.697] | val_logrank_p=0.3515 | val_AUC_mean=0.3999 (auc_365d=0.4540 auc_730d=0.4253 auc_1095d=0.3205)
Epoch  13 | lr=7.52e-04 | loss=1.7421 | train_c_index=0.7012 | val_c_index=0.4420 | val_HR=0.507 [0.178, 1.444] | val_logrank_p=0.1970 | val_AUC_mean=0.3841 (auc_365d=0.4540 auc_730d=0.3921 auc_1095d=0.3062)
Epoch  14 | lr=7.01e-04 | loss=1.6981 | train_c_index=0.7040 | val_c_index=0.4203 | val_HR=0.563 [0.206, 1.538] | val_logrank_p=0.2588 | val_AUC_mean=0.3573 (auc_365d=0.4157 auc_730d=0.3501 auc_1095d=0.3062)
Epoch  15 | lr=6.47e-04 | loss=1.7008 | train_c_index=0.7135 | val_c_index=0.4203 | val_HR=0.563 [0.206, 1.538] | val_logrank_p=0.2588 | val_AUC_mean=0.3565 (auc_365d=0.4141 auc_730d=0.3494 auc_1095d=0.3062)
Epoch  16 | lr=5.91e-04 | loss=1.7354 | train_c_index=0.7261 | val_c_index=0.3949 | val_HR=0.456 [0.160, 1.300] | val_logrank_p=0.1332 | val_AUC_mean=0.3436 (auc_365d=0.3694 auc_730d=0.3554 auc_1095d=0.3062)
Epoch  17 | lr=5.34e-04 | loss=1.6930 | train_c_index=0.7391 | val_c_index=0.4094 | val_HR=0.523 [0.192, 1.423] | val_logrank_p=0.1992 | val_AUC_mean=0.3609 (auc_365d=0.3774 auc_730d=0.3986 auc_1095d=0.3066)
Epoch  18 | lr=4.76e-04 | loss=1.6927 | train_c_index=0.7431 | val_c_index=0.4239 | val_HR=0.571 [0.210, 1.549] | val_logrank_p=0.2631 | val_AUC_mean=0.3768 (auc_365d=0.4165 auc_730d=0.4073 auc_1095d=0.3066)
Epoch  19 | lr=4.19e-04 | loss=1.6193 | train_c_index=0.7490 | val_c_index=0.4348 | val_HR=0.516 [0.189, 1.410] | val_logrank_p=0.1880 | val_AUC_mean=0.3946 (auc_365d=0.4388 auc_730d=0.4383 auc_1095d=0.3066)
Epoch  20 | lr=3.63e-04 | loss=1.6323 | train_c_index=0.7557 | val_c_index=0.4420 | val_HR=0.817 [0.309, 2.160] | val_logrank_p=0.6811 | val_AUC_mean=0.3996 (auc_365d=0.4540 auc_730d=0.4383 auc_1095d=0.3066)
Epoch  21 | lr=3.09e-04 | loss=1.5776 | train_c_index=0.7620 | val_c_index=0.4384 | val_HR=0.591 [0.218, 1.602] | val_logrank_p=0.2940 | val_AUC_mean=0.3962 (auc_365d=0.4468 auc_730d=0.4353 auc_1095d=0.3066)
Epoch  22 | lr=2.58e-04 | loss=1.6627 | train_c_index=0.7617 | val_c_index=0.4275 | val_HR=0.591 [0.218, 1.602] | val_logrank_p=0.2940 | val_AUC_mean=0.3813 (auc_365d=0.4157 auc_730d=0.4216 auc_1095d=0.3066)
Epoch  23 | lr=2.09e-04 | loss=1.6485 | train_c_index=0.7640 | val_c_index=0.4312 | val_HR=0.747 [0.284, 1.968] | val_logrank_p=0.5520 | val_AUC_mean=0.3856 (auc_365d=0.4220 auc_730d=0.4281 auc_1095d=0.3066)
Epoch  24 | lr=1.65e-04 | loss=1.6709 | train_c_index=0.7656 | val_c_index=0.4275 | val_HR=0.591 [0.218, 1.602] | val_logrank_p=0.2940 | val_AUC_mean=0.3856 (auc_365d=0.4220 auc_730d=0.4281 auc_1095d=0.3066)
Epoch  25 | lr=1.26e-04 | loss=1.5488 | train_c_index=0.7656 | val_c_index=0.4130 | val_HR=0.591 [0.218, 1.602] | val_logrank_p=0.2940 | val_AUC_mean=0.3763 (auc_365d=0.4005 auc_730d=0.4216 auc_1095d=0.3066)
Epoch  26 | lr=9.14e-05 | loss=1.6534 | train_c_index=0.7660 | val_c_index=0.4130 | val_HR=0.591 [0.218, 1.602] | val_logrank_p=0.2940 | val_AUC_mean=0.3763 (auc_365d=0.4005 auc_730d=0.4216 auc_1095d=0.3066)
Epoch  27 | lr=6.27e-05 | loss=1.6061 | train_c_index=0.7680 | val_c_index=0.4094 | val_HR=0.591 [0.218, 1.602] | val_logrank_p=0.2940 | val_AUC_mean=0.3739 (auc_365d=0.3933 auc_730d=0.4216 auc_1095d=0.3066)
Epoch  28 | lr=3.99e-05 | loss=1.6715 | train_c_index=0.7676 | val_c_index=0.4094 | val_HR=0.929 [0.353, 2.444] | val_logrank_p=0.8793 | val_AUC_mean=0.3763 (auc_365d=0.4005 auc_730d=0.4216 auc_1095d=0.3066)
Epoch  29 | lr=2.33e-05 | loss=1.5720 | train_c_index=0.7688 | val_c_index=0.4094 | val_HR=0.929 [0.353, 2.444] | val_logrank_p=0.8793 | val_AUC_mean=0.3763 (auc_365d=0.4005 auc_730d=0.4216 auc_1095d=0.3066)
Epoch  30 | lr=1.33e-05 | loss=1.5825 | train_c_index=0.7692 | val_c_index=0.4094 | val_HR=0.929 [0.353, 2.444] | val_logrank_p=0.8793 | val_AUC_mean=0.3763 (auc_365d=0.4005 auc_730d=0.4216 auc_1095d=0.3066)

=== Internal Test (best checkpoint epoch 4) ===
test_c_index=0.6639 | test_HR=2.171 [0.738, 6.386] | test_logrank_p=0.1489 | test_AUC_mean=0.7793 (auc_365d=0.6779 auc_730d=0.7670 auc_1095d=0.8930)
  -> fold predictions saved: D:\wonse\Documents\Job\urban_datalab\PATH-ViT\.logs\kfold_preds\tcga_M5_STG_R_FOLD2OF5_seed126_fold2of5.csv
wandb: updating run metadata
wandb: uploading history steps 27-29, summary, console lines 34-39
wandb: 
wandb: Run history:
wandb:              train/c_index ▁▃▃▄▄▅▅▅▅▅▆▆▆▆▇▇▇▇▇███████████
wandb:                 train/loss █▆▆▅▅▅▅▅▄▄▄▃▃▃▃▃▃▃▂▂▁▂▂▂▁▂▂▂▁▁
wandb:                   train/lr ▃▆██████▇▇▇▇▆▆▅▅▅▄▄▃▃▃▂▂▂▂▁▁▁▁
wandb:   val_performance/auc_mean █▆▅▅▄▄▄▄▃▃▃▃▂▁▁▁▂▂▃▃▃▂▂▂▂▂▂▂▂▂
wandb:    val_performance/c_index ▆▄▇████▇▆▅▅▅▄▃▃▁▂▃▃▄▄▃▃▃▂▂▂▂▂▂
wandb:         val_performance/hr ▅▃▃▇▇▇▅▅▅▄▄▄▂▃▃▁▂▃▂▆▃▃▅▃▃▃▃███
wandb: val_performance/log_rank_p ▅▂▂▆▆▆▅▅▅▃▃▃▂▂▂▁▂▂▂▆▃▃▅▃▃▃▃███
wandb: 
wandb: Run summary:
wandb:               best_epoch 4
wandb:         best_val_c_index 0.50725
wandb:            test_auc_mean 0.77933
wandb:             test_c_index 0.66393
wandb:                  test_hr 2.17141
wandb:          test_log_rank_p 0.14895
wandb:            train/c_index 0.76915
wandb:               train/loss 1.58245
wandb:                 train/lr 1e-05
wandb: val_performance/auc_mean 0.37626
wandb:                       +3 ...
wandb: 
wandb:  View run TCGA_M5_STG_R_FOLD2OF5_seed126_0816::1708 at: https://wandb.ai/justin212553/Path-ViT/runs/ehujlh7u
wandb:  View project at: https://wandb.ai/justin212553/Path-ViT
wandb: Synced 5 W&B file(s), 0 media file(s), 0 artifact file(s) and 0 other file(s)
wandb: Find logs at: .\.wandb\run-20260816_170811-ehujlh7u\logs

=== External Test (cptac 전체 코호트) ===
external_c_index=0.5714 | external_HR=1.415 [0.978, 2.047] | external_logrank_p=0.0656 | external_AUC_mean=0.5630 (auc_365d=0.6133 auc_730d=0.6085 auc_1095d=0.4673)
wandb: setting up run 61bfz5bt
wandb: Tracking run with wandb version 0.28.0
wandb: Run data is saved locally in D:\wonse\Documents\Job\urban_datalab\PATH-ViT\.wandb\run-20260816_170918-61bfz5bt
wandb: Run `wandb offline` to turn off syncing.
wandb: Syncing run TCGA_XM5_STG_R_FOLD2OF5_seed126_0816::1708
wandb:  View project at https://wandb.ai/justin212553/Path-ViT
wandb:  View run at https://wandb.ai/justin212553/Path-ViT/runs/61bfz5bt
wandb: updating run metadata
wandb: uploading history steps 0-0, summary
wandb: 
wandb: Run history:
wandb:   external/auc_mean ▁
wandb:    external/c_index ▁
wandb:         external/hr ▁
wandb: external/log_rank_p ▁
wandb: 
wandb: Run summary:
wandb:   external/auc_mean 0.56303
wandb:    external/c_index 0.57144
wandb:         external/hr 1.41468
wandb: external/log_rank_p 0.06565
wandb: 
wandb:  View run TCGA_XM5_STG_R_FOLD2OF5_seed126_0816::1708 at: https://wandb.ai/justin212553/Path-ViT/runs/61bfz5bt
wandb:  View project at: https://wandb.ai/justin212553/Path-ViT
wandb: Synced 4 W&B file(s), 0 media file(s), 0 artifact file(s) and 0 other file(s)
wandb: Find logs at: .\.wandb\run-20260816_170918-61bfz5bt\logs
=== FINAL M5 seed=126 fold=2/5 Complete: Sun Aug 16 17:09:21     2026 ===
=== FINAL M5 seed=126 fold=3/5 Start: Sun Aug 16 17:09:21     2026 ===
wandb: [wandb.login()] Loaded credentials for https://api.wandb.ai from C:\Users\wonse\_netrc.
wandb: Currently logged in as: justin212553 to https://api.wandb.ai. Use `wandb login --relogin` to force relogin
wandb: setting up run 61wyvqe4
wandb: Tracking run with wandb version 0.28.0
wandb: Run data is saved locally in D:\wonse\Documents\Job\urban_datalab\PATH-ViT\.wandb\run-20260816_170930-61wyvqe4
wandb: Run `wandb offline` to turn off syncing.
wandb: Syncing run TCGA_M5_STG_R_FOLD3OF5_seed126_0816::1709
wandb:  View project at https://wandb.ai/justin212553/Path-ViT
wandb:  View run at https://wandb.ai/justin212553/Path-ViT/runs/61wyvqe4
Model: M5_STG_R_FOLD3OF5 (ClinicalOnly) | params=5,313
Dataset: tcga  (5-fold CV, fold 3)  Train: 90  Val: 31  Test(internal): 31 patients
lr=1.0e-03 | weight_decay=1.0e-02 | epochs=30 | cox_batch_size=16
Epoch   1 | lr=3.33e-04 | loss=2.0193 | train_c_index=0.5506 | val_c_index=0.5096 | val_HR=1.107 [0.426, 2.876] | val_logrank_p=0.8347 | val_AUC_mean=0.5451 (auc_365d=0.4612 auc_730d=0.5327 auc_1095d=0.6416)
  -> checkpoint saved (c_index=0.5096)
Epoch   2 | lr=6.67e-04 | loss=1.9487 | train_c_index=0.5980 | val_c_index=0.5414 | val_HR=1.511 [0.573, 3.984] | val_logrank_p=0.4003 | val_AUC_mean=0.5770 (auc_365d=0.5942 auc_730d=0.5211 auc_1095d=0.6157)
  -> checkpoint saved (c_index=0.5414)
Epoch   3 | lr=1.00e-03 | loss=1.8305 | train_c_index=0.6193 | val_c_index=0.5764 | val_HR=1.280 [0.492, 3.332] | val_logrank_p=0.6119 | val_AUC_mean=0.6356 (auc_365d=0.6177 auc_730d=0.6007 auc_1095d=0.6886)
  -> checkpoint saved (c_index=0.5764)
Epoch   4 | lr=1.00e-03 | loss=1.8486 | train_c_index=0.6328 | val_c_index=0.5732 | val_HR=1.280 [0.492, 3.332] | val_logrank_p=0.6119 | val_AUC_mean=0.6178 (auc_365d=0.6310 auc_730d=0.5747 auc_1095d=0.6479)
Epoch   5 | lr=9.97e-04 | loss=1.8689 | train_c_index=0.6484 | val_c_index=0.5510 | val_HR=1.280 [0.492, 3.332] | val_logrank_p=0.6119 | val_AUC_mean=0.6061 (auc_365d=0.5812 auc_730d=0.5745 auc_1095d=0.6626)
Epoch   6 | lr=9.87e-04 | loss=1.8024 | train_c_index=0.6529 | val_c_index=0.5446 | val_HR=1.943 [0.736, 5.131] | val_logrank_p=0.1721 | val_AUC_mean=0.5880 (auc_365d=0.5536 auc_730d=0.5475 auc_1095d=0.6628)
Epoch   7 | lr=9.70e-04 | loss=1.8510 | train_c_index=0.6607 | val_c_index=0.5382 | val_HR=1.280 [0.492, 3.332] | val_logrank_p=0.6119 | val_AUC_mean=0.5856 (auc_365d=0.5536 auc_730d=0.5416 auc_1095d=0.6615)
Epoch   8 | lr=9.47e-04 | loss=1.8147 | train_c_index=0.6717 | val_c_index=0.5255 | val_HR=1.280 [0.492, 3.332] | val_logrank_p=0.6119 | val_AUC_mean=0.5740 (auc_365d=0.5403 auc_730d=0.5204 auc_1095d=0.6615)
Epoch   9 | lr=9.19e-04 | loss=1.8042 | train_c_index=0.6750 | val_c_index=0.5255 | val_HR=1.835 [0.696, 4.841] | val_logrank_p=0.2130 | val_AUC_mean=0.5788 (auc_365d=0.5392 auc_730d=0.5227 auc_1095d=0.6747)
Epoch  10 | lr=8.84e-04 | loss=1.8592 | train_c_index=0.6856 | val_c_index=0.5159 | val_HR=1.835 [0.696, 4.841] | val_logrank_p=0.2130 | val_AUC_mean=0.5776 (auc_365d=0.5249 auc_730d=0.5331 auc_1095d=0.6747)
Epoch  11 | lr=8.45e-04 | loss=1.8019 | train_c_index=0.7008 | val_c_index=0.4904 | val_HR=1.160 [0.446, 3.018] | val_logrank_p=0.7602 | val_AUC_mean=0.5404 (auc_365d=0.4751 auc_730d=0.4974 auc_1095d=0.6488)
Epoch  12 | lr=8.01e-04 | loss=1.7838 | train_c_index=0.7159 | val_c_index=0.4650 | val_HR=0.851 [0.326, 2.219] | val_logrank_p=0.7412 | val_AUC_mean=0.4853 (auc_365d=0.4419 auc_730d=0.4401 auc_1095d=0.5741)
Epoch  13 | lr=7.52e-04 | loss=1.7114 | train_c_index=0.7118 | val_c_index=0.4650 | val_HR=0.851 [0.326, 2.219] | val_logrank_p=0.7412 | val_AUC_mean=0.4798 (auc_365d=0.4485 auc_730d=0.4286 auc_1095d=0.5621)
Epoch  14 | lr=7.01e-04 | loss=1.6783 | train_c_index=0.7155 | val_c_index=0.4682 | val_HR=0.851 [0.326, 2.219] | val_logrank_p=0.7412 | val_AUC_mean=0.4925 (auc_365d=0.4552 auc_730d=0.4447 auc_1095d=0.5777)
Epoch  15 | lr=6.47e-04 | loss=1.7629 | train_c_index=0.7315 | val_c_index=0.4363 | val_HR=1.056 [0.405, 2.756] | val_logrank_p=0.9104 | val_AUC_mean=0.4728 (auc_365d=0.4086 auc_730d=0.4023 auc_1095d=0.6076)
Epoch  16 | lr=5.91e-04 | loss=1.6922 | train_c_index=0.7364 | val_c_index=0.4745 | val_HR=0.851 [0.326, 2.219] | val_logrank_p=0.7412 | val_AUC_mean=0.5130 (auc_365d=0.4153 auc_730d=0.4511 auc_1095d=0.6728)
Epoch  17 | lr=5.34e-04 | loss=1.6500 | train_c_index=0.7479 | val_c_index=0.4841 | val_HR=1.056 [0.405, 2.756] | val_logrank_p=0.9104 | val_AUC_mean=0.5279 (auc_365d=0.4219 auc_730d=0.4758 auc_1095d=0.6859)
Epoch  18 | lr=4.76e-04 | loss=1.6356 | train_c_index=0.7528 | val_c_index=0.4904 | val_HR=1.056 [0.405, 2.756] | val_logrank_p=0.9104 | val_AUC_mean=0.5252 (auc_365d=0.4352 auc_730d=0.4796 auc_1095d=0.6608)
Epoch  19 | lr=4.19e-04 | loss=1.6022 | train_c_index=0.7605 | val_c_index=0.4713 | val_HR=1.056 [0.405, 2.756] | val_logrank_p=0.9104 | val_AUC_mean=0.4901 (auc_365d=0.4086 auc_730d=0.4196 auc_1095d=0.6419)
Epoch  20 | lr=3.63e-04 | loss=1.6415 | train_c_index=0.7618 | val_c_index=0.4586 | val_HR=1.056 [0.405, 2.756] | val_logrank_p=0.9104 | val_AUC_mean=0.4844 (auc_365d=0.4020 auc_730d=0.4092 auc_1095d=0.6419)
Epoch  21 | lr=3.09e-04 | loss=1.6552 | train_c_index=0.7573 | val_c_index=0.4522 | val_HR=1.056 [0.405, 2.756] | val_logrank_p=0.9104 | val_AUC_mean=0.4684 (auc_365d=0.3953 auc_730d=0.3813 auc_1095d=0.6288)
Epoch  22 | lr=2.58e-04 | loss=1.5860 | train_c_index=0.7609 | val_c_index=0.4522 | val_HR=1.056 [0.405, 2.756] | val_logrank_p=0.9104 | val_AUC_mean=0.4607 (auc_365d=0.4020 auc_730d=0.3813 auc_1095d=0.5988)
Epoch  23 | lr=2.09e-04 | loss=1.6389 | train_c_index=0.7605 | val_c_index=0.4586 | val_HR=1.056 [0.405, 2.756] | val_logrank_p=0.9104 | val_AUC_mean=0.4735 (auc_365d=0.4020 auc_730d=0.3898 auc_1095d=0.6288)
Epoch  24 | lr=1.65e-04 | loss=1.5643 | train_c_index=0.7663 | val_c_index=0.4554 | val_HR=1.056 [0.405, 2.756] | val_logrank_p=0.9104 | val_AUC_mean=0.4583 (auc_365d=0.4009 auc_730d=0.3854 auc_1095d=0.5885)
Epoch  25 | lr=1.26e-04 | loss=1.5434 | train_c_index=0.7675 | val_c_index=0.4554 | val_HR=1.056 [0.405, 2.756] | val_logrank_p=0.9104 | val_AUC_mean=0.4458 (auc_365d=0.4076 auc_730d=0.3659 auc_1095d=0.5639)
Epoch  26 | lr=9.14e-05 | loss=1.5894 | train_c_index=0.7691 | val_c_index=0.4682 | val_HR=1.056 [0.405, 2.756] | val_logrank_p=0.9104 | val_AUC_mean=0.4637 (auc_365d=0.4209 auc_730d=0.4014 auc_1095d=0.5687)
Epoch  27 | lr=6.27e-05 | loss=1.6238 | train_c_index=0.7700 | val_c_index=0.4745 | val_HR=1.056 [0.405, 2.756] | val_logrank_p=0.9104 | val_AUC_mean=0.4768 (auc_365d=0.4209 auc_730d=0.4189 auc_1095d=0.5907)
Epoch  28 | lr=3.99e-05 | loss=1.5462 | train_c_index=0.7708 | val_c_index=0.4745 | val_HR=1.056 [0.405, 2.756] | val_logrank_p=0.9104 | val_AUC_mean=0.4768 (auc_365d=0.4209 auc_730d=0.4189 auc_1095d=0.5907)
Epoch  29 | lr=2.33e-05 | loss=1.5360 | train_c_index=0.7720 | val_c_index=0.4809 | val_HR=1.056 [0.405, 2.756] | val_logrank_p=0.9104 | val_AUC_mean=0.4869 (auc_365d=0.4275 auc_730d=0.4293 auc_1095d=0.6039)
Epoch  30 | lr=1.33e-05 | loss=1.5441 | train_c_index=0.7720 | val_c_index=0.4809 | val_HR=1.056 [0.405, 2.756] | val_logrank_p=0.9104 | val_AUC_mean=0.4869 (auc_365d=0.4275 auc_730d=0.4293 auc_1095d=0.6039)

=== Internal Test (best checkpoint epoch 3) ===
test_c_index=0.5188 | test_HR=1.100 [0.406, 2.979] | test_logrank_p=0.8513 | test_AUC_mean=0.3989 (auc_365d=0.5923 auc_730d=0.4482 auc_1095d=0.1562)
  -> fold predictions saved: D:\wonse\Documents\Job\urban_datalab\PATH-ViT\.logs\kfold_preds\tcga_M5_STG_R_FOLD3OF5_seed126_fold3of5.csv
wandb: updating run metadata
wandb: uploading config.yaml
wandb: 
wandb: Run history:
wandb:              train/c_index ▁▃▃▄▄▄▄▅▅▅▆▆▆▆▇▇▇▇████████████
wandb:                 train/loss █▇▅▆▆▅▆▅▅▆▅▅▄▃▄▃▃▂▂▃▃▂▂▁▁▂▂▁▁▁
wandb:                   train/lr ▃▆██████▇▇▇▇▆▆▅▅▅▄▄▃▃▃▂▂▂▂▁▁▁▁
wandb:   val_performance/auc_mean ▅▆█▇▇▆▆▆▆▆▄▂▂▃▂▃▄▄▃▂▂▂▂▁▁▂▂▂▃▃
wandb:    val_performance/c_index ▅▆██▇▆▆▅▅▅▄▂▂▃▁▃▃▄▃▂▂▂▂▂▂▃▃▃▃▃
wandb:         val_performance/hr ▃▅▄▄▄█▄▄▇▇▃▁▁▁▂▁▂▂▂▂▂▂▂▂▂▂▂▂▂▂
wandb: val_performance/log_rank_p ▇▃▅▅▅▁▅▅▁▁▇▆▆▆█▆██████████████
wandb: 
wandb: Run summary:
wandb:               best_epoch 3
wandb:         best_val_c_index 0.57643
wandb:            test_auc_mean 0.39889
wandb:             test_c_index 0.51883
wandb:                  test_hr 1.09972
wandb:          test_log_rank_p 0.85131
wandb:            train/c_index 0.772
wandb:               train/loss 1.5441
wandb:                 train/lr 1e-05
wandb: val_performance/auc_mean 0.48691
wandb:                       +3 ...
wandb: 
wandb:  View run TCGA_M5_STG_R_FOLD3OF5_seed126_0816::1709 at: https://wandb.ai/justin212553/Path-ViT/runs/61wyvqe4
wandb:  View project at: https://wandb.ai/justin212553/Path-ViT
wandb: Synced 5 W&B file(s), 0 media file(s), 0 artifact file(s) and 0 other file(s)
wandb: Find logs at: .\.wandb\run-20260816_170930-61wyvqe4\logs

=== External Test (cptac 전체 코호트) ===
external_c_index=0.5400 | external_HR=0.958 [0.663, 1.384] | external_logrank_p=0.8160 | external_AUC_mean=0.5088 (auc_365d=0.5377 auc_730d=0.5682 auc_1095d=0.4206)
wandb: setting up run sfslldjj
wandb: Tracking run with wandb version 0.28.0
wandb: Run data is saved locally in D:\wonse\Documents\Job\urban_datalab\PATH-ViT\.wandb\run-20260816_171034-sfslldjj
wandb: Run `wandb offline` to turn off syncing.
wandb: Syncing run TCGA_XM5_STG_R_FOLD3OF5_seed126_0816::1709
wandb:  View project at https://wandb.ai/justin212553/Path-ViT
wandb:  View run at https://wandb.ai/justin212553/Path-ViT/runs/sfslldjj
wandb: updating run metadata; uploading summary
wandb: uploading summary; uploading requirements.txt; uploading wandb-summary.json; uploading config.yaml; uploading wandb-metadata.json
wandb: 
wandb: Run history:
wandb:   external/auc_mean ▁
wandb:    external/c_index ▁
wandb:         external/hr ▁
wandb: external/log_rank_p ▁
wandb: 
wandb: Run summary:
wandb:   external/auc_mean 0.50882
wandb:    external/c_index 0.53997
wandb:         external/hr 0.95755
wandb: external/log_rank_p 0.81601
wandb: 
wandb:  View run TCGA_XM5_STG_R_FOLD3OF5_seed126_0816::1709 at: https://wandb.ai/justin212553/Path-ViT/runs/sfslldjj
wandb:  View project at: https://wandb.ai/justin212553/Path-ViT
wandb: Synced 4 W&B file(s), 0 media file(s), 0 artifact file(s) and 0 other file(s)
wandb: Find logs at: .\.wandb\run-20260816_171034-sfslldjj\logs
=== FINAL M5 seed=126 fold=3/5 Complete: Sun Aug 16 17:10:37     2026 ===
=== FINAL M5 seed=126 fold=4/5 Start: Sun Aug 16 17:10:37     2026 ===
wandb: [wandb.login()] Loaded credentials for https://api.wandb.ai from C:\Users\wonse\_netrc.
wandb: Currently logged in as: justin212553 to https://api.wandb.ai. Use `wandb login --relogin` to force relogin
wandb: setting up run fuqa4ghd
wandb: Tracking run with wandb version 0.28.0
wandb: Run data is saved locally in D:\wonse\Documents\Job\urban_datalab\PATH-ViT\.wandb\run-20260816_171046-fuqa4ghd
wandb: Run `wandb offline` to turn off syncing.
wandb: Syncing run TCGA_M5_STG_R_FOLD4OF5_seed126_0816::1710
wandb:  View project at https://wandb.ai/justin212553/Path-ViT
wandb:  View run at https://wandb.ai/justin212553/Path-ViT/runs/fuqa4ghd
Model: M5_STG_R_FOLD4OF5 (ClinicalOnly) | params=5,313
Dataset: tcga  (5-fold CV, fold 4)  Train: 90  Val: 31  Test(internal): 31 patients
lr=1.0e-03 | weight_decay=1.0e-02 | epochs=30 | cox_batch_size=16
Epoch   1 | lr=3.33e-04 | loss=2.0207 | train_c_index=0.4882 | val_c_index=0.5352 | val_HR=1.118 [0.424, 2.953] | val_logrank_p=0.8208 | val_AUC_mean=0.5420 (auc_365d=0.6749 auc_730d=0.4011 auc_1095d=0.5500)
  -> checkpoint saved (c_index=0.5352)
Epoch   2 | lr=6.67e-04 | loss=1.9153 | train_c_index=0.6458 | val_c_index=0.6725 | val_HR=2.103 [0.787, 5.619] | val_logrank_p=0.1305 | val_AUC_mean=0.7138 (auc_365d=0.8031 auc_730d=0.6682 auc_1095d=0.6703)
  -> checkpoint saved (c_index=0.6725)
Epoch   3 | lr=1.00e-03 | loss=1.8588 | train_c_index=0.6855 | val_c_index=0.6937 | val_HR=2.204 [0.829, 5.857] | val_logrank_p=0.1049 | val_AUC_mean=0.7279 (auc_365d=0.7981 auc_730d=0.6984 auc_1095d=0.6873)
  -> checkpoint saved (c_index=0.6937)
Epoch   4 | lr=1.00e-03 | loss=1.6928 | train_c_index=0.6971 | val_c_index=0.7077 | val_HR=1.767 [0.666, 4.689] | val_logrank_p=0.2472 | val_AUC_mean=0.7497 (auc_365d=0.8186 auc_730d=0.7276 auc_1095d=0.7029)
  -> checkpoint saved (c_index=0.7077)
Epoch   5 | lr=9.97e-04 | loss=1.6984 | train_c_index=0.7053 | val_c_index=0.7077 | val_HR=1.767 [0.666, 4.689] | val_logrank_p=0.2472 | val_AUC_mean=0.7769 (auc_365d=0.8083 auc_730d=0.7259 auc_1095d=0.7964)
Epoch   6 | lr=9.87e-04 | loss=1.8018 | train_c_index=0.7122 | val_c_index=0.7007 | val_HR=2.453 [0.915, 6.574] | val_logrank_p=0.0664 | val_AUC_mean=0.7667 (auc_365d=0.7726 auc_730d=0.7336 auc_1095d=0.7939)
Epoch   7 | lr=9.70e-04 | loss=1.6335 | train_c_index=0.7208 | val_c_index=0.6901 | val_HR=1.903 [0.721, 5.019] | val_logrank_p=0.1865 | val_AUC_mean=0.7545 (auc_365d=0.7344 auc_730d=0.7352 auc_1095d=0.7939)
Epoch   8 | lr=9.47e-04 | loss=1.6868 | train_c_index=0.7316 | val_c_index=0.6690 | val_HR=1.903 [0.721, 5.019] | val_logrank_p=0.1865 | val_AUC_mean=0.7395 (auc_365d=0.7114 auc_730d=0.7108 auc_1095d=0.7963)
Epoch   9 | lr=9.19e-04 | loss=1.7047 | train_c_index=0.7337 | val_c_index=0.6549 | val_HR=1.852 [0.702, 4.889] | val_logrank_p=0.2063 | val_AUC_mean=0.7355 (auc_365d=0.6986 auc_730d=0.7117 auc_1095d=0.7963)
Epoch  10 | lr=8.84e-04 | loss=1.6984 | train_c_index=0.7436 | val_c_index=0.6408 | val_HR=1.852 [0.702, 4.889] | val_logrank_p=0.2063 | val_AUC_mean=0.7342 (auc_365d=0.6859 auc_730d=0.7144 auc_1095d=0.8023)
Epoch  11 | lr=8.45e-04 | loss=1.6118 | train_c_index=0.7454 | val_c_index=0.6408 | val_HR=1.852 [0.702, 4.889] | val_logrank_p=0.2063 | val_AUC_mean=0.7333 (auc_365d=0.6756 auc_730d=0.7220 auc_1095d=0.8023)
Epoch  12 | lr=8.01e-04 | loss=1.6038 | train_c_index=0.7480 | val_c_index=0.6303 | val_HR=1.852 [0.702, 4.889] | val_logrank_p=0.2063 | val_AUC_mean=0.7239 (auc_365d=0.6551 auc_730d=0.7141 auc_1095d=0.8023)
Epoch  13 | lr=7.52e-04 | loss=1.6820 | train_c_index=0.7510 | val_c_index=0.6338 | val_HR=1.852 [0.702, 4.889] | val_logrank_p=0.2063 | val_AUC_mean=0.7302 (auc_365d=0.6551 auc_730d=0.7255 auc_1095d=0.8100)
Epoch  14 | lr=7.01e-04 | loss=1.5887 | train_c_index=0.7574 | val_c_index=0.6092 | val_HR=1.852 [0.702, 4.889] | val_logrank_p=0.2063 | val_AUC_mean=0.7005 (auc_365d=0.5989 auc_730d=0.7032 auc_1095d=0.7993)
Epoch  15 | lr=6.47e-04 | loss=1.6092 | train_c_index=0.7553 | val_c_index=0.5986 | val_HR=1.852 [0.702, 4.889] | val_logrank_p=0.2063 | val_AUC_mean=0.6760 (auc_365d=0.5352 auc_730d=0.6975 auc_1095d=0.7952)
Epoch  16 | lr=5.91e-04 | loss=1.6158 | train_c_index=0.7592 | val_c_index=0.6056 | val_HR=1.852 [0.702, 4.889] | val_logrank_p=0.2063 | val_AUC_mean=0.7047 (auc_365d=0.5734 auc_730d=0.7262 auc_1095d=0.8146)
Epoch  17 | lr=5.34e-04 | loss=1.7093 | train_c_index=0.7587 | val_c_index=0.6092 | val_HR=1.852 [0.702, 4.889] | val_logrank_p=0.2063 | val_AUC_mean=0.7039 (auc_365d=0.5709 auc_730d=0.7262 auc_1095d=0.8146)
Epoch  18 | lr=4.76e-04 | loss=1.5598 | train_c_index=0.7613 | val_c_index=0.6092 | val_HR=1.852 [0.702, 4.889] | val_logrank_p=0.2063 | val_AUC_mean=0.7220 (auc_365d=0.5557 auc_730d=0.7169 auc_1095d=0.8935)
Epoch  19 | lr=4.19e-04 | loss=1.6110 | train_c_index=0.7609 | val_c_index=0.6021 | val_HR=1.852 [0.702, 4.889] | val_logrank_p=0.2063 | val_AUC_mean=0.7142 (auc_365d=0.5454 auc_730d=0.7089 auc_1095d=0.8881)
Epoch  20 | lr=3.63e-04 | loss=1.5880 | train_c_index=0.7622 | val_c_index=0.5986 | val_HR=1.852 [0.702, 4.889] | val_logrank_p=0.2063 | val_AUC_mean=0.7070 (auc_365d=0.5352 auc_730d=0.6975 auc_1095d=0.8881)
Epoch  21 | lr=3.09e-04 | loss=1.6344 | train_c_index=0.7639 | val_c_index=0.6092 | val_HR=1.852 [0.702, 4.889] | val_logrank_p=0.2063 | val_AUC_mean=0.7148 (auc_365d=0.5454 auc_730d=0.7055 auc_1095d=0.8935)
Epoch  22 | lr=2.58e-04 | loss=1.4993 | train_c_index=0.7673 | val_c_index=0.6092 | val_HR=1.852 [0.702, 4.889] | val_logrank_p=0.2063 | val_AUC_mean=0.7219 (auc_365d=0.5684 auc_730d=0.7059 auc_1095d=0.8913)
Epoch  23 | lr=2.09e-04 | loss=1.5464 | train_c_index=0.7712 | val_c_index=0.6056 | val_HR=1.852 [0.702, 4.889] | val_logrank_p=0.2063 | val_AUC_mean=0.7219 (auc_365d=0.5684 auc_730d=0.7059 auc_1095d=0.8913)
Epoch  24 | lr=1.65e-04 | loss=1.4901 | train_c_index=0.7721 | val_c_index=0.6092 | val_HR=1.852 [0.702, 4.889] | val_logrank_p=0.2063 | val_AUC_mean=0.7261 (auc_365d=0.5787 auc_730d=0.7083 auc_1095d=0.8913)
Epoch  25 | lr=1.26e-04 | loss=1.5954 | train_c_index=0.7742 | val_c_index=0.6092 | val_HR=1.852 [0.702, 4.889] | val_logrank_p=0.2063 | val_AUC_mean=0.7261 (auc_365d=0.5787 auc_730d=0.7083 auc_1095d=0.8913)
Epoch  26 | lr=9.14e-05 | loss=1.6565 | train_c_index=0.7742 | val_c_index=0.6127 | val_HR=1.852 [0.702, 4.889] | val_logrank_p=0.2063 | val_AUC_mean=0.7295 (auc_365d=0.5889 auc_730d=0.7083 auc_1095d=0.8913)
Epoch  27 | lr=6.27e-05 | loss=1.5833 | train_c_index=0.7764 | val_c_index=0.6162 | val_HR=1.852 [0.702, 4.889] | val_logrank_p=0.2063 | val_AUC_mean=0.7329 (auc_365d=0.5991 auc_730d=0.7083 auc_1095d=0.8913)
Epoch  28 | lr=3.99e-05 | loss=1.6246 | train_c_index=0.7768 | val_c_index=0.6162 | val_HR=1.852 [0.702, 4.889] | val_logrank_p=0.2063 | val_AUC_mean=0.7329 (auc_365d=0.5991 auc_730d=0.7083 auc_1095d=0.8913)
Epoch  29 | lr=2.33e-05 | loss=1.5238 | train_c_index=0.7768 | val_c_index=0.6162 | val_HR=1.852 [0.702, 4.889] | val_logrank_p=0.2063 | val_AUC_mean=0.7329 (auc_365d=0.5991 auc_730d=0.7083 auc_1095d=0.8913)
Epoch  30 | lr=1.33e-05 | loss=1.5919 | train_c_index=0.7773 | val_c_index=0.6162 | val_HR=1.852 [0.702, 4.889] | val_logrank_p=0.2063 | val_AUC_mean=0.7329 (auc_365d=0.5991 auc_730d=0.7083 auc_1095d=0.8913)

=== Internal Test (best checkpoint epoch 4) ===
test_c_index=0.4404 | test_HR=1.004 [0.363, 2.775] | test_logrank_p=0.9936 | test_AUC_mean=0.5286 (auc_365d=0.3323 auc_730d=0.5929 auc_1095d=0.6606)
  -> fold predictions saved: D:\wonse\Documents\Job\urban_datalab\PATH-ViT\.logs\kfold_preds\tcga_M5_STG_R_FOLD4OF5_seed126_fold4of5.csv
wandb: updating run metadata
wandb: uploading output.log; uploading wandb-summary.json; uploading config.yaml
wandb: uploading config.yaml
wandb: uploading history steps 27-29, summary, console lines 35-40
wandb: 
wandb: Run history:
wandb:              train/c_index ▁▅▆▆▆▆▇▇▇▇▇▇▇█▇███████████████
wandb:                 train/loss █▇▆▄▄▅▃▄▄▄▃▃▄▂▃▃▄▂▃▂▃▁▂▁▂▃▂▃▁▂
wandb:                   train/lr ▃▆██████▇▇▇▇▆▆▅▅▅▄▄▃▃▃▂▂▂▂▁▁▁▁
wandb:   val_performance/auc_mean ▁▆▇▇██▇▇▇▇▇▆▇▆▅▆▆▆▆▆▆▆▆▆▆▇▇▇▇▇
wandb:    val_performance/c_index ▁▇▇███▇▆▆▅▅▅▅▄▄▄▄▄▄▄▄▄▄▄▄▄▄▄▄▄
wandb:         val_performance/hr ▁▆▇▄▄█▅▅▅▅▅▅▅▅▅▅▅▅▅▅▅▅▅▅▅▅▅▅▅▅
wandb: val_performance/log_rank_p █▂▁▃▃▁▂▂▂▂▂▂▂▂▂▂▂▂▂▂▂▂▂▂▂▂▂▂▂▂
wandb: 
wandb: Run summary:
wandb:               best_epoch 4
wandb:         best_val_c_index 0.70775
wandb:            test_auc_mean 0.5286
wandb:             test_c_index 0.44044
wandb:                  test_hr 1.00398
wandb:          test_log_rank_p 0.99357
wandb:            train/c_index 0.77725
wandb:               train/loss 1.5919
wandb:                 train/lr 1e-05
wandb: val_performance/auc_mean 0.73291
wandb:                       +3 ...
wandb: 
wandb:  View run TCGA_M5_STG_R_FOLD4OF5_seed126_0816::1710 at: https://wandb.ai/justin212553/Path-ViT/runs/fuqa4ghd
wandb:  View project at: https://wandb.ai/justin212553/Path-ViT
wandb: Synced 5 W&B file(s), 0 media file(s), 0 artifact file(s) and 0 other file(s)
wandb: Find logs at: .\.wandb\run-20260816_171046-fuqa4ghd\logs

=== External Test (cptac 전체 코호트) ===
external_c_index=0.5644 | external_HR=1.562 [1.080, 2.259] | external_logrank_p=0.0171 | external_AUC_mean=0.5726 (auc_365d=0.5582 auc_730d=0.5789 auc_1095d=0.5808)
wandb: setting up run 001o9npu
wandb: Tracking run with wandb version 0.28.0
wandb: Run data is saved locally in D:\wonse\Documents\Job\urban_datalab\PATH-ViT\.wandb\run-20260816_171204-001o9npu
wandb: Run `wandb offline` to turn off syncing.
wandb: Syncing run TCGA_XM5_STG_R_FOLD4OF5_seed126_0816::1710
wandb:  View project at https://wandb.ai/justin212553/Path-ViT
wandb:  View run at https://wandb.ai/justin212553/Path-ViT/runs/001o9npu
wandb: updating run metadata; uploading summary
wandb: uploading requirements.txt; uploading wandb-metadata.json
wandb: 
wandb: Run history:
wandb:   external/auc_mean ▁
wandb:    external/c_index ▁
wandb:         external/hr ▁
wandb: external/log_rank_p ▁
wandb: 
wandb: Run summary:
wandb:   external/auc_mean 0.57264
wandb:    external/c_index 0.56438
wandb:         external/hr 1.56178
wandb: external/log_rank_p 0.01707
wandb: 
wandb:  View run TCGA_XM5_STG_R_FOLD4OF5_seed126_0816::1710 at: https://wandb.ai/justin212553/Path-ViT/runs/001o9npu
wandb:  View project at: https://wandb.ai/justin212553/Path-ViT
wandb: Synced 4 W&B file(s), 0 media file(s), 0 artifact file(s) and 0 other file(s)
wandb: Find logs at: .\.wandb\run-20260816_171204-001o9npu\logs
=== FINAL M5 seed=126 fold=4/5 Complete: Sun Aug 16 17:12:06     2026 ===
=== FINAL M6 seed=42 fold=0/5 Start: Sun Aug 16 17:12:06     2026 ===
wandb: [wandb.login()] Loaded credentials for https://api.wandb.ai from C:\Users\wonse\_netrc.
wandb: Currently logged in as: justin212553 to https://api.wandb.ai. Use `wandb login --relogin` to force relogin
wandb: setting up run mihl9i73
wandb: Tracking run with wandb version 0.28.0
wandb: Run data is saved locally in D:\wonse\Documents\Job\urban_datalab\PATH-ViT\.wandb\run-20260816_171215-mihl9i73
wandb: Run `wandb offline` to turn off syncing.
wandb: Syncing run TCGA_M6_INT1500_FOLD0OF5_seed42_0816::1712
wandb:  View project at https://wandb.ai/justin212553/Path-ViT
wandb:  View run at https://wandb.ai/justin212553/Path-ViT/runs/mihl9i73
Model: M6_INT1500_FOLD0OF5 (RNAOnly) | params=401,409
Dataset: tcga  (5-fold CV, fold 0)  Train: 90  Val: 31  Test(internal): 31 patients
lr=1.0e-03 | weight_decay=1.0e-02 | epochs=30 | cox_batch_size=16
Epoch   1 | lr=3.33e-04 | loss=2.2187 | train_c_index=0.8127 | val_c_index=0.7256 | val_HR=1.313 [0.492, 3.504] | val_logrank_p=0.5872 | val_AUC_mean=0.8785 (auc_365d=0.9396 auc_730d=0.6961 auc_1095d=1.0000)
  -> checkpoint saved (c_index=0.7256)
Epoch   2 | lr=6.67e-04 | loss=1.2987 | train_c_index=0.8684 | val_c_index=0.7329 | val_HR=5.454 [1.732, 17.168] | val_logrank_p=0.0012 | val_AUC_mean=0.8667 (auc_365d=0.7499 auc_730d=0.8917 auc_1095d=0.9585)
  -> checkpoint saved (c_index=0.7329)
Epoch   3 | lr=1.00e-03 | loss=1.2907 | train_c_index=0.9179 | val_c_index=0.7473 | val_HR=3.996 [1.289, 12.394] | val_logrank_p=0.0097 | val_AUC_mean=0.9246 (auc_365d=0.8509 auc_730d=0.9229 auc_1095d=1.0000)
  -> checkpoint saved (c_index=0.7473)
Epoch   4 | lr=1.00e-03 | loss=0.9437 | train_c_index=0.9384 | val_c_index=0.7365 | val_HR=3.127 [1.091, 8.960] | val_logrank_p=0.0254 | val_AUC_mean=0.8994 (auc_365d=0.7975 auc_730d=0.9007 auc_1095d=1.0000)
Epoch   5 | lr=9.97e-04 | loss=0.9661 | train_c_index=0.9455 | val_c_index=0.7040 | val_HR=2.261 [0.777, 6.577] | val_logrank_p=0.1244 | val_AUC_mean=0.8659 (auc_365d=0.7902 auc_730d=0.8074 auc_1095d=1.0000)
Epoch   6 | lr=9.87e-04 | loss=0.8968 | train_c_index=0.9514 | val_c_index=0.7473 | val_HR=4.545 [1.424, 14.505] | val_logrank_p=0.0052 | val_AUC_mean=0.8946 (auc_365d=0.8237 auc_730d=0.9043 auc_1095d=0.9557)
Epoch   7 | lr=9.70e-04 | loss=0.8731 | train_c_index=0.9480 | val_c_index=0.7870 | val_HR=4.141 [1.325, 12.940] | val_logrank_p=0.0080 | val_AUC_mean=0.9093 (auc_365d=0.8636 auc_730d=0.9057 auc_1095d=0.9585)
  -> checkpoint saved (c_index=0.7870)
Epoch   8 | lr=9.47e-04 | loss=0.7748 | train_c_index=0.9568 | val_c_index=0.7545 | val_HR=4.141 [1.325, 12.940] | val_logrank_p=0.0080 | val_AUC_mean=0.9107 (auc_365d=0.8313 auc_730d=0.9007 auc_1095d=1.0000)
Epoch   9 | lr=9.19e-04 | loss=0.6204 | train_c_index=0.9539 | val_c_index=0.6895 | val_HR=1.963 [0.715, 5.392] | val_logrank_p=0.1825 | val_AUC_mean=0.8149 (auc_365d=0.7975 auc_730d=0.6473 auc_1095d=1.0000)
Epoch  10 | lr=8.84e-04 | loss=0.7104 | train_c_index=0.9593 | val_c_index=0.7112 | val_HR=1.881 [0.686, 5.159] | val_logrank_p=0.2123 | val_AUC_mean=0.8765 (auc_365d=0.8108 auc_730d=0.8186 auc_1095d=1.0000)
Epoch  11 | lr=8.45e-04 | loss=0.6481 | train_c_index=0.9690 | val_c_index=0.7040 | val_HR=1.881 [0.686, 5.159] | val_logrank_p=0.2123 | val_AUC_mean=0.8721 (auc_365d=0.7978 auc_730d=0.8186 auc_1095d=1.0000)
Epoch  12 | lr=8.01e-04 | loss=0.6309 | train_c_index=0.9694 | val_c_index=0.7112 | val_HR=2.812 [0.984, 8.035] | val_logrank_p=0.0438 | val_AUC_mean=0.9014 (auc_365d=0.8035 auc_730d=0.9007 auc_1095d=1.0000)
Epoch  13 | lr=7.52e-04 | loss=0.5999 | train_c_index=0.9728 | val_c_index=0.7184 | val_HR=3.731 [1.207, 11.537] | val_logrank_p=0.0143 | val_AUC_mean=0.8989 (auc_365d=0.7959 auc_730d=0.9007 auc_1095d=1.0000)
C:\Users\wonse\anaconda3\envs\PathViT-ray\Lib\site-packages\lifelines\fitters\coxph_fitter.py:1607: ConvergenceWarning: Newton-Raphson convergence completed successfully but norm(delta) is still high, 0.503. This may imply non-unique solutions to the maximum likelihood. Perhaps there is collinearity or complete separation in the dataset?

  warnings.warn(
Epoch  14 | lr=7.01e-04 | loss=0.6105 | train_c_index=0.9769 | val_c_index=0.7256 | val_HR=2.812 [0.984, 8.035] | val_logrank_p=0.0438 | val_AUC_mean=0.9061 (auc_365d=0.8176 auc_730d=0.9007 auc_1095d=1.0000)
Epoch  15 | lr=6.47e-04 | loss=0.5338 | train_c_index=0.9711 | val_c_index=0.7004 | val_HR=1.881 [0.686, 5.159] | val_logrank_p=0.2123 | val_AUC_mean=0.8590 (auc_365d=0.8108 auc_730d=0.7663 auc_1095d=1.0000)
Epoch  16 | lr=5.91e-04 | loss=0.6247 | train_c_index=0.9749 | val_c_index=0.7220 | val_HR=2.812 [0.984, 8.035] | val_logrank_p=0.0438 | val_AUC_mean=0.8947 (auc_365d=0.8244 auc_730d=0.8597 auc_1095d=1.0000)
Epoch  17 | lr=5.34e-04 | loss=0.5986 | train_c_index=0.9757 | val_c_index=0.7292 | val_HR=2.812 [0.984, 8.035] | val_logrank_p=0.0438 | val_AUC_mean=0.9012 (auc_365d=0.8438 auc_730d=0.8597 auc_1095d=1.0000)
Epoch  18 | lr=4.76e-04 | loss=0.4695 | train_c_index=0.9744 | val_c_index=0.7292 | val_HR=2.812 [0.984, 8.035] | val_logrank_p=0.0438 | val_AUC_mean=0.9171 (auc_365d=0.8507 auc_730d=0.9007 auc_1095d=1.0000)
Epoch  19 | lr=4.19e-04 | loss=0.4473 | train_c_index=0.9732 | val_c_index=0.7292 | val_HR=2.812 [0.984, 8.035] | val_logrank_p=0.0438 | val_AUC_mean=0.9034 (auc_365d=0.8507 auc_730d=0.8597 auc_1095d=1.0000)
Epoch  20 | lr=3.63e-04 | loss=0.5558 | train_c_index=0.9782 | val_c_index=0.7329 | val_HR=2.812 [0.984, 8.035] | val_logrank_p=0.0438 | val_AUC_mean=0.9171 (auc_365d=0.8507 auc_730d=0.9007 auc_1095d=1.0000)
Epoch  21 | lr=3.09e-04 | loss=0.4266 | train_c_index=0.9824 | val_c_index=0.7365 | val_HR=2.812 [0.984, 8.035] | val_logrank_p=0.0438 | val_AUC_mean=0.9171 (auc_365d=0.8507 auc_730d=0.9007 auc_1095d=1.0000)
Epoch  22 | lr=2.58e-04 | loss=0.5370 | train_c_index=0.9866 | val_c_index=0.7365 | val_HR=2.812 [0.984, 8.035] | val_logrank_p=0.0438 | val_AUC_mean=0.9126 (auc_365d=0.8370 auc_730d=0.9007 auc_1095d=1.0000)
C:\Users\wonse\anaconda3\envs\PathViT-ray\Lib\site-packages\lifelines\fitters\coxph_fitter.py:1607: ConvergenceWarning: Newton-Raphson convergence completed successfully but norm(delta) is still high, 0.503. This may imply non-unique solutions to the maximum likelihood. Perhaps there is collinearity or complete separation in the dataset?

  warnings.warn(
Epoch  23 | lr=2.09e-04 | loss=0.3886 | train_c_index=0.9853 | val_c_index=0.7292 | val_HR=2.812 [0.984, 8.035] | val_logrank_p=0.0438 | val_AUC_mean=0.8967 (auc_365d=0.8305 auc_730d=0.8597 auc_1095d=1.0000)
C:\Users\wonse\anaconda3\envs\PathViT-ray\Lib\site-packages\lifelines\fitters\coxph_fitter.py:1607: ConvergenceWarning: Newton-Raphson convergence completed successfully but norm(delta) is still high, 0.503. This may imply non-unique solutions to the maximum likelihood. Perhaps there is collinearity or complete separation in the dataset?

  warnings.warn(
Epoch  24 | lr=1.65e-04 | loss=0.4536 | train_c_index=0.9841 | val_c_index=0.7256 | val_HR=1.980 [0.726, 5.397] | val_logrank_p=0.1736 | val_AUC_mean=0.8793 (auc_365d=0.8305 auc_730d=0.8074 auc_1095d=1.0000)
C:\Users\wonse\anaconda3\envs\PathViT-ray\Lib\site-packages\lifelines\fitters\coxph_fitter.py:1607: ConvergenceWarning: Newton-Raphson convergence completed successfully but norm(delta) is still high, 0.503. This may imply non-unique solutions to the maximum likelihood. Perhaps there is collinearity or complete separation in the dataset?

  warnings.warn(
Epoch  25 | lr=1.26e-04 | loss=0.3864 | train_c_index=0.9841 | val_c_index=0.7256 | val_HR=1.980 [0.726, 5.397] | val_logrank_p=0.1736 | val_AUC_mean=0.8793 (auc_365d=0.8305 auc_730d=0.8074 auc_1095d=1.0000)
C:\Users\wonse\anaconda3\envs\PathViT-ray\Lib\site-packages\lifelines\fitters\coxph_fitter.py:1607: ConvergenceWarning: Newton-Raphson convergence completed successfully but norm(delta) is still high, 0.503. This may imply non-unique solutions to the maximum likelihood. Perhaps there is collinearity or complete separation in the dataset?

  warnings.warn(
Epoch  26 | lr=9.14e-05 | loss=0.5250 | train_c_index=0.9845 | val_c_index=0.7256 | val_HR=1.980 [0.726, 5.397] | val_logrank_p=0.1736 | val_AUC_mean=0.8793 (auc_365d=0.8305 auc_730d=0.8074 auc_1095d=1.0000)
C:\Users\wonse\anaconda3\envs\PathViT-ray\Lib\site-packages\lifelines\fitters\coxph_fitter.py:1607: ConvergenceWarning: Newton-Raphson convergence completed successfully but norm(delta) is still high, 0.503. This may imply non-unique solutions to the maximum likelihood. Perhaps there is collinearity or complete separation in the dataset?

  warnings.warn(
Epoch  27 | lr=6.27e-05 | loss=0.5619 | train_c_index=0.9858 | val_c_index=0.7256 | val_HR=1.980 [0.726, 5.397] | val_logrank_p=0.1736 | val_AUC_mean=0.8793 (auc_365d=0.8305 auc_730d=0.8074 auc_1095d=1.0000)
C:\Users\wonse\anaconda3\envs\PathViT-ray\Lib\site-packages\lifelines\fitters\coxph_fitter.py:1607: ConvergenceWarning: Newton-Raphson convergence completed successfully but norm(delta) is still high, 0.503. This may imply non-unique solutions to the maximum likelihood. Perhaps there is collinearity or complete separation in the dataset?

  warnings.warn(
Epoch  28 | lr=3.99e-05 | loss=0.3686 | train_c_index=0.9878 | val_c_index=0.7292 | val_HR=2.812 [0.984, 8.035] | val_logrank_p=0.0438 | val_AUC_mean=0.8967 (auc_365d=0.8305 auc_730d=0.8597 auc_1095d=1.0000)
C:\Users\wonse\anaconda3\envs\PathViT-ray\Lib\site-packages\lifelines\fitters\coxph_fitter.py:1607: ConvergenceWarning: Newton-Raphson convergence completed successfully but norm(delta) is still high, 0.503. This may imply non-unique solutions to the maximum likelihood. Perhaps there is collinearity or complete separation in the dataset?

  warnings.warn(
Epoch  29 | lr=2.33e-05 | loss=0.4158 | train_c_index=0.9904 | val_c_index=0.7292 | val_HR=2.812 [0.984, 8.035] | val_logrank_p=0.0438 | val_AUC_mean=0.8967 (auc_365d=0.8305 auc_730d=0.8597 auc_1095d=1.0000)
C:\Users\wonse\anaconda3\envs\PathViT-ray\Lib\site-packages\lifelines\fitters\coxph_fitter.py:1607: ConvergenceWarning: Newton-Raphson convergence completed successfully but norm(delta) is still high, 0.503. This may imply non-unique solutions to the maximum likelihood. Perhaps there is collinearity or complete separation in the dataset?

  warnings.warn(
Epoch  30 | lr=1.33e-05 | loss=0.3879 | train_c_index=0.9908 | val_c_index=0.7292 | val_HR=2.812 [0.984, 8.035] | val_logrank_p=0.0438 | val_AUC_mean=0.8967 (auc_365d=0.8305 auc_730d=0.8597 auc_1095d=1.0000)

=== Internal Test (best checkpoint epoch 7) ===
test_c_index=0.6386 | test_HR=2.841 [0.962, 8.390] | test_logrank_p=0.0486 | test_AUC_mean=0.7388 (auc_365d=0.5965 auc_730d=0.7101 auc_1095d=0.9099)
  -> fold predictions saved: D:\wonse\Documents\Job\urban_datalab\PATH-ViT\.logs\kfold_preds\tcga_M6_INT1500_FOLD0OF5_seed42_fold0of5.csv
wandb: updating run metadata
wandb: uploading history steps 22-29, summary, console lines 39-67
wandb: 
wandb: Run history:
wandb:              train/c_index ▁▃▅▆▆▆▆▇▇▇▇▇▇▇▇▇▇▇▇███████████
wandb:                 train/loss █▅▄▃▃▃▃▃▂▂▂▂▂▂▂▂▂▁▁▂▁▂▁▁▁▂▂▁▁▁
wandb:                   train/lr ▃▆██████▇▇▇▇▆▆▅▅▅▄▄▃▃▃▂▂▂▂▁▁▁▁
wandb:   val_performance/auc_mean ▅▄█▆▄▆▇▇▁▅▅▇▆▇▄▆▇█▇██▇▆▅▅▅▅▆▆▆
wandb:    val_performance/c_index ▄▄▅▄▂▅█▆▁▃▂▃▃▄▂▃▄▄▄▄▄▄▄▄▄▄▄▄▄▄
wandb:         val_performance/hr ▁█▆▄▃▆▆▆▂▂▂▄▅▄▂▄▄▄▄▄▄▄▄▂▂▂▂▄▄▄
wandb: val_performance/log_rank_p █▁▁▁▂▁▁▁▃▄▄▂▁▂▄▂▂▂▂▂▂▂▂▃▃▃▃▂▂▂
wandb: 
wandb: Run summary:
wandb:               best_epoch 7
wandb:         best_val_c_index 0.787
wandb:            test_auc_mean 0.73883
wandb:             test_c_index 0.6386
wandb:                  test_hr 2.84064
wandb:          test_log_rank_p 0.04863
wandb:            train/c_index 0.99078
wandb:               train/loss 0.3879
wandb:                 train/lr 1e-05
wandb: val_performance/auc_mean 0.89674
wandb:                       +3 ...
wandb: 
wandb:  View run TCGA_M6_INT1500_FOLD0OF5_seed42_0816::1712 at: https://wandb.ai/justin212553/Path-ViT/runs/mihl9i73
wandb:  View project at: https://wandb.ai/justin212553/Path-ViT
wandb: Synced 5 W&B file(s), 0 media file(s), 0 artifact file(s) and 0 other file(s)
wandb: Find logs at: .\.wandb\run-20260816_171215-mihl9i73\logs

=== External Test (cptac 전체 코호트) ===
external_c_index=0.5966 | external_HR=1.531 [1.059, 2.213] | external_logrank_p=0.0220 | external_AUC_mean=0.6409 (auc_365d=0.6412 auc_730d=0.6552 auc_1095d=0.6262)
wandb: setting up run os5wwe67
wandb: Tracking run with wandb version 0.28.0
wandb: Run data is saved locally in D:\wonse\Documents\Job\urban_datalab\PATH-ViT\.wandb\run-20260816_171259-os5wwe67
wandb: Run `wandb offline` to turn off syncing.
wandb: Syncing run TCGA_XM6_INT1500_FOLD0OF5_seed42_0816::1712
wandb:  View project at https://wandb.ai/justin212553/Path-ViT
wandb:  View run at https://wandb.ai/justin212553/Path-ViT/runs/os5wwe67
wandb: updating run metadata; uploading summary
wandb: uploading history steps 0-0, summary
wandb: 
wandb: Run history:
wandb:   external/auc_mean ▁
wandb:    external/c_index ▁
wandb:         external/hr ▁
wandb: external/log_rank_p ▁
wandb: 
wandb: Run summary:
wandb:   external/auc_mean 0.64086
wandb:    external/c_index 0.59663
wandb:         external/hr 1.53071
wandb: external/log_rank_p 0.02197
wandb: 
wandb:  View run TCGA_XM6_INT1500_FOLD0OF5_seed42_0816::1712 at: https://wandb.ai/justin212553/Path-ViT/runs/os5wwe67
wandb:  View project at: https://wandb.ai/justin212553/Path-ViT
wandb: Synced 4 W&B file(s), 0 media file(s), 0 artifact file(s) and 0 other file(s)
wandb: Find logs at: .\.wandb\run-20260816_171259-os5wwe67\logs
=== FINAL M6 seed=42 fold=0/5 Complete: Sun Aug 16 17:13:01     2026 ===
=== FINAL M6 seed=42 fold=1/5 Start: Sun Aug 16 17:13:01     2026 ===
wandb: [wandb.login()] Loaded credentials for https://api.wandb.ai from C:\Users\wonse\_netrc.
wandb: Currently logged in as: justin212553 to https://api.wandb.ai. Use `wandb login --relogin` to force relogin
wandb: setting up run f5r4b14s
wandb: Tracking run with wandb version 0.28.0
wandb: Run data is saved locally in D:\wonse\Documents\Job\urban_datalab\PATH-ViT\.wandb\run-20260816_171309-f5r4b14s
wandb: Run `wandb offline` to turn off syncing.
wandb: Syncing run TCGA_M6_INT1500_FOLD1OF5_seed42_0816::1713
wandb:  View project at https://wandb.ai/justin212553/Path-ViT
wandb:  View run at https://wandb.ai/justin212553/Path-ViT/runs/f5r4b14s
Model: M6_INT1500_FOLD1OF5 (RNAOnly) | params=401,409
Dataset: tcga  (5-fold CV, fold 1)  Train: 91  Val: 31  Test(internal): 30 patients
lr=1.0e-03 | weight_decay=1.0e-02 | epochs=30 | cox_batch_size=16
Epoch   1 | lr=3.33e-04 | loss=2.0824 | train_c_index=0.8109 | val_c_index=0.5911 | val_HR=1.369 [0.502, 3.734] | val_logrank_p=0.5379 | val_AUC_mean=0.5461 (auc_365d=0.6892 auc_730d=0.4111 auc_1095d=0.5381)
  -> checkpoint saved (c_index=0.5911)
Epoch   2 | lr=6.67e-04 | loss=1.4119 | train_c_index=0.8852 | val_c_index=0.6059 | val_HR=1.516 [0.554, 4.148] | val_logrank_p=0.4144 | val_AUC_mean=0.5809 (auc_365d=0.7300 auc_730d=0.3935 auc_1095d=0.6193)
  -> checkpoint saved (c_index=0.6059)
Epoch   3 | lr=1.00e-03 | loss=1.1815 | train_c_index=0.9224 | val_c_index=0.5836 | val_HR=1.174 [0.441, 3.125] | val_logrank_p=0.7480 | val_AUC_mean=0.5672 (auc_365d=0.6908 auc_730d=0.4223 auc_1095d=0.5885)
Epoch   4 | lr=1.00e-03 | loss=0.9109 | train_c_index=0.9077 | val_c_index=0.6691 | val_HR=2.652 [0.933, 7.541] | val_logrank_p=0.0572 | val_AUC_mean=0.6477 (auc_365d=0.7147 auc_730d=0.5501 auc_1095d=0.6783)
  -> checkpoint saved (c_index=0.6691)
Epoch   5 | lr=9.97e-04 | loss=1.1305 | train_c_index=0.9338 | val_c_index=0.6691 | val_HR=2.755 [0.954, 7.953] | val_logrank_p=0.0508 | val_AUC_mean=0.6968 (auc_365d=0.7398 auc_730d=0.5843 auc_1095d=0.7664)
Epoch   6 | lr=9.87e-04 | loss=0.7628 | train_c_index=0.9400 | val_c_index=0.5874 | val_HR=1.251 [0.474, 3.299] | val_logrank_p=0.6507 | val_AUC_mean=0.6103 (auc_365d=0.6632 auc_730d=0.4512 auc_1095d=0.7165)
Epoch   7 | lr=9.70e-04 | loss=0.8071 | train_c_index=0.9457 | val_c_index=0.6357 | val_HR=1.303 [0.475, 3.574] | val_logrank_p=0.6062 | val_AUC_mean=0.6480 (auc_365d=0.6630 auc_730d=0.5153 auc_1095d=0.7656)
Epoch   8 | lr=9.47e-04 | loss=0.8752 | train_c_index=0.9522 | val_c_index=0.5911 | val_HR=0.810 [0.305, 2.154] | val_logrank_p=0.6727 | val_AUC_mean=0.5990 (auc_365d=0.6241 auc_730d=0.4572 auc_1095d=0.7157)
C:\Users\wonse\anaconda3\envs\PathViT-ray\Lib\site-packages\lifelines\fitters\coxph_fitter.py:1607: ConvergenceWarning: Newton-Raphson convergence completed successfully but norm(delta) is still high, 0.503. This may imply non-unique solutions to the maximum likelihood. Perhaps there is collinearity or complete separation in the dataset?

  warnings.warn(
Epoch   9 | lr=9.19e-04 | loss=0.5812 | train_c_index=0.9645 | val_c_index=0.6394 | val_HR=1.145 [0.429, 3.053] | val_logrank_p=0.7864 | val_AUC_mean=0.6406 (auc_365d=0.6631 auc_730d=0.4930 auc_1095d=0.7656)
Epoch  10 | lr=8.84e-04 | loss=0.6168 | train_c_index=0.9665 | val_c_index=0.6134 | val_HR=1.516 [0.554, 4.148] | val_logrank_p=0.4144 | val_AUC_mean=0.6630 (auc_365d=0.6888 auc_730d=0.5134 auc_1095d=0.7868)
Epoch  11 | lr=8.45e-04 | loss=0.6541 | train_c_index=0.9690 | val_c_index=0.6320 | val_HR=1.516 [0.554, 4.148] | val_logrank_p=0.4144 | val_AUC_mean=0.6776 (auc_365d=0.6991 auc_730d=0.5471 auc_1095d=0.7868)
C:\Users\wonse\anaconda3\envs\PathViT-ray\Lib\site-packages\lifelines\fitters\coxph_fitter.py:1607: ConvergenceWarning: Newton-Raphson convergence completed successfully but norm(delta) is still high, 0.503. This may imply non-unique solutions to the maximum likelihood. Perhaps there is collinearity or complete separation in the dataset?

  warnings.warn(
Epoch  12 | lr=8.01e-04 | loss=0.5764 | train_c_index=0.9743 | val_c_index=0.6654 | val_HR=2.630 [0.911, 7.592] | val_logrank_p=0.0632 | val_AUC_mean=0.6813 (auc_365d=0.6748 auc_730d=0.5845 auc_1095d=0.7847)
Epoch  13 | lr=7.52e-04 | loss=0.5462 | train_c_index=0.9657 | val_c_index=0.6840 | val_HR=2.184 [0.758, 6.297] | val_logrank_p=0.1382 | val_AUC_mean=0.6892 (auc_365d=0.6498 auc_730d=0.6227 auc_1095d=0.7951)
  -> checkpoint saved (c_index=0.6840)
Epoch  14 | lr=7.01e-04 | loss=0.6629 | train_c_index=0.9706 | val_c_index=0.6283 | val_HR=0.992 [0.370, 2.658] | val_logrank_p=0.9865 | val_AUC_mean=0.6237 (auc_365d=0.6576 auc_730d=0.4957 auc_1095d=0.7178)
Epoch  15 | lr=6.47e-04 | loss=0.5880 | train_c_index=0.9722 | val_c_index=0.5985 | val_HR=0.867 [0.323, 2.328] | val_logrank_p=0.7765 | val_AUC_mean=0.5882 (auc_365d=0.7074 auc_730d=0.3762 auc_1095d=0.6810)
Epoch  16 | lr=5.91e-04 | loss=0.6022 | train_c_index=0.9783 | val_c_index=0.5911 | val_HR=0.992 [0.370, 2.658] | val_logrank_p=0.9865 | val_AUC_mean=0.5685 (auc_365d=0.6388 auc_730d=0.4002 auc_1095d=0.6665)
Epoch  17 | lr=5.34e-04 | loss=0.5056 | train_c_index=0.9726 | val_c_index=0.6059 | val_HR=0.955 [0.356, 2.556] | val_logrank_p=0.9261 | val_AUC_mean=0.6226 (auc_365d=0.6101 auc_730d=0.4921 auc_1095d=0.7656)
Epoch  18 | lr=4.76e-04 | loss=0.5074 | train_c_index=0.9694 | val_c_index=0.6171 | val_HR=1.247 [0.471, 3.298] | val_logrank_p=0.6565 | val_AUC_mean=0.6341 (auc_365d=0.5937 auc_730d=0.5432 auc_1095d=0.7656)
C:\Users\wonse\anaconda3\envs\PathViT-ray\Lib\site-packages\lifelines\fitters\coxph_fitter.py:1607: ConvergenceWarning: Newton-Raphson convergence completed successfully but norm(delta) is still high, 0.503. This may imply non-unique solutions to the maximum likelihood. Perhaps there is collinearity or complete separation in the dataset?

  warnings.warn(
Epoch  19 | lr=4.19e-04 | loss=0.5614 | train_c_index=0.9775 | val_c_index=0.6097 | val_HR=1.407 [0.518, 3.825] | val_logrank_p=0.5008 | val_AUC_mean=0.6082 (auc_365d=0.5939 auc_730d=0.4947 auc_1095d=0.7361)
Epoch  20 | lr=3.63e-04 | loss=0.4074 | train_c_index=0.9775 | val_c_index=0.6022 | val_HR=1.259 [0.476, 3.330] | val_logrank_p=0.6416 | val_AUC_mean=0.6003 (auc_365d=0.6454 auc_730d=0.4398 auc_1095d=0.7157)
Epoch  21 | lr=3.09e-04 | loss=0.5290 | train_c_index=0.9779 | val_c_index=0.5985 | val_HR=0.789 [0.298, 2.094] | val_logrank_p=0.6340 | val_AUC_mean=0.5987 (auc_365d=0.6533 auc_730d=0.4270 auc_1095d=0.7157)
Epoch  22 | lr=2.58e-04 | loss=0.4716 | train_c_index=0.9841 | val_c_index=0.5948 | val_HR=0.789 [0.298, 2.094] | val_logrank_p=0.6340 | val_AUC_mean=0.6022 (auc_365d=0.6460 auc_730d=0.4448 auc_1095d=0.7157)
Epoch  23 | lr=2.09e-04 | loss=0.3441 | train_c_index=0.9882 | val_c_index=0.6097 | val_HR=1.111 [0.420, 2.943] | val_logrank_p=0.8316 | val_AUC_mean=0.6403 (auc_365d=0.6381 auc_730d=0.5171 auc_1095d=0.7656)
C:\Users\wonse\anaconda3\envs\PathViT-ray\Lib\site-packages\lifelines\fitters\coxph_fitter.py:1607: ConvergenceWarning: Newton-Raphson convergence completed successfully but norm(delta) is still high, 0.503. This may imply non-unique solutions to the maximum likelihood. Perhaps there is collinearity or complete separation in the dataset?

  warnings.warn(
Epoch  24 | lr=1.65e-04 | loss=0.4075 | train_c_index=0.9886 | val_c_index=0.6283 | val_HR=1.111 [0.420, 2.943] | val_logrank_p=0.8316 | val_AUC_mean=0.6524 (auc_365d=0.6465 auc_730d=0.5451 auc_1095d=0.7656)
C:\Users\wonse\anaconda3\envs\PathViT-ray\Lib\site-packages\lifelines\fitters\coxph_fitter.py:1607: ConvergenceWarning: Newton-Raphson convergence completed successfully but norm(delta) is still high, 0.503. This may imply non-unique solutions to the maximum likelihood. Perhaps there is collinearity or complete separation in the dataset?

  warnings.warn(
Epoch  25 | lr=1.26e-04 | loss=0.4170 | train_c_index=0.9882 | val_c_index=0.6171 | val_HR=1.288 [0.473, 3.512] | val_logrank_p=0.6195 | val_AUC_mean=0.6243 (auc_365d=0.6236 auc_730d=0.5336 auc_1095d=0.7157)
C:\Users\wonse\anaconda3\envs\PathViT-ray\Lib\site-packages\lifelines\fitters\coxph_fitter.py:1607: ConvergenceWarning: Newton-Raphson convergence completed successfully but norm(delta) is still high, 0.503. This may imply non-unique solutions to the maximum likelihood. Perhaps there is collinearity or complete separation in the dataset?

  warnings.warn(
Epoch  26 | lr=9.14e-05 | loss=0.4984 | train_c_index=0.9882 | val_c_index=0.6208 | val_HR=1.288 [0.473, 3.512] | val_logrank_p=0.6195 | val_AUC_mean=0.6525 (auc_365d=0.6315 auc_730d=0.5604 auc_1095d=0.7656)
C:\Users\wonse\anaconda3\envs\PathViT-ray\Lib\site-packages\lifelines\fitters\coxph_fitter.py:1607: ConvergenceWarning: Newton-Raphson convergence completed successfully but norm(delta) is still high, 0.503. This may imply non-unique solutions to the maximum likelihood. Perhaps there is collinearity or complete separation in the dataset?

  warnings.warn(
Epoch  27 | lr=6.27e-05 | loss=0.3554 | train_c_index=0.9882 | val_c_index=0.6171 | val_HR=1.288 [0.473, 3.512] | val_logrank_p=0.6195 | val_AUC_mean=0.6472 (auc_365d=0.6233 auc_730d=0.5527 auc_1095d=0.7656)
C:\Users\wonse\anaconda3\envs\PathViT-ray\Lib\site-packages\lifelines\fitters\coxph_fitter.py:1607: ConvergenceWarning: Newton-Raphson convergence completed successfully but norm(delta) is still high, 0.503. This may imply non-unique solutions to the maximum likelihood. Perhaps there is collinearity or complete separation in the dataset?

  warnings.warn(
Epoch  28 | lr=3.99e-05 | loss=0.3933 | train_c_index=0.9890 | val_c_index=0.6097 | val_HR=1.288 [0.473, 3.512] | val_logrank_p=0.6195 | val_AUC_mean=0.6190 (auc_365d=0.6154 auc_730d=0.5260 auc_1095d=0.7157)
C:\Users\wonse\anaconda3\envs\PathViT-ray\Lib\site-packages\lifelines\fitters\coxph_fitter.py:1607: ConvergenceWarning: Newton-Raphson convergence completed successfully but norm(delta) is still high, 0.503. This may imply non-unique solutions to the maximum likelihood. Perhaps there is collinearity or complete separation in the dataset?

  warnings.warn(
Epoch  29 | lr=2.33e-05 | loss=0.4343 | train_c_index=0.9890 | val_c_index=0.6097 | val_HR=1.288 [0.473, 3.512] | val_logrank_p=0.6195 | val_AUC_mean=0.6190 (auc_365d=0.6154 auc_730d=0.5260 auc_1095d=0.7157)
C:\Users\wonse\anaconda3\envs\PathViT-ray\Lib\site-packages\lifelines\fitters\coxph_fitter.py:1607: ConvergenceWarning: Newton-Raphson convergence completed successfully but norm(delta) is still high, 0.503. This may imply non-unique solutions to the maximum likelihood. Perhaps there is collinearity or complete separation in the dataset?

  warnings.warn(
Epoch  30 | lr=1.33e-05 | loss=0.3967 | train_c_index=0.9894 | val_c_index=0.6134 | val_HR=1.288 [0.473, 3.512] | val_logrank_p=0.6195 | val_AUC_mean=0.6190 (auc_365d=0.6154 auc_730d=0.5260 auc_1095d=0.7157)

=== Internal Test (best checkpoint epoch 13) ===
test_c_index=0.6631 | test_HR=2.154 [0.769, 6.034] | test_logrank_p=0.1355 | test_AUC_mean=0.7169 (auc_365d=0.5568 auc_730d=0.8179 auc_1095d=0.7762)
  -> fold predictions saved: D:\wonse\Documents\Job\urban_datalab\PATH-ViT\.logs\kfold_preds\tcga_M6_INT1500_FOLD1OF5_seed42_fold1of5.csv
wandb: updating run metadata
wandb: uploading history steps 22-29, summary, console lines 39-70
wandb: uploading output.log; uploading wandb-summary.json; uploading config.yaml
wandb: uploading data
wandb: 
wandb: Run history:
wandb:              train/c_index ▁▄▅▅▆▆▆▇▇▇▇▇▇▇▇█▇▇████████████
wandb:                 train/loss █▅▄▃▄▃▃▃▂▂▂▂▂▂▂▂▂▂▂▁▂▂▁▁▁▂▁▁▁▁
wandb:                   train/lr ▃▆██████▇▇▇▇▆▆▅▅▅▄▄▃▃▃▂▂▂▂▁▁▁▁
wandb:   val_performance/auc_mean ▁▃▂▆█▄▆▃▅▆▇▇█▅▃▂▅▅▄▄▃▄▅▆▅▆▆▄▄▄
wandb:    val_performance/c_index ▂▃▁▇▇▁▅▂▅▃▄▇█▄▂▂▃▃▃▂▂▂▃▄▃▄▃▃▃▃
wandb:         val_performance/hr ▃▄▂██▃▃▁▂▄▄█▆▂▁▂▂▃▃▃▁▁▂▂▃▃▃▃▃▃
wandb: val_performance/log_rank_p ▅▄▆▁▁▅▅▆▇▄▄▁▂█▆██▆▄▅▅▅▇▇▅▅▅▅▅▅
wandb: 
wandb: Run summary:
wandb:               best_epoch 13
wandb:         best_val_c_index 0.68401
wandb:            test_auc_mean 0.71694
wandb:             test_c_index 0.66312
wandb:                  test_hr 2.15374
wandb:          test_log_rank_p 0.13553
wandb:            train/c_index 0.98938
wandb:               train/loss 0.39665
wandb:                 train/lr 1e-05
wandb: val_performance/auc_mean 0.61904
wandb:                       +3 ...
wandb: 
wandb:  View run TCGA_M6_INT1500_FOLD1OF5_seed42_0816::1713 at: https://wandb.ai/justin212553/Path-ViT/runs/f5r4b14s
wandb:  View project at: https://wandb.ai/justin212553/Path-ViT
wandb: Synced 5 W&B file(s), 0 media file(s), 0 artifact file(s) and 0 other file(s)
wandb: Find logs at: .\.wandb\run-20260816_171309-f5r4b14s\logs

=== External Test (cptac 전체 코호트) ===
external_c_index=0.6311 | external_HR=1.500 [1.036, 2.172] | external_logrank_p=0.0300 | external_AUC_mean=0.6550 (auc_365d=0.6982 auc_730d=0.6773 auc_1095d=0.5896)
wandb: setting up run y1awf12h
wandb: Tracking run with wandb version 0.28.0
wandb: Run data is saved locally in D:\wonse\Documents\Job\urban_datalab\PATH-ViT\.wandb\run-20260816_171401-y1awf12h
wandb: Run `wandb offline` to turn off syncing.
wandb: Syncing run TCGA_XM6_INT1500_FOLD1OF5_seed42_0816::1713
wandb:  View project at https://wandb.ai/justin212553/Path-ViT
wandb:  View run at https://wandb.ai/justin212553/Path-ViT/runs/y1awf12h
wandb: updating run metadata; uploading summary
wandb: uploading wandb-metadata.json; uploading requirements.txt; uploading wandb-summary.json; uploading config.yaml
wandb: 
wandb: Run history:
wandb:   external/auc_mean ▁
wandb:    external/c_index ▁
wandb:         external/hr ▁
wandb: external/log_rank_p ▁
wandb: 
wandb: Run summary:
wandb:   external/auc_mean 0.65501
wandb:    external/c_index 0.63109
wandb:         external/hr 1.49996
wandb: external/log_rank_p 0.03004
wandb: 
wandb:  View run TCGA_XM6_INT1500_FOLD1OF5_seed42_0816::1713 at: https://wandb.ai/justin212553/Path-ViT/runs/y1awf12h
wandb:  View project at: https://wandb.ai/justin212553/Path-ViT
wandb: Synced 4 W&B file(s), 0 media file(s), 0 artifact file(s) and 0 other file(s)
wandb: Find logs at: .\.wandb\run-20260816_171401-y1awf12h\logs
=== FINAL M6 seed=42 fold=1/5 Complete: Sun Aug 16 17:14:03     2026 ===
=== FINAL M6 seed=42 fold=2/5 Start: Sun Aug 16 17:14:03     2026 ===
wandb: [wandb.login()] Loaded credentials for https://api.wandb.ai from C:\Users\wonse\_netrc.
wandb: Currently logged in as: justin212553 to https://api.wandb.ai. Use `wandb login --relogin` to force relogin
wandb: setting up run 95rk4s25
wandb: Tracking run with wandb version 0.28.0
wandb: Run data is saved locally in D:\wonse\Documents\Job\urban_datalab\PATH-ViT\.wandb\run-20260816_171412-95rk4s25
wandb: Run `wandb offline` to turn off syncing.
wandb: Syncing run TCGA_M6_INT1500_FOLD2OF5_seed42_0816::1714
wandb:  View project at https://wandb.ai/justin212553/Path-ViT
wandb:  View run at https://wandb.ai/justin212553/Path-ViT/runs/95rk4s25
Model: M6_INT1500_FOLD2OF5 (RNAOnly) | params=401,409
Dataset: tcga  (5-fold CV, fold 2)  Train: 92  Val: 31  Test(internal): 29 patients
lr=1.0e-03 | weight_decay=1.0e-02 | epochs=30 | cox_batch_size=16
Epoch   1 | lr=3.33e-04 | loss=2.2213 | train_c_index=0.8289 | val_c_index=0.7436 | val_HR=4.040 [1.294, 12.616] | val_logrank_p=0.0095 | val_AUC_mean=0.7623 (auc_365d=0.7898 auc_730d=0.6314 auc_1095d=0.8656)
  -> checkpoint saved (c_index=0.7436)
Epoch   2 | lr=6.67e-04 | loss=1.3849 | train_c_index=0.8926 | val_c_index=0.6630 | val_HR=2.004 [0.757, 5.311] | val_logrank_p=0.1540 | val_AUC_mean=0.5615 (auc_365d=0.7354 auc_730d=0.4290 auc_1095d=0.5201)
Epoch   3 | lr=1.00e-03 | loss=1.3073 | train_c_index=0.9273 | val_c_index=0.6740 | val_HR=1.922 [0.725, 5.093] | val_logrank_p=0.1815 | val_AUC_mean=0.5908 (auc_365d=0.7473 auc_730d=0.4485 auc_1095d=0.5766)
Epoch   4 | lr=1.00e-03 | loss=1.0148 | train_c_index=0.9117 | val_c_index=0.6740 | val_HR=2.448 [0.896, 6.687] | val_logrank_p=0.0716 | val_AUC_mean=0.6747 (auc_365d=0.7886 auc_730d=0.5061 auc_1095d=0.7295)
Epoch   5 | lr=9.97e-04 | loss=0.9752 | train_c_index=0.9203 | val_c_index=0.6374 | val_HR=2.204 [0.798, 6.089] | val_logrank_p=0.1178 | val_AUC_mean=0.6471 (auc_365d=0.7434 auc_730d=0.4885 auc_1095d=0.7094)
Epoch   6 | lr=9.87e-04 | loss=0.8648 | train_c_index=0.9401 | val_c_index=0.6447 | val_HR=1.604 [0.608, 4.227] | val_logrank_p=0.3352 | val_AUC_mean=0.5546 (auc_365d=0.7264 auc_730d=0.4124 auc_1095d=0.5251)
Epoch   7 | lr=9.70e-04 | loss=0.9064 | train_c_index=0.9397 | val_c_index=0.6154 | val_HR=1.928 [0.727, 5.113] | val_logrank_p=0.1796 | val_AUC_mean=0.5320 (auc_365d=0.7170 auc_730d=0.3749 auc_1095d=0.5041)
Epoch   8 | lr=9.47e-04 | loss=0.8579 | train_c_index=0.9568 | val_c_index=0.6630 | val_HR=2.448 [0.896, 6.687] | val_logrank_p=0.0716 | val_AUC_mean=0.6601 (auc_365d=0.7676 auc_730d=0.5083 auc_1095d=0.7045)
Epoch   9 | lr=9.19e-04 | loss=0.8122 | train_c_index=0.9483 | val_c_index=0.6447 | val_HR=1.585 [0.601, 4.178] | val_logrank_p=0.3473 | val_AUC_mean=0.6668 (auc_365d=0.7497 auc_730d=0.5463 auc_1095d=0.7045)
Epoch  10 | lr=8.84e-04 | loss=0.6975 | train_c_index=0.9623 | val_c_index=0.6227 | val_HR=1.928 [0.727, 5.113] | val_logrank_p=0.1796 | val_AUC_mean=0.5884 (auc_365d=0.7389 auc_730d=0.4456 auc_1095d=0.5805)
Epoch  11 | lr=8.45e-04 | loss=0.6024 | train_c_index=0.9662 | val_c_index=0.5971 | val_HR=1.282 [0.493, 3.333] | val_logrank_p=0.6099 | val_AUC_mean=0.5479 (auc_365d=0.7257 auc_730d=0.3893 auc_1095d=0.5287)
C:\Users\wonse\anaconda3\envs\PathViT-ray\Lib\site-packages\lifelines\fitters\coxph_fitter.py:1607: ConvergenceWarning: Newton-Raphson convergence completed successfully but norm(delta) is still high, 0.503. This may imply non-unique solutions to the maximum likelihood. Perhaps there is collinearity or complete separation in the dataset?

  warnings.warn(
Epoch  12 | lr=8.01e-04 | loss=0.6288 | train_c_index=0.9720 | val_c_index=0.6337 | val_HR=2.028 [0.766, 5.375] | val_logrank_p=0.1468 | val_AUC_mean=0.6254 (auc_365d=0.7464 auc_730d=0.4835 auc_1095d=0.6463)
Epoch  13 | lr=7.52e-04 | loss=0.7041 | train_c_index=0.9693 | val_c_index=0.6667 | val_HR=2.028 [0.766, 5.375] | val_logrank_p=0.1468 | val_AUC_mean=0.6691 (auc_365d=0.7579 auc_730d=0.5328 auc_1095d=0.7166)
C:\Users\wonse\anaconda3\envs\PathViT-ray\Lib\site-packages\lifelines\fitters\coxph_fitter.py:1607: ConvergenceWarning: Newton-Raphson convergence completed successfully but norm(delta) is still high, 0.503. This may imply non-unique solutions to the maximum likelihood. Perhaps there is collinearity or complete separation in the dataset?

  warnings.warn(
Epoch  14 | lr=7.01e-04 | loss=0.5362 | train_c_index=0.9767 | val_c_index=0.6520 | val_HR=2.028 [0.766, 5.375] | val_logrank_p=0.1468 | val_AUC_mean=0.6351 (auc_365d=0.7603 auc_730d=0.4864 auc_1095d=0.6586)
Epoch  15 | lr=6.47e-04 | loss=0.5149 | train_c_index=0.9802 | val_c_index=0.6447 | val_HR=1.604 [0.608, 4.227] | val_logrank_p=0.3352 | val_AUC_mean=0.6527 (auc_365d=0.7456 auc_730d=0.4830 auc_1095d=0.7295)
Epoch  16 | lr=5.91e-04 | loss=0.5199 | train_c_index=0.9763 | val_c_index=0.6630 | val_HR=1.604 [0.608, 4.227] | val_logrank_p=0.3352 | val_AUC_mean=0.6593 (auc_365d=0.7500 auc_730d=0.5191 auc_1095d=0.7088)
C:\Users\wonse\anaconda3\envs\PathViT-ray\Lib\site-packages\lifelines\fitters\coxph_fitter.py:1607: ConvergenceWarning: Newton-Raphson convergence completed successfully but norm(delta) is still high, 0.503. This may imply non-unique solutions to the maximum likelihood. Perhaps there is collinearity or complete separation in the dataset?

  warnings.warn(
Epoch  17 | lr=5.34e-04 | loss=0.4883 | train_c_index=0.9794 | val_c_index=0.6557 | val_HR=1.604 [0.608, 4.227] | val_logrank_p=0.3352 | val_AUC_mean=0.5956 (auc_365d=0.7347 auc_730d=0.4751 auc_1095d=0.5769)
C:\Users\wonse\anaconda3\envs\PathViT-ray\Lib\site-packages\lifelines\fitters\coxph_fitter.py:1607: ConvergenceWarning: Newton-Raphson convergence completed successfully but norm(delta) is still high, 0.503. This may imply non-unique solutions to the maximum likelihood. Perhaps there is collinearity or complete separation in the dataset?

  warnings.warn(
Epoch  18 | lr=4.76e-04 | loss=0.4770 | train_c_index=0.9817 | val_c_index=0.6447 | val_HR=1.282 [0.493, 3.333] | val_logrank_p=0.6099 | val_AUC_mean=0.6021 (auc_365d=0.7304 auc_730d=0.4768 auc_1095d=0.5990)
C:\Users\wonse\anaconda3\envs\PathViT-ray\Lib\site-packages\lifelines\fitters\coxph_fitter.py:1607: ConvergenceWarning: Newton-Raphson convergence completed successfully but norm(delta) is still high, 0.503. This may imply non-unique solutions to the maximum likelihood. Perhaps there is collinearity or complete separation in the dataset?

  warnings.warn(
Epoch  19 | lr=4.19e-04 | loss=0.5539 | train_c_index=0.9782 | val_c_index=0.6447 | val_HR=2.028 [0.766, 5.375] | val_logrank_p=0.1468 | val_AUC_mean=0.5870 (auc_365d=0.7397 auc_730d=0.4593 auc_1095d=0.5620)
Epoch  20 | lr=3.63e-04 | loss=0.5281 | train_c_index=0.9806 | val_c_index=0.6410 | val_HR=2.028 [0.766, 5.375] | val_logrank_p=0.1468 | val_AUC_mean=0.5855 (auc_365d=0.7540 auc_730d=0.4405 auc_1095d=0.5620)
Epoch  21 | lr=3.09e-04 | loss=0.5435 | train_c_index=0.9848 | val_c_index=0.6337 | val_HR=1.604 [0.608, 4.227] | val_logrank_p=0.3352 | val_AUC_mean=0.5786 (auc_365d=0.7456 auc_730d=0.4492 auc_1095d=0.5410)
Epoch  22 | lr=2.58e-04 | loss=0.4747 | train_c_index=0.9844 | val_c_index=0.6264 | val_HR=1.604 [0.608, 4.227] | val_logrank_p=0.3352 | val_AUC_mean=0.5765 (auc_365d=0.7392 auc_730d=0.4492 auc_1095d=0.5410)
Epoch  23 | lr=2.09e-04 | loss=0.4788 | train_c_index=0.9848 | val_c_index=0.6227 | val_HR=2.028 [0.766, 5.375] | val_logrank_p=0.1468 | val_AUC_mean=0.5702 (auc_365d=0.7392 auc_730d=0.4304 auc_1095d=0.5410)
Epoch  24 | lr=1.65e-04 | loss=0.4575 | train_c_index=0.9833 | val_c_index=0.6264 | val_HR=2.028 [0.766, 5.375] | val_logrank_p=0.1468 | val_AUC_mean=0.6064 (auc_365d=0.7392 auc_730d=0.4547 auc_1095d=0.6253)
Epoch  25 | lr=1.26e-04 | loss=0.4883 | train_c_index=0.9852 | val_c_index=0.6264 | val_HR=2.028 [0.766, 5.375] | val_logrank_p=0.1468 | val_AUC_mean=0.6199 (auc_365d=0.7328 auc_730d=0.4698 auc_1095d=0.6570)
Epoch  26 | lr=9.14e-05 | loss=0.4892 | train_c_index=0.9868 | val_c_index=0.6264 | val_HR=2.028 [0.766, 5.375] | val_logrank_p=0.1468 | val_AUC_mean=0.6199 (auc_365d=0.7328 auc_730d=0.4698 auc_1095d=0.6570)
Epoch  27 | lr=6.27e-05 | loss=0.4227 | train_c_index=0.9872 | val_c_index=0.6264 | val_HR=2.028 [0.766, 5.375] | val_logrank_p=0.1468 | val_AUC_mean=0.6199 (auc_365d=0.7328 auc_730d=0.4698 auc_1095d=0.6570)
C:\Users\wonse\anaconda3\envs\PathViT-ray\Lib\site-packages\lifelines\fitters\coxph_fitter.py:1607: ConvergenceWarning: Newton-Raphson convergence completed successfully but norm(delta) is still high, 0.503. This may imply non-unique solutions to the maximum likelihood. Perhaps there is collinearity or complete separation in the dataset?

  warnings.warn(
Epoch  28 | lr=3.99e-05 | loss=0.4699 | train_c_index=0.9895 | val_c_index=0.6337 | val_HR=2.028 [0.766, 5.375] | val_logrank_p=0.1468 | val_AUC_mean=0.6252 (auc_365d=0.7328 auc_730d=0.4856 auc_1095d=0.6570)
C:\Users\wonse\anaconda3\envs\PathViT-ray\Lib\site-packages\lifelines\fitters\coxph_fitter.py:1607: ConvergenceWarning: Newton-Raphson convergence completed successfully but norm(delta) is still high, 0.503. This may imply non-unique solutions to the maximum likelihood. Perhaps there is collinearity or complete separation in the dataset?

  warnings.warn(
Epoch  29 | lr=2.33e-05 | loss=0.5290 | train_c_index=0.9899 | val_c_index=0.6337 | val_HR=2.028 [0.766, 5.375] | val_logrank_p=0.1468 | val_AUC_mean=0.6252 (auc_365d=0.7328 auc_730d=0.4856 auc_1095d=0.6570)
C:\Users\wonse\anaconda3\envs\PathViT-ray\Lib\site-packages\lifelines\fitters\coxph_fitter.py:1607: ConvergenceWarning: Newton-Raphson convergence completed successfully but norm(delta) is still high, 0.503. This may imply non-unique solutions to the maximum likelihood. Perhaps there is collinearity or complete separation in the dataset?

  warnings.warn(
Epoch  30 | lr=1.33e-05 | loss=0.3742 | train_c_index=0.9899 | val_c_index=0.6337 | val_HR=2.028 [0.766, 5.375] | val_logrank_p=0.1468 | val_AUC_mean=0.6252 (auc_365d=0.7328 auc_730d=0.4856 auc_1095d=0.6570)

=== Internal Test (best checkpoint epoch 1) ===
test_c_index=0.6709 | test_HR=3.822 [1.204, 12.133] | test_logrank_p=0.0147 | test_AUC_mean=0.7391 (auc_365d=0.8213 auc_730d=0.7757 auc_1095d=0.6202)
  -> fold predictions saved: D:\wonse\Documents\Job\urban_datalab\PATH-ViT\.logs\kfold_preds\tcga_M6_INT1500_FOLD2OF5_seed42_fold2of5.csv
wandb: updating run metadata
wandb: uploading config.yaml
wandb: 
wandb: Run history:
wandb:              train/c_index ▁▄▅▅▅▆▆▇▆▇▇▇▇▇█▇██▇███████████
wandb:                 train/loss █▅▅▃▃▃▃▃▃▂▂▂▂▂▂▂▁▁▂▂▂▁▁▁▁▁▁▁▂▁
wandb:                   train/lr ▃▆██████▇▇▇▇▆▆▅▅▅▄▄▃▃▃▂▂▂▂▁▁▁▁
wandb:   val_performance/auc_mean █▂▃▅▄▂▁▅▅▃▁▄▅▄▅▅▃▃▃▃▂▂▂▃▄▄▄▄▄▄
wandb:    val_performance/c_index █▄▅▅▃▃▂▄▃▂▁▃▄▄▃▄▄▃▃▃▃▂▂▂▂▂▂▃▃▃
wandb:         val_performance/hr █▃▃▄▃▂▃▄▂▃▁▃▃▃▂▂▂▁▃▃▂▂▃▃▃▃▃▃▃▃
wandb: val_performance/log_rank_p ▁▃▃▂▂▅▃▂▅▃█▃▃▃▅▅▅█▃▃▅▅▃▃▃▃▃▃▃▃
wandb: 
wandb: Run summary:
wandb:               best_epoch 1
wandb:         best_val_c_index 0.74359
wandb:            test_auc_mean 0.73909
wandb:             test_c_index 0.67094
wandb:                  test_hr 3.82233
wandb:          test_log_rank_p 0.01471
wandb:            train/c_index 0.98989
wandb:               train/loss 0.37424
wandb:                 train/lr 1e-05
wandb: val_performance/auc_mean 0.62517
wandb:                       +3 ...
wandb: 
wandb:  View run TCGA_M6_INT1500_FOLD2OF5_seed42_0816::1714 at: https://wandb.ai/justin212553/Path-ViT/runs/95rk4s25
wandb:  View project at: https://wandb.ai/justin212553/Path-ViT
wandb: Synced 5 W&B file(s), 0 media file(s), 0 artifact file(s) and 0 other file(s)
wandb: Find logs at: .\.wandb\run-20260816_171412-95rk4s25\logs

=== External Test (cptac 전체 코호트) ===
external_c_index=0.5954 | external_HR=1.639 [1.132, 2.372] | external_logrank_p=0.0082 | external_AUC_mean=0.6223 (auc_365d=0.6623 auc_730d=0.6241 auc_1095d=0.5805)
wandb: setting up run vr74b5wg
wandb: Tracking run with wandb version 0.28.0
wandb: Run data is saved locally in D:\wonse\Documents\Job\urban_datalab\PATH-ViT\.wandb\run-20260816_171458-vr74b5wg
wandb: Run `wandb offline` to turn off syncing.
wandb: Syncing run TCGA_XM6_INT1500_FOLD2OF5_seed42_0816::1714
wandb:  View project at https://wandb.ai/justin212553/Path-ViT
wandb:  View run at https://wandb.ai/justin212553/Path-ViT/runs/vr74b5wg
wandb: updating run metadata; uploading summary
wandb: uploading wandb-metadata.json; uploading requirements.txt; uploading wandb-summary.json; uploading config.yaml
wandb: 
wandb: Run history:
wandb:   external/auc_mean ▁
wandb:    external/c_index ▁
wandb:         external/hr ▁
wandb: external/log_rank_p ▁
wandb: 
wandb: Run summary:
wandb:   external/auc_mean 0.62228
wandb:    external/c_index 0.59543
wandb:         external/hr 1.63864
wandb: external/log_rank_p 0.00821
wandb: 
wandb:  View run TCGA_XM6_INT1500_FOLD2OF5_seed42_0816::1714 at: https://wandb.ai/justin212553/Path-ViT/runs/vr74b5wg
wandb:  View project at: https://wandb.ai/justin212553/Path-ViT
wandb: Synced 4 W&B file(s), 0 media file(s), 0 artifact file(s) and 0 other file(s)
wandb: Find logs at: .\.wandb\run-20260816_171458-vr74b5wg\logs
=== FINAL M6 seed=42 fold=2/5 Complete: Sun Aug 16 17:15:00     2026 ===
=== FINAL M6 seed=42 fold=3/5 Start: Sun Aug 16 17:15:00     2026 ===
wandb: [wandb.login()] Loaded credentials for https://api.wandb.ai from C:\Users\wonse\_netrc.
wandb: W&B API key is configured. Use `wandb login --relogin` to force relogin
wandb: Tracking run with wandb version 0.28.0
wandb: Run data is saved locally in D:\wonse\Documents\Job\urban_datalab\PATH-ViT\.wandb\run-20260816_171516-unugarru
wandb: Run `wandb offline` to turn off syncing.
wandb: Syncing run TCGA_M6_INT1500_FOLD3OF5_seed42_0816::1715
wandb:  View project at https://wandb.ai/justin212553/Path-ViT
wandb:  View run at https://wandb.ai/justin212553/Path-ViT/runs/unugarru
Model: M6_INT1500_FOLD3OF5 (RNAOnly) | params=401,409
Dataset: tcga  (5-fold CV, fold 3)  Train: 90  Val: 31  Test(internal): 31 patients
lr=1.0e-03 | weight_decay=1.0e-02 | epochs=30 | cox_batch_size=16
Epoch   1 | lr=3.33e-04 | loss=2.3840 | train_c_index=0.8284 | val_c_index=0.7375 | val_HR=5.430 [1.729, 17.056] | val_logrank_p=0.0012 | val_AUC_mean=0.8166 (auc_365d=0.7878 auc_730d=0.8588 auc_1095d=0.8032)
  -> checkpoint saved (c_index=0.7375)
Epoch   2 | lr=6.67e-04 | loss=1.4913 | train_c_index=0.8951 | val_c_index=0.7874 | val_HR=7.008 [1.954, 25.142] | val_logrank_p=0.0006 | val_AUC_mean=0.8991 (auc_365d=0.8656 auc_730d=0.8703 auc_1095d=0.9615)
  -> checkpoint saved (c_index=0.7874)
Epoch   3 | lr=1.00e-03 | loss=1.3149 | train_c_index=0.9104 | val_c_index=0.6113 | val_HR=2.641 [0.914, 7.632] | val_logrank_p=0.0632 | val_AUC_mean=0.7708 (auc_365d=0.6493 auc_730d=0.8213 auc_1095d=0.8418)
Epoch   4 | lr=1.00e-03 | loss=1.0717 | train_c_index=0.9399 | val_c_index=0.6811 | val_HR=3.617 [1.224, 10.684] | val_logrank_p=0.0142 | val_AUC_mean=0.8591 (auc_365d=0.7649 auc_730d=0.8703 auc_1095d=0.9422)
Epoch   5 | lr=9.97e-04 | loss=0.8952 | train_c_index=0.9590 | val_c_index=0.7807 | val_HR=4.875 [1.532, 15.515] | val_logrank_p=0.0032 | val_AUC_mean=0.9174 (auc_365d=0.8653 auc_730d=0.9446 auc_1095d=0.9422)
Epoch   6 | lr=9.87e-04 | loss=0.7575 | train_c_index=0.9598 | val_c_index=0.8140 | val_HR=7.957 [2.192, 28.886] | val_logrank_p=0.0002 | val_AUC_mean=0.9313 (auc_365d=0.8904 auc_730d=0.9615 auc_1095d=0.9422)
  -> checkpoint saved (c_index=0.8140)
Epoch   7 | lr=9.70e-04 | loss=0.8066 | train_c_index=0.9590 | val_c_index=0.7076 | val_HR=3.859 [1.281, 11.625] | val_logrank_p=0.0103 | val_AUC_mean=0.8643 (auc_365d=0.7860 auc_730d=0.9034 auc_1095d=0.9034)
Epoch   8 | lr=9.47e-04 | loss=0.6382 | train_c_index=0.9598 | val_c_index=0.7176 | val_HR=2.564 [0.904, 7.269] | val_logrank_p=0.0667 | val_AUC_mean=0.8148 (auc_365d=0.7820 auc_730d=0.8568 auc_1095d=0.8056)
Epoch   9 | lr=9.19e-04 | loss=0.7039 | train_c_index=0.9631 | val_c_index=0.7143 | val_HR=2.271 [0.806, 6.401] | val_logrank_p=0.1109 | val_AUC_mean=0.8024 (auc_365d=0.7622 auc_730d=0.8575 auc_1095d=0.7876)
Epoch  10 | lr=8.84e-04 | loss=0.6425 | train_c_index=0.9677 | val_c_index=0.7010 | val_HR=3.073 [1.047, 9.022] | val_logrank_p=0.0316 | val_AUC_mean=0.7880 (auc_365d=0.7879 auc_730d=0.7777 auc_1095d=0.7983)
Epoch  11 | lr=8.45e-04 | loss=0.6204 | train_c_index=0.9685 | val_c_index=0.7475 | val_HR=4.875 [1.532, 15.515] | val_logrank_p=0.0032 | val_AUC_mean=0.8607 (auc_365d=0.8308 auc_730d=0.8804 auc_1095d=0.8708)
C:\Users\wonse\anaconda3\envs\PathViT-ray\Lib\site-packages\lifelines\fitters\coxph_fitter.py:1607: ConvergenceWarning: Newton-Raphson convergence completed successfully but norm(delta) is still high, 0.503. This may imply non-unique solutions to the maximum likelihood. Perhaps there is collinearity or complete separation in the dataset?

  warnings.warn(
Epoch  12 | lr=8.01e-04 | loss=0.7556 | train_c_index=0.9714 | val_c_index=0.7674 | val_HR=4.875 [1.532, 15.515] | val_logrank_p=0.0032 | val_AUC_mean=0.8661 (auc_365d=0.8622 auc_730d=0.8690 auc_1095d=0.8672)
Epoch  13 | lr=7.52e-04 | loss=0.6132 | train_c_index=0.9677 | val_c_index=0.7243 | val_HR=2.702 [0.949, 7.691] | val_logrank_p=0.0531 | val_AUC_mean=0.8376 (auc_365d=0.8415 auc_730d=0.8051 auc_1095d=0.8661)
Epoch  14 | lr=7.01e-04 | loss=0.5651 | train_c_index=0.9656 | val_c_index=0.6445 | val_HR=2.157 [0.764, 6.089] | val_logrank_p=0.1371 | val_AUC_mean=0.7138 (auc_365d=0.7511 auc_730d=0.6909 auc_1095d=0.6994)
Epoch  15 | lr=6.47e-04 | loss=0.5662 | train_c_index=0.9681 | val_c_index=0.7475 | val_HR=4.875 [1.532, 15.515] | val_logrank_p=0.0032 | val_AUC_mean=0.8478 (auc_365d=0.8434 auc_730d=0.8618 auc_1095d=0.8382)
Epoch  16 | lr=5.91e-04 | loss=0.5237 | train_c_index=0.9714 | val_c_index=0.7641 | val_HR=4.875 [1.532, 15.515] | val_logrank_p=0.0032 | val_AUC_mean=0.8887 (auc_365d=0.8375 auc_730d=0.9252 auc_1095d=0.9034)
Epoch  17 | lr=5.34e-04 | loss=0.6232 | train_c_index=0.9780 | val_c_index=0.7309 | val_HR=5.241 [1.615, 17.009] | val_logrank_p=0.0023 | val_AUC_mean=0.8541 (auc_365d=0.8062 auc_730d=0.8865 auc_1095d=0.8696)
Epoch  18 | lr=4.76e-04 | loss=0.5085 | train_c_index=0.9768 | val_c_index=0.7276 | val_HR=3.859 [1.281, 11.625] | val_logrank_p=0.0103 | val_AUC_mean=0.8506 (auc_365d=0.8067 auc_730d=0.8756 auc_1095d=0.8696)
C:\Users\wonse\anaconda3\envs\PathViT-ray\Lib\site-packages\lifelines\fitters\coxph_fitter.py:1607: ConvergenceWarning: Newton-Raphson convergence completed successfully but norm(delta) is still high, 0.503. This may imply non-unique solutions to the maximum likelihood. Perhaps there is collinearity or complete separation in the dataset?

  warnings.warn(
Epoch  19 | lr=4.19e-04 | loss=0.5051 | train_c_index=0.9760 | val_c_index=0.6877 | val_HR=3.204 [1.085, 9.460] | val_logrank_p=0.0262 | val_AUC_mean=0.7969 (auc_365d=0.7700 auc_730d=0.8019 auc_1095d=0.8189)
C:\Users\wonse\anaconda3\envs\PathViT-ray\Lib\site-packages\lifelines\fitters\coxph_fitter.py:1607: ConvergenceWarning: Newton-Raphson convergence completed successfully but norm(delta) is still high, 0.503. This may imply non-unique solutions to the maximum likelihood. Perhaps there is collinearity or complete separation in the dataset?

  warnings.warn(
Epoch  20 | lr=3.63e-04 | loss=0.5405 | train_c_index=0.9780 | val_c_index=0.6578 | val_HR=2.242 [0.790, 6.367] | val_logrank_p=0.1197 | val_AUC_mean=0.7750 (auc_365d=0.7305 auc_730d=0.7972 auc_1095d=0.7972)
Epoch  21 | lr=3.09e-04 | loss=0.3936 | train_c_index=0.9784 | val_c_index=0.6346 | val_HR=2.071 [0.726, 5.907] | val_logrank_p=0.1645 | val_AUC_mean=0.7766 (auc_365d=0.7175 auc_730d=0.7960 auc_1095d=0.8165)
Epoch  22 | lr=2.58e-04 | loss=0.5809 | train_c_index=0.9813 | val_c_index=0.6578 | val_HR=1.916 [0.683, 5.371] | val_logrank_p=0.2093 | val_AUC_mean=0.8001 (auc_365d=0.7551 auc_730d=0.8141 auc_1095d=0.8310)
Epoch  23 | lr=2.09e-04 | loss=0.4001 | train_c_index=0.9859 | val_c_index=0.6977 | val_HR=1.916 [0.683, 5.371] | val_logrank_p=0.2093 | val_AUC_mean=0.8313 (auc_365d=0.7874 auc_730d=0.8539 auc_1095d=0.8527)
C:\Users\wonse\anaconda3\envs\PathViT-ray\Lib\site-packages\lifelines\fitters\coxph_fitter.py:1607: ConvergenceWarning: Newton-Raphson convergence completed successfully but norm(delta) is still high, 0.503. This may imply non-unique solutions to the maximum likelihood. Perhaps there is collinearity or complete separation in the dataset?

  warnings.warn(
Epoch  24 | lr=1.65e-04 | loss=0.3934 | train_c_index=0.9876 | val_c_index=0.7342 | val_HR=3.628 [1.224, 10.751] | val_logrank_p=0.0132 | val_AUC_mean=0.8769 (auc_365d=0.8236 auc_730d=0.9083 auc_1095d=0.8987)
C:\Users\wonse\anaconda3\envs\PathViT-ray\Lib\site-packages\lifelines\fitters\coxph_fitter.py:1607: ConvergenceWarning: Newton-Raphson convergence completed successfully but norm(delta) is still high, 0.503. This may imply non-unique solutions to the maximum likelihood. Perhaps there is collinearity or complete separation in the dataset?

  warnings.warn(
Epoch  25 | lr=1.26e-04 | loss=0.4408 | train_c_index=0.9880 | val_c_index=0.7508 | val_HR=3.859 [1.281, 11.625] | val_logrank_p=0.0103 | val_AUC_mean=0.8831 (auc_365d=0.8424 auc_730d=0.9083 auc_1095d=0.8987)
C:\Users\wonse\anaconda3\envs\PathViT-ray\Lib\site-packages\lifelines\fitters\coxph_fitter.py:1607: ConvergenceWarning: Newton-Raphson convergence completed successfully but norm(delta) is still high, 0.503. This may imply non-unique solutions to the maximum likelihood. Perhaps there is collinearity or complete separation in the dataset?

  warnings.warn(
Epoch  26 | lr=9.14e-05 | loss=0.4629 | train_c_index=0.9880 | val_c_index=0.7575 | val_HR=4.340 [1.425, 13.217] | val_logrank_p=0.0054 | val_AUC_mean=0.8834 (auc_365d=0.8434 auc_730d=0.9083 auc_1095d=0.8987)
C:\Users\wonse\anaconda3\envs\PathViT-ray\Lib\site-packages\lifelines\fitters\coxph_fitter.py:1607: ConvergenceWarning: Newton-Raphson convergence completed successfully but norm(delta) is still high, 0.503. This may imply non-unique solutions to the maximum likelihood. Perhaps there is collinearity or complete separation in the dataset?

  warnings.warn(
Epoch  27 | lr=6.27e-05 | loss=0.4937 | train_c_index=0.9876 | val_c_index=0.7542 | val_HR=4.340 [1.425, 13.217] | val_logrank_p=0.0054 | val_AUC_mean=0.8742 (auc_365d=0.8375 auc_730d=0.9010 auc_1095d=0.8841)
C:\Users\wonse\anaconda3\envs\PathViT-ray\Lib\site-packages\lifelines\fitters\coxph_fitter.py:1607: ConvergenceWarning: Newton-Raphson convergence completed successfully but norm(delta) is still high, 0.503. This may imply non-unique solutions to the maximum likelihood. Perhaps there is collinearity or complete separation in the dataset?

  warnings.warn(
Epoch  28 | lr=3.99e-05 | loss=0.3666 | train_c_index=0.9880 | val_c_index=0.7542 | val_HR=4.340 [1.425, 13.217] | val_logrank_p=0.0054 | val_AUC_mean=0.8742 (auc_365d=0.8375 auc_730d=0.9010 auc_1095d=0.8841)
C:\Users\wonse\anaconda3\envs\PathViT-ray\Lib\site-packages\lifelines\fitters\coxph_fitter.py:1607: ConvergenceWarning: Newton-Raphson convergence completed successfully but norm(delta) is still high, 0.503. This may imply non-unique solutions to the maximum likelihood. Perhaps there is collinearity or complete separation in the dataset?

  warnings.warn(
Epoch  29 | lr=2.33e-05 | loss=0.4785 | train_c_index=0.9884 | val_c_index=0.7542 | val_HR=4.340 [1.425, 13.217] | val_logrank_p=0.0054 | val_AUC_mean=0.8742 (auc_365d=0.8375 auc_730d=0.9010 auc_1095d=0.8841)
C:\Users\wonse\anaconda3\envs\PathViT-ray\Lib\site-packages\lifelines\fitters\coxph_fitter.py:1607: ConvergenceWarning: Newton-Raphson convergence completed successfully but norm(delta) is still high, 0.503. This may imply non-unique solutions to the maximum likelihood. Perhaps there is collinearity or complete separation in the dataset?

  warnings.warn(
Epoch  30 | lr=1.33e-05 | loss=0.3902 | train_c_index=0.9888 | val_c_index=0.7542 | val_HR=4.340 [1.425, 13.217] | val_logrank_p=0.0054 | val_AUC_mean=0.8742 (auc_365d=0.8375 auc_730d=0.9010 auc_1095d=0.8841)

=== Internal Test (best checkpoint epoch 6) ===
test_c_index=0.7165 | test_HR=2.174 [0.787, 6.006] | test_logrank_p=0.1250 | test_AUC_mean=0.7240 (auc_365d=0.8000 auc_730d=0.6479 auc_1095d=nan)
  -> fold predictions saved: D:\wonse\Documents\Job\urban_datalab\PATH-ViT\.logs\kfold_preds\tcga_M6_INT1500_FOLD3OF5_seed42_fold3of5.csv
wandb: updating run metadata
wandb: uploading output.log; uploading wandb-summary.json; uploading config.yaml
wandb: 
wandb: Run history:
wandb:              train/c_index ▁▄▅▆▇▇▇▇▇▇▇▇▇▇▇▇█▇▇███████████
wandb:                 train/loss █▅▄▃▃▂▃▂▂▂▂▂▂▂▂▂▂▁▁▂▁▂▁▁▁▁▁▁▁▁
wandb:                   train/lr ▃▆██████▇▇▇▇▆▆▅▅▅▄▄▃▃▃▂▂▂▂▁▁▁▁
wandb:   val_performance/auc_mean ▄▇▃▆██▆▄▄▃▆▆▅▁▅▇▆▅▄▃▃▄▅▆▆▆▆▆▆▆
wandb:    val_performance/c_index ▅▇▁▃▇█▄▅▅▄▆▆▅▂▆▆▅▅▄▃▂▃▄▅▆▆▆▆▆▆
wandb:         val_performance/hr ▅▇▂▃▄█▃▂▁▂▄▄▂▁▄▄▅▃▂▁▁▁▁▃▃▄▄▄▄▄
wandb: val_performance/log_rank_p ▁▁▃▁▁▁▁▃▅▂▁▁▃▆▁▁▁▁▂▅▆██▁▁▁▁▁▁▁
wandb: 
wandb: Run summary:
wandb:               best_epoch 6
wandb:         best_val_c_index 0.81395
wandb:            test_auc_mean 0.72396
wandb:             test_c_index 0.71648
wandb:                  test_hr 2.17354
wandb:          test_log_rank_p 0.12502
wandb:            train/c_index 0.98881
wandb:               train/loss 0.39024
wandb:                 train/lr 1e-05
wandb: val_performance/auc_mean 0.87423
wandb:                       +3 ...
wandb: 
wandb:  View run TCGA_M6_INT1500_FOLD3OF5_seed42_0816::1715 at: https://wandb.ai/justin212553/Path-ViT/runs/unugarru
wandb:  View project at: https://wandb.ai/justin212553/Path-ViT
wandb: Synced 5 W&B file(s), 0 media file(s), 0 artifact file(s) and 0 other file(s)
wandb: Find logs at: .\.wandb\run-20260816_171516-unugarru\logs

=== External Test (cptac 전체 코호트) ===
external_c_index=0.6072 | external_HR=1.515 [1.048, 2.191] | external_logrank_p=0.0256 | external_AUC_mean=0.6555 (auc_365d=0.6828 auc_730d=0.7077 auc_1095d=0.5759)
wandb: Currently logged in as: justin212553 to https://api.wandb.ai. Use `wandb login --relogin` to force relogin
wandb: setting up run c9m1n6j0
wandb: Tracking run with wandb version 0.28.0
wandb: Run data is saved locally in D:\wonse\Documents\Job\urban_datalab\PATH-ViT\.wandb\run-20260816_171603-c9m1n6j0
wandb: Run `wandb offline` to turn off syncing.
wandb: Syncing run TCGA_XM6_INT1500_FOLD3OF5_seed42_0816::1715
wandb:  View project at https://wandb.ai/justin212553/Path-ViT
wandb:  View run at https://wandb.ai/justin212553/Path-ViT/runs/c9m1n6j0
wandb: updating run metadata; uploading summary
wandb: uploading wandb-metadata.json; uploading requirements.txt; uploading wandb-summary.json; uploading config.yaml
wandb: 
wandb: Run history:
wandb:   external/auc_mean ▁
wandb:    external/c_index ▁
wandb:         external/hr ▁
wandb: external/log_rank_p ▁
wandb: 
wandb: Run summary:
wandb:   external/auc_mean 0.65548
wandb:    external/c_index 0.60716
wandb:         external/hr 1.51512
wandb: external/log_rank_p 0.0256
wandb: 
wandb:  View run TCGA_XM6_INT1500_FOLD3OF5_seed42_0816::1715 at: https://wandb.ai/justin212553/Path-ViT/runs/c9m1n6j0
wandb:  View project at: https://wandb.ai/justin212553/Path-ViT
wandb: Synced 4 W&B file(s), 0 media file(s), 0 artifact file(s) and 0 other file(s)
wandb: Find logs at: .\.wandb\run-20260816_171603-c9m1n6j0\logs
=== FINAL M6 seed=42 fold=3/5 Complete: Sun Aug 16 17:16:05     2026 ===
=== FINAL M6 seed=42 fold=4/5 Start: Sun Aug 16 17:16:05     2026 ===
wandb: [wandb.login()] Loaded credentials for https://api.wandb.ai from C:\Users\wonse\_netrc.
wandb: Currently logged in as: justin212553 to https://api.wandb.ai. Use `wandb login --relogin` to force relogin
wandb: setting up run igaltq9y
wandb: Tracking run with wandb version 0.28.0
wandb: Run data is saved locally in D:\wonse\Documents\Job\urban_datalab\PATH-ViT\.wandb\run-20260816_171614-igaltq9y
wandb: Run `wandb offline` to turn off syncing.
wandb: Syncing run TCGA_M6_INT1500_FOLD4OF5_seed42_0816::1716
wandb:  View project at https://wandb.ai/justin212553/Path-ViT
wandb:  View run at https://wandb.ai/justin212553/Path-ViT/runs/igaltq9y
Model: M6_INT1500_FOLD4OF5 (RNAOnly) | params=401,409
Dataset: tcga  (5-fold CV, fold 4)  Train: 90  Val: 31  Test(internal): 31 patients
lr=1.0e-03 | weight_decay=1.0e-02 | epochs=30 | cox_batch_size=16
Epoch   1 | lr=3.33e-04 | loss=2.0998 | train_c_index=0.7844 | val_c_index=0.7584 | val_HR=2.839 [1.028, 7.845] | val_logrank_p=0.0355 | val_AUC_mean=0.7480 (auc_365d=0.8358 auc_730d=0.5428 auc_1095d=0.8654)
  -> checkpoint saved (c_index=0.7584)
Epoch   2 | lr=6.67e-04 | loss=1.5369 | train_c_index=0.8959 | val_c_index=0.7398 | val_HR=2.119 [0.801, 5.607] | val_logrank_p=0.1220 | val_AUC_mean=0.6493 (auc_365d=0.8250 auc_730d=0.5681 auc_1095d=0.5549)
Epoch   3 | lr=1.00e-03 | loss=1.1549 | train_c_index=0.9215 | val_c_index=0.7063 | val_HR=1.843 [0.700, 4.854] | val_logrank_p=0.2090 | val_AUC_mean=0.6692 (auc_365d=0.8028 auc_730d=0.6234 auc_1095d=0.5812)
Epoch   4 | lr=1.00e-03 | loss=0.9888 | train_c_index=0.9273 | val_c_index=0.7398 | val_HR=3.570 [1.230, 10.361] | val_logrank_p=0.0126 | val_AUC_mean=0.6996 (auc_365d=0.8178 auc_730d=0.5334 auc_1095d=0.7475)
Epoch   5 | lr=9.97e-04 | loss=0.7816 | train_c_index=0.9413 | val_c_index=0.6877 | val_HR=3.570 [1.230, 10.361] | val_logrank_p=0.0126 | val_AUC_mean=0.7151 (auc_365d=0.7447 auc_730d=0.5948 auc_1095d=0.8057)
Epoch   6 | lr=9.87e-04 | loss=0.8056 | train_c_index=0.9422 | val_c_index=0.6506 | val_HR=3.570 [1.230, 10.361] | val_logrank_p=0.0126 | val_AUC_mean=0.7379 (auc_365d=0.7017 auc_730d=0.6237 auc_1095d=0.8884)
Epoch   7 | lr=9.70e-04 | loss=0.9771 | train_c_index=0.9542 | val_c_index=0.7026 | val_HR=3.570 [1.230, 10.361] | val_logrank_p=0.0126 | val_AUC_mean=0.7974 (auc_365d=0.7519 auc_730d=0.6403 auc_1095d=1.0000)
Epoch   8 | lr=9.47e-04 | loss=0.6634 | train_c_index=0.9521 | val_c_index=0.7212 | val_HR=6.589 [2.054, 21.135] | val_logrank_p=0.0004 | val_AUC_mean=0.7911 (auc_365d=0.7889 auc_730d=0.6960 auc_1095d=0.8884)
Epoch   9 | lr=9.19e-04 | loss=0.6830 | train_c_index=0.9620 | val_c_index=0.7063 | val_HR=3.127 [1.125, 8.688] | val_logrank_p=0.0214 | val_AUC_mean=0.7874 (auc_365d=0.8260 auc_730d=0.6300 auc_1095d=0.9060)
Epoch  10 | lr=8.84e-04 | loss=0.7131 | train_c_index=0.9517 | val_c_index=0.6914 | val_HR=3.127 [1.125, 8.688] | val_logrank_p=0.0214 | val_AUC_mean=0.7834 (auc_365d=0.7967 auc_730d=0.5916 auc_1095d=0.9618)
Epoch  11 | lr=8.45e-04 | loss=0.7554 | train_c_index=0.9694 | val_c_index=0.7100 | val_HR=3.570 [1.230, 10.361] | val_logrank_p=0.0126 | val_AUC_mean=0.8179 (auc_365d=0.7830 auc_730d=0.6983 auc_1095d=0.9725)
Epoch  12 | lr=8.01e-04 | loss=0.6853 | train_c_index=0.9698 | val_c_index=0.7175 | val_HR=3.570 [1.230, 10.361] | val_logrank_p=0.0126 | val_AUC_mean=0.7851 (auc_365d=0.7889 auc_730d=0.6781 auc_1095d=0.8884)
Epoch  13 | lr=7.52e-04 | loss=0.6482 | train_c_index=0.9707 | val_c_index=0.7138 | val_HR=3.129 [1.082, 9.052] | val_logrank_p=0.0266 | val_AUC_mean=0.7933 (auc_365d=0.8039 auc_730d=0.6601 auc_1095d=0.9158)
Epoch  14 | lr=7.01e-04 | loss=0.5203 | train_c_index=0.9723 | val_c_index=0.6952 | val_HR=3.570 [1.230, 10.361] | val_logrank_p=0.0126 | val_AUC_mean=0.7970 (auc_365d=0.7531 auc_730d=0.6799 auc_1095d=0.9579)
Epoch  15 | lr=6.47e-04 | loss=0.5607 | train_c_index=0.9769 | val_c_index=0.6283 | val_HR=1.887 [0.685, 5.201] | val_logrank_p=0.2121 | val_AUC_mean=0.7258 (auc_365d=0.6287 auc_730d=0.6565 auc_1095d=0.8922)
Epoch  16 | lr=5.91e-04 | loss=0.5522 | train_c_index=0.9748 | val_c_index=0.6506 | val_HR=3.391 [1.161, 9.900] | val_logrank_p=0.0180 | val_AUC_mean=0.7582 (auc_365d=0.6640 auc_730d=0.7321 auc_1095d=0.8785)
Epoch  17 | lr=5.34e-04 | loss=0.5224 | train_c_index=0.9732 | val_c_index=0.6952 | val_HR=3.400 [1.171, 9.868] | val_logrank_p=0.0170 | val_AUC_mean=0.8087 (auc_365d=0.7226 auc_730d=0.7309 auc_1095d=0.9725)
C:\Users\wonse\anaconda3\envs\PathViT-ray\Lib\site-packages\lifelines\fitters\coxph_fitter.py:1607: ConvergenceWarning: Newton-Raphson convergence completed successfully but norm(delta) is still high, 0.503. This may imply non-unique solutions to the maximum likelihood. Perhaps there is collinearity or complete separation in the dataset?

  warnings.warn(
Epoch  18 | lr=4.76e-04 | loss=0.4743 | train_c_index=0.9806 | val_c_index=0.7100 | val_HR=3.570 [1.230, 10.361] | val_logrank_p=0.0126 | val_AUC_mean=0.8026 (auc_365d=0.7375 auc_730d=0.6977 auc_1095d=0.9725)
C:\Users\wonse\anaconda3\envs\PathViT-ray\Lib\site-packages\lifelines\fitters\coxph_fitter.py:1607: ConvergenceWarning: Newton-Raphson convergence completed successfully but norm(delta) is still high, 0.503. This may imply non-unique solutions to the maximum likelihood. Perhaps there is collinearity or complete separation in the dataset?

  warnings.warn(
Epoch  19 | lr=4.19e-04 | loss=0.4814 | train_c_index=0.9843 | val_c_index=0.7026 | val_HR=3.570 [1.230, 10.361] | val_logrank_p=0.0126 | val_AUC_mean=0.8117 (auc_365d=0.7447 auc_730d=0.7042 auc_1095d=0.9863)
Epoch  20 | lr=3.63e-04 | loss=0.5309 | train_c_index=0.9851 | val_c_index=0.6914 | val_HR=3.570 [1.230, 10.361] | val_logrank_p=0.0126 | val_AUC_mean=0.8072 (auc_365d=0.7375 auc_730d=0.6977 auc_1095d=0.9863)
C:\Users\wonse\anaconda3\envs\PathViT-ray\Lib\site-packages\lifelines\fitters\coxph_fitter.py:1607: ConvergenceWarning: Newton-Raphson convergence completed successfully but norm(delta) is still high, 0.503. This may imply non-unique solutions to the maximum likelihood. Perhaps there is collinearity or complete separation in the dataset?

  warnings.warn(
Epoch  21 | lr=3.09e-04 | loss=0.5578 | train_c_index=0.9814 | val_c_index=0.6840 | val_HR=3.570 [1.230, 10.361] | val_logrank_p=0.0126 | val_AUC_mean=0.8048 (auc_365d=0.7303 auc_730d=0.6977 auc_1095d=0.9863)
C:\Users\wonse\anaconda3\envs\PathViT-ray\Lib\site-packages\lifelines\fitters\coxph_fitter.py:1607: ConvergenceWarning: Newton-Raphson convergence completed successfully but norm(delta) is still high, 0.503. This may imply non-unique solutions to the maximum likelihood. Perhaps there is collinearity or complete separation in the dataset?

  warnings.warn(
Epoch  22 | lr=2.58e-04 | loss=0.4495 | train_c_index=0.9831 | val_c_index=0.6580 | val_HR=3.570 [1.230, 10.361] | val_logrank_p=0.0126 | val_AUC_mean=0.7771 (auc_365d=0.7166 auc_730d=0.6803 auc_1095d=0.9344)
C:\Users\wonse\anaconda3\envs\PathViT-ray\Lib\site-packages\lifelines\fitters\coxph_fitter.py:1607: ConvergenceWarning: Newton-Raphson convergence completed successfully but norm(delta) is still high, 0.503. This may imply non-unique solutions to the maximum likelihood. Perhaps there is collinearity or complete separation in the dataset?

  warnings.warn(
Epoch  23 | lr=2.09e-04 | loss=0.4530 | train_c_index=0.9868 | val_c_index=0.6766 | val_HR=3.570 [1.230, 10.361] | val_logrank_p=0.0126 | val_AUC_mean=0.8027 (auc_365d=0.7310 auc_730d=0.7047 auc_1095d=0.9725)
C:\Users\wonse\anaconda3\envs\PathViT-ray\Lib\site-packages\lifelines\fitters\coxph_fitter.py:1607: ConvergenceWarning: Newton-Raphson convergence completed successfully but norm(delta) is still high, 0.503. This may imply non-unique solutions to the maximum likelihood. Perhaps there is collinearity or complete separation in the dataset?

  warnings.warn(
Epoch  24 | lr=1.65e-04 | loss=0.4297 | train_c_index=0.9876 | val_c_index=0.6803 | val_HR=5.258 [1.672, 16.535] | val_logrank_p=0.0016 | val_AUC_mean=0.8119 (auc_365d=0.7310 auc_730d=0.7321 auc_1095d=0.9725)
C:\Users\wonse\anaconda3\envs\PathViT-ray\Lib\site-packages\lifelines\fitters\coxph_fitter.py:1607: ConvergenceWarning: Newton-Raphson convergence completed successfully but norm(delta) is still high, 0.503. This may imply non-unique solutions to the maximum likelihood. Perhaps there is collinearity or complete separation in the dataset?

  warnings.warn(
Epoch  25 | lr=1.26e-04 | loss=0.4473 | train_c_index=0.9897 | val_c_index=0.6877 | val_HR=5.258 [1.672, 16.535] | val_logrank_p=0.0016 | val_AUC_mean=0.7730 (auc_365d=0.7381 auc_730d=0.6925 auc_1095d=0.8884)
C:\Users\wonse\anaconda3\envs\PathViT-ray\Lib\site-packages\lifelines\fitters\coxph_fitter.py:1607: ConvergenceWarning: Newton-Raphson convergence completed successfully but norm(delta) is still high, 0.503. This may imply non-unique solutions to the maximum likelihood. Perhaps there is collinearity or complete separation in the dataset?

  warnings.warn(
Epoch  26 | lr=9.14e-05 | loss=0.4918 | train_c_index=0.9888 | val_c_index=0.6914 | val_HR=5.258 [1.672, 16.535] | val_logrank_p=0.0016 | val_AUC_mean=0.7754 (auc_365d=0.7453 auc_730d=0.6925 auc_1095d=0.8884)
C:\Users\wonse\anaconda3\envs\PathViT-ray\Lib\site-packages\lifelines\fitters\coxph_fitter.py:1607: ConvergenceWarning: Newton-Raphson convergence completed successfully but norm(delta) is still high, 0.503. This may imply non-unique solutions to the maximum likelihood. Perhaps there is collinearity or complete separation in the dataset?

  warnings.warn(
Epoch  27 | lr=6.27e-05 | loss=0.4371 | train_c_index=0.9893 | val_c_index=0.6914 | val_HR=5.258 [1.672, 16.535] | val_logrank_p=0.0016 | val_AUC_mean=0.7754 (auc_365d=0.7453 auc_730d=0.6925 auc_1095d=0.8884)
C:\Users\wonse\anaconda3\envs\PathViT-ray\Lib\site-packages\lifelines\fitters\coxph_fitter.py:1607: ConvergenceWarning: Newton-Raphson convergence completed successfully but norm(delta) is still high, 0.503. This may imply non-unique solutions to the maximum likelihood. Perhaps there is collinearity or complete separation in the dataset?

  warnings.warn(
Epoch  28 | lr=3.99e-05 | loss=0.4871 | train_c_index=0.9893 | val_c_index=0.6914 | val_HR=5.258 [1.672, 16.535] | val_logrank_p=0.0016 | val_AUC_mean=0.7936 (auc_365d=0.7381 auc_730d=0.7123 auc_1095d=0.9305)
C:\Users\wonse\anaconda3\envs\PathViT-ray\Lib\site-packages\lifelines\fitters\coxph_fitter.py:1607: ConvergenceWarning: Newton-Raphson convergence completed successfully but norm(delta) is still high, 0.503. This may imply non-unique solutions to the maximum likelihood. Perhaps there is collinearity or complete separation in the dataset?

  warnings.warn(
Epoch  29 | lr=2.33e-05 | loss=0.4761 | train_c_index=0.9897 | val_c_index=0.6914 | val_HR=5.258 [1.672, 16.535] | val_logrank_p=0.0016 | val_AUC_mean=0.7936 (auc_365d=0.7381 auc_730d=0.7123 auc_1095d=0.9305)
C:\Users\wonse\anaconda3\envs\PathViT-ray\Lib\site-packages\lifelines\fitters\coxph_fitter.py:1607: ConvergenceWarning: Newton-Raphson convergence completed successfully but norm(delta) is still high, 0.503. This may imply non-unique solutions to the maximum likelihood. Perhaps there is collinearity or complete separation in the dataset?

  warnings.warn(
Epoch  30 | lr=1.33e-05 | loss=0.5259 | train_c_index=0.9905 | val_c_index=0.6914 | val_HR=5.258 [1.672, 16.535] | val_logrank_p=0.0016 | val_AUC_mean=0.7936 (auc_365d=0.7381 auc_730d=0.7123 auc_1095d=0.9305)

=== Internal Test (best checkpoint epoch 1) ===
test_c_index=0.5836 | test_HR=1.481 [0.564, 3.883] | test_logrank_p=0.4223 | test_AUC_mean=0.5707 (auc_365d=0.7044 auc_730d=0.5028 auc_1095d=0.5050)
  -> fold predictions saved: D:\wonse\Documents\Job\urban_datalab\PATH-ViT\.logs\kfold_preds\tcga_M6_INT1500_FOLD4OF5_seed42_fold4of5.csv
wandb: updating run metadata
wandb: uploading output.log; uploading wandb-summary.json; uploading config.yaml
wandb: 
wandb: Run history:
wandb:              train/c_index ▁▅▆▆▆▆▇▇▇▇▇▇▇▇█▇▇█████████████
wandb:                 train/loss █▆▄▃▂▃▃▂▂▂▂▂▂▁▂▂▁▁▁▁▂▁▁▁▁▁▁▁▁▁
wandb:                   train/lr ▃▆██████▇▇▇▇▆▆▅▅▅▄▄▃▃▃▂▂▂▂▁▁▁▁
wandb:   val_performance/auc_mean ▅▁▂▃▄▅▇▇▇▇█▇▇▇▄▆█▇██▇▆▇█▆▆▆▇▇▇
wandb:    val_performance/c_index █▇▅▇▄▂▅▆▅▄▅▆▆▅▁▂▅▅▅▄▄▃▄▄▄▄▄▄▄▄
wandb:         val_performance/hr ▂▁▁▄▄▄▄█▃▃▄▄▃▄▁▃▃▄▄▄▄▄▄▆▆▆▆▆▆▆
wandb: val_performance/log_rank_p ▂▅█▁▁▁▁▁▂▂▁▁▂▁█▂▂▁▁▁▁▁▁▁▁▁▁▁▁▁
wandb: 
wandb: Run summary:
wandb:               best_epoch 1
wandb:         best_val_c_index 0.75836
wandb:            test_auc_mean 0.57074
wandb:             test_c_index 0.58362
wandb:                  test_hr 1.48059
wandb:          test_log_rank_p 0.42227
wandb:            train/c_index 0.9905
wandb:               train/loss 0.52587
wandb:                 train/lr 1e-05
wandb: val_performance/auc_mean 0.79364
wandb:                       +3 ...
wandb: 
wandb:  View run TCGA_M6_INT1500_FOLD4OF5_seed42_0816::1716 at: https://wandb.ai/justin212553/Path-ViT/runs/igaltq9y
wandb:  View project at: https://wandb.ai/justin212553/Path-ViT
wandb: Synced 5 W&B file(s), 0 media file(s), 0 artifact file(s) and 0 other file(s)
wandb: Find logs at: .\.wandb\run-20260816_171614-igaltq9y\logs

=== External Test (cptac 전체 코호트) ===
external_c_index=0.5837 | external_HR=1.513 [1.046, 2.188] | external_logrank_p=0.0268 | external_AUC_mean=0.6048 (auc_365d=0.6229 auc_730d=0.6023 auc_1095d=0.5892)
wandb: setting up run ahjpo7pm
wandb: Tracking run with wandb version 0.28.0
wandb: Run data is saved locally in D:\wonse\Documents\Job\urban_datalab\PATH-ViT\.wandb\run-20260816_171701-ahjpo7pm
wandb: Run `wandb offline` to turn off syncing.
wandb: Syncing run TCGA_XM6_INT1500_FOLD4OF5_seed42_0816::1716
wandb:  View project at https://wandb.ai/justin212553/Path-ViT
wandb:  View run at https://wandb.ai/justin212553/Path-ViT/runs/ahjpo7pm
wandb: updating run metadata; uploading summary
wandb: uploading requirements.txt; uploading wandb-summary.json; uploading config.yaml; uploading wandb-metadata.json
wandb: 
wandb: Run history:
wandb:   external/auc_mean ▁
wandb:    external/c_index ▁
wandb:         external/hr ▁
wandb: external/log_rank_p ▁
wandb: 
wandb: Run summary:
wandb:   external/auc_mean 0.60479
wandb:    external/c_index 0.5837
wandb:         external/hr 1.51285
wandb: external/log_rank_p 0.02681
wandb: 
wandb:  View run TCGA_XM6_INT1500_FOLD4OF5_seed42_0816::1716 at: https://wandb.ai/justin212553/Path-ViT/runs/ahjpo7pm
wandb:  View project at: https://wandb.ai/justin212553/Path-ViT
wandb: Synced 4 W&B file(s), 0 media file(s), 0 artifact file(s) and 0 other file(s)
wandb: Find logs at: .\.wandb\run-20260816_171701-ahjpo7pm\logs
=== FINAL M6 seed=42 fold=4/5 Complete: Sun Aug 16 17:17:03     2026 ===
=== FINAL M6 seed=84 fold=0/5 Start: Sun Aug 16 17:17:03     2026 ===
wandb: [wandb.login()] Loaded credentials for https://api.wandb.ai from C:\Users\wonse\_netrc.
wandb: Currently logged in as: justin212553 to https://api.wandb.ai. Use `wandb login --relogin` to force relogin
wandb: setting up run sik5801x
wandb: Tracking run with wandb version 0.28.0
wandb: Run data is saved locally in D:\wonse\Documents\Job\urban_datalab\PATH-ViT\.wandb\run-20260816_171712-sik5801x
wandb: Run `wandb offline` to turn off syncing.
wandb: Syncing run TCGA_M6_INT1500_FOLD0OF5_seed84_0816::1717
wandb:  View project at https://wandb.ai/justin212553/Path-ViT
wandb:  View run at https://wandb.ai/justin212553/Path-ViT/runs/sik5801x
Model: M6_INT1500_FOLD0OF5 (RNAOnly) | params=401,409
Dataset: tcga  (5-fold CV, fold 0)  Train: 90  Val: 31  Test(internal): 31 patients
lr=1.0e-03 | weight_decay=1.0e-02 | epochs=30 | cox_batch_size=16
Epoch   1 | lr=3.33e-04 | loss=1.9206 | train_c_index=0.8537 | val_c_index=0.6777 | val_HR=1.531 [0.569, 4.117] | val_logrank_p=0.3952 | val_AUC_mean=0.6878 (auc_365d=0.7880 auc_730d=0.5218 auc_1095d=0.7535)
  -> checkpoint saved (c_index=0.6777)
Epoch   2 | lr=6.67e-04 | loss=1.2292 | train_c_index=0.9002 | val_c_index=0.6578 | val_HR=1.977 [0.715, 5.470] | val_logrank_p=0.1811 | val_AUC_mean=0.7642 (auc_365d=0.6527 auc_730d=0.7114 auc_1095d=0.9285)
Epoch   3 | lr=1.00e-03 | loss=1.1666 | train_c_index=0.9174 | val_c_index=0.6578 | val_HR=2.402 [0.867, 6.654] | val_logrank_p=0.0821 | val_AUC_mean=0.6380 (auc_365d=0.7448 auc_730d=0.5194 auc_1095d=0.6497)
Epoch   4 | lr=1.00e-03 | loss=0.9004 | train_c_index=0.9400 | val_c_index=0.5781 | val_HR=1.201 [0.449, 3.208] | val_logrank_p=0.7150 | val_AUC_mean=0.4720 (auc_365d=0.6773 auc_730d=0.4068 auc_1095d=0.3320)
Epoch   5 | lr=9.97e-04 | loss=0.7871 | train_c_index=0.9417 | val_c_index=0.6777 | val_HR=2.499 [0.866, 7.215] | val_logrank_p=0.0798 | val_AUC_mean=0.6505 (auc_365d=0.7201 auc_730d=0.6136 auc_1095d=0.6178)
Epoch   6 | lr=9.87e-04 | loss=0.8475 | train_c_index=0.9484 | val_c_index=0.6578 | val_HR=2.318 [0.831, 6.466] | val_logrank_p=0.0987 | val_AUC_mean=0.5712 (auc_365d=0.6894 auc_730d=0.6339 auc_1095d=0.3902)
Epoch   7 | lr=9.70e-04 | loss=0.7036 | train_c_index=0.9614 | val_c_index=0.6346 | val_HR=1.938 [0.715, 5.252] | val_logrank_p=0.1860 | val_AUC_mean=0.5280 (auc_365d=0.7078 auc_730d=0.5544 auc_1095d=0.3217)
Epoch   8 | lr=9.47e-04 | loss=0.7370 | train_c_index=0.9618 | val_c_index=0.6944 | val_HR=2.059 [0.754, 5.625] | val_logrank_p=0.1509 | val_AUC_mean=0.5619 (auc_365d=0.7571 auc_730d=0.5717 auc_1095d=0.3569)
  -> checkpoint saved (c_index=0.6944)
Epoch   9 | lr=9.19e-04 | loss=0.6452 | train_c_index=0.9623 | val_c_index=0.6379 | val_HR=2.214 [0.809, 6.058] | val_logrank_p=0.1129 | val_AUC_mean=0.5203 (auc_365d=0.6948 auc_730d=0.5444 auc_1095d=0.3217)
Epoch  10 | lr=8.84e-04 | loss=0.6889 | train_c_index=0.9673 | val_c_index=0.6379 | val_HR=2.324 [0.840, 6.431] | val_logrank_p=0.0948 | val_AUC_mean=0.5010 (auc_365d=0.6827 auc_730d=0.4985 auc_1095d=0.3217)
Epoch  11 | lr=8.45e-04 | loss=0.6281 | train_c_index=0.9631 | val_c_index=0.6611 | val_HR=2.124 [0.771, 5.856] | val_logrank_p=0.1360 | val_AUC_mean=0.5783 (auc_365d=0.7017 auc_730d=0.4913 auc_1095d=0.5418)
Epoch  12 | lr=8.01e-04 | loss=0.7008 | train_c_index=0.9623 | val_c_index=0.6611 | val_HR=2.124 [0.771, 5.856] | val_logrank_p=0.1360 | val_AUC_mean=0.6017 (auc_365d=0.7201 auc_730d=0.5080 auc_1095d=0.5770)
Epoch  13 | lr=7.52e-04 | loss=0.6483 | train_c_index=0.9690 | val_c_index=0.7010 | val_HR=3.490 [1.189, 10.243] | val_logrank_p=0.0159 | val_AUC_mean=0.6593 (auc_365d=0.7448 auc_730d=0.5874 auc_1095d=0.6456)
  -> checkpoint saved (c_index=0.7010)
C:\Users\wonse\anaconda3\envs\PathViT-ray\Lib\site-packages\lifelines\fitters\coxph_fitter.py:1607: ConvergenceWarning: Newton-Raphson convergence completed successfully but norm(delta) is still high, 0.503. This may imply non-unique solutions to the maximum likelihood. Perhaps there is collinearity or complete separation in the dataset?

  warnings.warn(
Epoch  14 | lr=7.01e-04 | loss=0.5820 | train_c_index=0.9719 | val_c_index=0.7176 | val_HR=2.987 [1.031, 8.649] | val_logrank_p=0.0344 | val_AUC_mean=0.6786 (auc_365d=0.7326 auc_730d=0.6577 auc_1095d=0.6456)
  -> checkpoint saved (c_index=0.7176)
Epoch  15 | lr=6.47e-04 | loss=0.5199 | train_c_index=0.9711 | val_c_index=0.6877 | val_HR=4.274 [1.424, 12.832] | val_logrank_p=0.0055 | val_AUC_mean=0.6450 (auc_365d=0.6894 auc_730d=0.6964 auc_1095d=0.5494)
Epoch  16 | lr=5.91e-04 | loss=0.6282 | train_c_index=0.9719 | val_c_index=0.6910 | val_HR=3.083 [1.057, 8.993] | val_logrank_p=0.0305 | val_AUC_mean=0.6428 (auc_365d=0.6896 auc_730d=0.6894 auc_1095d=0.5494)
Epoch  17 | lr=5.34e-04 | loss=0.6198 | train_c_index=0.9748 | val_c_index=0.6545 | val_HR=2.603 [0.909, 7.455] | val_logrank_p=0.0658 | val_AUC_mean=0.5814 (auc_365d=0.6399 auc_730d=0.6381 auc_1095d=0.4662)
Epoch  18 | lr=4.76e-04 | loss=0.5172 | train_c_index=0.9799 | val_c_index=0.6578 | val_HR=3.083 [1.057, 8.993] | val_logrank_p=0.0305 | val_AUC_mean=0.5769 (auc_365d=0.6461 auc_730d=0.6258 auc_1095d=0.4588)
Epoch  19 | lr=4.19e-04 | loss=0.5346 | train_c_index=0.9836 | val_c_index=0.6844 | val_HR=2.475 [0.879, 6.969] | val_logrank_p=0.0770 | val_AUC_mean=0.6360 (auc_365d=0.6955 auc_730d=0.6020 auc_1095d=0.6104)
Epoch  20 | lr=3.63e-04 | loss=0.4731 | train_c_index=0.9845 | val_c_index=0.6744 | val_HR=2.475 [0.879, 6.969] | val_logrank_p=0.0770 | val_AUC_mean=0.6278 (auc_365d=0.6889 auc_730d=0.5842 auc_1095d=0.6104)
Epoch  21 | lr=3.09e-04 | loss=0.4277 | train_c_index=0.9862 | val_c_index=0.6811 | val_HR=2.131 [0.768, 5.910] | val_logrank_p=0.1370 | val_AUC_mean=0.6337 (auc_365d=0.6827 auc_730d=0.6079 auc_1095d=0.6104)
Epoch  22 | lr=2.58e-04 | loss=0.4328 | train_c_index=0.9862 | val_c_index=0.6777 | val_HR=2.131 [0.768, 5.910] | val_logrank_p=0.1370 | val_AUC_mean=0.6337 (auc_365d=0.6827 auc_730d=0.6079 auc_1095d=0.6104)
Epoch  23 | lr=2.09e-04 | loss=0.4485 | train_c_index=0.9857 | val_c_index=0.6777 | val_HR=2.660 [0.944, 7.494] | val_logrank_p=0.0554 | val_AUC_mean=0.6040 (auc_365d=0.6894 auc_730d=0.5809 auc_1095d=0.5418)
Epoch  24 | lr=1.65e-04 | loss=0.4252 | train_c_index=0.9874 | val_c_index=0.6844 | val_HR=2.131 [0.768, 5.910] | val_logrank_p=0.1370 | val_AUC_mean=0.6359 (auc_365d=0.6894 auc_730d=0.6079 auc_1095d=0.6104)
Epoch  25 | lr=1.26e-04 | loss=0.4087 | train_c_index=0.9904 | val_c_index=0.6711 | val_HR=2.660 [0.944, 7.494] | val_logrank_p=0.0554 | val_AUC_mean=0.5818 (auc_365d=0.6894 auc_730d=0.5971 auc_1095d=0.4588)
Epoch  26 | lr=9.14e-05 | loss=0.3971 | train_c_index=0.9908 | val_c_index=0.6678 | val_HR=2.131 [0.768, 5.910] | val_logrank_p=0.1370 | val_AUC_mean=0.5754 (auc_365d=0.6771 auc_730d=0.5902 auc_1095d=0.4588)
Epoch  27 | lr=6.27e-05 | loss=0.4115 | train_c_index=0.9908 | val_c_index=0.6645 | val_HR=2.131 [0.768, 5.910] | val_logrank_p=0.1370 | val_AUC_mean=0.5733 (auc_365d=0.6710 auc_730d=0.5902 auc_1095d=0.4588)
Epoch  28 | lr=3.99e-05 | loss=0.3789 | train_c_index=0.9904 | val_c_index=0.6611 | val_HR=2.131 [0.768, 5.910] | val_logrank_p=0.1370 | val_AUC_mean=0.5713 (auc_365d=0.6648 auc_730d=0.5902 auc_1095d=0.4588)
Epoch  29 | lr=2.33e-05 | loss=0.4202 | train_c_index=0.9908 | val_c_index=0.6678 | val_HR=2.131 [0.768, 5.910] | val_logrank_p=0.1370 | val_AUC_mean=0.5772 (auc_365d=0.6648 auc_730d=0.6080 auc_1095d=0.4588)
Epoch  30 | lr=1.33e-05 | loss=0.3765 | train_c_index=0.9912 | val_c_index=0.6711 | val_HR=2.131 [0.768, 5.910] | val_logrank_p=0.1370 | val_AUC_mean=0.5793 (auc_365d=0.6710 auc_730d=0.6080 auc_1095d=0.4588)
C:\Users\wonse\anaconda3\envs\PathViT-ray\Lib\site-packages\lifelines\fitters\coxph_fitter.py:1607: ConvergenceWarning: Newton-Raphson convergence completed successfully but norm(delta) is still high, 0.503. This may imply non-unique solutions to the maximum likelihood. Perhaps there is collinearity or complete separation in the dataset?

  warnings.warn(

=== Internal Test (best checkpoint epoch 14) ===
test_c_index=0.6840 | test_HR=1.892 [0.693, 5.163] | test_logrank_p=0.2061 | test_AUC_mean=0.6885 (auc_365d=0.8476 auc_730d=0.5412 auc_1095d=0.6766)
  -> fold predictions saved: D:\wonse\Documents\Job\urban_datalab\PATH-ViT\.logs\kfold_preds\tcga_M6_INT1500_FOLD0OF5_seed84_fold0of5.csv
wandb: updating run metadata
wandb: uploading output.log; uploading wandb-summary.json; uploading config.yaml
wandb: 
wandb: Run history:
wandb:              train/c_index ▁▃▄▅▅▆▆▇▇▇▇▇▇▇▇▇▇▇████████████
wandb:                 train/loss █▅▅▃▃▃▂▃▂▂▂▂▂▂▂▂▂▂▂▁▁▁▁▁▁▁▁▁▁▁
wandb:                   train/lr ▃▆██████▇▇▇▇▆▆▅▅▅▄▄▃▃▃▂▂▂▂▁▁▁▁
wandb:   val_performance/auc_mean ▆█▅▁▅▃▂▃▂▂▄▄▅▆▅▅▄▄▅▅▅▅▄▅▄▃▃▃▄▄
wandb:    val_performance/c_index ▆▅▅▁▆▅▄▇▄▄▅▅▇█▇▇▅▅▆▆▆▆▆▆▆▅▅▅▅▆
wandb:         val_performance/hr ▂▃▄▁▄▄▃▃▃▄▃▃▆▅█▅▄▅▄▄▃▃▄▃▄▃▃▃▃▃
wandb: val_performance/log_rank_p ▅▃▂█▂▂▃▂▂▂▂▂▁▁▁▁▂▁▂▂▂▂▁▂▁▂▂▂▂▂
wandb: 
wandb: Run summary:
wandb:               best_epoch 14
wandb:         best_val_c_index 0.71761
wandb:            test_auc_mean 0.68849
wandb:             test_c_index 0.68401
wandb:                  test_hr 1.89163
wandb:          test_log_rank_p 0.20611
wandb:            train/c_index 0.99119
wandb:               train/loss 0.37652
wandb:                 train/lr 1e-05
wandb: val_performance/auc_mean 0.57927
wandb:                       +3 ...
wandb: 
wandb:  View run TCGA_M6_INT1500_FOLD0OF5_seed84_0816::1717 at: https://wandb.ai/justin212553/Path-ViT/runs/sik5801x
wandb:  View project at: https://wandb.ai/justin212553/Path-ViT
wandb: Synced 5 W&B file(s), 0 media file(s), 0 artifact file(s) and 0 other file(s)
wandb: Find logs at: .\.wandb\run-20260816_171712-sik5801x\logs

=== External Test (cptac 전체 코호트) ===
external_c_index=0.5928 | external_HR=1.294 [0.895, 1.870] | external_logrank_p=0.1667 | external_AUC_mean=0.6156 (auc_365d=0.6615 auc_730d=0.6529 auc_1095d=0.5323)
wandb: setting up run np3w9jv0
wandb: Tracking run with wandb version 0.28.0
wandb: Run data is saved locally in D:\wonse\Documents\Job\urban_datalab\PATH-ViT\.wandb\run-20260816_171755-np3w9jv0
wandb: Run `wandb offline` to turn off syncing.
wandb: Syncing run TCGA_XM6_INT1500_FOLD0OF5_seed84_0816::1717
wandb:  View project at https://wandb.ai/justin212553/Path-ViT
wandb:  View run at https://wandb.ai/justin212553/Path-ViT/runs/np3w9jv0
wandb: updating run metadata; uploading summary
wandb: uploading history steps 0-0, summary
wandb: 
wandb: Run history:
wandb:   external/auc_mean ▁
wandb:    external/c_index ▁
wandb:         external/hr ▁
wandb: external/log_rank_p ▁
wandb: 
wandb: Run summary:
wandb:   external/auc_mean 0.61558
wandb:    external/c_index 0.5928
wandb:         external/hr 1.29391
wandb: external/log_rank_p 0.16669
wandb: 
wandb:  View run TCGA_XM6_INT1500_FOLD0OF5_seed84_0816::1717 at: https://wandb.ai/justin212553/Path-ViT/runs/np3w9jv0
wandb:  View project at: https://wandb.ai/justin212553/Path-ViT
wandb: Synced 4 W&B file(s), 0 media file(s), 0 artifact file(s) and 0 other file(s)
wandb: Find logs at: .\.wandb\run-20260816_171755-np3w9jv0\logs
=== FINAL M6 seed=84 fold=0/5 Complete: Sun Aug 16 17:17:58     2026 ===
=== FINAL M6 seed=84 fold=1/5 Start: Sun Aug 16 17:17:58     2026 ===
wandb: [wandb.login()] Loaded credentials for https://api.wandb.ai from C:\Users\wonse\_netrc.
wandb: Currently logged in as: justin212553 to https://api.wandb.ai. Use `wandb login --relogin` to force relogin
wandb: setting up run 3lckiu91
wandb: Tracking run with wandb version 0.28.0
wandb: Run data is saved locally in D:\wonse\Documents\Job\urban_datalab\PATH-ViT\.wandb\run-20260816_171806-3lckiu91
wandb: Run `wandb offline` to turn off syncing.
wandb: Syncing run TCGA_M6_INT1500_FOLD1OF5_seed84_0816::1718
wandb:  View project at https://wandb.ai/justin212553/Path-ViT
wandb:  View run at https://wandb.ai/justin212553/Path-ViT/runs/3lckiu91
Model: M6_INT1500_FOLD1OF5 (RNAOnly) | params=401,409
Dataset: tcga  (5-fold CV, fold 1)  Train: 90  Val: 31  Test(internal): 31 patients
lr=1.0e-03 | weight_decay=1.0e-02 | epochs=30 | cox_batch_size=16
Epoch   1 | lr=3.33e-04 | loss=2.0642 | train_c_index=0.8081 | val_c_index=0.7529 | val_HR=3.037 [0.976, 9.451] | val_logrank_p=0.0437 | val_AUC_mean=0.7631 (auc_365d=0.9139 auc_730d=0.6016 auc_1095d=0.7739)
  -> checkpoint saved (c_index=0.7529)
Epoch   2 | lr=6.67e-04 | loss=1.4339 | train_c_index=0.8987 | val_c_index=0.7186 | val_HR=3.318 [1.065, 10.335] | val_logrank_p=0.0284 | val_AUC_mean=0.7660 (auc_365d=0.8513 auc_730d=0.6097 auc_1095d=0.8372)
Epoch   3 | lr=1.00e-03 | loss=1.0962 | train_c_index=0.9164 | val_c_index=0.7224 | val_HR=4.528 [1.454, 14.107] | val_logrank_p=0.0043 | val_AUC_mean=0.7555 (auc_365d=0.8193 auc_730d=0.6776 auc_1095d=0.7696)
Epoch   4 | lr=1.00e-03 | loss=1.1438 | train_c_index=0.9420 | val_c_index=0.7034 | val_HR=3.707 [1.192, 11.529] | val_logrank_p=0.0153 | val_AUC_mean=0.7044 (auc_365d=0.7944 auc_730d=0.6150 auc_1095d=0.7038)
Epoch   5 | lr=9.97e-04 | loss=0.8944 | train_c_index=0.9441 | val_c_index=0.7338 | val_HR=4.009 [1.355, 11.856] | val_logrank_p=0.0072 | val_AUC_mean=0.7524 (auc_365d=0.8591 auc_730d=0.6909 auc_1095d=0.7072)
Epoch   6 | lr=9.87e-04 | loss=0.9659 | train_c_index=0.9554 | val_c_index=0.7224 | val_HR=3.135 [0.996, 9.864] | val_logrank_p=0.0394 | val_AUC_mean=0.7700 (auc_365d=0.8976 auc_730d=0.5858 auc_1095d=0.8267)
Epoch   7 | lr=9.70e-04 | loss=0.8130 | train_c_index=0.9584 | val_c_index=0.6920 | val_HR=3.135 [0.996, 9.864] | val_logrank_p=0.0394 | val_AUC_mean=0.7613 (auc_365d=0.7992 auc_730d=0.6118 auc_1095d=0.8728)
C:\Users\wonse\anaconda3\envs\PathViT-ray\Lib\site-packages\lifelines\fitters\coxph_fitter.py:1607: ConvergenceWarning: Newton-Raphson convergence completed successfully but norm(delta) is still high, 0.503. This may imply non-unique solutions to the maximum likelihood. Perhaps there is collinearity or complete separation in the dataset?

  warnings.warn(
Epoch   8 | lr=9.47e-04 | loss=0.7031 | train_c_index=0.9675 | val_c_index=0.7148 | val_HR=5.226 [1.486, 18.372] | val_logrank_p=0.0040 | val_AUC_mean=0.7463 (auc_365d=0.7914 auc_730d=0.6303 auc_1095d=0.8173)
Epoch   9 | lr=9.19e-04 | loss=0.6760 | train_c_index=0.9606 | val_c_index=0.6958 | val_HR=3.037 [0.976, 9.451] | val_logrank_p=0.0437 | val_AUC_mean=0.7010 (auc_365d=0.7992 auc_730d=0.5712 auc_1095d=0.7324)
Epoch  10 | lr=8.84e-04 | loss=0.7534 | train_c_index=0.9558 | val_c_index=0.7072 | val_HR=3.707 [1.192, 11.529] | val_logrank_p=0.0153 | val_AUC_mean=0.6946 (auc_365d=0.7829 auc_730d=0.5814 auc_1095d=0.7194)
Epoch  11 | lr=8.45e-04 | loss=0.6566 | train_c_index=0.9632 | val_c_index=0.7034 | val_HR=2.461 [0.886, 6.840] | val_logrank_p=0.0747 | val_AUC_mean=0.6182 (auc_365d=0.8018 auc_730d=0.5745 auc_1095d=0.4783)
Epoch  12 | lr=8.01e-04 | loss=0.6094 | train_c_index=0.9688 | val_c_index=0.7110 | val_HR=2.105 [0.762, 5.811] | val_logrank_p=0.1419 | val_AUC_mean=0.6733 (auc_365d=0.8344 auc_730d=0.5913 auc_1095d=0.5942)
Epoch  13 | lr=7.52e-04 | loss=0.5200 | train_c_index=0.9706 | val_c_index=0.7262 | val_HR=2.980 [1.030, 8.626] | val_logrank_p=0.0347 | val_AUC_mean=0.6796 (auc_365d=0.8089 auc_730d=0.5974 auc_1095d=0.6324)
Epoch  14 | lr=7.01e-04 | loss=0.5198 | train_c_index=0.9675 | val_c_index=0.7186 | val_HR=2.070 [0.705, 6.082] | val_logrank_p=0.1763 | val_AUC_mean=0.7105 (auc_365d=0.8168 auc_730d=0.5598 auc_1095d=0.7550)
Epoch  15 | lr=6.47e-04 | loss=0.6275 | train_c_index=0.9636 | val_c_index=0.6996 | val_HR=2.785 [0.883, 8.781] | val_logrank_p=0.0682 | val_AUC_mean=0.7215 (auc_365d=0.8161 auc_730d=0.5511 auc_1095d=0.7974)
Epoch  16 | lr=5.91e-04 | loss=0.4515 | train_c_index=0.9680 | val_c_index=0.7034 | val_HR=3.037 [0.976, 9.451] | val_logrank_p=0.0437 | val_AUC_mean=0.7270 (auc_365d=0.8064 auc_730d=0.5773 auc_1095d=0.7974)
Epoch  17 | lr=5.34e-04 | loss=0.5375 | train_c_index=0.9693 | val_c_index=0.6882 | val_HR=2.171 [0.751, 6.280] | val_logrank_p=0.1427 | val_AUC_mean=0.7066 (auc_365d=0.7992 auc_730d=0.5561 auc_1095d=0.7644)
Epoch  18 | lr=4.76e-04 | loss=0.5388 | train_c_index=0.9718 | val_c_index=0.7034 | val_HR=2.215 [0.756, 6.489] | val_logrank_p=0.1368 | val_AUC_mean=0.7148 (auc_365d=0.8156 auc_730d=0.5645 auc_1095d=0.7644)
Epoch  19 | lr=4.19e-04 | loss=0.5630 | train_c_index=0.9736 | val_c_index=0.7072 | val_HR=2.171 [0.751, 6.280] | val_logrank_p=0.1427 | val_AUC_mean=0.6984 (auc_365d=0.8156 auc_730d=0.5480 auc_1095d=0.7315)
C:\Users\wonse\anaconda3\envs\PathViT-ray\Lib\site-packages\lifelines\fitters\coxph_fitter.py:1607: ConvergenceWarning: Newton-Raphson convergence completed successfully but norm(delta) is still high, 0.503. This may imply non-unique solutions to the maximum likelihood. Perhaps there is collinearity or complete separation in the dataset?

  warnings.warn(
Epoch  20 | lr=3.63e-04 | loss=0.4698 | train_c_index=0.9757 | val_c_index=0.7034 | val_HR=2.171 [0.751, 6.280] | val_logrank_p=0.1427 | val_AUC_mean=0.6955 (auc_365d=0.8071 auc_730d=0.5480 auc_1095d=0.7315)
Epoch  21 | lr=3.09e-04 | loss=0.4184 | train_c_index=0.9801 | val_c_index=0.6996 | val_HR=2.274 [0.787, 6.569] | val_logrank_p=0.1188 | val_AUC_mean=0.6945 (auc_365d=0.7992 auc_730d=0.5528 auc_1095d=0.7315)
Epoch  22 | lr=2.58e-04 | loss=0.4874 | train_c_index=0.9801 | val_c_index=0.7072 | val_HR=2.274 [0.787, 6.569] | val_logrank_p=0.1188 | val_AUC_mean=0.7171 (auc_365d=0.7992 auc_730d=0.5875 auc_1095d=0.7644)
Epoch  23 | lr=2.09e-04 | loss=0.4428 | train_c_index=0.9788 | val_c_index=0.7034 | val_HR=2.274 [0.787, 6.569] | val_logrank_p=0.1188 | val_AUC_mean=0.7225 (auc_365d=0.7992 auc_730d=0.6039 auc_1095d=0.7644)
Epoch  24 | lr=1.65e-04 | loss=0.5680 | train_c_index=0.9831 | val_c_index=0.6996 | val_HR=2.274 [0.787, 6.569] | val_logrank_p=0.1188 | val_AUC_mean=0.7234 (auc_365d=0.8071 auc_730d=0.5987 auc_1095d=0.7644)
Epoch  25 | lr=1.26e-04 | loss=0.5468 | train_c_index=0.9844 | val_c_index=0.6996 | val_HR=2.274 [0.787, 6.569] | val_logrank_p=0.1188 | val_AUC_mean=0.6987 (auc_365d=0.8071 auc_730d=0.5575 auc_1095d=0.7315)
Epoch  26 | lr=9.14e-05 | loss=0.3930 | train_c_index=0.9866 | val_c_index=0.6996 | val_HR=2.274 [0.787, 6.569] | val_logrank_p=0.1188 | val_AUC_mean=0.6987 (auc_365d=0.8071 auc_730d=0.5575 auc_1095d=0.7315)
Epoch  27 | lr=6.27e-05 | loss=0.4248 | train_c_index=0.9866 | val_c_index=0.7034 | val_HR=2.054 [0.705, 5.985] | val_logrank_p=0.1782 | val_AUC_mean=0.6987 (auc_365d=0.8071 auc_730d=0.5575 auc_1095d=0.7315)
Epoch  28 | lr=3.99e-05 | loss=0.4095 | train_c_index=0.9883 | val_c_index=0.6996 | val_HR=2.054 [0.705, 5.985] | val_logrank_p=0.1782 | val_AUC_mean=0.6945 (auc_365d=0.7992 auc_730d=0.5528 auc_1095d=0.7315)
Epoch  29 | lr=2.33e-05 | loss=0.4062 | train_c_index=0.9879 | val_c_index=0.7034 | val_HR=2.054 [0.705, 5.985] | val_logrank_p=0.1782 | val_AUC_mean=0.6945 (auc_365d=0.7992 auc_730d=0.5528 auc_1095d=0.7315)
Epoch  30 | lr=1.33e-05 | loss=0.4045 | train_c_index=0.9887 | val_c_index=0.7034 | val_HR=2.054 [0.705, 5.985] | val_logrank_p=0.1782 | val_AUC_mean=0.6945 (auc_365d=0.7992 auc_730d=0.5528 auc_1095d=0.7315)

=== Internal Test (best checkpoint epoch 1) ===
test_c_index=0.6389 | test_HR=3.061 [1.060, 8.839] | test_logrank_p=0.0297 | test_AUC_mean=0.6345 (auc_365d=0.6466 auc_730d=0.5956 auc_1095d=0.6614)
  -> fold predictions saved: D:\wonse\Documents\Job\urban_datalab\PATH-ViT\.logs\kfold_preds\tcga_M6_INT1500_FOLD1OF5_seed84_fold1of5.csv
wandb: updating run metadata
wandb: uploading history steps 22-29, summary, console lines 33-43
wandb: 
wandb: Run history:
wandb:              train/c_index ▁▅▅▆▆▇▇▇▇▇▇▇▇▇▇▇▇▇▇▇██████████
wandb:                 train/loss █▅▄▄▃▃▃▂▂▃▂▂▂▂▂▁▂▂▂▁▁▁▁▂▂▁▁▁▁▁
wandb:                   train/lr ▃▆██████▇▇▇▇▆▆▅▅▅▄▄▃▃▃▂▂▂▂▁▁▁▁
wandb:   val_performance/auc_mean ██▇▅▇██▇▅▅▁▄▄▅▆▆▅▅▅▅▅▆▆▆▅▅▅▅▅▅
wandb:    val_performance/c_index █▄▅▃▆▅▁▄▂▃▃▃▅▄▂▃▁▃▃▃▂▃▃▂▂▂▃▂▃▃
wandb:         val_performance/hr ▃▄▆▅▅▃▃█▃▅▂▁▃▁▃▃▁▁▁▁▁▁▁▁▁▁▁▁▁▁
wandb: val_performance/log_rank_p ▃▂▁▁▁▂▂▁▃▁▄▇▂█▄▃▇▆▇▇▆▆▆▆▆▆████
wandb: 
wandb: Run summary:
wandb:               best_epoch 1
wandb:         best_val_c_index 0.75285
wandb:            test_auc_mean 0.6345
wandb:             test_c_index 0.63889
wandb:                  test_hr 3.06069
wandb:          test_log_rank_p 0.02967
wandb:            train/c_index 0.98874
wandb:               train/loss 0.4045
wandb:                 train/lr 1e-05
wandb: val_performance/auc_mean 0.6945
wandb:                       +3 ...
wandb: 
wandb:  View run TCGA_M6_INT1500_FOLD1OF5_seed84_0816::1718 at: https://wandb.ai/justin212553/Path-ViT/runs/3lckiu91
wandb:  View project at: https://wandb.ai/justin212553/Path-ViT
wandb: Synced 5 W&B file(s), 0 media file(s), 0 artifact file(s) and 0 other file(s)
wandb: Find logs at: .\.wandb\run-20260816_171806-3lckiu91\logs

=== External Test (cptac 전체 코호트) ===
external_c_index=0.6304 | external_HR=2.112 [1.452, 3.073] | external_logrank_p=0.0001 | external_AUC_mean=0.6659 (auc_365d=0.7071 auc_730d=0.6664 auc_1095d=0.6242)
wandb: setting up run 6xmoqtx0
wandb: Tracking run with wandb version 0.28.0
wandb: Run data is saved locally in D:\wonse\Documents\Job\urban_datalab\PATH-ViT\.wandb\run-20260816_171850-6xmoqtx0
wandb: Run `wandb offline` to turn off syncing.
wandb: Syncing run TCGA_XM6_INT1500_FOLD1OF5_seed84_0816::1718
wandb:  View project at https://wandb.ai/justin212553/Path-ViT
wandb:  View run at https://wandb.ai/justin212553/Path-ViT/runs/6xmoqtx0
wandb: updating run metadata; uploading summary
wandb: uploading wandb-metadata.json; uploading requirements.txt; uploading wandb-summary.json; uploading config.yaml
wandb: 
wandb: Run history:
wandb:   external/auc_mean ▁
wandb:    external/c_index ▁
wandb:         external/hr ▁
wandb: external/log_rank_p ▁
wandb: 
wandb: Run summary:
wandb:   external/auc_mean 0.6659
wandb:    external/c_index 0.63037
wandb:         external/hr 2.112
wandb: external/log_rank_p 7e-05
wandb: 
wandb:  View run TCGA_XM6_INT1500_FOLD1OF5_seed84_0816::1718 at: https://wandb.ai/justin212553/Path-ViT/runs/6xmoqtx0
wandb:  View project at: https://wandb.ai/justin212553/Path-ViT
wandb: Synced 4 W&B file(s), 0 media file(s), 0 artifact file(s) and 0 other file(s)
wandb: Find logs at: .\.wandb\run-20260816_171850-6xmoqtx0\logs
=== FINAL M6 seed=84 fold=1/5 Complete: Sun Aug 16 17:18:52     2026 ===
=== FINAL M6 seed=84 fold=2/5 Start: Sun Aug 16 17:18:52     2026 ===
wandb: [wandb.login()] Loaded credentials for https://api.wandb.ai from C:\Users\wonse\_netrc.
wandb: Currently logged in as: justin212553 to https://api.wandb.ai. Use `wandb login --relogin` to force relogin
wandb: setting up run fhr5dbnp
wandb: Tracking run with wandb version 0.28.0
wandb: Run data is saved locally in D:\wonse\Documents\Job\urban_datalab\PATH-ViT\.wandb\run-20260816_171901-fhr5dbnp
wandb: Run `wandb offline` to turn off syncing.
wandb: Syncing run TCGA_M6_INT1500_FOLD2OF5_seed84_0816::1718
wandb:  View project at https://wandb.ai/justin212553/Path-ViT
wandb:  View run at https://wandb.ai/justin212553/Path-ViT/runs/fhr5dbnp
Model: M6_INT1500_FOLD2OF5 (RNAOnly) | params=401,409
Dataset: tcga  (5-fold CV, fold 2)  Train: 90  Val: 31  Test(internal): 31 patients
lr=1.0e-03 | weight_decay=1.0e-02 | epochs=30 | cox_batch_size=16
Epoch   1 | lr=3.33e-04 | loss=2.1991 | train_c_index=0.8048 | val_c_index=0.6766 | val_HR=2.048 [0.759, 5.526] | val_logrank_p=0.1482 | val_AUC_mean=0.6527 (auc_365d=0.8093 auc_730d=0.6745 auc_1095d=0.4742)
  -> checkpoint saved (c_index=0.6766)
Epoch   2 | lr=6.67e-04 | loss=1.4469 | train_c_index=0.8951 | val_c_index=0.6587 | val_HR=2.285 [0.839, 6.225] | val_logrank_p=0.0971 | val_AUC_mean=0.5874 (auc_365d=0.7723 auc_730d=0.5905 auc_1095d=0.3993)
Epoch   3 | lr=1.00e-03 | loss=1.2517 | train_c_index=0.9294 | val_c_index=0.6437 | val_HR=2.921 [1.048, 8.141] | val_logrank_p=0.0322 | val_AUC_mean=0.5969 (auc_365d=0.7116 auc_730d=0.6587 auc_1095d=0.4202)
Epoch   4 | lr=1.00e-03 | loss=1.0248 | train_c_index=0.9382 | val_c_index=0.6856 | val_HR=2.204 [0.810, 5.993] | val_logrank_p=0.1128 | val_AUC_mean=0.6185 (auc_365d=0.7556 auc_730d=0.6792 auc_1095d=0.4207)
  -> checkpoint saved (c_index=0.6856)
Epoch   5 | lr=9.97e-04 | loss=0.9250 | train_c_index=0.9377 | val_c_index=0.6527 | val_HR=2.514 [0.911, 6.940] | val_logrank_p=0.0654 | val_AUC_mean=0.6283 (auc_365d=0.7329 auc_730d=0.6810 auc_1095d=0.4709)
Epoch   6 | lr=9.87e-04 | loss=0.8540 | train_c_index=0.9407 | val_c_index=0.6826 | val_HR=2.747 [0.988, 7.637] | val_logrank_p=0.0438 | val_AUC_mean=0.6710 (auc_365d=0.7876 auc_730d=0.6786 auc_1095d=0.5466)
Epoch   7 | lr=9.70e-04 | loss=0.8028 | train_c_index=0.9440 | val_c_index=0.6407 | val_HR=1.706 [0.633, 4.596] | val_logrank_p=0.2853 | val_AUC_mean=0.6426 (auc_365d=0.7161 auc_730d=0.6980 auc_1095d=0.5138)
Epoch   8 | lr=9.47e-04 | loss=0.7824 | train_c_index=0.9565 | val_c_index=0.6647 | val_HR=2.798 [1.006, 7.781] | val_logrank_p=0.0398 | val_AUC_mean=0.6376 (auc_365d=0.7492 auc_730d=0.6812 auc_1095d=0.4823)
Epoch   9 | lr=9.19e-04 | loss=0.7260 | train_c_index=0.9670 | val_c_index=0.6617 | val_HR=2.017 [0.748, 5.440] | val_logrank_p=0.1573 | val_AUC_mean=0.5932 (auc_365d=0.7701 auc_730d=0.6219 auc_1095d=0.3877)
Epoch  10 | lr=8.84e-04 | loss=0.6600 | train_c_index=0.9645 | val_c_index=0.6467 | val_HR=2.204 [0.810, 5.993] | val_logrank_p=0.1128 | val_AUC_mean=0.5939 (auc_365d=0.7354 auc_730d=0.6242 auc_1095d=0.4220)
Epoch  11 | lr=8.45e-04 | loss=0.7310 | train_c_index=0.9653 | val_c_index=0.6347 | val_HR=1.495 [0.559, 3.999] | val_logrank_p=0.4198 | val_AUC_mean=0.5897 (auc_365d=0.7219 auc_730d=0.6206 auc_1095d=0.4266)
Epoch  12 | lr=8.01e-04 | loss=0.6696 | train_c_index=0.9536 | val_c_index=0.6826 | val_HR=2.204 [0.810, 5.993] | val_logrank_p=0.1128 | val_AUC_mean=0.6289 (auc_365d=0.7632 auc_730d=0.6673 auc_1095d=0.4563)
C:\Users\wonse\anaconda3\envs\PathViT-ray\Lib\site-packages\lifelines\fitters\coxph_fitter.py:1607: ConvergenceWarning: Newton-Raphson convergence completed successfully but norm(delta) is still high, 0.503. This may imply non-unique solutions to the maximum likelihood. Perhaps there is collinearity or complete separation in the dataset?

  warnings.warn(
Epoch  13 | lr=7.52e-04 | loss=0.7671 | train_c_index=0.9699 | val_c_index=0.6796 | val_HR=2.017 [0.748, 5.440] | val_logrank_p=0.1573 | val_AUC_mean=0.6431 (auc_365d=0.7494 auc_730d=0.6788 auc_1095d=0.5010)
Epoch  14 | lr=7.01e-04 | loss=0.5846 | train_c_index=0.9657 | val_c_index=0.6138 | val_HR=1.452 [0.543, 3.882] | val_logrank_p=0.4553 | val_AUC_mean=0.5399 (auc_365d=0.7059 auc_730d=0.5423 auc_1095d=0.3716)
C:\Users\wonse\anaconda3\envs\PathViT-ray\Lib\site-packages\lifelines\fitters\coxph_fitter.py:1607: ConvergenceWarning: Newton-Raphson convergence completed successfully but norm(delta) is still high, 0.503. This may imply non-unique solutions to the maximum likelihood. Perhaps there is collinearity or complete separation in the dataset?

  warnings.warn(
Epoch  15 | lr=6.47e-04 | loss=0.6953 | train_c_index=0.9745 | val_c_index=0.6467 | val_HR=2.017 [0.748, 5.440] | val_logrank_p=0.1573 | val_AUC_mean=0.6131 (auc_365d=0.7211 auc_730d=0.6472 auc_1095d=0.4709)
Epoch  16 | lr=5.91e-04 | loss=0.5793 | train_c_index=0.9766 | val_c_index=0.6617 | val_HR=2.514 [0.911, 6.940] | val_logrank_p=0.0654 | val_AUC_mean=0.6218 (auc_365d=0.7300 auc_730d=0.6637 auc_1095d=0.4716)
Epoch  17 | lr=5.34e-04 | loss=0.5739 | train_c_index=0.9804 | val_c_index=0.6617 | val_HR=2.204 [0.810, 5.993] | val_logrank_p=0.1128 | val_AUC_mean=0.6074 (auc_365d=0.7457 auc_730d=0.6391 auc_1095d=0.4374)
Epoch  18 | lr=4.76e-04 | loss=0.4873 | train_c_index=0.9749 | val_c_index=0.6647 | val_HR=2.204 [0.810, 5.993] | val_logrank_p=0.1128 | val_AUC_mean=0.5917 (auc_365d=0.7549 auc_730d=0.6136 auc_1095d=0.4066)
Epoch  19 | lr=4.19e-04 | loss=0.4895 | train_c_index=0.9728 | val_c_index=0.6647 | val_HR=3.384 [1.183, 9.683] | val_logrank_p=0.0167 | val_AUC_mean=0.6138 (auc_365d=0.7602 auc_730d=0.6370 auc_1095d=0.4443)
Epoch  20 | lr=3.63e-04 | loss=0.5226 | train_c_index=0.9774 | val_c_index=0.6707 | val_HR=2.984 [1.069, 8.329] | val_logrank_p=0.0289 | val_AUC_mean=0.6203 (auc_365d=0.7501 auc_730d=0.6546 auc_1095d=0.4563)
Epoch  21 | lr=3.09e-04 | loss=0.6922 | train_c_index=0.9799 | val_c_index=0.6707 | val_HR=2.984 [1.069, 8.329] | val_logrank_p=0.0289 | val_AUC_mean=0.6351 (auc_365d=0.7466 auc_730d=0.6838 auc_1095d=0.4750)
C:\Users\wonse\anaconda3\envs\PathViT-ray\Lib\site-packages\lifelines\fitters\coxph_fitter.py:1607: ConvergenceWarning: Newton-Raphson convergence completed successfully but norm(delta) is still high, 0.503. This may imply non-unique solutions to the maximum likelihood. Perhaps there is collinearity or complete separation in the dataset?

  warnings.warn(
Epoch  22 | lr=2.58e-04 | loss=0.4917 | train_c_index=0.9799 | val_c_index=0.6587 | val_HR=2.017 [0.748, 5.440] | val_logrank_p=0.1573 | val_AUC_mean=0.6311 (auc_365d=0.7421 auc_730d=0.6649 auc_1095d=0.4864)
C:\Users\wonse\anaconda3\envs\PathViT-ray\Lib\site-packages\lifelines\fitters\coxph_fitter.py:1607: ConvergenceWarning: Newton-Raphson convergence completed successfully but norm(delta) is still high, 0.503. This may imply non-unique solutions to the maximum likelihood. Perhaps there is collinearity or complete separation in the dataset?

  warnings.warn(
Epoch  23 | lr=2.09e-04 | loss=0.5558 | train_c_index=0.9833 | val_c_index=0.6587 | val_HR=2.017 [0.748, 5.440] | val_logrank_p=0.1573 | val_AUC_mean=0.6170 (auc_365d=0.7510 auc_730d=0.6390 auc_1095d=0.4609)
C:\Users\wonse\anaconda3\envs\PathViT-ray\Lib\site-packages\lifelines\fitters\coxph_fitter.py:1607: ConvergenceWarning: Newton-Raphson convergence completed successfully but norm(delta) is still high, 0.503. This may imply non-unique solutions to the maximum likelihood. Perhaps there is collinearity or complete separation in the dataset?

  warnings.warn(
Epoch  24 | lr=1.65e-04 | loss=0.4458 | train_c_index=0.9866 | val_c_index=0.6527 | val_HR=2.017 [0.748, 5.440] | val_logrank_p=0.1573 | val_AUC_mean=0.6134 (auc_365d=0.7510 auc_730d=0.6282 auc_1095d=0.4609)
C:\Users\wonse\anaconda3\envs\PathViT-ray\Lib\site-packages\lifelines\fitters\coxph_fitter.py:1607: ConvergenceWarning: Newton-Raphson convergence completed successfully but norm(delta) is still high, 0.503. This may imply non-unique solutions to the maximum likelihood. Perhaps there is collinearity or complete separation in the dataset?

  warnings.warn(
Epoch  25 | lr=1.26e-04 | loss=0.5337 | train_c_index=0.9875 | val_c_index=0.6557 | val_HR=2.017 [0.748, 5.440] | val_logrank_p=0.1573 | val_AUC_mean=0.6134 (auc_365d=0.7510 auc_730d=0.6282 auc_1095d=0.4609)
C:\Users\wonse\anaconda3\envs\PathViT-ray\Lib\site-packages\lifelines\fitters\coxph_fitter.py:1607: ConvergenceWarning: Newton-Raphson convergence completed successfully but norm(delta) is still high, 0.503. This may imply non-unique solutions to the maximum likelihood. Perhaps there is collinearity or complete separation in the dataset?

  warnings.warn(
Epoch  26 | lr=9.14e-05 | loss=0.4157 | train_c_index=0.9883 | val_c_index=0.6647 | val_HR=2.017 [0.748, 5.440] | val_logrank_p=0.1573 | val_AUC_mean=0.6293 (auc_365d=0.7510 auc_730d=0.6497 auc_1095d=0.4871)
C:\Users\wonse\anaconda3\envs\PathViT-ray\Lib\site-packages\lifelines\fitters\coxph_fitter.py:1607: ConvergenceWarning: Newton-Raphson convergence completed successfully but norm(delta) is still high, 0.503. This may imply non-unique solutions to the maximum likelihood. Perhaps there is collinearity or complete separation in the dataset?

  warnings.warn(
Epoch  27 | lr=6.27e-05 | loss=0.3960 | train_c_index=0.9883 | val_c_index=0.6617 | val_HR=2.017 [0.748, 5.440] | val_logrank_p=0.1573 | val_AUC_mean=0.6183 (auc_365d=0.7510 auc_730d=0.6478 auc_1095d=0.4563)
C:\Users\wonse\anaconda3\envs\PathViT-ray\Lib\site-packages\lifelines\fitters\coxph_fitter.py:1607: ConvergenceWarning: Newton-Raphson convergence completed successfully but norm(delta) is still high, 0.503. This may imply non-unique solutions to the maximum likelihood. Perhaps there is collinearity or complete separation in the dataset?

  warnings.warn(
Epoch  28 | lr=3.99e-05 | loss=0.4540 | train_c_index=0.9891 | val_c_index=0.6617 | val_HR=2.017 [0.748, 5.440] | val_logrank_p=0.1573 | val_AUC_mean=0.6183 (auc_365d=0.7510 auc_730d=0.6478 auc_1095d=0.4563)
C:\Users\wonse\anaconda3\envs\PathViT-ray\Lib\site-packages\lifelines\fitters\coxph_fitter.py:1607: ConvergenceWarning: Newton-Raphson convergence completed successfully but norm(delta) is still high, 0.503. This may imply non-unique solutions to the maximum likelihood. Perhaps there is collinearity or complete separation in the dataset?

  warnings.warn(
Epoch  29 | lr=2.33e-05 | loss=0.4588 | train_c_index=0.9896 | val_c_index=0.6617 | val_HR=2.017 [0.748, 5.440] | val_logrank_p=0.1573 | val_AUC_mean=0.6183 (auc_365d=0.7510 auc_730d=0.6478 auc_1095d=0.4563)
C:\Users\wonse\anaconda3\envs\PathViT-ray\Lib\site-packages\lifelines\fitters\coxph_fitter.py:1607: ConvergenceWarning: Newton-Raphson convergence completed successfully but norm(delta) is still high, 0.503. This may imply non-unique solutions to the maximum likelihood. Perhaps there is collinearity or complete separation in the dataset?

  warnings.warn(
Epoch  30 | lr=1.33e-05 | loss=0.4722 | train_c_index=0.9900 | val_c_index=0.6617 | val_HR=2.017 [0.748, 5.440] | val_logrank_p=0.1573 | val_AUC_mean=0.6183 (auc_365d=0.7510 auc_730d=0.6478 auc_1095d=0.4563)

=== Internal Test (best checkpoint epoch 4) ===
test_c_index=0.6959 | test_HR=3.055 [1.025, 9.110] | test_logrank_p=0.0358 | test_AUC_mean=0.7129 (auc_365d=0.7932 auc_730d=0.5411 auc_1095d=0.8043)
  -> fold predictions saved: D:\wonse\Documents\Job\urban_datalab\PATH-ViT\.logs\kfold_preds\tcga_M6_INT1500_FOLD2OF5_seed84_fold2of5.csv
wandb: updating run metadata
wandb: uploading history steps 22-29, summary, console lines 40-71
wandb: 
wandb: Run history:
wandb:              train/c_index ▁▄▆▆▆▆▆▇▇▇▇▇▇▇▇▇█▇▇███████████
wandb:                 train/loss █▅▄▃▃▃▃▃▂▂▂▂▂▂▂▂▂▁▁▁▂▁▂▁▂▁▁▁▁▁
wandb:                   train/lr ▃▆██████▇▇▇▇▆▆▅▅▅▄▄▃▃▃▂▂▂▂▁▁▁▁
wandb:   val_performance/auc_mean ▇▄▄▅▆█▆▆▄▄▄▆▇▁▅▅▅▄▅▅▆▆▅▅▅▆▅▅▅▅
wandb:    val_performance/c_index ▇▅▄█▅█▄▆▆▄▃█▇▁▄▆▆▆▆▇▇▅▅▅▅▆▆▆▆▆
wandb:         val_performance/hr ▃▄▆▄▅▆▂▆▃▄▁▄▃▁▃▅▄▄█▇▇▃▃▃▃▃▃▃▃▃
wandb: val_performance/log_rank_p ▃▂▁▃▂▁▅▁▃▃▇▃▃█▃▂▃▃▁▁▁▃▃▃▃▃▃▃▃▃
wandb: 
wandb: Run summary:
wandb:               best_epoch 4
wandb:         best_val_c_index 0.68563
wandb:            test_auc_mean 0.71289
wandb:             test_c_index 0.69585
wandb:                  test_hr 3.05544
wandb:          test_log_rank_p 0.03585
wandb:            train/c_index 0.98997
wandb:               train/loss 0.47221
wandb:                 train/lr 1e-05
wandb: val_performance/auc_mean 0.61835
wandb:                       +3 ...
wandb: 
wandb:  View run TCGA_M6_INT1500_FOLD2OF5_seed84_0816::1718 at: https://wandb.ai/justin212553/Path-ViT/runs/fhr5dbnp
wandb:  View project at: https://wandb.ai/justin212553/Path-ViT
wandb: Synced 5 W&B file(s), 0 media file(s), 0 artifact file(s) and 0 other file(s)
wandb: Find logs at: .\.wandb\run-20260816_171901-fhr5dbnp\logs

=== External Test (cptac 전체 코호트) ===
external_c_index=0.6221 | external_HR=1.631 [1.126, 2.361] | external_logrank_p=0.0087 | external_AUC_mean=0.6598 (auc_365d=0.6840 auc_730d=0.7075 auc_1095d=0.5879)
wandb: setting up run iilvkk10
wandb: Tracking run with wandb version 0.28.0
wandb: Run data is saved locally in D:\wonse\Documents\Job\urban_datalab\PATH-ViT\.wandb\run-20260816_171946-iilvkk10
wandb: Run `wandb offline` to turn off syncing.
wandb: Syncing run TCGA_XM6_INT1500_FOLD2OF5_seed84_0816::1718
wandb:  View project at https://wandb.ai/justin212553/Path-ViT
wandb:  View run at https://wandb.ai/justin212553/Path-ViT/runs/iilvkk10
wandb: updating run metadata; uploading summary
wandb: uploading config.yaml
wandb: 
wandb: Run history:
wandb:   external/auc_mean ▁
wandb:    external/c_index ▁
wandb:         external/hr ▁
wandb: external/log_rank_p ▁
wandb: 
wandb: Run summary:
wandb:   external/auc_mean 0.65982
wandb:    external/c_index 0.62211
wandb:         external/hr 1.63062
wandb: external/log_rank_p 0.00869
wandb: 
wandb:  View run TCGA_XM6_INT1500_FOLD2OF5_seed84_0816::1718 at: https://wandb.ai/justin212553/Path-ViT/runs/iilvkk10
wandb:  View project at: https://wandb.ai/justin212553/Path-ViT
wandb: Synced 4 W&B file(s), 0 media file(s), 0 artifact file(s) and 0 other file(s)
wandb: Find logs at: .\.wandb\run-20260816_171946-iilvkk10\logs
=== FINAL M6 seed=84 fold=2/5 Complete: Sun Aug 16 17:19:48     2026 ===
=== FINAL M6 seed=84 fold=3/5 Start: Sun Aug 16 17:19:48     2026 ===
wandb: [wandb.login()] Loaded credentials for https://api.wandb.ai from C:\Users\wonse\_netrc.
wandb: W&B API key is configured. Use `wandb login --relogin` to force relogin
wandb: Tracking run with wandb version 0.28.0
wandb: Run data is saved locally in D:\wonse\Documents\Job\urban_datalab\PATH-ViT\.wandb\run-20260816_172001-ysh4zhgg
wandb: Run `wandb offline` to turn off syncing.
wandb: Syncing run TCGA_M6_INT1500_FOLD3OF5_seed84_0816::1719
wandb:  View project at https://wandb.ai/justin212553/Path-ViT
wandb:  View run at https://wandb.ai/justin212553/Path-ViT/runs/ysh4zhgg
Model: M6_INT1500_FOLD3OF5 (RNAOnly) | params=401,409
Dataset: tcga  (5-fold CV, fold 3)  Train: 92  Val: 31  Test(internal): 29 patients
lr=1.0e-03 | weight_decay=1.0e-02 | epochs=30 | cox_batch_size=16
Epoch   1 | lr=3.33e-04 | loss=1.9600 | train_c_index=0.8423 | val_c_index=0.5380 | val_HR=1.261 [0.469, 3.387] | val_logrank_p=0.6450 | val_AUC_mean=0.5794 (auc_365d=0.5587 auc_730d=0.5897 auc_1095d=0.5897)
  -> checkpoint saved (c_index=0.5380)
Epoch   2 | lr=6.67e-04 | loss=1.4563 | train_c_index=0.8912 | val_c_index=0.5974 | val_HR=1.496 [0.556, 4.021] | val_logrank_p=0.4224 | val_AUC_mean=0.5533 (auc_365d=0.6464 auc_730d=0.5067 auc_1095d=0.5067)
  -> checkpoint saved (c_index=0.5974)
Epoch   3 | lr=1.00e-03 | loss=1.1588 | train_c_index=0.9179 | val_c_index=0.5941 | val_HR=1.496 [0.556, 4.021] | val_logrank_p=0.4224 | val_AUC_mean=0.4961 (auc_365d=0.6537 auc_730d=0.4173 auc_1095d=0.4173)
Epoch   4 | lr=1.00e-03 | loss=1.0824 | train_c_index=0.9341 | val_c_index=0.6040 | val_HR=1.980 [0.746, 5.250] | val_logrank_p=0.1623 | val_AUC_mean=0.7134 (auc_365d=0.6421 auc_730d=0.7491 auc_1095d=0.7491)
  -> checkpoint saved (c_index=0.6040)
Epoch   5 | lr=9.97e-04 | loss=0.8339 | train_c_index=0.9418 | val_c_index=0.5908 | val_HR=1.192 [0.447, 3.175] | val_logrank_p=0.7253 | val_AUC_mean=0.6173 (auc_365d=0.6342 auc_730d=0.6089 auc_1095d=0.6089)
Epoch   6 | lr=9.87e-04 | loss=0.8577 | train_c_index=0.9515 | val_c_index=0.5842 | val_HR=1.192 [0.447, 3.175] | val_logrank_p=0.7253 | val_AUC_mean=0.5867 (auc_365d=0.6639 auc_730d=0.5481 auc_1095d=0.5481)
Epoch   7 | lr=9.70e-04 | loss=0.7740 | train_c_index=0.9575 | val_c_index=0.5974 | val_HR=1.369 [0.520, 3.607] | val_logrank_p=0.5235 | val_AUC_mean=0.5885 (auc_365d=0.6692 auc_730d=0.5481 auc_1095d=0.5481)
Epoch   8 | lr=9.47e-04 | loss=0.7016 | train_c_index=0.9592 | val_c_index=0.5908 | val_HR=1.369 [0.520, 3.607] | val_logrank_p=0.5235 | val_AUC_mean=0.6283 (auc_365d=0.6670 auc_730d=0.6089 auc_1095d=0.6089)
Epoch   9 | lr=9.19e-04 | loss=0.6616 | train_c_index=0.9575 | val_c_index=0.5743 | val_HR=1.369 [0.520, 3.607] | val_logrank_p=0.5235 | val_AUC_mean=0.6549 (auc_365d=0.6455 auc_730d=0.6597 auc_1095d=0.6597)
Epoch  10 | lr=8.84e-04 | loss=0.7310 | train_c_index=0.9605 | val_c_index=0.5578 | val_HR=1.192 [0.447, 3.175] | val_logrank_p=0.7253 | val_AUC_mean=0.7028 (auc_365d=0.6101 auc_730d=0.7491 auc_1095d=0.7491)
Epoch  11 | lr=8.45e-04 | loss=0.5983 | train_c_index=0.9622 | val_c_index=0.5743 | val_HR=0.989 [0.374, 2.614] | val_logrank_p=0.9814 | val_AUC_mean=0.6546 (auc_365d=0.6445 auc_730d=0.6597 auc_1095d=0.6597)
C:\Users\wonse\anaconda3\envs\PathViT-ray\Lib\site-packages\lifelines\fitters\coxph_fitter.py:1607: ConvergenceWarning: Newton-Raphson convergence completed successfully but norm(delta) is still high, 0.503. This may imply non-unique solutions to the maximum likelihood. Perhaps there is collinearity or complete separation in the dataset?

  warnings.warn(
Epoch  12 | lr=8.01e-04 | loss=0.6856 | train_c_index=0.9715 | val_c_index=0.5710 | val_HR=1.192 [0.447, 3.175] | val_logrank_p=0.7253 | val_AUC_mean=0.6630 (auc_365d=0.6695 auc_730d=0.6597 auc_1095d=0.6597)
Epoch  13 | lr=7.52e-04 | loss=0.5953 | train_c_index=0.9656 | val_c_index=0.5215 | val_HR=1.275 [0.485, 3.352] | val_logrank_p=0.6215 | val_AUC_mean=0.5796 (auc_365d=0.6238 auc_730d=0.5575 auc_1095d=0.5575)
Epoch  14 | lr=7.01e-04 | loss=0.6700 | train_c_index=0.9643 | val_c_index=0.5512 | val_HR=0.790 [0.292, 2.135] | val_logrank_p=0.6412 | val_AUC_mean=0.5467 (auc_365d=0.6395 auc_730d=0.5003 auc_1095d=0.5003)
Epoch  15 | lr=6.47e-04 | loss=0.7418 | train_c_index=0.9732 | val_c_index=0.5710 | val_HR=1.369 [0.520, 3.607] | val_logrank_p=0.5235 | val_AUC_mean=0.6206 (auc_365d=0.6641 auc_730d=0.5989 auc_1095d=0.5989)
Epoch  16 | lr=5.91e-04 | loss=0.5981 | train_c_index=0.9736 | val_c_index=0.5842 | val_HR=0.929 [0.348, 2.478] | val_logrank_p=0.8820 | val_AUC_mean=0.6681 (auc_365d=0.6848 auc_730d=0.6597 auc_1095d=0.6597)
C:\Users\wonse\anaconda3\envs\PathViT-ray\Lib\site-packages\lifelines\fitters\coxph_fitter.py:1607: ConvergenceWarning: Newton-Raphson convergence completed successfully but norm(delta) is still high, 0.503. This may imply non-unique solutions to the maximum likelihood. Perhaps there is collinearity or complete separation in the dataset?

  warnings.warn(
Epoch  17 | lr=5.34e-04 | loss=0.5368 | train_c_index=0.9741 | val_c_index=0.5743 | val_HR=1.192 [0.447, 3.175] | val_logrank_p=0.7253 | val_AUC_mean=0.6202 (auc_365d=0.6627 auc_730d=0.5989 auc_1095d=0.5989)
Epoch  18 | lr=4.76e-04 | loss=0.4805 | train_c_index=0.9787 | val_c_index=0.5809 | val_HR=1.192 [0.447, 3.175] | val_logrank_p=0.7253 | val_AUC_mean=0.6285 (auc_365d=0.6876 auc_730d=0.5989 auc_1095d=0.5989)
C:\Users\wonse\anaconda3\envs\PathViT-ray\Lib\site-packages\lifelines\fitters\coxph_fitter.py:1607: ConvergenceWarning: Newton-Raphson convergence completed successfully but norm(delta) is still high, 0.503. This may imply non-unique solutions to the maximum likelihood. Perhaps there is collinearity or complete separation in the dataset?

  warnings.warn(
Epoch  19 | lr=4.19e-04 | loss=0.4737 | train_c_index=0.9813 | val_c_index=0.5578 | val_HR=1.192 [0.447, 3.175] | val_logrank_p=0.7253 | val_AUC_mean=0.6167 (auc_365d=0.6522 auc_730d=0.5989 auc_1095d=0.5989)
Epoch  20 | lr=3.63e-04 | loss=0.4636 | train_c_index=0.9809 | val_c_index=0.5512 | val_HR=1.192 [0.447, 3.175] | val_logrank_p=0.7253 | val_AUC_mean=0.6111 (auc_365d=0.6355 auc_730d=0.5989 auc_1095d=0.5989)
Epoch  21 | lr=3.09e-04 | loss=0.5175 | train_c_index=0.9834 | val_c_index=0.5710 | val_HR=1.192 [0.447, 3.175] | val_logrank_p=0.7253 | val_AUC_mean=0.6214 (auc_365d=0.6663 auc_730d=0.5989 auc_1095d=0.5989)
Epoch  22 | lr=2.58e-04 | loss=0.4865 | train_c_index=0.9826 | val_c_index=0.5644 | val_HR=0.753 [0.279, 2.029] | val_logrank_p=0.5739 | val_AUC_mean=0.6200 (auc_365d=0.6621 auc_730d=0.5989 auc_1095d=0.5989)
C:\Users\wonse\anaconda3\envs\PathViT-ray\Lib\site-packages\lifelines\fitters\coxph_fitter.py:1607: ConvergenceWarning: Newton-Raphson convergence completed successfully but norm(delta) is still high, 0.503. This may imply non-unique solutions to the maximum likelihood. Perhaps there is collinearity or complete separation in the dataset?

  warnings.warn(
Epoch  23 | lr=2.09e-04 | loss=0.4871 | train_c_index=0.9851 | val_c_index=0.5578 | val_HR=1.192 [0.447, 3.175] | val_logrank_p=0.7253 | val_AUC_mean=0.6179 (auc_365d=0.6558 auc_730d=0.5989 auc_1095d=0.5989)
C:\Users\wonse\anaconda3\envs\PathViT-ray\Lib\site-packages\lifelines\fitters\coxph_fitter.py:1607: ConvergenceWarning: Newton-Raphson convergence completed successfully but norm(delta) is still high, 0.503. This may imply non-unique solutions to the maximum likelihood. Perhaps there is collinearity or complete separation in the dataset?

  warnings.warn(
Epoch  24 | lr=1.65e-04 | loss=0.4169 | train_c_index=0.9830 | val_c_index=0.5545 | val_HR=1.192 [0.447, 3.175] | val_logrank_p=0.7253 | val_AUC_mean=0.5781 (auc_365d=0.6381 auc_730d=0.5481 auc_1095d=0.5481)
C:\Users\wonse\anaconda3\envs\PathViT-ray\Lib\site-packages\lifelines\fitters\coxph_fitter.py:1607: ConvergenceWarning: Newton-Raphson convergence completed successfully but norm(delta) is still high, 0.503. This may imply non-unique solutions to the maximum likelihood. Perhaps there is collinearity or complete separation in the dataset?

  warnings.warn(
Epoch  25 | lr=1.26e-04 | loss=0.4070 | train_c_index=0.9860 | val_c_index=0.5578 | val_HR=1.192 [0.447, 3.175] | val_logrank_p=0.7253 | val_AUC_mean=0.5800 (auc_365d=0.6439 auc_730d=0.5481 auc_1095d=0.5481)
C:\Users\wonse\anaconda3\envs\PathViT-ray\Lib\site-packages\lifelines\fitters\coxph_fitter.py:1607: ConvergenceWarning: Newton-Raphson convergence completed successfully but norm(delta) is still high, 0.503. This may imply non-unique solutions to the maximum likelihood. Perhaps there is collinearity or complete separation in the dataset?

  warnings.warn(
Epoch  26 | lr=9.14e-05 | loss=0.4753 | train_c_index=0.9889 | val_c_index=0.5545 | val_HR=1.192 [0.447, 3.175] | val_logrank_p=0.7253 | val_AUC_mean=0.5800 (auc_365d=0.6439 auc_730d=0.5481 auc_1095d=0.5481)
C:\Users\wonse\anaconda3\envs\PathViT-ray\Lib\site-packages\lifelines\fitters\coxph_fitter.py:1607: ConvergenceWarning: Newton-Raphson convergence completed successfully but norm(delta) is still high, 0.503. This may imply non-unique solutions to the maximum likelihood. Perhaps there is collinearity or complete separation in the dataset?

  warnings.warn(
Epoch  27 | lr=6.27e-05 | loss=0.5158 | train_c_index=0.9889 | val_c_index=0.5545 | val_HR=1.192 [0.447, 3.175] | val_logrank_p=0.7253 | val_AUC_mean=0.5800 (auc_365d=0.6439 auc_730d=0.5481 auc_1095d=0.5481)
C:\Users\wonse\anaconda3\envs\PathViT-ray\Lib\site-packages\lifelines\fitters\coxph_fitter.py:1607: ConvergenceWarning: Newton-Raphson convergence completed successfully but norm(delta) is still high, 0.503. This may imply non-unique solutions to the maximum likelihood. Perhaps there is collinearity or complete separation in the dataset?

  warnings.warn(
Epoch  28 | lr=3.99e-05 | loss=0.3666 | train_c_index=0.9885 | val_c_index=0.5545 | val_HR=1.192 [0.447, 3.175] | val_logrank_p=0.7253 | val_AUC_mean=0.5800 (auc_365d=0.6439 auc_730d=0.5481 auc_1095d=0.5481)
C:\Users\wonse\anaconda3\envs\PathViT-ray\Lib\site-packages\lifelines\fitters\coxph_fitter.py:1607: ConvergenceWarning: Newton-Raphson convergence completed successfully but norm(delta) is still high, 0.503. This may imply non-unique solutions to the maximum likelihood. Perhaps there is collinearity or complete separation in the dataset?

  warnings.warn(
Epoch  29 | lr=2.33e-05 | loss=0.4545 | train_c_index=0.9885 | val_c_index=0.5545 | val_HR=1.192 [0.447, 3.175] | val_logrank_p=0.7253 | val_AUC_mean=0.5800 (auc_365d=0.6439 auc_730d=0.5481 auc_1095d=0.5481)
C:\Users\wonse\anaconda3\envs\PathViT-ray\Lib\site-packages\lifelines\fitters\coxph_fitter.py:1607: ConvergenceWarning: Newton-Raphson convergence completed successfully but norm(delta) is still high, 0.503. This may imply non-unique solutions to the maximum likelihood. Perhaps there is collinearity or complete separation in the dataset?

  warnings.warn(
Epoch  30 | lr=1.33e-05 | loss=0.4240 | train_c_index=0.9889 | val_c_index=0.5545 | val_HR=1.192 [0.447, 3.175] | val_logrank_p=0.7253 | val_AUC_mean=0.5800 (auc_365d=0.6439 auc_730d=0.5481 auc_1095d=0.5481)

=== Internal Test (best checkpoint epoch 4) ===
test_c_index=0.5986 | test_HR=1.179 [0.427, 3.256] | test_logrank_p=0.7506 | test_AUC_mean=0.5794 (auc_365d=0.6677 auc_730d=0.5270 auc_1095d=0.5434)
  -> fold predictions saved: D:\wonse\Documents\Job\urban_datalab\PATH-ViT\.logs\kfold_preds\tcga_M6_INT1500_FOLD3OF5_seed84_fold3of5.csv
wandb: updating run metadata
wandb: uploading output.log; uploading wandb-summary.json; uploading config.yaml
wandb: 
wandb: Run history:
wandb:              train/c_index ▁▃▅▅▆▆▆▇▆▇▇▇▇▇▇▇▇█████████████
wandb:                 train/loss █▆▄▄▃▃▃▂▂▃▂▂▂▂▃▂▂▂▁▁▂▂▂▁▁▁▂▁▁▁
wandb:                   train/lr ▃▆██████▇▇▇▇▆▆▅▅▅▄▄▃▃▃▂▂▂▂▁▁▁▁
wandb:   val_performance/auc_mean ▄▃▁█▅▄▄▅▆█▆▆▄▃▅▇▅▅▅▅▅▅▅▄▄▄▄▄▄▄
wandb:    val_performance/c_index ▂▇▇█▇▆▇▇▅▄▅▅▁▄▅▆▅▆▄▄▅▅▄▄▄▄▄▄▄▄
wandb:         val_performance/hr ▄▅▅█▄▄▅▅▅▄▂▄▄▁▅▂▄▄▄▄▄▁▄▄▄▄▄▄▄▄
wandb: val_performance/log_rank_p ▅▃▃▁▆▆▄▄▄▆█▆▅▅▄▇▆▆▆▆▆▅▆▆▆▆▆▆▆▆
wandb: 
wandb: Run summary:
wandb:               best_epoch 4
wandb:         best_val_c_index 0.60396
wandb:            test_auc_mean 0.57937
wandb:             test_c_index 0.59862
wandb:                  test_hr 1.17891
wandb:          test_log_rank_p 0.75056
wandb:            train/c_index 0.98895
wandb:               train/loss 0.42401
wandb:                 train/lr 1e-05
wandb: val_performance/auc_mean 0.58001
wandb:                       +3 ...
wandb: 
wandb:  View run TCGA_M6_INT1500_FOLD3OF5_seed84_0816::1719 at: https://wandb.ai/justin212553/Path-ViT/runs/ysh4zhgg
wandb:  View project at: https://wandb.ai/justin212553/Path-ViT
wandb: Synced 5 W&B file(s), 0 media file(s), 0 artifact file(s) and 0 other file(s)
wandb: Find logs at: .\.wandb\run-20260816_172001-ysh4zhgg\logs

=== External Test (cptac 전체 코호트) ===
external_c_index=0.5976 | external_HR=1.413 [0.978, 2.042] | external_logrank_p=0.0629 | external_AUC_mean=0.6261 (auc_365d=0.6483 auc_730d=0.6408 auc_1095d=0.5891)
wandb: Currently logged in as: justin212553 to https://api.wandb.ai. Use `wandb login --relogin` to force relogin
wandb: setting up run 06cfp5x4
wandb: Tracking run with wandb version 0.28.0
wandb: Run data is saved locally in D:\wonse\Documents\Job\urban_datalab\PATH-ViT\.wandb\run-20260816_172047-06cfp5x4
wandb: Run `wandb offline` to turn off syncing.
wandb: Syncing run TCGA_XM6_INT1500_FOLD3OF5_seed84_0816::1719
wandb:  View project at https://wandb.ai/justin212553/Path-ViT
wandb:  View run at https://wandb.ai/justin212553/Path-ViT/runs/06cfp5x4
wandb: updating run metadata; uploading summary
wandb: uploading config.yaml; uploading wandb-metadata.json; uploading requirements.txt; uploading wandb-summary.json
wandb: 
wandb: Run history:
wandb:   external/auc_mean ▁
wandb:    external/c_index ▁
wandb:         external/hr ▁
wandb: external/log_rank_p ▁
wandb: 
wandb: Run summary:
wandb:   external/auc_mean 0.62609
wandb:    external/c_index 0.59758
wandb:         external/hr 1.4135
wandb: external/log_rank_p 0.0629
wandb: 
wandb:  View run TCGA_XM6_INT1500_FOLD3OF5_seed84_0816::1719 at: https://wandb.ai/justin212553/Path-ViT/runs/06cfp5x4
wandb:  View project at: https://wandb.ai/justin212553/Path-ViT
wandb: Synced 4 W&B file(s), 0 media file(s), 0 artifact file(s) and 0 other file(s)
wandb: Find logs at: .\.wandb\run-20260816_172047-06cfp5x4\logs
=== FINAL M6 seed=84 fold=3/5 Complete: Sun Aug 16 17:20:49     2026 ===
=== FINAL M6 seed=84 fold=4/5 Start: Sun Aug 16 17:20:49     2026 ===
wandb: [wandb.login()] Loaded credentials for https://api.wandb.ai from C:\Users\wonse\_netrc.
wandb: Currently logged in as: justin212553 to https://api.wandb.ai. Use `wandb login --relogin` to force relogin
wandb: setting up run 5ofpzs7p
wandb: Tracking run with wandb version 0.28.0
wandb: Run data is saved locally in D:\wonse\Documents\Job\urban_datalab\PATH-ViT\.wandb\run-20260816_172057-5ofpzs7p
wandb: Run `wandb offline` to turn off syncing.
wandb: Syncing run TCGA_M6_INT1500_FOLD4OF5_seed84_0816::1720
wandb:  View project at https://wandb.ai/justin212553/Path-ViT
wandb:  View run at https://wandb.ai/justin212553/Path-ViT/runs/5ofpzs7p
Model: M6_INT1500_FOLD4OF5 (RNAOnly) | params=401,409
Dataset: tcga  (5-fold CV, fold 4)  Train: 91  Val: 31  Test(internal): 30 patients
lr=1.0e-03 | weight_decay=1.0e-02 | epochs=30 | cox_batch_size=16
Epoch   1 | lr=3.33e-04 | loss=2.0965 | train_c_index=0.8447 | val_c_index=0.6891 | val_HR=3.156 [1.093, 9.111] | val_logrank_p=0.0248 | val_AUC_mean=0.6834 (auc_365d=0.6967 auc_730d=0.6921 auc_1095d=0.6615)
  -> checkpoint saved (c_index=0.6891)
Epoch   2 | lr=6.67e-04 | loss=1.3930 | train_c_index=0.8844 | val_c_index=0.7244 | val_HR=7.263 [2.027, 26.030] | val_logrank_p=0.0004 | val_AUC_mean=0.7954 (auc_365d=0.7909 auc_730d=0.7773 auc_1095d=0.8180)
  -> checkpoint saved (c_index=0.7244)
Epoch   3 | lr=1.00e-03 | loss=1.1651 | train_c_index=0.9230 | val_c_index=0.6795 | val_HR=3.296 [1.114, 9.752] | val_logrank_p=0.0225 | val_AUC_mean=0.7349 (auc_365d=0.6993 auc_730d=0.7469 auc_1095d=0.7587)
Epoch   4 | lr=1.00e-03 | loss=1.1006 | train_c_index=0.9459 | val_c_index=0.6314 | val_HR=2.404 [0.871, 6.633] | val_logrank_p=0.0802 | val_AUC_mean=0.6626 (auc_365d=0.6232 auc_730d=0.6961 auc_1095d=0.6685)
Epoch   5 | lr=9.97e-04 | loss=0.8815 | train_c_index=0.9402 | val_c_index=0.7340 | val_HR=4.450 [1.410, 14.044] | val_logrank_p=0.0053 | val_AUC_mean=0.7694 (auc_365d=0.7256 auc_730d=0.8239 auc_1095d=0.7587)
  -> checkpoint saved (c_index=0.7340)
Epoch   6 | lr=9.87e-04 | loss=0.9475 | train_c_index=0.9422 | val_c_index=0.7340 | val_HR=2.998 [1.035, 8.684] | val_logrank_p=0.0334 | val_AUC_mean=0.8170 (auc_365d=0.7388 auc_730d=0.8731 auc_1095d=0.8392)
Epoch   7 | lr=9.70e-04 | loss=0.7550 | train_c_index=0.9520 | val_c_index=0.5609 | val_HR=1.804 [0.669, 4.865] | val_logrank_p=0.2361 | val_AUC_mean=0.5640 (auc_365d=0.5420 auc_730d=0.6250 auc_1095d=0.5249)
Epoch   8 | lr=9.47e-04 | loss=0.8183 | train_c_index=0.9418 | val_c_index=0.6090 | val_HR=1.873 [0.695, 5.052] | val_logrank_p=0.2069 | val_AUC_mean=0.6503 (auc_365d=0.6247 auc_730d=0.6862 auc_1095d=0.6402)
Epoch   9 | lr=9.19e-04 | loss=0.7453 | train_c_index=0.9410 | val_c_index=0.6314 | val_HR=2.995 [1.020, 8.794] | val_logrank_p=0.0356 | val_AUC_mean=0.7363 (auc_365d=0.6478 auc_730d=0.7683 auc_1095d=0.7929)
Epoch  10 | lr=8.84e-04 | loss=0.7466 | train_c_index=0.9590 | val_c_index=0.6218 | val_HR=1.804 [0.669, 4.865] | val_logrank_p=0.2361 | val_AUC_mean=0.6836 (auc_365d=0.6043 auc_730d=0.7221 auc_1095d=0.7246)
Epoch  11 | lr=8.45e-04 | loss=0.7307 | train_c_index=0.9648 | val_c_index=0.5865 | val_HR=1.191 [0.446, 3.176] | val_logrank_p=0.7280 | val_AUC_mean=0.6134 (auc_365d=0.5723 auc_730d=0.6282 auc_1095d=0.6396)
Epoch  12 | lr=8.01e-04 | loss=0.7101 | train_c_index=0.9730 | val_c_index=0.5962 | val_HR=1.297 [0.486, 3.463] | val_logrank_p=0.6028 | val_AUC_mean=0.6052 (auc_365d=0.6214 auc_730d=0.6230 auc_1095d=0.5712)
Epoch  13 | lr=7.52e-04 | loss=0.6716 | train_c_index=0.9746 | val_c_index=0.6346 | val_HR=1.717 [0.637, 4.630] | val_logrank_p=0.2792 | val_AUC_mean=0.6642 (auc_365d=0.6469 auc_730d=0.6796 auc_1095d=0.6660)
Epoch  14 | lr=7.01e-04 | loss=0.5532 | train_c_index=0.9697 | val_c_index=0.6122 | val_HR=1.363 [0.510, 3.639] | val_logrank_p=0.5350 | val_AUC_mean=0.6024 (auc_365d=0.6324 auc_730d=0.6140 auc_1095d=0.5607)
Epoch  15 | lr=6.47e-04 | loss=0.5815 | train_c_index=0.9721 | val_c_index=0.5801 | val_HR=1.281 [0.480, 3.421] | val_logrank_p=0.6209 | val_AUC_mean=0.5786 (auc_365d=0.5843 auc_730d=0.5878 auc_1095d=0.5637)
Epoch  16 | lr=5.91e-04 | loss=0.6380 | train_c_index=0.9779 | val_c_index=0.6026 | val_HR=1.400 [0.523, 3.747] | val_logrank_p=0.5004 | val_AUC_mean=0.6204 (auc_365d=0.6102 auc_730d=0.6358 auc_1095d=0.6152)
Epoch  17 | lr=5.34e-04 | loss=0.5926 | train_c_index=0.9775 | val_c_index=0.5673 | val_HR=1.229 [0.459, 3.289] | val_logrank_p=0.6809 | val_AUC_mean=0.5784 (auc_365d=0.5570 auc_730d=0.5948 auc_1095d=0.5835)
Epoch  18 | lr=4.76e-04 | loss=0.5313 | train_c_index=0.9873 | val_c_index=0.6058 | val_HR=1.774 [0.658, 4.785] | val_logrank_p=0.2504 | val_AUC_mean=0.6495 (auc_365d=0.6224 auc_730d=0.6600 auc_1095d=0.6660)
Epoch  19 | lr=4.19e-04 | loss=0.4098 | train_c_index=0.9795 | val_c_index=0.6474 | val_HR=1.339 [0.500, 3.586] | val_logrank_p=0.5588 | val_AUC_mean=0.6808 (auc_365d=0.6921 auc_730d=0.6857 auc_1095d=0.6645)
C:\Users\wonse\anaconda3\envs\PathViT-ray\Lib\site-packages\lifelines\fitters\coxph_fitter.py:1607: ConvergenceWarning: Newton-Raphson convergence completed successfully but norm(delta) is still high, 0.503. This may imply non-unique solutions to the maximum likelihood. Perhaps there is collinearity or complete separation in the dataset?

  warnings.warn(
Epoch  20 | lr=3.63e-04 | loss=0.5104 | train_c_index=0.9848 | val_c_index=0.6186 | val_HR=1.339 [0.500, 3.586] | val_logrank_p=0.5588 | val_AUC_mean=0.6575 (auc_365d=0.6531 auc_730d=0.6794 auc_1095d=0.6402)
C:\Users\wonse\anaconda3\envs\PathViT-ray\Lib\site-packages\lifelines\fitters\coxph_fitter.py:1607: ConvergenceWarning: Newton-Raphson convergence completed successfully but norm(delta) is still high, 0.503. This may imply non-unique solutions to the maximum likelihood. Perhaps there is collinearity or complete separation in the dataset?

  warnings.warn(
Epoch  21 | lr=3.09e-04 | loss=0.4782 | train_c_index=0.9832 | val_c_index=0.6154 | val_HR=1.229 [0.459, 3.289] | val_logrank_p=0.6809 | val_AUC_mean=0.6516 (auc_365d=0.6352 auc_730d=0.6794 auc_1095d=0.6402)
C:\Users\wonse\anaconda3\envs\PathViT-ray\Lib\site-packages\lifelines\fitters\coxph_fitter.py:1607: ConvergenceWarning: Newton-Raphson convergence completed successfully but norm(delta) is still high, 0.503. This may imply non-unique solutions to the maximum likelihood. Perhaps there is collinearity or complete separation in the dataset?

  warnings.warn(
Epoch  22 | lr=2.58e-04 | loss=0.4711 | train_c_index=0.9857 | val_c_index=0.6058 | val_HR=1.229 [0.459, 3.289] | val_logrank_p=0.6809 | val_AUC_mean=0.6486 (auc_365d=0.6356 auc_730d=0.6701 auc_1095d=0.6402)
C:\Users\wonse\anaconda3\envs\PathViT-ray\Lib\site-packages\lifelines\fitters\coxph_fitter.py:1607: ConvergenceWarning: Newton-Raphson convergence completed successfully but norm(delta) is still high, 0.503. This may imply non-unique solutions to the maximum likelihood. Perhaps there is collinearity or complete separation in the dataset?

  warnings.warn(
Epoch  23 | lr=2.09e-04 | loss=0.5329 | train_c_index=0.9881 | val_c_index=0.5929 | val_HR=1.229 [0.459, 3.289] | val_logrank_p=0.6809 | val_AUC_mean=0.6160 (auc_365d=0.6237 auc_730d=0.6486 auc_1095d=0.5757)
C:\Users\wonse\anaconda3\envs\PathViT-ray\Lib\site-packages\lifelines\fitters\coxph_fitter.py:1607: ConvergenceWarning: Newton-Raphson convergence completed successfully but norm(delta) is still high, 0.503. This may imply non-unique solutions to the maximum likelihood. Perhaps there is collinearity or complete separation in the dataset?

  warnings.warn(
Epoch  24 | lr=1.65e-04 | loss=0.4169 | train_c_index=0.9877 | val_c_index=0.5897 | val_HR=1.229 [0.459, 3.289] | val_logrank_p=0.6809 | val_AUC_mean=0.6104 (auc_365d=0.6170 auc_730d=0.6387 auc_1095d=0.5757)
C:\Users\wonse\anaconda3\envs\PathViT-ray\Lib\site-packages\lifelines\fitters\coxph_fitter.py:1607: ConvergenceWarning: Newton-Raphson convergence completed successfully but norm(delta) is still high, 0.503. This may imply non-unique solutions to the maximum likelihood. Perhaps there is collinearity or complete separation in the dataset?

  warnings.warn(
Epoch  25 | lr=1.26e-04 | loss=0.4234 | train_c_index=0.9881 | val_c_index=0.5865 | val_HR=1.154 [0.432, 3.081] | val_logrank_p=0.7747 | val_AUC_mean=0.6010 (auc_365d=0.6054 auc_730d=0.6218 auc_1095d=0.5757)
C:\Users\wonse\anaconda3\envs\PathViT-ray\Lib\site-packages\lifelines\fitters\coxph_fitter.py:1607: ConvergenceWarning: Newton-Raphson convergence completed successfully but norm(delta) is still high, 0.503. This may imply non-unique solutions to the maximum likelihood. Perhaps there is collinearity or complete separation in the dataset?

  warnings.warn(
Epoch  26 | lr=9.14e-05 | loss=0.5084 | train_c_index=0.9902 | val_c_index=0.5801 | val_HR=1.154 [0.432, 3.081] | val_logrank_p=0.7747 | val_AUC_mean=0.5987 (auc_365d=0.5987 auc_730d=0.6218 auc_1095d=0.5757)
C:\Users\wonse\anaconda3\envs\PathViT-ray\Lib\site-packages\lifelines\fitters\coxph_fitter.py:1607: ConvergenceWarning: Newton-Raphson convergence completed successfully but norm(delta) is still high, 0.503. This may imply non-unique solutions to the maximum likelihood. Perhaps there is collinearity or complete separation in the dataset?

  warnings.warn(
Epoch  27 | lr=6.27e-05 | loss=0.4819 | train_c_index=0.9910 | val_c_index=0.5833 | val_HR=1.774 [0.658, 4.785] | val_logrank_p=0.2504 | val_AUC_mean=0.6033 (auc_365d=0.6042 auc_730d=0.6299 auc_1095d=0.5757)
C:\Users\wonse\anaconda3\envs\PathViT-ray\Lib\site-packages\lifelines\fitters\coxph_fitter.py:1607: ConvergenceWarning: Newton-Raphson convergence completed successfully but norm(delta) is still high, 0.503. This may imply non-unique solutions to the maximum likelihood. Perhaps there is collinearity or complete separation in the dataset?

  warnings.warn(
Epoch  28 | lr=3.99e-05 | loss=0.5238 | train_c_index=0.9906 | val_c_index=0.5769 | val_HR=1.154 [0.432, 3.081] | val_logrank_p=0.7747 | val_AUC_mean=0.5952 (auc_365d=0.5987 auc_730d=0.6112 auc_1095d=0.5757)
C:\Users\wonse\anaconda3\envs\PathViT-ray\Lib\site-packages\lifelines\fitters\coxph_fitter.py:1607: ConvergenceWarning: Newton-Raphson convergence completed successfully but norm(delta) is still high, 0.503. This may imply non-unique solutions to the maximum likelihood. Perhaps there is collinearity or complete separation in the dataset?

  warnings.warn(
Epoch  29 | lr=2.33e-05 | loss=0.4611 | train_c_index=0.9910 | val_c_index=0.5769 | val_HR=1.154 [0.432, 3.081] | val_logrank_p=0.7747 | val_AUC_mean=0.5952 (auc_365d=0.5987 auc_730d=0.6112 auc_1095d=0.5757)
C:\Users\wonse\anaconda3\envs\PathViT-ray\Lib\site-packages\lifelines\fitters\coxph_fitter.py:1607: ConvergenceWarning: Newton-Raphson convergence completed successfully but norm(delta) is still high, 0.503. This may imply non-unique solutions to the maximum likelihood. Perhaps there is collinearity or complete separation in the dataset?

  warnings.warn(
Epoch  30 | lr=1.33e-05 | loss=0.3824 | train_c_index=0.9918 | val_c_index=0.5769 | val_HR=1.154 [0.432, 3.081] | val_logrank_p=0.7747 | val_AUC_mean=0.5952 (auc_365d=0.5987 auc_730d=0.6112 auc_1095d=0.5757)

=== Internal Test (best checkpoint epoch 5) ===
test_c_index=0.6405 | test_HR=1.829 [0.656, 5.102] | test_logrank_p=0.2421 | test_AUC_mean=0.6129 (auc_365d=0.7341 auc_730d=0.6088 auc_1095d=0.4958)
  -> fold predictions saved: D:\wonse\Documents\Job\urban_datalab\PATH-ViT\.logs\kfold_preds\tcga_M6_INT1500_FOLD4OF5_seed84_fold4of5.csv
wandb: updating run metadata
wandb: updating run metadata; uploading history steps 21-29, summary, console lines 37-72
wandb: uploading history steps 21-29, summary, console lines 37-72
wandb: uploading data
wandb: 
wandb: Run history:
wandb:              train/c_index ▁▃▅▆▆▆▆▆▆▆▇▇▇▇▇▇▇█▇███████████
wandb:                 train/loss █▅▄▄▃▃▃▃▂▂▂▂▂▂▂▂▂▂▁▂▁▁▂▁▁▂▁▂▁▁
wandb:                   train/lr ▃▆██████▇▇▇▇▆▆▅▅▅▄▄▃▃▃▂▂▂▂▁▁▁▁
wandb:   val_performance/auc_mean ▄▇▆▄▇█▁▃▆▄▂▂▄▂▁▃▁▃▄▄▃▃▂▂▂▂▂▂▂▂
wandb:    val_performance/c_index ▆█▆▄██▁▃▄▃▂▂▄▃▂▃▁▃▅▃▃▃▂▂▂▂▂▂▂▂
wandb:         val_performance/hr ▃█▃▂▅▃▂▂▃▂▁▁▂▁▁▁▁▂▁▁▁▁▁▁▁▁▂▁▁▁
wandb: val_performance/log_rank_p ▁▁▁▂▁▁▃▃▁▃█▆▄▆▇▆▇▃▆▆▇▇▇▇██▃███
wandb: 
wandb: Run summary:
wandb:               best_epoch 5
wandb:         best_val_c_index 0.73397
wandb:            test_auc_mean 0.61292
wandb:             test_c_index 0.6405
wandb:                  test_hr 1.82893
wandb:          test_log_rank_p 0.24206
wandb:            train/c_index 0.9918
wandb:               train/loss 0.38237
wandb:                 train/lr 1e-05
wandb: val_performance/auc_mean 0.59517
wandb:                       +3 ...
wandb: 
wandb:  View run TCGA_M6_INT1500_FOLD4OF5_seed84_0816::1720 at: https://wandb.ai/justin212553/Path-ViT/runs/5ofpzs7p
wandb:  View project at: https://wandb.ai/justin212553/Path-ViT
wandb: Synced 5 W&B file(s), 0 media file(s), 0 artifact file(s) and 0 other file(s)
wandb: Find logs at: .\.wandb\run-20260816_172057-5ofpzs7p\logs

=== External Test (cptac 전체 코호트) ===
external_c_index=0.6025 | external_HR=1.585 [1.095, 2.294] | external_logrank_p=0.0136 | external_AUC_mean=0.6415 (auc_365d=0.6336 auc_730d=0.6721 auc_1095d=0.6189)
wandb: setting up run u19xk9e9
wandb: Tracking run with wandb version 0.28.0
wandb: Run data is saved locally in D:\wonse\Documents\Job\urban_datalab\PATH-ViT\.wandb\run-20260816_172211-u19xk9e9
wandb: Run `wandb offline` to turn off syncing.
wandb: Syncing run TCGA_XM6_INT1500_FOLD4OF5_seed84_0816::1720
wandb:  View project at https://wandb.ai/justin212553/Path-ViT
wandb:  View run at https://wandb.ai/justin212553/Path-ViT/runs/u19xk9e9
wandb: updating run metadata; uploading summary
wandb: uploading requirements.txt; uploading config.yaml
wandb: 
wandb: Run history:
wandb:   external/auc_mean ▁
wandb:    external/c_index ▁
wandb:         external/hr ▁
wandb: external/log_rank_p ▁
wandb: 
wandb: Run summary:
wandb:   external/auc_mean 0.64151
wandb:    external/c_index 0.60249
wandb:         external/hr 1.58458
wandb: external/log_rank_p 0.01365
wandb: 
wandb:  View run TCGA_XM6_INT1500_FOLD4OF5_seed84_0816::1720 at: https://wandb.ai/justin212553/Path-ViT/runs/u19xk9e9
wandb:  View project at: https://wandb.ai/justin212553/Path-ViT
wandb: Synced 4 W&B file(s), 0 media file(s), 0 artifact file(s) and 0 other file(s)
wandb: Find logs at: .\.wandb\run-20260816_172211-u19xk9e9\logs
=== FINAL M6 seed=84 fold=4/5 Complete: Sun Aug 16 17:22:13     2026 ===
=== FINAL M6 seed=126 fold=0/5 Start: Sun Aug 16 17:22:13     2026 ===
wandb: [wandb.login()] Loaded credentials for https://api.wandb.ai from C:\Users\wonse\_netrc.
wandb: Currently logged in as: justin212553 to https://api.wandb.ai. Use `wandb login --relogin` to force relogin
wandb: setting up run gbcmdpa1
wandb: Tracking run with wandb version 0.28.0
wandb: Run data is saved locally in D:\wonse\Documents\Job\urban_datalab\PATH-ViT\.wandb\run-20260816_172221-gbcmdpa1
wandb: Run `wandb offline` to turn off syncing.
wandb: Syncing run TCGA_M6_INT1500_FOLD0OF5_seed126_0816::1722
wandb:  View project at https://wandb.ai/justin212553/Path-ViT
wandb:  View run at https://wandb.ai/justin212553/Path-ViT/runs/gbcmdpa1
Model: M6_INT1500_FOLD0OF5 (RNAOnly) | params=401,409
Dataset: tcga  (5-fold CV, fold 0)  Train: 90  Val: 31  Test(internal): 31 patients
lr=1.0e-03 | weight_decay=1.0e-02 | epochs=30 | cox_batch_size=16
Epoch   1 | lr=3.33e-04 | loss=1.9898 | train_c_index=0.7979 | val_c_index=0.7346 | val_HR=3.506 [1.215, 10.119] | val_logrank_p=0.0147 | val_AUC_mean=0.7676 (auc_365d=0.9242 auc_730d=0.6746 auc_1095d=0.7039)
  -> checkpoint saved (c_index=0.7346)
Epoch   2 | lr=6.67e-04 | loss=1.5142 | train_c_index=0.8805 | val_c_index=0.6615 | val_HR=1.100 [0.423, 2.862] | val_logrank_p=0.8454 | val_AUC_mean=0.7263 (auc_365d=0.8774 auc_730d=0.6329 auc_1095d=0.6686)
Epoch   3 | lr=1.00e-03 | loss=1.3645 | train_c_index=0.9150 | val_c_index=0.6154 | val_HR=0.944 [0.361, 2.469] | val_logrank_p=0.9063 | val_AUC_mean=0.6389 (auc_365d=0.8618 auc_730d=0.4595 auc_1095d=0.5954)
Epoch   4 | lr=1.00e-03 | loss=1.1045 | train_c_index=0.9350 | val_c_index=0.7154 | val_HR=2.367 [0.887, 6.316] | val_logrank_p=0.0767 | val_AUC_mean=0.6870 (auc_365d=0.9368 auc_730d=0.5512 auc_1095d=0.5729)
Epoch   5 | lr=9.97e-04 | loss=0.9359 | train_c_index=0.9387 | val_c_index=0.6385 | val_HR=2.041 [0.761, 5.470] | val_logrank_p=0.1485 | val_AUC_mean=0.7290 (auc_365d=0.9087 auc_730d=0.5313 auc_1095d=0.7469)
Epoch   6 | lr=9.87e-04 | loss=0.9009 | train_c_index=0.9507 | val_c_index=0.6692 | val_HR=2.385 [0.849, 6.700] | val_logrank_p=0.0898 | val_AUC_mean=0.7878 (auc_365d=0.9163 auc_730d=0.5655 auc_1095d=0.8816)
Epoch   7 | lr=9.70e-04 | loss=0.7875 | train_c_index=0.9455 | val_c_index=0.6077 | val_HR=1.255 [0.480, 3.282] | val_logrank_p=0.6422 | val_AUC_mean=0.7054 (auc_365d=0.9163 auc_730d=0.5549 auc_1095d=0.6450)
Epoch   8 | lr=9.47e-04 | loss=0.7260 | train_c_index=0.9667 | val_c_index=0.5962 | val_HR=1.330 [0.509, 3.479] | val_logrank_p=0.5594 | val_AUC_mean=0.6720 (auc_365d=0.9253 auc_730d=0.4869 auc_1095d=0.6037)
Epoch   9 | lr=9.19e-04 | loss=0.6092 | train_c_index=0.9619 | val_c_index=0.5885 | val_HR=1.061 [0.407, 2.765] | val_logrank_p=0.9027 | val_AUC_mean=0.6229 (auc_365d=0.8892 auc_730d=0.4222 auc_1095d=0.5572)
Epoch  10 | lr=8.84e-04 | loss=0.6299 | train_c_index=0.9679 | val_c_index=0.5808 | val_HR=1.090 [0.418, 2.845] | val_logrank_p=0.8594 | val_AUC_mean=0.6486 (auc_365d=0.9343 auc_730d=0.4410 auc_1095d=0.5706)
Epoch  11 | lr=8.45e-04 | loss=0.5754 | train_c_index=0.9615 | val_c_index=0.6192 | val_HR=1.169 [0.447, 3.059] | val_logrank_p=0.7503 | val_AUC_mean=0.6956 (auc_365d=0.9343 auc_730d=0.5156 auc_1095d=0.6369)
Epoch  12 | lr=8.01e-04 | loss=0.6537 | train_c_index=0.9639 | val_c_index=0.5962 | val_HR=1.610 [0.610, 4.252] | val_logrank_p=0.3324 | val_AUC_mean=0.6429 (auc_365d=0.9073 auc_730d=0.4642 auc_1095d=0.5572)
Epoch  13 | lr=7.52e-04 | loss=0.5955 | train_c_index=0.9703 | val_c_index=0.6077 | val_HR=1.342 [0.514, 3.503] | val_logrank_p=0.5465 | val_AUC_mean=0.6317 (auc_365d=0.8802 auc_730d=0.4577 auc_1095d=0.5572)
Epoch  14 | lr=7.01e-04 | loss=0.5585 | train_c_index=0.9715 | val_c_index=0.6115 | val_HR=1.179 [0.452, 3.077] | val_logrank_p=0.7356 | val_AUC_mean=0.6220 (auc_365d=0.8520 auc_730d=0.4569 auc_1095d=0.5572)
Epoch  15 | lr=6.47e-04 | loss=0.5246 | train_c_index=0.9719 | val_c_index=0.6077 | val_HR=0.987 [0.377, 2.579] | val_logrank_p=0.9779 | val_AUC_mean=0.6507 (auc_365d=0.9166 auc_730d=0.4649 auc_1095d=0.5706)
Epoch  16 | lr=5.91e-04 | loss=0.6408 | train_c_index=0.9711 | val_c_index=0.6154 | val_HR=1.307 [0.494, 3.456] | val_logrank_p=0.5891 | val_AUC_mean=0.6905 (auc_365d=0.9448 auc_730d=0.5064 auc_1095d=0.6203)
Epoch  17 | lr=5.34e-04 | loss=0.5856 | train_c_index=0.9731 | val_c_index=0.5846 | val_HR=1.090 [0.418, 2.845] | val_logrank_p=0.8594 | val_AUC_mean=0.6322 (auc_365d=0.9448 auc_730d=0.3978 auc_1095d=0.5539)
Epoch  18 | lr=4.76e-04 | loss=0.5558 | train_c_index=0.9767 | val_c_index=0.5846 | val_HR=1.090 [0.418, 2.845] | val_logrank_p=0.8594 | val_AUC_mean=0.6223 (auc_365d=0.9177 auc_730d=0.3920 auc_1095d=0.5572)
Epoch  19 | lr=4.19e-04 | loss=0.5134 | train_c_index=0.9804 | val_c_index=0.5846 | val_HR=1.090 [0.418, 2.845] | val_logrank_p=0.8594 | val_AUC_mean=0.6452 (auc_365d=0.9177 auc_730d=0.3782 auc_1095d=0.6398)
Epoch  20 | lr=3.63e-04 | loss=0.4854 | train_c_index=0.9812 | val_c_index=0.6000 | val_HR=1.385 [0.531, 3.615] | val_logrank_p=0.5040 | val_AUC_mean=0.7094 (auc_365d=0.9267 auc_730d=0.4260 auc_1095d=0.7754)
Epoch  21 | lr=3.09e-04 | loss=0.5530 | train_c_index=0.9844 | val_c_index=0.6000 | val_HR=1.025 [0.393, 2.677] | val_logrank_p=0.9595 | val_AUC_mean=0.6985 (auc_365d=0.9177 auc_730d=0.4115 auc_1095d=0.7663)
Epoch  22 | lr=2.58e-04 | loss=0.4620 | train_c_index=0.9844 | val_c_index=0.5654 | val_HR=1.070 [0.410, 2.789] | val_logrank_p=0.8904 | val_AUC_mean=0.6231 (auc_365d=0.8791 auc_730d=0.3636 auc_1095d=0.6265)
Epoch  23 | lr=2.09e-04 | loss=0.4411 | train_c_index=0.9868 | val_c_index=0.5577 | val_HR=1.133 [0.435, 2.954] | val_logrank_p=0.7979 | val_AUC_mean=0.6231 (auc_365d=0.8791 auc_730d=0.3636 auc_1095d=0.6265)
Epoch  24 | lr=1.65e-04 | loss=0.4190 | train_c_index=0.9880 | val_c_index=0.5962 | val_HR=1.133 [0.435, 2.954] | val_logrank_p=0.7979 | val_AUC_mean=0.6560 (auc_365d=0.9177 auc_730d=0.4104 auc_1095d=0.6398)
C:\Users\wonse\anaconda3\envs\PathViT-ray\Lib\site-packages\lifelines\fitters\coxph_fitter.py:1607: ConvergenceWarning: Newton-Raphson convergence completed successfully but norm(delta) is still high, 0.503. This may imply non-unique solutions to the maximum likelihood. Perhaps there is collinearity or complete separation in the dataset?

  warnings.warn(
Epoch  25 | lr=1.26e-04 | loss=0.3991 | train_c_index=0.9864 | val_c_index=0.5962 | val_HR=1.133 [0.435, 2.954] | val_logrank_p=0.7979 | val_AUC_mean=0.6560 (auc_365d=0.9177 auc_730d=0.4104 auc_1095d=0.6398)
C:\Users\wonse\anaconda3\envs\PathViT-ray\Lib\site-packages\lifelines\fitters\coxph_fitter.py:1607: ConvergenceWarning: Newton-Raphson convergence completed successfully but norm(delta) is still high, 0.503. This may imply non-unique solutions to the maximum likelihood. Perhaps there is collinearity or complete separation in the dataset?

  warnings.warn(
Epoch  26 | lr=9.14e-05 | loss=0.4895 | train_c_index=0.9864 | val_c_index=0.5962 | val_HR=1.133 [0.435, 2.954] | val_logrank_p=0.7979 | val_AUC_mean=0.6560 (auc_365d=0.9177 auc_730d=0.4104 auc_1095d=0.6398)
C:\Users\wonse\anaconda3\envs\PathViT-ray\Lib\site-packages\lifelines\fitters\coxph_fitter.py:1607: ConvergenceWarning: Newton-Raphson convergence completed successfully but norm(delta) is still high, 0.503. This may imply non-unique solutions to the maximum likelihood. Perhaps there is collinearity or complete separation in the dataset?

  warnings.warn(
Epoch  27 | lr=6.27e-05 | loss=0.4148 | train_c_index=0.9872 | val_c_index=0.5923 | val_HR=1.133 [0.435, 2.954] | val_logrank_p=0.7979 | val_AUC_mean=0.6509 (auc_365d=0.9177 auc_730d=0.3951 auc_1095d=0.6398)
C:\Users\wonse\anaconda3\envs\PathViT-ray\Lib\site-packages\lifelines\fitters\coxph_fitter.py:1607: ConvergenceWarning: Newton-Raphson convergence completed successfully but norm(delta) is still high, 0.503. This may imply non-unique solutions to the maximum likelihood. Perhaps there is collinearity or complete separation in the dataset?

  warnings.warn(
Epoch  28 | lr=3.99e-05 | loss=0.3807 | train_c_index=0.9880 | val_c_index=0.5923 | val_HR=1.133 [0.435, 2.954] | val_logrank_p=0.7979 | val_AUC_mean=0.6509 (auc_365d=0.9177 auc_730d=0.3951 auc_1095d=0.6398)
C:\Users\wonse\anaconda3\envs\PathViT-ray\Lib\site-packages\lifelines\fitters\coxph_fitter.py:1607: ConvergenceWarning: Newton-Raphson convergence completed successfully but norm(delta) is still high, 0.503. This may imply non-unique solutions to the maximum likelihood. Perhaps there is collinearity or complete separation in the dataset?

  warnings.warn(
Epoch  29 | lr=2.33e-05 | loss=0.4737 | train_c_index=0.9884 | val_c_index=0.5962 | val_HR=1.133 [0.435, 2.954] | val_logrank_p=0.7979 | val_AUC_mean=0.6670 (auc_365d=0.9177 auc_730d=0.4104 auc_1095d=0.6730)
C:\Users\wonse\anaconda3\envs\PathViT-ray\Lib\site-packages\lifelines\fitters\coxph_fitter.py:1607: ConvergenceWarning: Newton-Raphson convergence completed successfully but norm(delta) is still high, 0.503. This may imply non-unique solutions to the maximum likelihood. Perhaps there is collinearity or complete separation in the dataset?

  warnings.warn(
Epoch  30 | lr=1.33e-05 | loss=0.4074 | train_c_index=0.9896 | val_c_index=0.5962 | val_HR=1.133 [0.435, 2.954] | val_logrank_p=0.7979 | val_AUC_mean=0.6670 (auc_365d=0.9177 auc_730d=0.4104 auc_1095d=0.6730)

=== Internal Test (best checkpoint epoch 1) ===
test_c_index=0.8084 | test_HR=4.112 [1.316, 12.850] | test_logrank_p=0.0085 | test_AUC_mean=0.8845 (auc_365d=0.9688 auc_730d=0.7507 auc_1095d=0.9339)
  -> fold predictions saved: D:\wonse\Documents\Job\urban_datalab\PATH-ViT\.logs\kfold_preds\tcga_M6_INT1500_FOLD0OF5_seed126_fold0of5.csv
wandb: updating run metadata
wandb: uploading output.log; uploading wandb-summary.json; uploading config.yaml
wandb: uploading output.log; uploading wandb-summary.json; uploading config.yaml; uploading history steps 22-29, summary, console lines 27-55
wandb: uploading history steps 22-29, summary, console lines 27-55
wandb: 
wandb: Run history:
wandb:              train/c_index ▁▄▅▆▆▇▆▇▇▇▇▇▇▇▇▇▇█████████████
wandb:                 train/loss █▆▅▄▃▃▃▃▂▂▂▂▂▂▂▂▂▂▂▁▂▁▁▁▁▁▁▁▁▁
wandb:                   train/lr ▃▆██████▇▇▇▇▆▆▅▅▅▄▄▃▃▃▂▂▂▂▁▁▁▁
wandb:   val_performance/auc_mean ▇▅▂▄▆█▅▃▁▂▄▂▁▁▂▄▁▁▂▅▄▁▁▂▂▂▂▂▃▃
wandb:    val_performance/c_index █▅▃▇▄▅▃▃▂▂▃▃▃▃▃▃▂▂▂▃▃▁▁▃▃▃▂▂▃▃
wandb:         val_performance/hr █▁▁▅▄▅▂▂▁▁▂▃▂▂▁▂▁▁▁▂▁▁▂▂▂▂▂▂▂▂
wandb: val_performance/log_rank_p ▁▇▇▁▂▂▆▅▇▇▆▃▅▆█▅▇▇▇▅█▇▇▇▇▇▇▇▇▇
wandb: 
wandb: Run summary:
wandb:               best_epoch 1
wandb:         best_val_c_index 0.73462
wandb:            test_auc_mean 0.88446
wandb:             test_c_index 0.80843
wandb:                  test_hr 4.11227
wandb:          test_log_rank_p 0.00852
wandb:            train/c_index 0.98957
wandb:               train/loss 0.40742
wandb:                 train/lr 1e-05
wandb: val_performance/auc_mean 0.66702
wandb:                       +3 ...
wandb: 
wandb:  View run TCGA_M6_INT1500_FOLD0OF5_seed126_0816::1722 at: https://wandb.ai/justin212553/Path-ViT/runs/gbcmdpa1
wandb:  View project at: https://wandb.ai/justin212553/Path-ViT
wandb: Synced 5 W&B file(s), 0 media file(s), 0 artifact file(s) and 0 other file(s)
wandb: Find logs at: .\.wandb\run-20260816_172221-gbcmdpa1\logs

=== External Test (cptac 전체 코호트) ===
external_c_index=0.6118 | external_HR=1.785 [1.232, 2.587] | external_logrank_p=0.0018 | external_AUC_mean=0.6392 (auc_365d=0.6578 auc_730d=0.6560 auc_1095d=0.6040)
wandb: setting up run ifyatz2o
wandb: Tracking run with wandb version 0.28.0
wandb: Run data is saved locally in D:\wonse\Documents\Job\urban_datalab\PATH-ViT\.wandb\run-20260816_172315-ifyatz2o
wandb: Run `wandb offline` to turn off syncing.
wandb: Syncing run TCGA_XM6_INT1500_FOLD0OF5_seed126_0816::1722
wandb:  View project at https://wandb.ai/justin212553/Path-ViT
wandb:  View run at https://wandb.ai/justin212553/Path-ViT/runs/ifyatz2o
wandb: updating run metadata; uploading summary
wandb: uploading wandb-metadata.json; uploading requirements.txt; uploading wandb-summary.json
wandb: 
wandb: Run history:
wandb:   external/auc_mean ▁
wandb:    external/c_index ▁
wandb:         external/hr ▁
wandb: external/log_rank_p ▁
wandb: 
wandb: Run summary:
wandb:   external/auc_mean 0.63925
wandb:    external/c_index 0.61182
wandb:         external/hr 1.78535
wandb: external/log_rank_p 0.00184
wandb: 
wandb:  View run TCGA_XM6_INT1500_FOLD0OF5_seed126_0816::1722 at: https://wandb.ai/justin212553/Path-ViT/runs/ifyatz2o
wandb:  View project at: https://wandb.ai/justin212553/Path-ViT
wandb: Synced 4 W&B file(s), 0 media file(s), 0 artifact file(s) and 0 other file(s)
wandb: Find logs at: .\.wandb\run-20260816_172315-ifyatz2o\logs
=== FINAL M6 seed=126 fold=0/5 Complete: Sun Aug 16 17:23:17     2026 ===
=== FINAL M6 seed=126 fold=1/5 Start: Sun Aug 16 17:23:17     2026 ===
wandb: [wandb.login()] Loaded credentials for https://api.wandb.ai from C:\Users\wonse\_netrc.
wandb: Currently logged in as: justin212553 to https://api.wandb.ai. Use `wandb login --relogin` to force relogin
wandb: setting up run y6rizhip
wandb: Tracking run with wandb version 0.28.0
wandb: Run data is saved locally in D:\wonse\Documents\Job\urban_datalab\PATH-ViT\.wandb\run-20260816_172326-y6rizhip
wandb: Run `wandb offline` to turn off syncing.
wandb: Syncing run TCGA_M6_INT1500_FOLD1OF5_seed126_0816::1723
wandb:  View project at https://wandb.ai/justin212553/Path-ViT
wandb:  View run at https://wandb.ai/justin212553/Path-ViT/runs/y6rizhip
Model: M6_INT1500_FOLD1OF5 (RNAOnly) | params=401,409
Dataset: tcga  (5-fold CV, fold 1)  Train: 91  Val: 31  Test(internal): 30 patients
lr=1.0e-03 | weight_decay=1.0e-02 | epochs=30 | cox_batch_size=16
Epoch   1 | lr=3.33e-04 | loss=2.1972 | train_c_index=0.7996 | val_c_index=0.7769 | val_HR=5.490 [1.743, 17.295] | val_logrank_p=0.0012 | val_AUC_mean=0.8459 (auc_365d=0.9172 auc_730d=0.7295 auc_1095d=0.8909)
  -> checkpoint saved (c_index=0.7769)
Epoch   2 | lr=6.67e-04 | loss=1.4475 | train_c_index=0.8805 | val_c_index=0.7410 | val_HR=2.233 [0.808, 6.174] | val_logrank_p=0.1114 | val_AUC_mean=0.7764 (auc_365d=0.9010 auc_730d=0.6813 auc_1095d=0.7470)
Epoch   3 | lr=1.00e-03 | loss=1.1558 | train_c_index=0.9288 | val_c_index=0.7450 | val_HR=3.275 [1.112, 9.644] | val_logrank_p=0.0229 | val_AUC_mean=0.8199 (auc_365d=0.8940 auc_730d=0.7257 auc_1095d=0.8400)
Epoch   4 | lr=1.00e-03 | loss=1.0708 | train_c_index=0.9324 | val_c_index=0.7371 | val_HR=2.928 [0.991, 8.651] | val_logrank_p=0.0419 | val_AUC_mean=0.8106 (auc_365d=0.8862 auc_730d=0.6805 auc_1095d=0.8651)
Epoch   5 | lr=9.97e-04 | loss=0.9457 | train_c_index=0.9437 | val_c_index=0.7211 | val_HR=3.120 [1.059, 9.197] | val_logrank_p=0.0300 | val_AUC_mean=0.7977 (auc_365d=0.8150 auc_730d=0.7131 auc_1095d=0.8651)
C:\Users\wonse\anaconda3\envs\PathViT-ray\Lib\site-packages\lifelines\fitters\coxph_fitter.py:1607: ConvergenceWarning: Newton-Raphson convergence completed successfully but norm(delta) is still high, 0.503. This may imply non-unique solutions to the maximum likelihood. Perhaps there is collinearity or complete separation in the dataset?

  warnings.warn(
Epoch   6 | lr=9.87e-04 | loss=0.7903 | train_c_index=0.9626 | val_c_index=0.6853 | val_HR=3.120 [1.059, 9.197] | val_logrank_p=0.0300 | val_AUC_mean=0.7775 (auc_365d=0.7554 auc_730d=0.7300 auc_1095d=0.8470)
Epoch   7 | lr=9.70e-04 | loss=0.7591 | train_c_index=0.9577 | val_c_index=0.6813 | val_HR=2.765 [0.983, 7.777] | val_logrank_p=0.0448 | val_AUC_mean=0.7239 (auc_365d=0.7609 auc_730d=0.6450 auc_1095d=0.7659)
Epoch   8 | lr=9.47e-04 | loss=0.6278 | train_c_index=0.9638 | val_c_index=0.6494 | val_HR=1.810 [0.656, 4.994] | val_logrank_p=0.2433 | val_AUC_mean=0.6976 (auc_365d=0.7624 auc_730d=0.5818 auc_1095d=0.7486)
Epoch   9 | lr=9.19e-04 | loss=0.7607 | train_c_index=0.9626 | val_c_index=0.6574 | val_HR=2.651 [0.917, 7.662] | val_logrank_p=0.0627 | val_AUC_mean=0.7248 (auc_365d=0.7454 auc_730d=0.6118 auc_1095d=0.8172)
Epoch  10 | lr=8.84e-04 | loss=0.6096 | train_c_index=0.9610 | val_c_index=0.7171 | val_HR=4.909 [1.547, 15.575] | val_logrank_p=0.0032 | val_AUC_mean=0.8202 (auc_365d=0.7887 auc_730d=0.7183 auc_1095d=0.9536)
Epoch  11 | lr=8.45e-04 | loss=0.5761 | train_c_index=0.9634 | val_c_index=0.7211 | val_HR=5.335 [1.689, 16.855] | val_logrank_p=0.0016 | val_AUC_mean=0.7758 (auc_365d=0.7965 auc_730d=0.6658 auc_1095d=0.8651)
Epoch  12 | lr=8.01e-04 | loss=0.5886 | train_c_index=0.9646 | val_c_index=0.6853 | val_HR=2.413 [0.836, 6.962] | val_logrank_p=0.0948 | val_AUC_mean=0.7006 (auc_365d=0.7694 auc_730d=0.6036 auc_1095d=0.7289)
Epoch  13 | lr=7.52e-04 | loss=0.6411 | train_c_index=0.9678 | val_c_index=0.6773 | val_HR=1.433 [0.515, 3.985] | val_logrank_p=0.4877 | val_AUC_mean=0.7041 (auc_365d=0.8065 auc_730d=0.5571 auc_1095d=0.7486)
Epoch  14 | lr=7.01e-04 | loss=0.5997 | train_c_index=0.9654 | val_c_index=0.7171 | val_HR=4.799 [1.520, 15.156] | val_logrank_p=0.0035 | val_AUC_mean=0.7879 (auc_365d=0.8398 auc_730d=0.6588 auc_1095d=0.8651)
Epoch  15 | lr=6.47e-04 | loss=0.7084 | train_c_index=0.9626 | val_c_index=0.7211 | val_HR=4.799 [1.520, 15.156] | val_logrank_p=0.0035 | val_AUC_mean=0.7879 (auc_365d=0.8398 auc_730d=0.6588 auc_1095d=0.8651)
Epoch  16 | lr=5.91e-04 | loss=0.5544 | train_c_index=0.9775 | val_c_index=0.6892 | val_HR=2.613 [0.905, 7.547] | val_logrank_p=0.0649 | val_AUC_mean=0.7292 (auc_365d=0.8135 auc_730d=0.5641 auc_1095d=0.8101)
C:\Users\wonse\anaconda3\envs\PathViT-ray\Lib\site-packages\lifelines\fitters\coxph_fitter.py:1607: ConvergenceWarning: Newton-Raphson convergence completed successfully but norm(delta) is still high, 0.503. This may imply non-unique solutions to the maximum likelihood. Perhaps there is collinearity or complete separation in the dataset?

  warnings.warn(
Epoch  17 | lr=5.34e-04 | loss=0.4984 | train_c_index=0.9746 | val_c_index=0.6813 | val_HR=2.613 [0.905, 7.547] | val_logrank_p=0.0649 | val_AUC_mean=0.7329 (auc_365d=0.7879 auc_730d=0.5956 auc_1095d=0.8153)
C:\Users\wonse\anaconda3\envs\PathViT-ray\Lib\site-packages\lifelines\fitters\coxph_fitter.py:1607: ConvergenceWarning: Newton-Raphson convergence completed successfully but norm(delta) is still high, 0.503. This may imply non-unique solutions to the maximum likelihood. Perhaps there is collinearity or complete separation in the dataset?

  warnings.warn(
Epoch  18 | lr=4.76e-04 | loss=0.5259 | train_c_index=0.9738 | val_c_index=0.6534 | val_HR=2.613 [0.905, 7.547] | val_logrank_p=0.0649 | val_AUC_mean=0.7242 (auc_365d=0.7175 auc_730d=0.6399 auc_1095d=0.8153)
C:\Users\wonse\anaconda3\envs\PathViT-ray\Lib\site-packages\lifelines\fitters\coxph_fitter.py:1607: ConvergenceWarning: Newton-Raphson convergence completed successfully but norm(delta) is still high, 0.503. This may imply non-unique solutions to the maximum likelihood. Perhaps there is collinearity or complete separation in the dataset?

  warnings.warn(
Epoch  19 | lr=4.19e-04 | loss=0.4375 | train_c_index=0.9807 | val_c_index=0.6653 | val_HR=4.669 [1.477, 14.761] | val_logrank_p=0.0041 | val_AUC_mean=0.7723 (auc_365d=0.7523 auc_730d=0.7014 auc_1095d=0.8632)
C:\Users\wonse\anaconda3\envs\PathViT-ray\Lib\site-packages\lifelines\fitters\coxph_fitter.py:1607: ConvergenceWarning: Newton-Raphson convergence completed successfully but norm(delta) is still high, 0.503. This may imply non-unique solutions to the maximum likelihood. Perhaps there is collinearity or complete separation in the dataset?

  warnings.warn(
Epoch  20 | lr=3.63e-04 | loss=0.5964 | train_c_index=0.9807 | val_c_index=0.6534 | val_HR=4.669 [1.477, 14.761] | val_logrank_p=0.0041 | val_AUC_mean=0.7638 (auc_365d=0.7268 auc_730d=0.7014 auc_1095d=0.8632)
C:\Users\wonse\anaconda3\envs\PathViT-ray\Lib\site-packages\lifelines\fitters\coxph_fitter.py:1607: ConvergenceWarning: Newton-Raphson convergence completed successfully but norm(delta) is still high, 0.503. This may imply non-unique solutions to the maximum likelihood. Perhaps there is collinearity or complete separation in the dataset?

  warnings.warn(
Epoch  21 | lr=3.09e-04 | loss=0.5630 | train_c_index=0.9839 | val_c_index=0.6574 | val_HR=4.669 [1.477, 14.761] | val_logrank_p=0.0041 | val_AUC_mean=0.7618 (auc_365d=0.7539 auc_730d=0.6683 auc_1095d=0.8632)
C:\Users\wonse\anaconda3\envs\PathViT-ray\Lib\site-packages\lifelines\fitters\coxph_fitter.py:1607: ConvergenceWarning: Newton-Raphson convergence completed successfully but norm(delta) is still high, 0.503. This may imply non-unique solutions to the maximum likelihood. Perhaps there is collinearity or complete separation in the dataset?

  warnings.warn(
Epoch  22 | lr=2.58e-04 | loss=0.4967 | train_c_index=0.9855 | val_c_index=0.6534 | val_HR=4.669 [1.477, 14.761] | val_logrank_p=0.0041 | val_AUC_mean=0.7618 (auc_365d=0.7539 auc_730d=0.6683 auc_1095d=0.8632)
C:\Users\wonse\anaconda3\envs\PathViT-ray\Lib\site-packages\lifelines\fitters\coxph_fitter.py:1607: ConvergenceWarning: Newton-Raphson convergence completed successfully but norm(delta) is still high, 0.503. This may imply non-unique solutions to the maximum likelihood. Perhaps there is collinearity or complete separation in the dataset?

  warnings.warn(
Epoch  23 | lr=2.09e-04 | loss=0.4680 | train_c_index=0.9891 | val_c_index=0.6653 | val_HR=4.669 [1.477, 14.761] | val_logrank_p=0.0041 | val_AUC_mean=0.7780 (auc_365d=0.7624 auc_730d=0.6832 auc_1095d=0.8883)
C:\Users\wonse\anaconda3\envs\PathViT-ray\Lib\site-packages\lifelines\fitters\coxph_fitter.py:1607: ConvergenceWarning: Newton-Raphson convergence completed successfully but norm(delta) is still high, 0.503. This may imply non-unique solutions to the maximum likelihood. Perhaps there is collinearity or complete separation in the dataset?

  warnings.warn(
Epoch  24 | lr=1.65e-04 | loss=0.4216 | train_c_index=0.9911 | val_c_index=0.6494 | val_HR=3.120 [1.059, 9.197] | val_logrank_p=0.0300 | val_AUC_mean=0.7466 (auc_365d=0.7454 auc_730d=0.6546 auc_1095d=0.8400)
C:\Users\wonse\anaconda3\envs\PathViT-ray\Lib\site-packages\lifelines\fitters\coxph_fitter.py:1607: ConvergenceWarning: Newton-Raphson convergence completed successfully but norm(delta) is still high, 0.503. This may imply non-unique solutions to the maximum likelihood. Perhaps there is collinearity or complete separation in the dataset?

  warnings.warn(
Epoch  25 | lr=1.26e-04 | loss=0.4333 | train_c_index=0.9915 | val_c_index=0.6454 | val_HR=3.120 [1.059, 9.197] | val_logrank_p=0.0300 | val_AUC_mean=0.7438 (auc_365d=0.7368 auc_730d=0.6546 auc_1095d=0.8400)
C:\Users\wonse\anaconda3\envs\PathViT-ray\Lib\site-packages\lifelines\fitters\coxph_fitter.py:1607: ConvergenceWarning: Newton-Raphson convergence completed successfully but norm(delta) is still high, 0.503. This may imply non-unique solutions to the maximum likelihood. Perhaps there is collinearity or complete separation in the dataset?

  warnings.warn(
Epoch  26 | lr=9.14e-05 | loss=0.4602 | train_c_index=0.9915 | val_c_index=0.6454 | val_HR=3.120 [1.059, 9.197] | val_logrank_p=0.0300 | val_AUC_mean=0.7402 (auc_365d=0.7368 auc_730d=0.6439 auc_1095d=0.8400)
C:\Users\wonse\anaconda3\envs\PathViT-ray\Lib\site-packages\lifelines\fitters\coxph_fitter.py:1607: ConvergenceWarning: Newton-Raphson convergence completed successfully but norm(delta) is still high, 0.503. This may imply non-unique solutions to the maximum likelihood. Perhaps there is collinearity or complete separation in the dataset?

  warnings.warn(
Epoch  27 | lr=6.27e-05 | loss=0.4255 | train_c_index=0.9907 | val_c_index=0.6414 | val_HR=3.120 [1.059, 9.197] | val_logrank_p=0.0300 | val_AUC_mean=0.7402 (auc_365d=0.7368 auc_730d=0.6439 auc_1095d=0.8400)
C:\Users\wonse\anaconda3\envs\PathViT-ray\Lib\site-packages\lifelines\fitters\coxph_fitter.py:1607: ConvergenceWarning: Newton-Raphson convergence completed successfully but norm(delta) is still high, 0.503. This may imply non-unique solutions to the maximum likelihood. Perhaps there is collinearity or complete separation in the dataset?

  warnings.warn(
Epoch  28 | lr=3.99e-05 | loss=0.3775 | train_c_index=0.9915 | val_c_index=0.6414 | val_HR=3.120 [1.059, 9.197] | val_logrank_p=0.0300 | val_AUC_mean=0.7402 (auc_365d=0.7368 auc_730d=0.6439 auc_1095d=0.8400)
C:\Users\wonse\anaconda3\envs\PathViT-ray\Lib\site-packages\lifelines\fitters\coxph_fitter.py:1607: ConvergenceWarning: Newton-Raphson convergence completed successfully but norm(delta) is still high, 0.503. This may imply non-unique solutions to the maximum likelihood. Perhaps there is collinearity or complete separation in the dataset?

  warnings.warn(
Epoch  29 | lr=2.33e-05 | loss=0.4742 | train_c_index=0.9924 | val_c_index=0.6414 | val_HR=3.120 [1.059, 9.197] | val_logrank_p=0.0300 | val_AUC_mean=0.7402 (auc_365d=0.7368 auc_730d=0.6439 auc_1095d=0.8400)
C:\Users\wonse\anaconda3\envs\PathViT-ray\Lib\site-packages\lifelines\fitters\coxph_fitter.py:1607: ConvergenceWarning: Newton-Raphson convergence completed successfully but norm(delta) is still high, 0.503. This may imply non-unique solutions to the maximum likelihood. Perhaps there is collinearity or complete separation in the dataset?

  warnings.warn(
Epoch  30 | lr=1.33e-05 | loss=0.3758 | train_c_index=0.9932 | val_c_index=0.6414 | val_HR=3.120 [1.059, 9.197] | val_logrank_p=0.0300 | val_AUC_mean=0.7402 (auc_365d=0.7368 auc_730d=0.6439 auc_1095d=0.8400)

=== Internal Test (best checkpoint epoch 1) ===
test_c_index=0.6585 | test_HR=1.650 [0.611, 4.454] | test_logrank_p=0.3180 | test_AUC_mean=0.5697 (auc_365d=0.6309 auc_730d=0.5826 auc_1095d=0.4956)
  -> fold predictions saved: D:\wonse\Documents\Job\urban_datalab\PATH-ViT\.logs\kfold_preds\tcga_M6_INT1500_FOLD1OF5_seed126_fold1of5.csv
wandb: updating run metadata
wandb: uploading output.log; uploading wandb-summary.json; uploading config.yaml
wandb: 
wandb: Run history:
wandb:              train/c_index ▁▄▆▆▆▇▇▇▇▇▇▇▇▇▇▇▇▇████████████
wandb:                 train/loss █▅▄▄▃▃▂▂▂▂▂▂▂▂▂▂▁▂▁▂▂▁▁▁▁▁▁▁▁▁
wandb:                   train/lr ▃▆██████▇▇▇▇▆▆▅▅▅▄▄▃▃▃▂▂▂▂▁▁▁▁
wandb:   val_performance/auc_mean █▅▇▆▆▅▂▁▂▇▅▁▁▅▅▂▃▂▅▄▄▄▅▃▃▃▃▃▃▃
wandb:    val_performance/c_index █▆▆▆▅▃▃▁▂▅▅▃▃▅▅▃▃▂▂▂▂▂▂▁▁▁▁▁▁▁
wandb:         val_performance/hr █▂▄▄▄▄▃▂▃▇█▃▁▇▇▃▃▃▇▇▇▇▇▄▄▄▄▄▄▄
wandb: val_performance/log_rank_p ▁▃▁▂▁▁▂▄▂▁▁▂█▁▁▂▂▂▁▁▁▁▁▁▁▁▁▁▁▁
wandb: 
wandb: Run summary:
wandb:               best_epoch 1
wandb:         best_val_c_index 0.77689
wandb:            test_auc_mean 0.56973
wandb:             test_c_index 0.65845
wandb:                  test_hr 1.65005
wandb:          test_log_rank_p 0.31802
wandb:            train/c_index 0.99316
wandb:               train/loss 0.37584
wandb:                 train/lr 1e-05
wandb: val_performance/auc_mean 0.74023
wandb:                       +3 ...
wandb: 
wandb:  View run TCGA_M6_INT1500_FOLD1OF5_seed126_0816::1723 at: https://wandb.ai/justin212553/Path-ViT/runs/y6rizhip
wandb:  View project at: https://wandb.ai/justin212553/Path-ViT
wandb: Synced 5 W&B file(s), 0 media file(s), 0 artifact file(s) and 0 other file(s)
wandb: Find logs at: .\.wandb\run-20260816_172326-y6rizhip\logs

=== External Test (cptac 전체 코호트) ===
external_c_index=0.5818 | external_HR=1.420 [0.983, 2.050] | external_logrank_p=0.0600 | external_AUC_mean=0.6104 (auc_365d=0.6291 auc_730d=0.6230 auc_1095d=0.5791)
wandb: setting up run ewmh23sn
wandb: Tracking run with wandb version 0.28.0
wandb: Run data is saved locally in D:\wonse\Documents\Job\urban_datalab\PATH-ViT\.wandb\run-20260816_172412-ewmh23sn
wandb: Run `wandb offline` to turn off syncing.
wandb: Syncing run TCGA_XM6_INT1500_FOLD1OF5_seed126_0816::1723
wandb:  View project at https://wandb.ai/justin212553/Path-ViT
wandb:  View run at https://wandb.ai/justin212553/Path-ViT/runs/ewmh23sn
wandb: updating run metadata; uploading summary
wandb: uploading requirements.txt; uploading wandb-summary.json; uploading config.yaml; uploading wandb-metadata.json
wandb: 
wandb: Run history:
wandb:   external/auc_mean ▁
wandb:    external/c_index ▁
wandb:         external/hr ▁
wandb: external/log_rank_p ▁
wandb: 
wandb: Run summary:
wandb:   external/auc_mean 0.61041
wandb:    external/c_index 0.58179
wandb:         external/hr 1.41998
wandb: external/log_rank_p 0.06001
wandb: 
wandb:  View run TCGA_XM6_INT1500_FOLD1OF5_seed126_0816::1723 at: https://wandb.ai/justin212553/Path-ViT/runs/ewmh23sn
wandb:  View project at: https://wandb.ai/justin212553/Path-ViT
wandb: Synced 4 W&B file(s), 0 media file(s), 0 artifact file(s) and 0 other file(s)
wandb: Find logs at: .\.wandb\run-20260816_172412-ewmh23sn\logs
=== FINAL M6 seed=126 fold=1/5 Complete: Sun Aug 16 17:24:14     2026 ===
=== FINAL M6 seed=126 fold=2/5 Start: Sun Aug 16 17:24:14     2026 ===
wandb: [wandb.login()] Loaded credentials for https://api.wandb.ai from C:\Users\wonse\_netrc.
wandb: Currently logged in as: justin212553 to https://api.wandb.ai. Use `wandb login --relogin` to force relogin
wandb: setting up run rkf8hbza
wandb: Tracking run with wandb version 0.28.0
wandb: Run data is saved locally in D:\wonse\Documents\Job\urban_datalab\PATH-ViT\.wandb\run-20260816_172422-rkf8hbza
wandb: Run `wandb offline` to turn off syncing.
wandb: Syncing run TCGA_M6_INT1500_FOLD2OF5_seed126_0816::1724
wandb:  View project at https://wandb.ai/justin212553/Path-ViT
wandb:  View run at https://wandb.ai/justin212553/Path-ViT/runs/rkf8hbza
Model: M6_INT1500_FOLD2OF5 (RNAOnly) | params=401,409
Dataset: tcga  (5-fold CV, fold 2)  Train: 92  Val: 31  Test(internal): 29 patients
lr=1.0e-03 | weight_decay=1.0e-02 | epochs=30 | cox_batch_size=16
Epoch   1 | lr=3.33e-04 | loss=1.9439 | train_c_index=0.8124 | val_c_index=0.7029 | val_HR=5.094 [1.607, 16.143] | val_logrank_p=0.0022 | val_AUC_mean=0.8042 (auc_365d=0.7438 auc_730d=0.7969 auc_1095d=0.8718)
  -> checkpoint saved (c_index=0.7029)
Epoch   2 | lr=6.67e-04 | loss=1.6401 | train_c_index=0.8886 | val_c_index=0.6304 | val_HR=2.035 [0.771, 5.371] | val_logrank_p=0.1428 | val_AUC_mean=0.6705 (auc_365d=0.7212 auc_730d=0.6700 auc_1095d=0.6204)
Epoch   3 | lr=1.00e-03 | loss=1.2633 | train_c_index=0.9143 | val_c_index=0.6486 | val_HR=1.640 [0.608, 4.425] | val_logrank_p=0.3231 | val_AUC_mean=0.7810 (auc_365d=0.6715 auc_730d=0.7337 auc_1095d=0.9377)
Epoch   4 | lr=1.00e-03 | loss=1.0269 | train_c_index=0.9392 | val_c_index=0.6413 | val_HR=2.368 [0.871, 6.440] | val_logrank_p=0.0812 | val_AUC_mean=0.7097 (auc_365d=0.6858 auc_730d=0.7066 auc_1095d=0.7367)
Epoch   5 | lr=9.97e-04 | loss=0.8650 | train_c_index=0.9506 | val_c_index=0.5906 | val_HR=1.564 [0.594, 4.117] | val_logrank_p=0.3608 | val_AUC_mean=0.6410 (auc_365d=0.6721 auc_730d=0.6253 auc_1095d=0.6256)
Epoch   6 | lr=9.87e-04 | loss=0.7081 | train_c_index=0.9522 | val_c_index=0.6159 | val_HR=2.184 [0.789, 6.043] | val_logrank_p=0.1224 | val_AUC_mean=0.7066 (auc_365d=0.6572 auc_730d=0.6683 auc_1095d=0.7942)
Epoch   7 | lr=9.70e-04 | loss=0.8118 | train_c_index=0.9609 | val_c_index=0.5978 | val_HR=1.904 [0.720, 5.034] | val_logrank_p=0.1859 | val_AUC_mean=0.6423 (auc_365d=0.6791 auc_730d=0.5979 auc_1095d=0.6499)
Epoch   8 | lr=9.47e-04 | loss=0.6403 | train_c_index=0.9633 | val_c_index=0.5870 | val_HR=1.495 [0.556, 4.024] | val_logrank_p=0.4218 | val_AUC_mean=0.6658 (auc_365d=0.6721 auc_730d=0.5567 auc_1095d=0.7686)
Epoch   9 | lr=9.19e-04 | loss=0.6397 | train_c_index=0.9668 | val_c_index=0.5797 | val_HR=1.376 [0.529, 3.579] | val_logrank_p=0.5108 | val_AUC_mean=0.6314 (auc_365d=0.6647 auc_730d=0.5488 auc_1095d=0.6806)
Epoch  10 | lr=8.84e-04 | loss=0.7087 | train_c_index=0.9660 | val_c_index=0.6232 | val_HR=2.368 [0.871, 6.440] | val_logrank_p=0.0812 | val_AUC_mean=0.6531 (auc_365d=0.6707 auc_730d=0.6389 auc_1095d=0.6499)
Epoch  11 | lr=8.45e-04 | loss=0.6528 | train_c_index=0.9593 | val_c_index=0.6196 | val_HR=2.165 [0.815, 5.751] | val_logrank_p=0.1119 | val_AUC_mean=0.6438 (auc_365d=0.6623 auc_730d=0.6093 auc_1095d=0.6599)
Epoch  12 | lr=8.01e-04 | loss=0.6296 | train_c_index=0.9589 | val_c_index=0.6159 | val_HR=1.680 [0.622, 4.536] | val_logrank_p=0.3000 | val_AUC_mean=0.7002 (auc_365d=0.6635 auc_730d=0.6272 auc_1095d=0.8100)
Epoch  13 | lr=7.52e-04 | loss=0.8271 | train_c_index=0.9483 | val_c_index=0.5978 | val_HR=1.495 [0.556, 4.024] | val_logrank_p=0.4218 | val_AUC_mean=0.7236 (auc_365d=0.6481 auc_730d=0.6050 auc_1095d=0.9177)
Epoch  14 | lr=7.01e-04 | loss=0.8334 | train_c_index=0.9605 | val_c_index=0.5616 | val_HR=0.982 [0.366, 2.638] | val_logrank_p=0.9707 | val_AUC_mean=0.6664 (auc_365d=0.6408 auc_730d=0.5474 auc_1095d=0.8111)
Epoch  15 | lr=6.47e-04 | loss=0.5298 | train_c_index=0.9727 | val_c_index=0.5652 | val_HR=1.237 [0.463, 3.309] | val_logrank_p=0.6707 | val_AUC_mean=0.6405 (auc_365d=0.6635 auc_730d=0.5227 auc_1095d=0.7355)
Epoch  16 | lr=5.91e-04 | loss=0.4638 | train_c_index=0.9787 | val_c_index=0.5725 | val_HR=1.176 [0.450, 3.073] | val_logrank_p=0.7408 | val_AUC_mean=0.6445 (auc_365d=0.6561 auc_730d=0.5376 auc_1095d=0.7399)
Epoch  17 | lr=5.34e-04 | loss=0.5013 | train_c_index=0.9826 | val_c_index=0.5906 | val_HR=1.658 [0.630, 4.364] | val_logrank_p=0.3003 | val_AUC_mean=0.6729 (auc_365d=0.6713 auc_730d=0.5705 auc_1095d=0.7769)
Epoch  18 | lr=4.76e-04 | loss=0.4852 | train_c_index=0.9838 | val_c_index=0.5978 | val_HR=1.658 [0.630, 4.364] | val_logrank_p=0.3003 | val_AUC_mean=0.6788 (auc_365d=0.6641 auc_730d=0.5954 auc_1095d=0.7769)
Epoch  19 | lr=4.19e-04 | loss=0.5412 | train_c_index=0.9850 | val_c_index=0.5797 | val_HR=1.304 [0.502, 3.387] | val_logrank_p=0.5845 | val_AUC_mean=0.6213 (auc_365d=0.6641 auc_730d=0.5604 auc_1095d=0.6395)
C:\Users\wonse\anaconda3\envs\PathViT-ray\Lib\site-packages\lifelines\fitters\coxph_fitter.py:1607: ConvergenceWarning: Newton-Raphson convergence completed successfully but norm(delta) is still high, 0.503. This may imply non-unique solutions to the maximum likelihood. Perhaps there is collinearity or complete separation in the dataset?

  warnings.warn(
Epoch  20 | lr=3.63e-04 | loss=0.5349 | train_c_index=0.9862 | val_c_index=0.5978 | val_HR=1.385 [0.523, 3.665] | val_logrank_p=0.5097 | val_AUC_mean=0.6678 (auc_365d=0.6567 auc_730d=0.5696 auc_1095d=0.7769)
C:\Users\wonse\anaconda3\envs\PathViT-ray\Lib\site-packages\lifelines\fitters\coxph_fitter.py:1607: ConvergenceWarning: Newton-Raphson convergence completed successfully but norm(delta) is still high, 0.503. This may imply non-unique solutions to the maximum likelihood. Perhaps there is collinearity or complete separation in the dataset?

  warnings.warn(
Epoch  21 | lr=3.09e-04 | loss=0.4614 | train_c_index=0.9866 | val_c_index=0.5978 | val_HR=1.900 [0.689, 5.238] | val_logrank_p=0.2061 | val_AUC_mean=0.6792 (auc_365d=0.6488 auc_730d=0.5976 auc_1095d=0.7913)
C:\Users\wonse\anaconda3\envs\PathViT-ray\Lib\site-packages\lifelines\fitters\coxph_fitter.py:1607: ConvergenceWarning: Newton-Raphson convergence completed successfully but norm(delta) is still high, 0.503. This may imply non-unique solutions to the maximum likelihood. Perhaps there is collinearity or complete separation in the dataset?

  warnings.warn(
Epoch  22 | lr=2.58e-04 | loss=0.4335 | train_c_index=0.9862 | val_c_index=0.5978 | val_HR=1.615 [0.614, 4.252] | val_logrank_p=0.3262 | val_AUC_mean=0.6547 (auc_365d=0.6488 auc_730d=0.5976 auc_1095d=0.7176)
C:\Users\wonse\anaconda3\envs\PathViT-ray\Lib\site-packages\lifelines\fitters\coxph_fitter.py:1607: ConvergenceWarning: Newton-Raphson convergence completed successfully but norm(delta) is still high, 0.503. This may imply non-unique solutions to the maximum likelihood. Perhaps there is collinearity or complete separation in the dataset?

  warnings.warn(
Epoch  23 | lr=2.09e-04 | loss=0.4616 | train_c_index=0.9862 | val_c_index=0.5942 | val_HR=1.615 [0.614, 4.252] | val_logrank_p=0.3262 | val_AUC_mean=0.6603 (auc_365d=0.6488 auc_730d=0.6145 auc_1095d=0.7176)
C:\Users\wonse\anaconda3\envs\PathViT-ray\Lib\site-packages\lifelines\fitters\coxph_fitter.py:1607: ConvergenceWarning: Newton-Raphson convergence completed successfully but norm(delta) is still high, 0.503. This may imply non-unique solutions to the maximum likelihood. Perhaps there is collinearity or complete separation in the dataset?

  warnings.warn(
Epoch  24 | lr=1.65e-04 | loss=0.4572 | train_c_index=0.9893 | val_c_index=0.5870 | val_HR=1.615 [0.614, 4.252] | val_logrank_p=0.3262 | val_AUC_mean=0.6529 (auc_365d=0.6488 auc_730d=0.6066 auc_1095d=0.7033)
C:\Users\wonse\anaconda3\envs\PathViT-ray\Lib\site-packages\lifelines\fitters\coxph_fitter.py:1607: ConvergenceWarning: Newton-Raphson convergence completed successfully but norm(delta) is still high, 0.503. This may imply non-unique solutions to the maximum likelihood. Perhaps there is collinearity or complete separation in the dataset?

  warnings.warn(
Epoch  25 | lr=1.26e-04 | loss=0.4230 | train_c_index=0.9909 | val_c_index=0.5870 | val_HR=1.086 [0.416, 2.837] | val_logrank_p=0.8660 | val_AUC_mean=0.6542 (auc_365d=0.6561 auc_730d=0.6033 auc_1095d=0.7033)
C:\Users\wonse\anaconda3\envs\PathViT-ray\Lib\site-packages\lifelines\fitters\coxph_fitter.py:1607: ConvergenceWarning: Newton-Raphson convergence completed successfully but norm(delta) is still high, 0.503. This may imply non-unique solutions to the maximum likelihood. Perhaps there is collinearity or complete separation in the dataset?

  warnings.warn(
Epoch  26 | lr=9.14e-05 | loss=0.3563 | train_c_index=0.9917 | val_c_index=0.5833 | val_HR=1.086 [0.416, 2.837] | val_logrank_p=0.8660 | val_AUC_mean=0.6486 (auc_365d=0.6561 auc_730d=0.5865 auc_1095d=0.7033)
C:\Users\wonse\anaconda3\envs\PathViT-ray\Lib\site-packages\lifelines\fitters\coxph_fitter.py:1607: ConvergenceWarning: Newton-Raphson convergence completed successfully but norm(delta) is still high, 0.503. This may imply non-unique solutions to the maximum likelihood. Perhaps there is collinearity or complete separation in the dataset?

  warnings.warn(
Epoch  27 | lr=6.27e-05 | loss=0.4493 | train_c_index=0.9921 | val_c_index=0.5833 | val_HR=1.086 [0.416, 2.837] | val_logrank_p=0.8660 | val_AUC_mean=0.6486 (auc_365d=0.6561 auc_730d=0.5865 auc_1095d=0.7033)
C:\Users\wonse\anaconda3\envs\PathViT-ray\Lib\site-packages\lifelines\fitters\coxph_fitter.py:1607: ConvergenceWarning: Newton-Raphson convergence completed successfully but norm(delta) is still high, 0.503. This may imply non-unique solutions to the maximum likelihood. Perhaps there is collinearity or complete separation in the dataset?

  warnings.warn(
Epoch  28 | lr=3.99e-05 | loss=0.3857 | train_c_index=0.9925 | val_c_index=0.5797 | val_HR=1.086 [0.416, 2.837] | val_logrank_p=0.8660 | val_AUC_mean=0.6328 (auc_365d=0.6561 auc_730d=0.5696 auc_1095d=0.6726)
C:\Users\wonse\anaconda3\envs\PathViT-ray\Lib\site-packages\lifelines\fitters\coxph_fitter.py:1607: ConvergenceWarning: Newton-Raphson convergence completed successfully but norm(delta) is still high, 0.503. This may imply non-unique solutions to the maximum likelihood. Perhaps there is collinearity or complete separation in the dataset?

  warnings.warn(
Epoch  29 | lr=2.33e-05 | loss=0.4269 | train_c_index=0.9921 | val_c_index=0.5833 | val_HR=1.086 [0.416, 2.837] | val_logrank_p=0.8660 | val_AUC_mean=0.6352 (auc_365d=0.6635 auc_730d=0.5696 auc_1095d=0.6726)
C:\Users\wonse\anaconda3\envs\PathViT-ray\Lib\site-packages\lifelines\fitters\coxph_fitter.py:1607: ConvergenceWarning: Newton-Raphson convergence completed successfully but norm(delta) is still high, 0.503. This may imply non-unique solutions to the maximum likelihood. Perhaps there is collinearity or complete separation in the dataset?

  warnings.warn(
Epoch  30 | lr=1.33e-05 | loss=0.4689 | train_c_index=0.9925 | val_c_index=0.5797 | val_HR=1.086 [0.416, 2.837] | val_logrank_p=0.8660 | val_AUC_mean=0.6328 (auc_365d=0.6561 auc_730d=0.5696 auc_1095d=0.6726)

=== Internal Test (best checkpoint epoch 1) ===
test_c_index=0.5984 | test_HR=2.142 [0.747, 6.145] | test_logrank_p=0.1477 | test_AUC_mean=0.6424 (auc_365d=0.6331 auc_730d=0.5950 auc_1095d=0.6991)
  -> fold predictions saved: D:\wonse\Documents\Job\urban_datalab\PATH-ViT\.logs\kfold_preds\tcga_M6_INT1500_FOLD2OF5_seed126_fold2of5.csv
wandb: updating run metadata
wandb: uploading history steps 22-29, summary, console lines 39-70
wandb: 
wandb: Run history:
wandb:              train/c_index ▁▄▅▆▆▆▇▇▇▇▇▇▆▇▇▇██████████████
wandb:                 train/loss █▇▅▄▃▃▃▂▂▃▂▂▃▃▂▁▂▂▂▂▁▁▁▁▁▁▁▁▁▁
wandb:                   train/lr ▃▆██████▇▇▇▇▆▆▅▅▅▄▄▃▃▃▂▂▂▂▁▁▁▁
wandb:   val_performance/auc_mean █▃▇▄▂▄▂▃▁▂▂▄▅▃▂▂▃▃▁▃▃▂▂▂▂▂▂▁▂▁
wandb:    val_performance/c_index █▄▅▅▂▄▃▂▂▄▄▄▃▁▁▂▂▃▂▃▃▃▃▂▂▂▂▂▂▂
wandb:         val_performance/hr █▃▂▃▂▃▃▂▂▃▃▂▂▁▁▁▂▂▂▂▃▂▂▂▁▁▁▁▁▁
wandb: val_performance/log_rank_p ▁▂▃▂▄▂▂▄▅▂▂▃▄█▆▆▃▃▅▅▂▃▃▃▇▇▇▇▇▇
wandb: 
wandb: Run summary:
wandb:               best_epoch 1
wandb:         best_val_c_index 0.7029
wandb:            test_auc_mean 0.64238
wandb:             test_c_index 0.59836
wandb:                  test_hr 2.14195
wandb:          test_log_rank_p 0.14772
wandb:            train/c_index 0.9925
wandb:               train/loss 0.46889
wandb:                 train/lr 1e-05
wandb: val_performance/auc_mean 0.63278
wandb:                       +3 ...
wandb: 
wandb:  View run TCGA_M6_INT1500_FOLD2OF5_seed126_0816::1724 at: https://wandb.ai/justin212553/Path-ViT/runs/rkf8hbza
wandb:  View project at: https://wandb.ai/justin212553/Path-ViT
wandb: Synced 5 W&B file(s), 0 media file(s), 0 artifact file(s) and 0 other file(s)
wandb: Find logs at: .\.wandb\run-20260816_172422-rkf8hbza\logs

=== External Test (cptac 전체 코호트) ===
external_c_index=0.6301 | external_HR=1.534 [1.062, 2.216] | external_logrank_p=0.0214 | external_AUC_mean=0.6482 (auc_365d=0.6933 auc_730d=0.6866 auc_1095d=0.5647)
wandb: setting up run ab5atmbz
wandb: Tracking run with wandb version 0.28.0
wandb: Run data is saved locally in D:\wonse\Documents\Job\urban_datalab\PATH-ViT\.wandb\run-20260816_172507-ab5atmbz
wandb: Run `wandb offline` to turn off syncing.
wandb: Syncing run TCGA_XM6_INT1500_FOLD2OF5_seed126_0816::1724
wandb:  View project at https://wandb.ai/justin212553/Path-ViT
wandb:  View run at https://wandb.ai/justin212553/Path-ViT/runs/ab5atmbz
wandb: updating run metadata; uploading summary
wandb: uploading wandb-metadata.json; uploading requirements.txt; uploading wandb-summary.json; uploading config.yaml
wandb: 
wandb: Run history:
wandb:   external/auc_mean ▁
wandb:    external/c_index ▁
wandb:         external/hr ▁
wandb: external/log_rank_p ▁
wandb: 
wandb: Run summary:
wandb:   external/auc_mean 0.64821
wandb:    external/c_index 0.63013
wandb:         external/hr 1.53445
wandb: external/log_rank_p 0.0214
wandb: 
wandb:  View run TCGA_XM6_INT1500_FOLD2OF5_seed126_0816::1724 at: https://wandb.ai/justin212553/Path-ViT/runs/ab5atmbz
wandb:  View project at: https://wandb.ai/justin212553/Path-ViT
wandb: Synced 4 W&B file(s), 0 media file(s), 0 artifact file(s) and 0 other file(s)
wandb: Find logs at: .\.wandb\run-20260816_172507-ab5atmbz\logs
=== FINAL M6 seed=126 fold=2/5 Complete: Sun Aug 16 17:25:09     2026 ===
=== FINAL M6 seed=126 fold=3/5 Start: Sun Aug 16 17:25:09     2026 ===
wandb: [wandb.login()] Loaded credentials for https://api.wandb.ai from C:\Users\wonse\_netrc.
wandb: Currently logged in as: justin212553 to https://api.wandb.ai. Use `wandb login --relogin` to force relogin
wandb: Tracking run with wandb version 0.28.0
wandb: Run data is saved locally in D:\wonse\Documents\Job\urban_datalab\PATH-ViT\.wandb\run-20260816_172518-3tne8co8
wandb: Run `wandb offline` to turn off syncing.
wandb: Syncing run TCGA_M6_INT1500_FOLD3OF5_seed126_0816::1725
wandb:  View project at https://wandb.ai/justin212553/Path-ViT
wandb:  View run at https://wandb.ai/justin212553/Path-ViT/runs/3tne8co8
Model: M6_INT1500_FOLD3OF5 (RNAOnly) | params=401,409
Dataset: tcga  (5-fold CV, fold 3)  Train: 90  Val: 31  Test(internal): 31 patients
lr=1.0e-03 | weight_decay=1.0e-02 | epochs=30 | cox_batch_size=16
Epoch   1 | lr=3.33e-04 | loss=1.7718 | train_c_index=0.7986 | val_c_index=0.7197 | val_HR=2.406 [0.911, 6.356] | val_logrank_p=0.0676 | val_AUC_mean=0.7095 (auc_365d=0.8634 auc_730d=0.5420 auc_1095d=0.7231)
  -> checkpoint saved (c_index=0.7197)
Epoch   2 | lr=6.67e-04 | loss=1.5961 | train_c_index=0.8649 | val_c_index=0.6338 | val_HR=2.774 [1.038, 7.417] | val_logrank_p=0.0344 | val_AUC_mean=0.6559 (auc_365d=0.7069 auc_730d=0.6192 auc_1095d=0.6416)
Epoch   3 | lr=1.00e-03 | loss=1.2278 | train_c_index=0.9132 | val_c_index=0.7102 | val_HR=3.318 [1.208, 9.112] | val_logrank_p=0.0139 | val_AUC_mean=0.6909 (auc_365d=0.7272 auc_730d=0.6018 auc_1095d=0.7437)
Epoch   4 | lr=1.00e-03 | loss=1.0388 | train_c_index=0.9357 | val_c_index=0.7038 | val_HR=2.059 [0.789, 5.373] | val_logrank_p=0.1319 | val_AUC_mean=0.6517 (auc_365d=0.7461 auc_730d=0.5345 auc_1095d=0.6744)
Epoch   5 | lr=9.97e-04 | loss=0.8686 | train_c_index=0.9550 | val_c_index=0.7070 | val_HR=1.749 [0.672, 4.554] | val_logrank_p=0.2461 | val_AUC_mean=0.6801 (auc_365d=0.7671 auc_730d=0.5934 auc_1095d=0.6799)
Epoch   6 | lr=9.87e-04 | loss=0.8182 | train_c_index=0.9599 | val_c_index=0.6752 | val_HR=2.324 [0.881, 6.132] | val_logrank_p=0.0795 | val_AUC_mean=0.6506 (auc_365d=0.7262 auc_730d=0.5573 auc_1095d=0.6683)
Epoch   7 | lr=9.70e-04 | loss=0.7426 | train_c_index=0.9668 | val_c_index=0.6975 | val_HR=2.915 [1.099, 7.733] | val_logrank_p=0.0247 | val_AUC_mean=0.6643 (auc_365d=0.7118 auc_730d=0.5888 auc_1095d=0.6923)
Epoch   8 | lr=9.47e-04 | loss=0.5860 | train_c_index=0.9529 | val_c_index=0.6401 | val_HR=3.818 [1.388, 10.505] | val_logrank_p=0.0055 | val_AUC_mean=0.6015 (auc_365d=0.6120 auc_730d=0.5559 auc_1095d=0.6366)
Epoch   9 | lr=9.19e-04 | loss=0.6830 | train_c_index=0.9615 | val_c_index=0.6911 | val_HR=3.958 [1.436, 10.906] | val_logrank_p=0.0043 | val_AUC_mean=0.6548 (auc_365d=0.7195 auc_730d=0.5559 auc_1095d=0.6890)
Epoch  10 | lr=8.84e-04 | loss=0.6016 | train_c_index=0.9595 | val_c_index=0.6879 | val_HR=2.173 [0.831, 5.682] | val_logrank_p=0.1049 | val_AUC_mean=0.6418 (auc_365d=0.7339 auc_730d=0.5044 auc_1095d=0.6871)
Epoch  11 | lr=8.45e-04 | loss=0.5155 | train_c_index=0.9619 | val_c_index=0.6720 | val_HR=2.282 [0.866, 6.008] | val_logrank_p=0.0866 | val_AUC_mean=0.6671 (auc_365d=0.7339 auc_730d=0.5582 auc_1095d=0.7091)
Epoch  12 | lr=8.01e-04 | loss=0.6670 | train_c_index=0.9615 | val_c_index=0.6497 | val_HR=2.282 [0.866, 6.008] | val_logrank_p=0.0866 | val_AUC_mean=0.6741 (auc_365d=0.7360 auc_730d=0.5513 auc_1095d=0.7350)
Epoch  13 | lr=7.52e-04 | loss=0.5894 | train_c_index=0.9709 | val_c_index=0.6274 | val_HR=2.037 [0.778, 5.332] | val_logrank_p=0.1394 | val_AUC_mean=0.6320 (auc_365d=0.7139 auc_730d=0.5117 auc_1095d=0.6704)
C:\Users\wonse\anaconda3\envs\PathViT-ray\Lib\site-packages\lifelines\fitters\coxph_fitter.py:1607: ConvergenceWarning: Newton-Raphson convergence completed successfully but norm(delta) is still high, 0.503. This may imply non-unique solutions to the maximum likelihood. Perhaps there is collinearity or complete separation in the dataset?

  warnings.warn(
Epoch  14 | lr=7.01e-04 | loss=0.6215 | train_c_index=0.9668 | val_c_index=0.6338 | val_HR=1.463 [0.560, 3.826] | val_logrank_p=0.4351 | val_AUC_mean=0.6532 (auc_365d=0.6940 auc_730d=0.5458 auc_1095d=0.7199)
Epoch  15 | lr=6.47e-04 | loss=0.6787 | train_c_index=0.9689 | val_c_index=0.6146 | val_HR=2.254 [0.854, 5.948] | val_logrank_p=0.0925 | val_AUC_mean=0.6474 (auc_365d=0.6208 auc_730d=0.5807 auc_1095d=0.7407)
C:\Users\wonse\anaconda3\envs\PathViT-ray\Lib\site-packages\lifelines\fitters\coxph_fitter.py:1607: ConvergenceWarning: Newton-Raphson convergence completed successfully but norm(delta) is still high, 0.503. This may imply non-unique solutions to the maximum likelihood. Perhaps there is collinearity or complete separation in the dataset?

  warnings.warn(
Epoch  16 | lr=5.91e-04 | loss=0.4941 | train_c_index=0.9763 | val_c_index=0.7197 | val_HR=2.989 [1.121, 7.971] | val_logrank_p=0.0220 | val_AUC_mean=0.6979 (auc_365d=0.7118 auc_730d=0.6059 auc_1095d=0.7760)
C:\Users\wonse\anaconda3\envs\PathViT-ray\Lib\site-packages\lifelines\fitters\coxph_fitter.py:1607: ConvergenceWarning: Newton-Raphson convergence completed successfully but norm(delta) is still high, 0.503. This may imply non-unique solutions to the maximum likelihood. Perhaps there is collinearity or complete separation in the dataset?

  warnings.warn(
Epoch  17 | lr=5.34e-04 | loss=0.4692 | train_c_index=0.9681 | val_c_index=0.7293 | val_HR=3.698 [1.353, 10.109] | val_logrank_p=0.0065 | val_AUC_mean=0.7080 (auc_365d=0.7185 auc_730d=0.6163 auc_1095d=0.7891)
  -> checkpoint saved (c_index=0.7293)
C:\Users\wonse\anaconda3\envs\PathViT-ray\Lib\site-packages\lifelines\fitters\coxph_fitter.py:1607: ConvergenceWarning: Newton-Raphson convergence completed successfully but norm(delta) is still high, 0.503. This may imply non-unique solutions to the maximum likelihood. Perhaps there is collinearity or complete separation in the dataset?

  warnings.warn(
Epoch  18 | lr=4.76e-04 | loss=0.5025 | train_c_index=0.9742 | val_c_index=0.7293 | val_HR=4.702 [1.681, 13.155] | val_logrank_p=0.0014 | val_AUC_mean=0.7124 (auc_365d=0.7118 auc_730d=0.6443 auc_1095d=0.7812)
C:\Users\wonse\anaconda3\envs\PathViT-ray\Lib\site-packages\lifelines\fitters\coxph_fitter.py:1607: ConvergenceWarning: Newton-Raphson convergence completed successfully but norm(delta) is still high, 0.503. This may imply non-unique solutions to the maximum likelihood. Perhaps there is collinearity or complete separation in the dataset?

  warnings.warn(
Epoch  19 | lr=4.19e-04 | loss=0.5799 | train_c_index=0.9791 | val_c_index=0.7070 | val_HR=2.989 [1.121, 7.971] | val_logrank_p=0.0220 | val_AUC_mean=0.6944 (auc_365d=0.6919 auc_730d=0.6233 auc_1095d=0.7680)
C:\Users\wonse\anaconda3\envs\PathViT-ray\Lib\site-packages\lifelines\fitters\coxph_fitter.py:1607: ConvergenceWarning: Newton-Raphson convergence completed successfully but norm(delta) is still high, 0.503. This may imply non-unique solutions to the maximum likelihood. Perhaps there is collinearity or complete separation in the dataset?

  warnings.warn(
Epoch  20 | lr=3.63e-04 | loss=0.4562 | train_c_index=0.9824 | val_c_index=0.7006 | val_HR=2.989 [1.121, 7.971] | val_logrank_p=0.0220 | val_AUC_mean=0.6999 (auc_365d=0.6785 auc_730d=0.6280 auc_1095d=0.7932)
C:\Users\wonse\anaconda3\envs\PathViT-ray\Lib\site-packages\lifelines\fitters\coxph_fitter.py:1607: ConvergenceWarning: Newton-Raphson convergence completed successfully but norm(delta) is still high, 0.503. This may imply non-unique solutions to the maximum likelihood. Perhaps there is collinearity or complete separation in the dataset?

  warnings.warn(
Epoch  21 | lr=3.09e-04 | loss=0.4619 | train_c_index=0.9849 | val_c_index=0.6911 | val_HR=4.024 [1.475, 10.982] | val_logrank_p=0.0038 | val_AUC_mean=0.7005 (auc_365d=0.6852 auc_730d=0.6280 auc_1095d=0.7884)
C:\Users\wonse\anaconda3\envs\PathViT-ray\Lib\site-packages\lifelines\fitters\coxph_fitter.py:1607: ConvergenceWarning: Newton-Raphson convergence completed successfully but norm(delta) is still high, 0.503. This may imply non-unique solutions to the maximum likelihood. Perhaps there is collinearity or complete separation in the dataset?

  warnings.warn(
Epoch  22 | lr=2.58e-04 | loss=0.4397 | train_c_index=0.9857 | val_c_index=0.6847 | val_HR=4.024 [1.475, 10.982] | val_logrank_p=0.0038 | val_AUC_mean=0.6808 (auc_365d=0.6919 auc_730d=0.6053 auc_1095d=0.7453)
C:\Users\wonse\anaconda3\envs\PathViT-ray\Lib\site-packages\lifelines\fitters\coxph_fitter.py:1607: ConvergenceWarning: Newton-Raphson convergence completed successfully but norm(delta) is still high, 0.503. This may imply non-unique solutions to the maximum likelihood. Perhaps there is collinearity or complete separation in the dataset?

  warnings.warn(
Epoch  23 | lr=2.09e-04 | loss=0.4753 | train_c_index=0.9865 | val_c_index=0.6847 | val_HR=4.024 [1.475, 10.982] | val_logrank_p=0.0038 | val_AUC_mean=0.6818 (auc_365d=0.7052 auc_730d=0.5901 auc_1095d=0.7500)
C:\Users\wonse\anaconda3\envs\PathViT-ray\Lib\site-packages\lifelines\fitters\coxph_fitter.py:1607: ConvergenceWarning: Newton-Raphson convergence completed successfully but norm(delta) is still high, 0.503. This may imply non-unique solutions to the maximum likelihood. Perhaps there is collinearity or complete separation in the dataset?

  warnings.warn(
Epoch  24 | lr=1.65e-04 | loss=0.4004 | train_c_index=0.9885 | val_c_index=0.6847 | val_HR=3.164 [1.186, 8.440] | val_logrank_p=0.0156 | val_AUC_mean=0.6727 (auc_365d=0.7052 auc_730d=0.5849 auc_1095d=0.7280)
C:\Users\wonse\anaconda3\envs\PathViT-ray\Lib\site-packages\lifelines\fitters\coxph_fitter.py:1607: ConvergenceWarning: Newton-Raphson convergence completed successfully but norm(delta) is still high, 0.503. This may imply non-unique solutions to the maximum likelihood. Perhaps there is collinearity or complete separation in the dataset?

  warnings.warn(
Epoch  25 | lr=1.26e-04 | loss=0.4105 | train_c_index=0.9889 | val_c_index=0.6911 | val_HR=3.164 [1.186, 8.440] | val_logrank_p=0.0156 | val_AUC_mean=0.6756 (auc_365d=0.7052 auc_730d=0.5935 auc_1095d=0.7280)
C:\Users\wonse\anaconda3\envs\PathViT-ray\Lib\site-packages\lifelines\fitters\coxph_fitter.py:1607: ConvergenceWarning: Newton-Raphson convergence completed successfully but norm(delta) is still high, 0.503. This may imply non-unique solutions to the maximum likelihood. Perhaps there is collinearity or complete separation in the dataset?

  warnings.warn(
Epoch  26 | lr=9.14e-05 | loss=0.4122 | train_c_index=0.9894 | val_c_index=0.6911 | val_HR=3.164 [1.186, 8.440] | val_logrank_p=0.0156 | val_AUC_mean=0.7013 (auc_365d=0.6852 auc_730d=0.6279 auc_1095d=0.7907)
C:\Users\wonse\anaconda3\envs\PathViT-ray\Lib\site-packages\lifelines\fitters\coxph_fitter.py:1607: ConvergenceWarning: Newton-Raphson convergence completed successfully but norm(delta) is still high, 0.503. This may imply non-unique solutions to the maximum likelihood. Perhaps there is collinearity or complete separation in the dataset?

  warnings.warn(
Epoch  27 | lr=6.27e-05 | loss=0.3978 | train_c_index=0.9902 | val_c_index=0.6847 | val_HR=3.164 [1.186, 8.440] | val_logrank_p=0.0156 | val_AUC_mean=0.6911 (auc_365d=0.6852 auc_730d=0.6047 auc_1095d=0.7835)
C:\Users\wonse\anaconda3\envs\PathViT-ray\Lib\site-packages\lifelines\fitters\coxph_fitter.py:1607: ConvergenceWarning: Newton-Raphson convergence completed successfully but norm(delta) is still high, 0.503. This may imply non-unique solutions to the maximum likelihood. Perhaps there is collinearity or complete separation in the dataset?

  warnings.warn(
Epoch  28 | lr=3.99e-05 | loss=0.4545 | train_c_index=0.9914 | val_c_index=0.6879 | val_HR=3.164 [1.186, 8.440] | val_logrank_p=0.0156 | val_AUC_mean=0.6858 (auc_365d=0.6919 auc_730d=0.5968 auc_1095d=0.7687)
C:\Users\wonse\anaconda3\envs\PathViT-ray\Lib\site-packages\lifelines\fitters\coxph_fitter.py:1607: ConvergenceWarning: Newton-Raphson convergence completed successfully but norm(delta) is still high, 0.503. This may imply non-unique solutions to the maximum likelihood. Perhaps there is collinearity or complete separation in the dataset?

  warnings.warn(
Epoch  29 | lr=2.33e-05 | loss=0.4416 | train_c_index=0.9922 | val_c_index=0.6847 | val_HR=3.164 [1.186, 8.440] | val_logrank_p=0.0156 | val_AUC_mean=0.6758 (auc_365d=0.6919 auc_730d=0.5968 auc_1095d=0.7387)
C:\Users\wonse\anaconda3\envs\PathViT-ray\Lib\site-packages\lifelines\fitters\coxph_fitter.py:1607: ConvergenceWarning: Newton-Raphson convergence completed successfully but norm(delta) is still high, 0.503. This may imply non-unique solutions to the maximum likelihood. Perhaps there is collinearity or complete separation in the dataset?

  warnings.warn(
Epoch  30 | lr=1.33e-05 | loss=0.4012 | train_c_index=0.9914 | val_c_index=0.6879 | val_HR=3.164 [1.186, 8.440] | val_logrank_p=0.0156 | val_AUC_mean=0.6816 (auc_365d=0.6919 auc_730d=0.6142 auc_1095d=0.7387)
C:\Users\wonse\anaconda3\envs\PathViT-ray\Lib\site-packages\lifelines\fitters\coxph_fitter.py:1607: ConvergenceWarning: Newton-Raphson convergence completed successfully but norm(delta) is still high, 0.503. This may imply non-unique solutions to the maximum likelihood. Perhaps there is collinearity or complete separation in the dataset?

  warnings.warn(

=== Internal Test (best checkpoint epoch 17) ===
test_c_index=0.6360 | test_HR=1.512 [0.547, 4.184] | test_logrank_p=0.4224 | test_AUC_mean=0.4641 (auc_365d=0.7063 auc_730d=0.5832 auc_1095d=0.1028)
  -> fold predictions saved: D:\wonse\Documents\Job\urban_datalab\PATH-ViT\.logs\kfold_preds\tcga_M6_INT1500_FOLD3OF5_seed126_fold3of5.csv
wandb: updating run metadata
wandb: 
wandb: Run history:
wandb:              train/c_index ▁▃▅▆▇▇▇▇▇▇▇▇▇▇▇▇▇▇████████████
wandb:                 train/loss █▇▅▄▃▃▃▂▂▂▂▂▂▂▂▁▁▂▂▁▁▁▁▁▁▁▁▁▁▁
wandb:                   train/lr ▃▆██████▇▇▇▇▆▆▅▅▅▄▄▃▃▃▂▂▂▂▁▁▁▁
wandb:   val_performance/auc_mean █▄▇▄▆▄▅▁▄▄▅▆▃▄▄▇██▇▇▇▆▆▅▆▇▇▆▆▆
wandb:    val_performance/c_index ▇▂▇▆▇▅▆▃▆▅▅▃▂▂▁▇██▇▆▆▅▅▅▆▆▅▅▅▅
wandb:         val_performance/hr ▃▄▅▂▂▃▄▆▆▃▃▃▂▁▃▄▆█▄▄▇▇▇▅▅▅▅▅▅▅
wandb: val_performance/log_rank_p ▂▂▁▃▅▂▁▁▁▃▂▂▃█▂▁▁▁▁▁▁▁▁▁▁▁▁▁▁▁
wandb: 
wandb: Run summary:
wandb:               best_epoch 17
wandb:         best_val_c_index 0.7293
wandb:            test_auc_mean 0.46407
wandb:             test_c_index 0.63598
wandb:                  test_hr 1.51238
wandb:          test_log_rank_p 0.4224
wandb:            train/c_index 0.9914
wandb:               train/loss 0.40119
wandb:                 train/lr 1e-05
wandb: val_performance/auc_mean 0.68161
wandb:                       +3 ...
wandb: 
wandb:  View run TCGA_M6_INT1500_FOLD3OF5_seed126_0816::1725 at: https://wandb.ai/justin212553/Path-ViT/runs/3tne8co8
wandb:  View project at: https://wandb.ai/justin212553/Path-ViT
wandb: Synced 5 W&B file(s), 0 media file(s), 0 artifact file(s) and 0 other file(s)
wandb: Find logs at: .\.wandb\run-20260816_172518-3tne8co8\logs

=== External Test (cptac 전체 코호트) ===
external_c_index=0.5831 | external_HR=1.528 [1.057, 2.208] | external_logrank_p=0.0233 | external_AUC_mean=0.6121 (auc_365d=0.6228 auc_730d=0.6441 auc_1095d=0.5694)
wandb: setting up run 037c331i
wandb: Tracking run with wandb version 0.28.0
wandb: Run data is saved locally in D:\wonse\Documents\Job\urban_datalab\PATH-ViT\.wandb\run-20260816_172603-037c331i
wandb: Run `wandb offline` to turn off syncing.
wandb: Syncing run TCGA_XM6_INT1500_FOLD3OF5_seed126_0816::1725
wandb:  View project at https://wandb.ai/justin212553/Path-ViT
wandb:  View run at https://wandb.ai/justin212553/Path-ViT/runs/037c331i
wandb: updating run metadata; uploading summary
wandb: uploading wandb-metadata.json; uploading requirements.txt; uploading wandb-summary.json; uploading config.yaml
wandb: 
wandb: Run history:
wandb:   external/auc_mean ▁
wandb:    external/c_index ▁
wandb:         external/hr ▁
wandb: external/log_rank_p ▁
wandb: 
wandb: Run summary:
wandb:   external/auc_mean 0.61209
wandb:    external/c_index 0.5831
wandb:         external/hr 1.5277
wandb: external/log_rank_p 0.02328
wandb: 
wandb:  View run TCGA_XM6_INT1500_FOLD3OF5_seed126_0816::1725 at: https://wandb.ai/justin212553/Path-ViT/runs/037c331i
wandb:  View project at: https://wandb.ai/justin212553/Path-ViT
wandb: Synced 4 W&B file(s), 0 media file(s), 0 artifact file(s) and 0 other file(s)
wandb: Find logs at: .\.wandb\run-20260816_172603-037c331i\logs
=== FINAL M6 seed=126 fold=3/5 Complete: Sun Aug 16 17:26:05     2026 ===
=== FINAL M6 seed=126 fold=4/5 Start: Sun Aug 16 17:26:05     2026 ===
wandb: [wandb.login()] Loaded credentials for https://api.wandb.ai from C:\Users\wonse\_netrc.
wandb: Currently logged in as: justin212553 to https://api.wandb.ai. Use `wandb login --relogin` to force relogin
wandb: Tracking run with wandb version 0.28.0
wandb: Run data is saved locally in D:\wonse\Documents\Job\urban_datalab\PATH-ViT\.wandb\run-20260816_172614-a9cikvnt
wandb: Run `wandb offline` to turn off syncing.
wandb: Syncing run TCGA_M6_INT1500_FOLD4OF5_seed126_0816::1726
wandb:  View project at https://wandb.ai/justin212553/Path-ViT
wandb:  View run at https://wandb.ai/justin212553/Path-ViT/runs/a9cikvnt
Model: M6_INT1500_FOLD4OF5 (RNAOnly) | params=401,409
Dataset: tcga  (5-fold CV, fold 4)  Train: 90  Val: 31  Test(internal): 31 patients
lr=1.0e-03 | weight_decay=1.0e-02 | epochs=30 | cox_batch_size=16
Epoch   1 | lr=3.33e-04 | loss=1.8195 | train_c_index=0.8203 | val_c_index=0.6831 | val_HR=2.749 [0.974, 7.762] | val_logrank_p=0.0473 | val_AUC_mean=0.6933 (auc_365d=0.7218 auc_730d=0.7659 auc_1095d=0.5922)
  -> checkpoint saved (c_index=0.6831)
Epoch   2 | lr=6.67e-04 | loss=1.3351 | train_c_index=0.8975 | val_c_index=0.6831 | val_HR=3.225 [1.125, 9.249] | val_logrank_p=0.0223 | val_AUC_mean=0.7233 (auc_365d=0.6734 auc_730d=0.7845 auc_1095d=0.7120)
Epoch   3 | lr=1.00e-03 | loss=1.1123 | train_c_index=0.9104 | val_c_index=0.6690 | val_HR=2.508 [0.905, 6.950] | val_logrank_p=0.0674 | val_AUC_mean=0.7041 (auc_365d=0.6171 auc_730d=0.7249 auc_1095d=0.7703)
Epoch   4 | lr=1.00e-03 | loss=1.1755 | train_c_index=0.9410 | val_c_index=0.6761 | val_HR=3.054 [1.080, 8.638] | val_logrank_p=0.0276 | val_AUC_mean=0.7148 (auc_365d=0.6631 auc_730d=0.7586 auc_1095d=0.7225)
Epoch   5 | lr=9.97e-04 | loss=0.7686 | train_c_index=0.9444 | val_c_index=0.7183 | val_HR=3.341 [1.121, 9.958] | val_logrank_p=0.0226 | val_AUC_mean=0.8421 (auc_365d=0.7268 auc_730d=0.8208 auc_1095d=0.9786)
  -> checkpoint saved (c_index=0.7183)
Epoch   6 | lr=9.87e-04 | loss=0.9266 | train_c_index=0.9483 | val_c_index=0.7007 | val_HR=3.341 [1.121, 9.958] | val_logrank_p=0.0226 | val_AUC_mean=0.8019 (auc_365d=0.7651 auc_730d=0.7833 auc_1095d=0.8572)
Epoch   7 | lr=9.70e-04 | loss=0.7895 | train_c_index=0.9543 | val_c_index=0.6796 | val_HR=4.005 [1.227, 13.074] | val_logrank_p=0.0137 | val_AUC_mean=0.7974 (auc_365d=0.7319 auc_730d=0.7695 auc_1095d=0.8908)
Epoch   8 | lr=9.47e-04 | loss=0.7521 | train_c_index=0.9612 | val_c_index=0.6444 | val_HR=2.982 [1.059, 8.400] | val_logrank_p=0.0312 | val_AUC_mean=0.7884 (auc_365d=0.6781 auc_730d=0.7624 auc_1095d=0.9246)
Epoch   9 | lr=9.19e-04 | loss=0.6573 | train_c_index=0.9707 | val_c_index=0.6761 | val_HR=2.486 [0.875, 7.060] | val_logrank_p=0.0781 | val_AUC_mean=0.8070 (auc_365d=0.6961 auc_730d=0.7617 auc_1095d=0.9632)
Epoch  10 | lr=8.84e-04 | loss=0.6676 | train_c_index=0.9668 | val_c_index=0.6514 | val_HR=3.054 [1.080, 8.638] | val_logrank_p=0.0276 | val_AUC_mean=0.7165 (auc_365d=0.6706 auc_730d=0.7271 auc_1095d=0.7517)
C:\Users\wonse\anaconda3\envs\PathViT-ray\Lib\site-packages\lifelines\fitters\coxph_fitter.py:1607: ConvergenceWarning: Newton-Raphson convergence completed successfully but norm(delta) is still high, 0.503. This may imply non-unique solutions to the maximum likelihood. Perhaps there is collinearity or complete separation in the dataset?

  warnings.warn(
Epoch  11 | lr=8.45e-04 | loss=0.6771 | train_c_index=0.9638 | val_c_index=0.6972 | val_HR=3.054 [1.080, 8.638] | val_logrank_p=0.0276 | val_AUC_mean=0.7369 (auc_365d=0.7166 auc_730d=0.7732 auc_1095d=0.7210)
Epoch  12 | lr=8.01e-04 | loss=0.6716 | train_c_index=0.9591 | val_c_index=0.7218 | val_HR=6.168 [1.893, 20.101] | val_logrank_p=0.0007 | val_AUC_mean=0.8403 (auc_365d=0.7521 auc_730d=0.8211 auc_1095d=0.9478)
  -> checkpoint saved (c_index=0.7218)
Epoch  13 | lr=7.52e-04 | loss=0.7619 | train_c_index=0.9552 | val_c_index=0.7113 | val_HR=7.397 [2.022, 27.055] | val_logrank_p=0.0005 | val_AUC_mean=0.8449 (auc_365d=0.7521 auc_730d=0.8306 auc_1095d=0.9520)
C:\Users\wonse\anaconda3\envs\PathViT-ray\Lib\site-packages\lifelines\fitters\coxph_fitter.py:1607: ConvergenceWarning: Newton-Raphson convergence completed successfully but norm(delta) is still high, 0.503. This may imply non-unique solutions to the maximum likelihood. Perhaps there is collinearity or complete separation in the dataset?

  warnings.warn(
Epoch  14 | lr=7.01e-04 | loss=0.7311 | train_c_index=0.9746 | val_c_index=0.7113 | val_HR=3.054 [1.080, 8.638] | val_logrank_p=0.0276 | val_AUC_mean=0.8377 (auc_365d=0.7573 auc_730d=0.8144 auc_1095d=0.9412)
Epoch  15 | lr=6.47e-04 | loss=0.5475 | train_c_index=0.9815 | val_c_index=0.6901 | val_HR=3.054 [1.080, 8.638] | val_logrank_p=0.0276 | val_AUC_mean=0.7795 (auc_365d=0.7421 auc_730d=0.7563 auc_1095d=0.8400)
Epoch  16 | lr=5.91e-04 | loss=0.5027 | train_c_index=0.9858 | val_c_index=0.6901 | val_HR=3.054 [1.080, 8.638] | val_logrank_p=0.0276 | val_AUC_mean=0.8137 (auc_365d=0.7268 auc_730d=0.7534 auc_1095d=0.9609)
C:\Users\wonse\anaconda3\envs\PathViT-ray\Lib\site-packages\lifelines\fitters\coxph_fitter.py:1607: ConvergenceWarning: Newton-Raphson convergence completed successfully but norm(delta) is still high, 0.503. This may imply non-unique solutions to the maximum likelihood. Perhaps there is collinearity or complete separation in the dataset?

  warnings.warn(
Epoch  17 | lr=5.34e-04 | loss=0.4251 | train_c_index=0.9832 | val_c_index=0.6761 | val_HR=3.054 [1.080, 8.638] | val_logrank_p=0.0276 | val_AUC_mean=0.8169 (auc_365d=0.7191 auc_730d=0.7702 auc_1095d=0.9615)
C:\Users\wonse\anaconda3\envs\PathViT-ray\Lib\site-packages\lifelines\fitters\coxph_fitter.py:1607: ConvergenceWarning: Newton-Raphson convergence completed successfully but norm(delta) is still high, 0.503. This may imply non-unique solutions to the maximum likelihood. Perhaps there is collinearity or complete separation in the dataset?

  warnings.warn(
Epoch  18 | lr=4.76e-04 | loss=0.4247 | train_c_index=0.9802 | val_c_index=0.6796 | val_HR=3.054 [1.080, 8.638] | val_logrank_p=0.0276 | val_AUC_mean=0.8188 (auc_365d=0.7293 auc_730d=0.7675 auc_1095d=0.9597)
Epoch  19 | lr=4.19e-04 | loss=0.5423 | train_c_index=0.9836 | val_c_index=0.6831 | val_HR=3.054 [1.080, 8.638] | val_logrank_p=0.0276 | val_AUC_mean=0.8202 (auc_365d=0.7396 auc_730d=0.7580 auc_1095d=0.9632)
Epoch  20 | lr=3.63e-04 | loss=0.4584 | train_c_index=0.9841 | val_c_index=0.6831 | val_HR=3.054 [1.080, 8.638] | val_logrank_p=0.0276 | val_AUC_mean=0.8067 (auc_365d=0.7166 auc_730d=0.7481 auc_1095d=0.9555)
Epoch  21 | lr=3.09e-04 | loss=0.3928 | train_c_index=0.9858 | val_c_index=0.6866 | val_HR=3.054 [1.080, 8.638] | val_logrank_p=0.0276 | val_AUC_mean=0.8189 (auc_365d=0.7293 auc_730d=0.7641 auc_1095d=0.9632)
C:\Users\wonse\anaconda3\envs\PathViT-ray\Lib\site-packages\lifelines\fitters\coxph_fitter.py:1607: ConvergenceWarning: Newton-Raphson convergence completed successfully but norm(delta) is still high, 0.503. This may imply non-unique solutions to the maximum likelihood. Perhaps there is collinearity or complete separation in the dataset?

  warnings.warn(
Epoch  22 | lr=2.58e-04 | loss=0.4074 | train_c_index=0.9871 | val_c_index=0.6866 | val_HR=3.054 [1.080, 8.638] | val_logrank_p=0.0276 | val_AUC_mean=0.8184 (auc_365d=0.7523 auc_730d=0.7551 auc_1095d=0.9478)
C:\Users\wonse\anaconda3\envs\PathViT-ray\Lib\site-packages\lifelines\fitters\coxph_fitter.py:1607: ConvergenceWarning: Newton-Raphson convergence completed successfully but norm(delta) is still high, 0.503. This may imply non-unique solutions to the maximum likelihood. Perhaps there is collinearity or complete separation in the dataset?

  warnings.warn(
Epoch  23 | lr=2.09e-04 | loss=0.3788 | train_c_index=0.9849 | val_c_index=0.6831 | val_HR=3.054 [1.080, 8.638] | val_logrank_p=0.0276 | val_AUC_mean=0.8228 (auc_365d=0.7523 auc_730d=0.7684 auc_1095d=0.9478)
C:\Users\wonse\anaconda3\envs\PathViT-ray\Lib\site-packages\lifelines\fitters\coxph_fitter.py:1607: ConvergenceWarning: Newton-Raphson convergence completed successfully but norm(delta) is still high, 0.503. This may imply non-unique solutions to the maximum likelihood. Perhaps there is collinearity or complete separation in the dataset?

  warnings.warn(
Epoch  24 | lr=1.65e-04 | loss=0.4672 | train_c_index=0.9866 | val_c_index=0.6725 | val_HR=3.054 [1.080, 8.638] | val_logrank_p=0.0276 | val_AUC_mean=0.8207 (auc_365d=0.7523 auc_730d=0.7621 auc_1095d=0.9478)
C:\Users\wonse\anaconda3\envs\PathViT-ray\Lib\site-packages\lifelines\fitters\coxph_fitter.py:1607: ConvergenceWarning: Newton-Raphson convergence completed successfully but norm(delta) is still high, 0.503. This may imply non-unique solutions to the maximum likelihood. Perhaps there is collinearity or complete separation in the dataset?

  warnings.warn(
Epoch  25 | lr=1.26e-04 | loss=0.4848 | train_c_index=0.9866 | val_c_index=0.6725 | val_HR=3.054 [1.080, 8.638] | val_logrank_p=0.0276 | val_AUC_mean=0.8170 (auc_365d=0.7396 auc_730d=0.7637 auc_1095d=0.9478)
C:\Users\wonse\anaconda3\envs\PathViT-ray\Lib\site-packages\lifelines\fitters\coxph_fitter.py:1607: ConvergenceWarning: Newton-Raphson convergence completed successfully but norm(delta) is still high, 0.503. This may imply non-unique solutions to the maximum likelihood. Perhaps there is collinearity or complete separation in the dataset?

  warnings.warn(
Epoch  26 | lr=9.14e-05 | loss=0.4698 | train_c_index=0.9871 | val_c_index=0.6761 | val_HR=3.054 [1.080, 8.638] | val_logrank_p=0.0276 | val_AUC_mean=0.8161 (auc_365d=0.7498 auc_730d=0.7727 auc_1095d=0.9258)
C:\Users\wonse\anaconda3\envs\PathViT-ray\Lib\site-packages\lifelines\fitters\coxph_fitter.py:1607: ConvergenceWarning: Newton-Raphson convergence completed successfully but norm(delta) is still high, 0.503. This may imply non-unique solutions to the maximum likelihood. Perhaps there is collinearity or complete separation in the dataset?

  warnings.warn(
Epoch  27 | lr=6.27e-05 | loss=0.4443 | train_c_index=0.9879 | val_c_index=0.6725 | val_HR=3.054 [1.080, 8.638] | val_logrank_p=0.0276 | val_AUC_mean=0.8132 (auc_365d=0.7498 auc_730d=0.7675 auc_1095d=0.9223)
C:\Users\wonse\anaconda3\envs\PathViT-ray\Lib\site-packages\lifelines\fitters\coxph_fitter.py:1607: ConvergenceWarning: Newton-Raphson convergence completed successfully but norm(delta) is still high, 0.503. This may imply non-unique solutions to the maximum likelihood. Perhaps there is collinearity or complete separation in the dataset?

  warnings.warn(
Epoch  28 | lr=3.99e-05 | loss=0.4578 | train_c_index=0.9884 | val_c_index=0.6690 | val_HR=3.054 [1.080, 8.638] | val_logrank_p=0.0276 | val_AUC_mean=0.8115 (auc_365d=0.7498 auc_730d=0.7622 auc_1095d=0.9223)
C:\Users\wonse\anaconda3\envs\PathViT-ray\Lib\site-packages\lifelines\fitters\coxph_fitter.py:1607: ConvergenceWarning: Newton-Raphson convergence completed successfully but norm(delta) is still high, 0.503. This may imply non-unique solutions to the maximum likelihood. Perhaps there is collinearity or complete separation in the dataset?

  warnings.warn(
Epoch  29 | lr=2.33e-05 | loss=0.4014 | train_c_index=0.9884 | val_c_index=0.6690 | val_HR=3.054 [1.080, 8.638] | val_logrank_p=0.0276 | val_AUC_mean=0.8115 (auc_365d=0.7498 auc_730d=0.7622 auc_1095d=0.9223)
C:\Users\wonse\anaconda3\envs\PathViT-ray\Lib\site-packages\lifelines\fitters\coxph_fitter.py:1607: ConvergenceWarning: Newton-Raphson convergence completed successfully but norm(delta) is still high, 0.503. This may imply non-unique solutions to the maximum likelihood. Perhaps there is collinearity or complete separation in the dataset?

  warnings.warn(
Epoch  30 | lr=1.33e-05 | loss=0.3757 | train_c_index=0.9884 | val_c_index=0.6690 | val_HR=3.054 [1.080, 8.638] | val_logrank_p=0.0276 | val_AUC_mean=0.8115 (auc_365d=0.7498 auc_730d=0.7622 auc_1095d=0.9223)

=== Internal Test (best checkpoint epoch 12) ===
test_c_index=0.6897 | test_HR=2.932 [1.010, 8.508] | test_logrank_p=0.0384 | test_AUC_mean=0.6657 (auc_365d=0.8564 auc_730d=0.5753 auc_1095d=0.5654)
  -> fold predictions saved: D:\wonse\Documents\Job\urban_datalab\PATH-ViT\.logs\kfold_preds\tcga_M6_INT1500_FOLD4OF5_seed126_fold4of5.csv
wandb: updating run metadata
wandb: uploading output.log; uploading wandb-summary.json; uploading config.yaml
wandb: 
wandb: Run history:
wandb:              train/c_index ▁▄▅▆▆▆▇▇▇▇▇▇▇▇████████████████
wandb:                 train/loss █▆▅▅▃▄▃▃▂▂▂▂▃▃▂▂▁▁▂▁▁▁▁▁▂▁▁▁▁▁
wandb:                   train/lr ▃▆██████▇▇▇▇▆▆▅▅▅▄▄▃▃▃▂▂▂▂▁▁▁▁
wandb:   val_performance/auc_mean ▁▂▁▂█▆▆▅▆▂▃███▅▇▇▇▇▆▇▇▇▇▇▇▇▆▆▆
wandb:    val_performance/c_index ▅▅▃▄█▆▄▁▄▂▆█▇▇▅▅▄▄▅▅▅▅▅▄▄▄▄▃▃▃
wandb:         val_performance/hr ▁▂▁▂▂▂▃▂▁▂▂▆█▂▂▂▂▂▂▂▂▂▂▂▂▂▂▂▂▂
wandb: val_performance/log_rank_p ▅▃▇▃▃▃▂▄█▃▃▁▁▃▃▃▃▃▃▃▃▃▃▃▃▃▃▃▃▃
wandb: 
wandb: Run summary:
wandb:               best_epoch 12
wandb:         best_val_c_index 0.72183
wandb:            test_auc_mean 0.66568
wandb:             test_c_index 0.68966
wandb:                  test_hr 2.93171
wandb:          test_log_rank_p 0.0384
wandb:            train/c_index 0.98837
wandb:               train/loss 0.37567
wandb:                 train/lr 1e-05
wandb: val_performance/auc_mean 0.81146
wandb:                       +3 ...
wandb: 
wandb:  View run TCGA_M6_INT1500_FOLD4OF5_seed126_0816::1726 at: https://wandb.ai/justin212553/Path-ViT/runs/a9cikvnt
wandb:  View project at: https://wandb.ai/justin212553/Path-ViT
wandb: Synced 5 W&B file(s), 0 media file(s), 0 artifact file(s) and 0 other file(s)
wandb: Find logs at: .\.wandb\run-20260816_172614-a9cikvnt\logs

=== External Test (cptac 전체 코호트) ===
external_c_index=0.6050 | external_HR=2.049 [1.405, 2.988] | external_logrank_p=0.0001 | external_AUC_mean=0.6508 (auc_365d=0.6433 auc_730d=0.6436 auc_1095d=0.6657)
wandb: setting up run d0boquhe
wandb: Tracking run with wandb version 0.28.0
wandb: Run data is saved locally in D:\wonse\Documents\Job\urban_datalab\PATH-ViT\.wandb\run-20260816_172705-d0boquhe
wandb: Run `wandb offline` to turn off syncing.
wandb: Syncing run TCGA_XM6_INT1500_FOLD4OF5_seed126_0816::1726
wandb:  View project at https://wandb.ai/justin212553/Path-ViT
wandb:  View run at https://wandb.ai/justin212553/Path-ViT/runs/d0boquhe
wandb: updating run metadata; uploading summary
wandb: uploading wandb-metadata.json; uploading requirements.txt; uploading wandb-summary.json; uploading config.yaml
wandb: 
wandb: Run history:
wandb:   external/auc_mean ▁
wandb:    external/c_index ▁
wandb:         external/hr ▁
wandb: external/log_rank_p ▁
wandb: 
wandb: Run summary:
wandb:   external/auc_mean 0.65082
wandb:    external/c_index 0.605
wandb:         external/hr 2.04879
wandb: external/log_rank_p 0.00014
wandb: 
wandb:  View run TCGA_XM6_INT1500_FOLD4OF5_seed126_0816::1726 at: https://wandb.ai/justin212553/Path-ViT/runs/d0boquhe
wandb:  View project at: https://wandb.ai/justin212553/Path-ViT
wandb: Synced 4 W&B file(s), 0 media file(s), 0 artifact file(s) and 0 other file(s)
wandb: Find logs at: .\.wandb\run-20260816_172705-d0boquhe\logs
=== FINAL M6 seed=126 fold=4/5 Complete: Sun Aug 16 17:27:07     2026 ===
=== FINAL M7 seed=42 fold=0/5 Start: Sun Aug 16 17:27:07     2026 ===
wandb: [wandb.login()] Loaded credentials for https://api.wandb.ai from C:\Users\wonse\_netrc.
wandb: Currently logged in as: justin212553 to https://api.wandb.ai. Use `wandb login --relogin` to force relogin
wandb: setting up run vti4a0z9
wandb: Tracking run with wandb version 0.28.0
wandb: Run data is saved locally in D:\wonse\Documents\Job\urban_datalab\PATH-ViT\.wandb\run-20260816_172716-vti4a0z9
wandb: Run `wandb offline` to turn off syncing.
wandb: Syncing run TCGA_M7_INT1500_STG_R_COX_ADD_FOLD0OF5_seed42_0816::1727
wandb:  View project at https://wandb.ai/justin212553/Path-ViT
wandb:  View run at https://wandb.ai/justin212553/Path-ViT/runs/vti4a0z9
Model: M7_INT1500_STG_R_COX_ADD_FOLD0OF5 (ClinicalRNAOnly) | params=103,557
Dataset: tcga  (5-fold CV, fold 0)  Train: 90  Val: 31  Test(internal): 31 patients
lr=1.0e-03 | weight_decay=1.0e-02 | epochs=30 | cox_batch_size=16
Epoch   1 | lr=3.33e-04 | loss=1.9798 | train_c_index=0.7766 | val_c_index=0.5993 | val_HR=0.936 [0.334, 2.624] | val_logrank_p=0.8987 | val_AUC_mean=0.5819 (auc_365d=0.7222 auc_730d=0.4459 auc_1095d=0.5778)
  -> checkpoint saved (c_index=0.5993)
Epoch   2 | lr=6.67e-04 | loss=1.6504 | train_c_index=0.8340 | val_c_index=0.6643 | val_HR=1.800 [0.655, 4.944] | val_logrank_p=0.2477 | val_AUC_mean=0.6623 (auc_365d=0.7986 auc_730d=0.5737 auc_1095d=0.6147)
  -> checkpoint saved (c_index=0.6643)
Epoch   3 | lr=1.00e-03 | loss=1.4196 | train_c_index=0.8965 | val_c_index=0.6968 | val_HR=2.171 [0.745, 6.323] | val_logrank_p=0.1459 | val_AUC_mean=0.7527 (auc_365d=0.7783 auc_730d=0.7604 auc_1095d=0.7193)
  -> checkpoint saved (c_index=0.6968)
Epoch   4 | lr=1.00e-03 | loss=1.3030 | train_c_index=0.9141 | val_c_index=0.6931 | val_HR=1.598 [0.565, 4.519] | val_logrank_p=0.3732 | val_AUC_mean=0.6735 (auc_365d=0.7912 auc_730d=0.6147 auc_1095d=0.6147)
Epoch   5 | lr=9.97e-04 | loss=1.1305 | train_c_index=0.9300 | val_c_index=0.7329 | val_HR=3.004 [1.048, 8.610] | val_logrank_p=0.0317 | val_AUC_mean=0.8068 (auc_365d=0.8174 auc_730d=0.8015 auc_1095d=0.8015)
  -> checkpoint saved (c_index=0.7329)
Epoch   6 | lr=9.87e-04 | loss=1.0313 | train_c_index=0.9304 | val_c_index=0.7473 | val_HR=3.004 [1.048, 8.610] | val_logrank_p=0.0317 | val_AUC_mean=0.8812 (auc_365d=0.8037 auc_730d=0.9328 auc_1095d=0.9071)
  -> checkpoint saved (c_index=0.7473)
Epoch   7 | lr=9.70e-04 | loss=0.9565 | train_c_index=0.9518 | val_c_index=0.7437 | val_HR=3.996 [1.289, 12.394] | val_logrank_p=0.0097 | val_AUC_mean=0.9046 (auc_365d=0.7969 auc_730d=0.9585 auc_1095d=0.9585)
Epoch   8 | lr=9.47e-04 | loss=0.8252 | train_c_index=0.9539 | val_c_index=0.7292 | val_HR=3.731 [1.207, 11.537] | val_logrank_p=0.0143 | val_AUC_mean=0.8368 (auc_365d=0.8045 auc_730d=0.8529 auc_1095d=0.8529)
Epoch   9 | lr=9.19e-04 | loss=0.8883 | train_c_index=0.9489 | val_c_index=0.7329 | val_HR=3.731 [1.207, 11.537] | val_logrank_p=0.0143 | val_AUC_mean=0.8368 (auc_365d=0.8045 auc_730d=0.8529 auc_1095d=0.8529)
Epoch  10 | lr=8.84e-04 | loss=0.8258 | train_c_index=0.9539 | val_c_index=0.7329 | val_HR=3.731 [1.207, 11.537] | val_logrank_p=0.0143 | val_AUC_mean=0.8545 (auc_365d=0.8049 auc_730d=0.9057 auc_1095d=0.8529)
Epoch  11 | lr=8.45e-04 | loss=0.7511 | train_c_index=0.9547 | val_c_index=0.7329 | val_HR=3.731 [1.207, 11.537] | val_logrank_p=0.0143 | val_AUC_mean=0.8521 (auc_365d=0.7978 auc_730d=0.9057 auc_1095d=0.8529)
Epoch  12 | lr=8.01e-04 | loss=0.8152 | train_c_index=0.9581 | val_c_index=0.7329 | val_HR=3.731 [1.207, 11.537] | val_logrank_p=0.0143 | val_AUC_mean=0.8402 (auc_365d=0.7841 auc_730d=0.8835 auc_1095d=0.8529)
Epoch  13 | lr=7.52e-04 | loss=0.7804 | train_c_index=0.9614 | val_c_index=0.7329 | val_HR=3.731 [1.207, 11.537] | val_logrank_p=0.0143 | val_AUC_mean=0.8788 (auc_365d=0.7978 auc_730d=0.8800 auc_1095d=0.9585)
Epoch  14 | lr=7.01e-04 | loss=0.6208 | train_c_index=0.9627 | val_c_index=0.7401 | val_HR=3.731 [1.207, 11.537] | val_logrank_p=0.0143 | val_AUC_mean=0.8631 (auc_365d=0.8172 auc_730d=0.8578 auc_1095d=0.9142)
Epoch  15 | lr=6.47e-04 | loss=0.6352 | train_c_index=0.9652 | val_c_index=0.7292 | val_HR=3.731 [1.207, 11.537] | val_logrank_p=0.0143 | val_AUC_mean=0.8625 (auc_365d=0.7898 auc_730d=0.8835 auc_1095d=0.9142)
Epoch  16 | lr=5.91e-04 | loss=0.7473 | train_c_index=0.9669 | val_c_index=0.7184 | val_HR=3.254 [1.136, 9.318] | val_logrank_p=0.0201 | val_AUC_mean=0.8580 (auc_365d=0.7764 auc_730d=0.8835 auc_1095d=0.9142)
Epoch  17 | lr=5.34e-04 | loss=0.6229 | train_c_index=0.9702 | val_c_index=0.7220 | val_HR=4.600 [1.488, 14.219] | val_logrank_p=0.0036 | val_AUC_mean=0.8582 (auc_365d=0.7768 auc_730d=0.8835 auc_1095d=0.9142)
Epoch  18 | lr=4.76e-04 | loss=0.6353 | train_c_index=0.9740 | val_c_index=0.7329 | val_HR=6.011 [1.700, 21.251] | val_logrank_p=0.0016 | val_AUC_mean=0.8584 (auc_365d=0.7775 auc_730d=0.8835 auc_1095d=0.9142)
C:\Users\wonse\anaconda3\envs\PathViT-ray\Lib\site-packages\lifelines\fitters\coxph_fitter.py:1607: ConvergenceWarning: Newton-Raphson convergence completed successfully but norm(delta) is still high, 0.503. This may imply non-unique solutions to the maximum likelihood. Perhaps there is collinearity or complete separation in the dataset?

  warnings.warn(
Epoch  19 | lr=4.19e-04 | loss=0.6585 | train_c_index=0.9807 | val_c_index=0.7473 | val_HR=6.011 [1.700, 21.251] | val_logrank_p=0.0016 | val_AUC_mean=0.8851 (auc_365d=0.7912 auc_730d=0.9057 auc_1095d=0.9585)
Epoch  20 | lr=3.63e-04 | loss=0.6444 | train_c_index=0.9799 | val_c_index=0.7545 | val_HR=3.731 [1.207, 11.537] | val_logrank_p=0.0143 | val_AUC_mean=0.8851 (auc_365d=0.7912 auc_730d=0.9057 auc_1095d=0.9585)
  -> checkpoint saved (c_index=0.7545)
Epoch  21 | lr=3.09e-04 | loss=0.6059 | train_c_index=0.9753 | val_c_index=0.7473 | val_HR=3.731 [1.207, 11.537] | val_logrank_p=0.0143 | val_AUC_mean=0.8851 (auc_365d=0.7912 auc_730d=0.9057 auc_1095d=0.9585)
Epoch  22 | lr=2.58e-04 | loss=0.6608 | train_c_index=0.9740 | val_c_index=0.7329 | val_HR=3.731 [1.207, 11.537] | val_logrank_p=0.0143 | val_AUC_mean=0.8851 (auc_365d=0.7912 auc_730d=0.9057 auc_1095d=0.9585)
Epoch  23 | lr=2.09e-04 | loss=0.6712 | train_c_index=0.9765 | val_c_index=0.7292 | val_HR=3.731 [1.207, 11.537] | val_logrank_p=0.0143 | val_AUC_mean=0.8851 (auc_365d=0.7912 auc_730d=0.9057 auc_1095d=0.9585)
Epoch  24 | lr=1.65e-04 | loss=0.5518 | train_c_index=0.9790 | val_c_index=0.7401 | val_HR=3.731 [1.207, 11.537] | val_logrank_p=0.0143 | val_AUC_mean=0.8874 (auc_365d=0.7980 auc_730d=0.9057 auc_1095d=0.9585)
C:\Users\wonse\anaconda3\envs\PathViT-ray\Lib\site-packages\lifelines\fitters\coxph_fitter.py:1607: ConvergenceWarning: Newton-Raphson convergence completed successfully but norm(delta) is still high, 0.503. This may imply non-unique solutions to the maximum likelihood. Perhaps there is collinearity or complete separation in the dataset?

  warnings.warn(
Epoch  25 | lr=1.26e-04 | loss=0.5961 | train_c_index=0.9807 | val_c_index=0.7365 | val_HR=3.731 [1.207, 11.537] | val_logrank_p=0.0143 | val_AUC_mean=0.8874 (auc_365d=0.7980 auc_730d=0.9057 auc_1095d=0.9585)
C:\Users\wonse\anaconda3\envs\PathViT-ray\Lib\site-packages\lifelines\fitters\coxph_fitter.py:1607: ConvergenceWarning: Newton-Raphson convergence completed successfully but norm(delta) is still high, 0.503. This may imply non-unique solutions to the maximum likelihood. Perhaps there is collinearity or complete separation in the dataset?

  warnings.warn(
Epoch  26 | lr=9.14e-05 | loss=0.5109 | train_c_index=0.9828 | val_c_index=0.7401 | val_HR=3.731 [1.207, 11.537] | val_logrank_p=0.0143 | val_AUC_mean=0.8874 (auc_365d=0.7980 auc_730d=0.9057 auc_1095d=0.9585)
C:\Users\wonse\anaconda3\envs\PathViT-ray\Lib\site-packages\lifelines\fitters\coxph_fitter.py:1607: ConvergenceWarning: Newton-Raphson convergence completed successfully but norm(delta) is still high, 0.503. This may imply non-unique solutions to the maximum likelihood. Perhaps there is collinearity or complete separation in the dataset?

  warnings.warn(
Epoch  27 | lr=6.27e-05 | loss=0.5410 | train_c_index=0.9845 | val_c_index=0.7401 | val_HR=3.731 [1.207, 11.537] | val_logrank_p=0.0143 | val_AUC_mean=0.8874 (auc_365d=0.7980 auc_730d=0.9057 auc_1095d=0.9585)
C:\Users\wonse\anaconda3\envs\PathViT-ray\Lib\site-packages\lifelines\fitters\coxph_fitter.py:1607: ConvergenceWarning: Newton-Raphson convergence completed successfully but norm(delta) is still high, 0.503. This may imply non-unique solutions to the maximum likelihood. Perhaps there is collinearity or complete separation in the dataset?

  warnings.warn(
Epoch  28 | lr=3.99e-05 | loss=0.5625 | train_c_index=0.9862 | val_c_index=0.7401 | val_HR=3.731 [1.207, 11.537] | val_logrank_p=0.0143 | val_AUC_mean=0.8874 (auc_365d=0.7980 auc_730d=0.9057 auc_1095d=0.9585)
C:\Users\wonse\anaconda3\envs\PathViT-ray\Lib\site-packages\lifelines\fitters\coxph_fitter.py:1607: ConvergenceWarning: Newton-Raphson convergence completed successfully but norm(delta) is still high, 0.503. This may imply non-unique solutions to the maximum likelihood. Perhaps there is collinearity or complete separation in the dataset?

  warnings.warn(
Epoch  29 | lr=2.33e-05 | loss=0.5509 | train_c_index=0.9866 | val_c_index=0.7401 | val_HR=3.731 [1.207, 11.537] | val_logrank_p=0.0143 | val_AUC_mean=0.8874 (auc_365d=0.7980 auc_730d=0.9057 auc_1095d=0.9585)
C:\Users\wonse\anaconda3\envs\PathViT-ray\Lib\site-packages\lifelines\fitters\coxph_fitter.py:1607: ConvergenceWarning: Newton-Raphson convergence completed successfully but norm(delta) is still high, 0.503. This may imply non-unique solutions to the maximum likelihood. Perhaps there is collinearity or complete separation in the dataset?

  warnings.warn(
Epoch  30 | lr=1.33e-05 | loss=0.6338 | train_c_index=0.9870 | val_c_index=0.7401 | val_HR=3.731 [1.207, 11.537] | val_logrank_p=0.0143 | val_AUC_mean=0.8874 (auc_365d=0.7980 auc_730d=0.9057 auc_1095d=0.9585)

=== Internal Test (best checkpoint epoch 20) ===
test_c_index=0.6807 | test_HR=3.047 [1.033, 8.989] | test_logrank_p=0.0341 | test_AUC_mean=0.7754 (auc_365d=0.6474 auc_730d=0.7274 auc_1095d=0.9514)
  -> fold predictions saved: D:\wonse\Documents\Job\urban_datalab\PATH-ViT\.logs\kfold_preds\tcga_M7_INT1500_STG_R_COX_ADD_FOLD0OF5_seed42_fold0of5.csv
wandb: updating run metadata
wandb: uploading history steps 24-29, summary, console lines 40-63
wandb: 
wandb: Run history:
wandb:              train/c_index ▁▃▅▆▆▆▇▇▇▇▇▇▇▇▇▇▇█████████████
wandb:                 train/loss █▆▅▅▄▃▃▂▃▃▂▂▂▂▂▂▂▂▂▂▁▂▂▁▁▁▁▁▁▂
wandb:                   train/lr ▃▆██████▇▇▇▇▆▆▅▅▅▄▄▃▃▃▂▂▂▂▁▁▁▁
wandb:   val_performance/auc_mean ▁▃▅▃▆▇█▇▇▇▇▇▇▇▇▇▇▇████████████
wandb:    val_performance/c_index ▁▄▅▅▇██▇▇▇▇▇▇▇▇▆▇▇███▇▇▇▇▇▇▇▇▇
wandb:         val_performance/hr ▁▂▃▂▄▄▅▅▅▅▅▅▅▅▅▄▆██▅▅▅▅▅▅▅▅▅▅▅
wandb: val_performance/log_rank_p █▃▂▄▁▁▁▁▁▁▁▁▁▁▁▁▁▁▁▁▁▁▁▁▁▁▁▁▁▁
wandb: 
wandb: Run summary:
wandb:               best_epoch 20
wandb:         best_val_c_index 0.75451
wandb:            test_auc_mean 0.77541
wandb:             test_c_index 0.6807
wandb:                  test_hr 3.04657
wandb:          test_log_rank_p 0.03412
wandb:            train/c_index 0.98701
wandb:               train/loss 0.63376
wandb:                 train/lr 1e-05
wandb: val_performance/auc_mean 0.88742
wandb:                       +3 ...
wandb: 
wandb:  View run TCGA_M7_INT1500_STG_R_COX_ADD_FOLD0OF5_seed42_0816::1727 at: https://wandb.ai/justin212553/Path-ViT/runs/vti4a0z9
wandb:  View project at: https://wandb.ai/justin212553/Path-ViT
wandb: Synced 5 W&B file(s), 0 media file(s), 0 artifact file(s) and 0 other file(s)
wandb: Find logs at: .\.wandb\run-20260816_172716-vti4a0z9\logs

=== External Test (cptac 전체 코호트) ===
external_c_index=0.5833 | external_HR=1.378 [0.954, 1.990] | external_logrank_p=0.0844 | external_AUC_mean=0.6170 (auc_365d=0.6320 auc_730d=0.6645 auc_1095d=0.5547)
wandb: setting up run swph4plq
wandb: Tracking run with wandb version 0.28.0
wandb: Run data is saved locally in D:\wonse\Documents\Job\urban_datalab\PATH-ViT\.wandb\run-20260816_172837-swph4plq
wandb: Run `wandb offline` to turn off syncing.
wandb: Syncing run TCGA_XM7_INT1500_STG_R_COX_ADD_FOLD0OF5_seed42_0816::1727
wandb:  View project at https://wandb.ai/justin212553/Path-ViT
wandb:  View run at https://wandb.ai/justin212553/Path-ViT/runs/swph4plq
wandb: updating run metadata; uploading summary
wandb: uploading wandb-metadata.json; uploading wandb-summary.json
wandb: 
wandb: Run history:
wandb:   external/auc_mean ▁
wandb:    external/c_index ▁
wandb:         external/hr ▁
wandb: external/log_rank_p ▁
wandb: 
wandb: Run summary:
wandb:   external/auc_mean 0.61705
wandb:    external/c_index 0.58334
wandb:         external/hr 1.37763
wandb: external/log_rank_p 0.08439
wandb: 
wandb:  View run TCGA_XM7_INT1500_STG_R_COX_ADD_FOLD0OF5_seed42_0816::1727 at: https://wandb.ai/justin212553/Path-ViT/runs/swph4plq
wandb:  View project at: https://wandb.ai/justin212553/Path-ViT
wandb: Synced 4 W&B file(s), 0 media file(s), 0 artifact file(s) and 0 other file(s)
wandb: Find logs at: .\.wandb\run-20260816_172837-swph4plq\logs
=== FINAL M7 seed=42 fold=0/5 Complete: Sun Aug 16 17:28:39     2026 ===
=== FINAL M7 seed=42 fold=1/5 Start: Sun Aug 16 17:28:39     2026 ===
wandb: [wandb.login()] Loaded credentials for https://api.wandb.ai from C:\Users\wonse\_netrc.
wandb: Currently logged in as: justin212553 to https://api.wandb.ai. Use `wandb login --relogin` to force relogin
wandb: setting up run b3g1srfp
wandb: Tracking run with wandb version 0.28.0
wandb: Run data is saved locally in D:\wonse\Documents\Job\urban_datalab\PATH-ViT\.wandb\run-20260816_172848-b3g1srfp
wandb: Run `wandb offline` to turn off syncing.
wandb: Syncing run TCGA_M7_INT1500_STG_R_COX_ADD_FOLD1OF5_seed42_0816::1728
wandb:  View project at https://wandb.ai/justin212553/Path-ViT
wandb:  View run at https://wandb.ai/justin212553/Path-ViT/runs/b3g1srfp
Model: M7_INT1500_STG_R_COX_ADD_FOLD1OF5 (ClinicalRNAOnly) | params=103,557
Dataset: tcga  (5-fold CV, fold 1)  Train: 91  Val: 31  Test(internal): 30 patients
lr=1.0e-03 | weight_decay=1.0e-02 | epochs=30 | cox_batch_size=16
Epoch   1 | lr=3.33e-04 | loss=1.9342 | train_c_index=0.7884 | val_c_index=0.6134 | val_HR=2.057 [0.722, 5.857] | val_logrank_p=0.1676 | val_AUC_mean=0.5938 (auc_365d=0.6488 auc_730d=0.5526 auc_1095d=0.5799)
  -> checkpoint saved (c_index=0.6134)
Epoch   2 | lr=6.67e-04 | loss=1.6163 | train_c_index=0.8374 | val_c_index=0.6022 | val_HR=1.645 [0.606, 4.470] | val_logrank_p=0.3240 | val_AUC_mean=0.5369 (auc_365d=0.6449 auc_730d=0.4358 auc_1095d=0.5300)
Epoch   3 | lr=1.00e-03 | loss=1.4551 | train_c_index=0.8971 | val_c_index=0.5985 | val_HR=1.071 [0.400, 2.867] | val_logrank_p=0.8918 | val_AUC_mean=0.5768 (auc_365d=0.6352 auc_730d=0.4413 auc_1095d=0.6540)
Epoch   4 | lr=1.00e-03 | loss=1.2468 | train_c_index=0.9154 | val_c_index=0.5725 | val_HR=0.932 [0.346, 2.515] | val_logrank_p=0.8898 | val_AUC_mean=0.6027 (auc_365d=0.5909 auc_730d=0.5135 auc_1095d=0.7038)
Epoch   5 | lr=9.97e-04 | loss=1.1440 | train_c_index=0.9269 | val_c_index=0.5948 | val_HR=0.769 [0.287, 2.060] | val_logrank_p=0.6002 | val_AUC_mean=0.6066 (auc_365d=0.6271 auc_730d=0.4888 auc_1095d=0.7038)
Epoch   6 | lr=9.87e-04 | loss=1.0851 | train_c_index=0.9359 | val_c_index=0.6171 | val_HR=1.114 [0.419, 2.963] | val_logrank_p=0.8281 | val_AUC_mean=0.6515 (auc_365d=0.6419 auc_730d=0.5469 auc_1095d=0.7656)
  -> checkpoint saved (c_index=0.6171)
Epoch   7 | lr=9.70e-04 | loss=0.9092 | train_c_index=0.9350 | val_c_index=0.6357 | val_HR=0.843 [0.312, 2.279] | val_logrank_p=0.7365 | val_AUC_mean=0.6697 (auc_365d=0.6562 auc_730d=0.5861 auc_1095d=0.7668)
  -> checkpoint saved (c_index=0.6357)
Epoch   8 | lr=9.47e-04 | loss=0.8713 | train_c_index=0.9461 | val_c_index=0.6283 | val_HR=0.843 [0.312, 2.279] | val_logrank_p=0.7365 | val_AUC_mean=0.6824 (auc_365d=0.6548 auc_730d=0.5960 auc_1095d=0.7963)
Epoch   9 | lr=9.19e-04 | loss=0.8075 | train_c_index=0.9502 | val_c_index=0.6580 | val_HR=1.755 [0.646, 4.764] | val_logrank_p=0.2636 | val_AUC_mean=0.6598 (auc_365d=0.6153 auc_730d=0.6176 auc_1095d=0.7465)
  -> checkpoint saved (c_index=0.6580)
Epoch  10 | lr=8.84e-04 | loss=0.9725 | train_c_index=0.9587 | val_c_index=0.6617 | val_HR=1.771 [0.654, 4.800] | val_logrank_p=0.2548 | val_AUC_mean=0.6670 (auc_365d=0.6276 auc_730d=0.6474 auc_1095d=0.7261)
  -> checkpoint saved (c_index=0.6617)
Epoch  11 | lr=8.45e-04 | loss=0.7252 | train_c_index=0.9579 | val_c_index=0.6320 | val_HR=2.083 [0.732, 5.928] | val_logrank_p=0.1596 | val_AUC_mean=0.6473 (auc_365d=0.6345 auc_730d=0.6201 auc_1095d=0.6872)
Epoch  12 | lr=8.01e-04 | loss=0.8067 | train_c_index=0.9612 | val_c_index=0.6394 | val_HR=0.843 [0.312, 2.279] | val_logrank_p=0.7365 | val_AUC_mean=0.6395 (auc_365d=0.6999 auc_730d=0.5430 auc_1095d=0.6756)
Epoch  13 | lr=7.52e-04 | loss=0.7323 | train_c_index=0.9649 | val_c_index=0.6134 | val_HR=0.843 [0.312, 2.279] | val_logrank_p=0.7365 | val_AUC_mean=0.6055 (auc_365d=0.6772 auc_730d=0.4736 auc_1095d=0.6658)
Epoch  14 | lr=7.01e-04 | loss=0.7588 | train_c_index=0.9681 | val_c_index=0.6283 | val_HR=1.303 [0.475, 3.574] | val_logrank_p=0.6062 | val_AUC_mean=0.6455 (auc_365d=0.7024 auc_730d=0.5184 auc_1095d=0.7157)
Epoch  15 | lr=6.47e-04 | loss=0.7044 | train_c_index=0.9718 | val_c_index=0.6543 | val_HR=2.112 [0.741, 6.015] | val_logrank_p=0.1522 | val_AUC_mean=0.6566 (auc_365d=0.6940 auc_730d=0.5601 auc_1095d=0.7157)
Epoch  16 | lr=5.91e-04 | loss=0.6858 | train_c_index=0.9759 | val_c_index=0.6617 | val_HR=1.798 [0.662, 4.880] | val_logrank_p=0.2429 | val_AUC_mean=0.6527 (auc_365d=0.6923 auc_730d=0.5703 auc_1095d=0.6953)
Epoch  17 | lr=5.34e-04 | loss=0.5433 | train_c_index=0.9706 | val_c_index=0.6506 | val_HR=1.798 [0.662, 4.880] | val_logrank_p=0.2429 | val_AUC_mean=0.6311 (auc_365d=0.6936 auc_730d=0.5338 auc_1095d=0.6658)
Epoch  18 | lr=4.76e-04 | loss=0.7217 | train_c_index=0.9702 | val_c_index=0.6468 | val_HR=1.798 [0.662, 4.880] | val_logrank_p=0.2429 | val_AUC_mean=0.6276 (auc_365d=0.6868 auc_730d=0.5300 auc_1095d=0.6658)
C:\Users\wonse\anaconda3\envs\PathViT-ray\Lib\site-packages\lifelines\fitters\coxph_fitter.py:1607: ConvergenceWarning: Newton-Raphson convergence completed successfully but norm(delta) is still high, 0.503. This may imply non-unique solutions to the maximum likelihood. Perhaps there is collinearity or complete separation in the dataset?

  warnings.warn(
Epoch  19 | lr=4.19e-04 | loss=0.6570 | train_c_index=0.9747 | val_c_index=0.6543 | val_HR=1.831 [0.675, 4.971] | val_logrank_p=0.2281 | val_AUC_mean=0.6306 (auc_365d=0.6959 auc_730d=0.5300 auc_1095d=0.6658)
Epoch  20 | lr=3.63e-04 | loss=0.6085 | train_c_index=0.9730 | val_c_index=0.6543 | val_HR=1.831 [0.675, 4.971] | val_logrank_p=0.2281 | val_AUC_mean=0.6306 (auc_365d=0.6959 auc_730d=0.5300 auc_1095d=0.6658)
Epoch  21 | lr=3.09e-04 | loss=0.5260 | train_c_index=0.9763 | val_c_index=0.6691 | val_HR=2.112 [0.741, 6.015] | val_logrank_p=0.1522 | val_AUC_mean=0.6476 (auc_365d=0.7176 auc_730d=0.5594 auc_1095d=0.6658)
  -> checkpoint saved (c_index=0.6691)
Epoch  22 | lr=2.58e-04 | loss=0.7101 | train_c_index=0.9747 | val_c_index=0.6617 | val_HR=2.112 [0.741, 6.015] | val_logrank_p=0.1522 | val_AUC_mean=0.6267 (auc_365d=0.7097 auc_730d=0.5440 auc_1095d=0.6263)
Epoch  23 | lr=2.09e-04 | loss=0.5208 | train_c_index=0.9747 | val_c_index=0.6654 | val_HR=2.112 [0.741, 6.015] | val_logrank_p=0.1522 | val_AUC_mean=0.6251 (auc_365d=0.7010 auc_730d=0.5481 auc_1095d=0.6263)
Epoch  24 | lr=1.65e-04 | loss=0.6466 | train_c_index=0.9743 | val_c_index=0.6580 | val_HR=2.112 [0.741, 6.015] | val_logrank_p=0.1522 | val_AUC_mean=0.6225 (auc_365d=0.6930 auc_730d=0.5481 auc_1095d=0.6263)
C:\Users\wonse\anaconda3\envs\PathViT-ray\Lib\site-packages\lifelines\fitters\coxph_fitter.py:1607: ConvergenceWarning: Newton-Raphson convergence completed successfully but norm(delta) is still high, 0.503. This may imply non-unique solutions to the maximum likelihood. Perhaps there is collinearity or complete separation in the dataset?

  warnings.warn(
Epoch  25 | lr=1.26e-04 | loss=0.6448 | train_c_index=0.9763 | val_c_index=0.6617 | val_HR=2.112 [0.741, 6.015] | val_logrank_p=0.1522 | val_AUC_mean=0.6384 (auc_365d=0.6936 auc_730d=0.5557 auc_1095d=0.6658)
C:\Users\wonse\anaconda3\envs\PathViT-ray\Lib\site-packages\lifelines\fitters\coxph_fitter.py:1607: ConvergenceWarning: Newton-Raphson convergence completed successfully but norm(delta) is still high, 0.503. This may imply non-unique solutions to the maximum likelihood. Perhaps there is collinearity or complete separation in the dataset?

  warnings.warn(
Epoch  26 | lr=9.14e-05 | loss=0.6287 | train_c_index=0.9792 | val_c_index=0.6617 | val_HR=2.112 [0.741, 6.015] | val_logrank_p=0.1522 | val_AUC_mean=0.6358 (auc_365d=0.6936 auc_730d=0.5478 auc_1095d=0.6658)
C:\Users\wonse\anaconda3\envs\PathViT-ray\Lib\site-packages\lifelines\fitters\coxph_fitter.py:1607: ConvergenceWarning: Newton-Raphson convergence completed successfully but norm(delta) is still high, 0.503. This may imply non-unique solutions to the maximum likelihood. Perhaps there is collinearity or complete separation in the dataset?

  warnings.warn(
Epoch  27 | lr=6.27e-05 | loss=0.5583 | train_c_index=0.9812 | val_c_index=0.6543 | val_HR=2.112 [0.741, 6.015] | val_logrank_p=0.1522 | val_AUC_mean=0.6225 (auc_365d=0.6936 auc_730d=0.5285 auc_1095d=0.6455)
C:\Users\wonse\anaconda3\envs\PathViT-ray\Lib\site-packages\lifelines\fitters\coxph_fitter.py:1607: ConvergenceWarning: Newton-Raphson convergence completed successfully but norm(delta) is still high, 0.503. This may imply non-unique solutions to the maximum likelihood. Perhaps there is collinearity or complete separation in the dataset?

  warnings.warn(
Epoch  28 | lr=3.99e-05 | loss=0.5506 | train_c_index=0.9812 | val_c_index=0.6543 | val_HR=2.112 [0.741, 6.015] | val_logrank_p=0.1522 | val_AUC_mean=0.6225 (auc_365d=0.6936 auc_730d=0.5285 auc_1095d=0.6455)
C:\Users\wonse\anaconda3\envs\PathViT-ray\Lib\site-packages\lifelines\fitters\coxph_fitter.py:1607: ConvergenceWarning: Newton-Raphson convergence completed successfully but norm(delta) is still high, 0.503. This may imply non-unique solutions to the maximum likelihood. Perhaps there is collinearity or complete separation in the dataset?

  warnings.warn(
Epoch  29 | lr=2.33e-05 | loss=0.5651 | train_c_index=0.9804 | val_c_index=0.6580 | val_HR=2.112 [0.741, 6.015] | val_logrank_p=0.1522 | val_AUC_mean=0.6295 (auc_365d=0.6936 auc_730d=0.5290 auc_1095d=0.6658)
C:\Users\wonse\anaconda3\envs\PathViT-ray\Lib\site-packages\lifelines\fitters\coxph_fitter.py:1607: ConvergenceWarning: Newton-Raphson convergence completed successfully but norm(delta) is still high, 0.503. This may imply non-unique solutions to the maximum likelihood. Perhaps there is collinearity or complete separation in the dataset?

  warnings.warn(
Epoch  30 | lr=1.33e-05 | loss=0.6120 | train_c_index=0.9804 | val_c_index=0.6580 | val_HR=2.112 [0.741, 6.015] | val_logrank_p=0.1522 | val_AUC_mean=0.6295 (auc_365d=0.6936 auc_730d=0.5290 auc_1095d=0.6658)

=== Internal Test (best checkpoint epoch 21) ===
test_c_index=0.6525 | test_HR=2.480 [0.888, 6.929] | test_logrank_p=0.0737 | test_AUC_mean=0.7213 (auc_365d=0.5735 auc_730d=0.8272 auc_1095d=0.7631)
  -> fold predictions saved: D:\wonse\Documents\Job\urban_datalab\PATH-ViT\.logs\kfold_preds\tcga_M7_INT1500_STG_R_COX_ADD_FOLD1OF5_seed42_fold1of5.csv
wandb: updating run metadata
wandb: uploading output.log; uploading wandb-summary.json; uploading config.yaml
wandb: 
wandb: Run history:
wandb:              train/c_index ▁▃▅▆▆▆▆▇▇▇▇▇▇█████████████████
wandb:                 train/loss █▆▆▅▄▄▃▃▂▃▂▂▂▂▂▂▁▂▂▁▁▂▁▂▂▂▁▁▁▁
wandb:                   train/lr ▃▆██████▇▇▇▇▆▆▅▅▅▄▄▃▃▃▂▂▂▂▁▁▁▁
wandb:   val_performance/auc_mean ▄▁▃▄▄▇▇█▇▇▆▆▄▆▇▇▆▅▆▆▆▅▅▅▆▆▅▅▅▅
wandb:    val_performance/c_index ▄▃▃▁▃▄▆▅▇▇▅▆▄▅▇▇▇▆▇▇█▇█▇▇▇▇▇▇▇
wandb:         val_performance/hr █▆▃▂▁▃▁▁▆▆█▁▁▄█▆▆▆▇▇██████████
wandb: val_performance/log_rank_p ▁▃██▅▇▇▇▂▂▁▇▇▅▁▂▂▂▂▂▁▁▁▁▁▁▁▁▁▁
wandb: 
wandb: Run summary:
wandb:               best_epoch 21
wandb:         best_val_c_index 0.66914
wandb:            test_auc_mean 0.72128
wandb:             test_c_index 0.65248
wandb:                  test_hr 2.48038
wandb:          test_log_rank_p 0.07367
wandb:            train/c_index 0.98039
wandb:               train/loss 0.61197
wandb:                 train/lr 1e-05
wandb: val_performance/auc_mean 0.62949
wandb:                       +3 ...
wandb: 
wandb:  View run TCGA_M7_INT1500_STG_R_COX_ADD_FOLD1OF5_seed42_0816::1728 at: https://wandb.ai/justin212553/Path-ViT/runs/b3g1srfp
wandb:  View project at: https://wandb.ai/justin212553/Path-ViT
wandb: Synced 5 W&B file(s), 0 media file(s), 0 artifact file(s) and 0 other file(s)
wandb: Find logs at: .\.wandb\run-20260816_172848-b3g1srfp\logs

=== External Test (cptac 전체 코호트) ===
external_c_index=0.6170 | external_HR=1.599 [1.105, 2.315] | external_logrank_p=0.0118 | external_AUC_mean=0.6389 (auc_365d=0.6776 auc_730d=0.6570 auc_1095d=0.5822)
wandb: setting up run pjug7sy7
wandb: Tracking run with wandb version 0.28.0
wandb: Run data is saved locally in D:\wonse\Documents\Job\urban_datalab\PATH-ViT\.wandb\run-20260816_173004-pjug7sy7
wandb: Run `wandb offline` to turn off syncing.
wandb: Syncing run TCGA_XM7_INT1500_STG_R_COX_ADD_FOLD1OF5_seed42_0816::1728
wandb:  View project at https://wandb.ai/justin212553/Path-ViT
wandb:  View run at https://wandb.ai/justin212553/Path-ViT/runs/pjug7sy7
wandb: updating run metadata; uploading summary
wandb: uploading config.yaml; uploading wandb-metadata.json; uploading requirements.txt; uploading wandb-summary.json
wandb: uploading wandb-summary.json
wandb: 
wandb: Run history:
wandb:   external/auc_mean ▁
wandb:    external/c_index ▁
wandb:         external/hr ▁
wandb: external/log_rank_p ▁
wandb: 
wandb: Run summary:
wandb:   external/auc_mean 0.63891
wandb:    external/c_index 0.61697
wandb:         external/hr 1.59918
wandb: external/log_rank_p 0.0118
wandb: 
wandb:  View run TCGA_XM7_INT1500_STG_R_COX_ADD_FOLD1OF5_seed42_0816::1728 at: https://wandb.ai/justin212553/Path-ViT/runs/pjug7sy7
wandb:  View project at: https://wandb.ai/justin212553/Path-ViT
wandb: Synced 4 W&B file(s), 0 media file(s), 0 artifact file(s) and 0 other file(s)
wandb: Find logs at: .\.wandb\run-20260816_173004-pjug7sy7\logs
=== FINAL M7 seed=42 fold=1/5 Complete: Sun Aug 16 17:30:07     2026 ===
=== FINAL M7 seed=42 fold=2/5 Start: Sun Aug 16 17:30:07     2026 ===
wandb: [wandb.login()] Loaded credentials for https://api.wandb.ai from C:\Users\wonse\_netrc.
wandb: Currently logged in as: justin212553 to https://api.wandb.ai. Use `wandb login --relogin` to force relogin
wandb: setting up run grdhetl7
wandb: Tracking run with wandb version 0.28.0
wandb: Run data is saved locally in D:\wonse\Documents\Job\urban_datalab\PATH-ViT\.wandb\run-20260816_173016-grdhetl7
wandb: Run `wandb offline` to turn off syncing.
wandb: Syncing run TCGA_M7_INT1500_STG_R_COX_ADD_FOLD2OF5_seed42_0816::1730
wandb:  View project at https://wandb.ai/justin212553/Path-ViT
wandb:  View run at https://wandb.ai/justin212553/Path-ViT/runs/grdhetl7
Model: M7_INT1500_STG_R_COX_ADD_FOLD2OF5 (ClinicalRNAOnly) | params=103,557
Dataset: tcga  (5-fold CV, fold 2)  Train: 92  Val: 31  Test(internal): 29 patients
lr=1.0e-03 | weight_decay=1.0e-02 | epochs=30 | cox_batch_size=16
Epoch   1 | lr=3.33e-04 | loss=2.1253 | train_c_index=0.7546 | val_c_index=0.7106 | val_HR=3.157 [1.095, 9.106] | val_logrank_p=0.0248 | val_AUC_mean=0.7690 (auc_365d=0.7621 auc_730d=0.7014 auc_1095d=0.8436)
  -> checkpoint saved (c_index=0.7106)
Epoch   2 | lr=6.67e-04 | loss=1.6226 | train_c_index=0.8456 | val_c_index=0.6960 | val_HR=2.217 [0.833, 5.901] | val_logrank_p=0.1023 | val_AUC_mean=0.6602 (auc_365d=0.7980 auc_730d=0.5111 auc_1095d=0.6716)
Epoch   3 | lr=1.00e-03 | loss=1.5306 | train_c_index=0.8958 | val_c_index=0.7289 | val_HR=2.082 [0.784, 5.530] | val_logrank_p=0.1331 | val_AUC_mean=0.7051 (auc_365d=0.8254 auc_730d=0.5457 auc_1095d=0.7441)
  -> checkpoint saved (c_index=0.7289)
Epoch   4 | lr=1.00e-03 | loss=1.2943 | train_c_index=0.9226 | val_c_index=0.7033 | val_HR=2.357 [0.852, 6.521] | val_logrank_p=0.0891 | val_AUC_mean=0.6840 (auc_365d=0.7625 auc_730d=0.5682 auc_1095d=0.7211)
Epoch   5 | lr=9.97e-04 | loss=1.2202 | train_c_index=0.9350 | val_c_index=0.6410 | val_HR=2.035 [0.737, 5.615] | val_logrank_p=0.1614 | val_AUC_mean=0.6607 (auc_365d=0.7250 auc_730d=0.5564 auc_1095d=0.7008)
Epoch   6 | lr=9.87e-04 | loss=1.0382 | train_c_index=0.9312 | val_c_index=0.7033 | val_HR=2.536 [0.879, 7.318] | val_logrank_p=0.0746 | val_AUC_mean=0.7672 (auc_365d=0.7840 auc_730d=0.6801 auc_1095d=0.8374)
Epoch   7 | lr=9.70e-04 | loss=1.1460 | train_c_index=0.9362 | val_c_index=0.7070 | val_HR=2.617 [0.907, 7.546] | val_logrank_p=0.0645 | val_AUC_mean=0.7653 (auc_365d=0.7968 auc_730d=0.6616 auc_1095d=0.8374)
Epoch   8 | lr=9.47e-04 | loss=0.9691 | train_c_index=0.9448 | val_c_index=0.6520 | val_HR=2.617 [0.907, 7.546] | val_logrank_p=0.0645 | val_AUC_mean=0.6575 (auc_365d=0.7433 auc_730d=0.5314 auc_1095d=0.6979)
Epoch   9 | lr=9.19e-04 | loss=0.8880 | train_c_index=0.9533 | val_c_index=0.6374 | val_HR=1.385 [0.532, 3.607] | val_logrank_p=0.5035 | val_AUC_mean=0.5839 (auc_365d=0.7514 auc_730d=0.4516 auc_1095d=0.5486)
Epoch  10 | lr=8.84e-04 | loss=0.7453 | train_c_index=0.9525 | val_c_index=0.6154 | val_HR=1.282 [0.493, 3.333] | val_logrank_p=0.6099 | val_AUC_mean=0.5377 (auc_365d=0.6959 auc_730d=0.4317 auc_1095d=0.4856)
Epoch  11 | lr=8.45e-04 | loss=0.8299 | train_c_index=0.9580 | val_c_index=0.6410 | val_HR=2.951 [1.018, 8.555] | val_logrank_p=0.0370 | val_AUC_mean=0.6257 (auc_365d=0.7019 auc_730d=0.5335 auc_1095d=0.6417)
Epoch  12 | lr=8.01e-04 | loss=0.7343 | train_c_index=0.9627 | val_c_index=0.6630 | val_HR=2.951 [1.018, 8.555] | val_logrank_p=0.0370 | val_AUC_mean=0.6977 (auc_365d=0.7304 auc_730d=0.5813 auc_1095d=0.7813)
Epoch  13 | lr=7.52e-04 | loss=0.7761 | train_c_index=0.9568 | val_c_index=0.6520 | val_HR=2.028 [0.766, 5.375] | val_logrank_p=0.1468 | val_AUC_mean=0.6442 (auc_365d=0.7444 auc_730d=0.5131 auc_1095d=0.6751)
Epoch  14 | lr=7.01e-04 | loss=0.8461 | train_c_index=0.9630 | val_c_index=0.6630 | val_HR=2.028 [0.766, 5.375] | val_logrank_p=0.1468 | val_AUC_mean=0.6728 (auc_365d=0.7719 auc_730d=0.5319 auc_1095d=0.7146)
Epoch  15 | lr=6.47e-04 | loss=0.7818 | train_c_index=0.9685 | val_c_index=0.6593 | val_HR=2.028 [0.766, 5.375] | val_logrank_p=0.1468 | val_AUC_mean=0.6759 (auc_365d=0.7626 auc_730d=0.5505 auc_1095d=0.7146)
Epoch  16 | lr=5.91e-04 | loss=0.6687 | train_c_index=0.9681 | val_c_index=0.6777 | val_HR=2.028 [0.766, 5.375] | val_logrank_p=0.1468 | val_AUC_mean=0.7141 (auc_365d=0.7850 auc_730d=0.6030 auc_1095d=0.7541)
Epoch  17 | lr=5.34e-04 | loss=0.7147 | train_c_index=0.9658 | val_c_index=0.6886 | val_HR=2.028 [0.766, 5.375] | val_logrank_p=0.1468 | val_AUC_mean=0.7234 (auc_365d=0.7727 auc_730d=0.6101 auc_1095d=0.7875)
Epoch  18 | lr=4.76e-04 | loss=0.6601 | train_c_index=0.9701 | val_c_index=0.6996 | val_HR=2.308 [0.845, 6.302] | val_logrank_p=0.0935 | val_AUC_mean=0.6939 (auc_365d=0.7918 auc_730d=0.5813 auc_1095d=0.7085)
Epoch  19 | lr=4.19e-04 | loss=0.7059 | train_c_index=0.9739 | val_c_index=0.6923 | val_HR=2.308 [0.845, 6.302] | val_logrank_p=0.0935 | val_AUC_mean=0.6740 (auc_365d=0.7839 auc_730d=0.5411 auc_1095d=0.6971)
Epoch  20 | lr=3.63e-04 | loss=0.6554 | train_c_index=0.9739 | val_c_index=0.6886 | val_HR=2.951 [1.018, 8.555] | val_logrank_p=0.0370 | val_AUC_mean=0.6773 (auc_365d=0.7692 auc_730d=0.5657 auc_1095d=0.6971)
C:\Users\wonse\anaconda3\envs\PathViT-ray\Lib\site-packages\lifelines\fitters\coxph_fitter.py:1607: ConvergenceWarning: Newton-Raphson convergence completed successfully but norm(delta) is still high, 0.503. This may imply non-unique solutions to the maximum likelihood. Perhaps there is collinearity or complete separation in the dataset?

  warnings.warn(
Epoch  21 | lr=3.09e-04 | loss=0.5678 | train_c_index=0.9771 | val_c_index=0.6960 | val_HR=2.951 [1.018, 8.555] | val_logrank_p=0.0370 | val_AUC_mean=0.6743 (auc_365d=0.7847 auc_730d=0.5411 auc_1095d=0.6971)
C:\Users\wonse\anaconda3\envs\PathViT-ray\Lib\site-packages\lifelines\fitters\coxph_fitter.py:1607: ConvergenceWarning: Newton-Raphson convergence completed successfully but norm(delta) is still high, 0.503. This may imply non-unique solutions to the maximum likelihood. Perhaps there is collinearity or complete separation in the dataset?

  warnings.warn(
Epoch  22 | lr=2.58e-04 | loss=0.5308 | train_c_index=0.9782 | val_c_index=0.6960 | val_HR=2.951 [1.018, 8.555] | val_logrank_p=0.0370 | val_AUC_mean=0.6912 (auc_365d=0.7783 auc_730d=0.5536 auc_1095d=0.7418)
C:\Users\wonse\anaconda3\envs\PathViT-ray\Lib\site-packages\lifelines\fitters\coxph_fitter.py:1607: ConvergenceWarning: Newton-Raphson convergence completed successfully but norm(delta) is still high, 0.503. This may imply non-unique solutions to the maximum likelihood. Perhaps there is collinearity or complete separation in the dataset?

  warnings.warn(
Epoch  23 | lr=2.09e-04 | loss=0.5966 | train_c_index=0.9813 | val_c_index=0.6923 | val_HR=2.028 [0.766, 5.375] | val_logrank_p=0.1468 | val_AUC_mean=0.6931 (auc_365d=0.7847 auc_730d=0.5465 auc_1095d=0.7480)
C:\Users\wonse\anaconda3\envs\PathViT-ray\Lib\site-packages\lifelines\fitters\coxph_fitter.py:1607: ConvergenceWarning: Newton-Raphson convergence completed successfully but norm(delta) is still high, 0.503. This may imply non-unique solutions to the maximum likelihood. Perhaps there is collinearity or complete separation in the dataset?

  warnings.warn(
Epoch  24 | lr=1.65e-04 | loss=0.5309 | train_c_index=0.9809 | val_c_index=0.6923 | val_HR=2.028 [0.766, 5.375] | val_logrank_p=0.1468 | val_AUC_mean=0.6952 (auc_365d=0.7911 auc_730d=0.5465 auc_1095d=0.7480)
C:\Users\wonse\anaconda3\envs\PathViT-ray\Lib\site-packages\lifelines\fitters\coxph_fitter.py:1607: ConvergenceWarning: Newton-Raphson convergence completed successfully but norm(delta) is still high, 0.503. This may imply non-unique solutions to the maximum likelihood. Perhaps there is collinearity or complete separation in the dataset?

  warnings.warn(
Epoch  25 | lr=1.26e-04 | loss=0.7368 | train_c_index=0.9852 | val_c_index=0.6923 | val_HR=2.308 [0.845, 6.302] | val_logrank_p=0.0935 | val_AUC_mean=0.6952 (auc_365d=0.7911 auc_730d=0.5465 auc_1095d=0.7480)
C:\Users\wonse\anaconda3\envs\PathViT-ray\Lib\site-packages\lifelines\fitters\coxph_fitter.py:1607: ConvergenceWarning: Newton-Raphson convergence completed successfully but norm(delta) is still high, 0.503. This may imply non-unique solutions to the maximum likelihood. Perhaps there is collinearity or complete separation in the dataset?

  warnings.warn(
Epoch  26 | lr=9.14e-05 | loss=0.6891 | train_c_index=0.9841 | val_c_index=0.6813 | val_HR=1.604 [0.608, 4.227] | val_logrank_p=0.3352 | val_AUC_mean=0.6880 (auc_365d=0.7783 auc_730d=0.5377 auc_1095d=0.7480)
Epoch  27 | lr=6.27e-05 | loss=0.6709 | train_c_index=0.9841 | val_c_index=0.6813 | val_HR=1.604 [0.608, 4.227] | val_logrank_p=0.3352 | val_AUC_mean=0.6880 (auc_365d=0.7783 auc_730d=0.5377 auc_1095d=0.7480)
Epoch  28 | lr=3.99e-05 | loss=0.4956 | train_c_index=0.9833 | val_c_index=0.6813 | val_HR=1.604 [0.608, 4.227] | val_logrank_p=0.3352 | val_AUC_mean=0.6880 (auc_365d=0.7783 auc_730d=0.5377 auc_1095d=0.7480)
Epoch  29 | lr=2.33e-05 | loss=0.5772 | train_c_index=0.9837 | val_c_index=0.6777 | val_HR=1.604 [0.608, 4.227] | val_logrank_p=0.3352 | val_AUC_mean=0.6880 (auc_365d=0.7783 auc_730d=0.5377 auc_1095d=0.7480)
Epoch  30 | lr=1.33e-05 | loss=0.6177 | train_c_index=0.9837 | val_c_index=0.6777 | val_HR=2.308 [0.845, 6.302] | val_logrank_p=0.0935 | val_AUC_mean=0.6859 (auc_365d=0.7720 auc_730d=0.5377 auc_1095d=0.7480)

=== Internal Test (best checkpoint epoch 3) ===
test_c_index=0.6795 | test_HR=2.491 [0.849, 7.307] | test_logrank_p=0.0856 | test_AUC_mean=0.6988 (auc_365d=0.9117 auc_730d=0.6133 auc_1095d=0.5715)
  -> fold predictions saved: D:\wonse\Documents\Job\urban_datalab\PATH-ViT\.logs\kfold_preds\tcga_M7_INT1500_STG_R_COX_ADD_FOLD2OF5_seed42_fold2of5.csv
wandb: updating run metadata
wandb: uploading output.log; uploading wandb-summary.json; uploading config.yaml
wandb: 
wandb: Run history:
wandb:              train/c_index ▁▄▅▆▆▆▇▇▇▇▇▇▇▇▇▇▇█████████████
wandb:                 train/loss █▆▅▄▄▃▄▃▃▂▂▂▂▃▂▂▂▂▂▂▁▁▁▁▂▂▂▁▁▂
wandb:                   train/lr ▃▆██████▇▇▇▇▆▆▅▅▅▄▄▃▃▃▂▂▂▂▁▁▁▁
wandb:   val_performance/auc_mean █▅▆▅▅██▅▂▁▄▆▄▅▅▆▇▆▅▅▅▆▆▆▆▆▆▆▆▅
wandb:    val_performance/c_index ▇▆█▆▃▆▇▃▂▁▃▄▃▄▄▅▆▆▆▆▆▆▆▆▆▅▅▅▅▅
wandb:         val_performance/hr █▄▄▅▄▆▆▆▁▁▇▇▄▄▄▄▄▅▅▇▇▇▄▄▅▂▂▂▂▅
wandb: val_performance/log_rank_p ▁▂▂▂▃▂▁▁▇█▁▁▂▂▂▂▂▂▂▁▁▁▂▂▂▅▅▅▅▂
wandb: 
wandb: Run summary:
wandb:               best_epoch 3
wandb:         best_val_c_index 0.72894
wandb:            test_auc_mean 0.69883
wandb:             test_c_index 0.67949
wandb:                  test_hr 2.49064
wandb:          test_log_rank_p 0.08561
wandb:            train/c_index 0.98366
wandb:               train/loss 0.61768
wandb:                 train/lr 1e-05
wandb: val_performance/auc_mean 0.68588
wandb:                       +3 ...
wandb: 
wandb:  View run TCGA_M7_INT1500_STG_R_COX_ADD_FOLD2OF5_seed42_0816::1730 at: https://wandb.ai/justin212553/Path-ViT/runs/grdhetl7
wandb:  View project at: https://wandb.ai/justin212553/Path-ViT
wandb: Synced 5 W&B file(s), 0 media file(s), 0 artifact file(s) and 0 other file(s)
wandb: Find logs at: .\.wandb\run-20260816_173016-grdhetl7\logs

=== External Test (cptac 전체 코호트) ===
external_c_index=0.6152 | external_HR=1.419 [0.982, 2.050] | external_logrank_p=0.0608 | external_AUC_mean=0.6495 (auc_365d=0.6934 auc_730d=0.6939 auc_1095d=0.5612)
wandb: setting up run zfuq90wk
wandb: Tracking run with wandb version 0.28.0
wandb: Run data is saved locally in D:\wonse\Documents\Job\urban_datalab\PATH-ViT\.wandb\run-20260816_173127-zfuq90wk
wandb: Run `wandb offline` to turn off syncing.
wandb: Syncing run TCGA_XM7_INT1500_STG_R_COX_ADD_FOLD2OF5_seed42_0816::1730
wandb:  View project at https://wandb.ai/justin212553/Path-ViT
wandb:  View run at https://wandb.ai/justin212553/Path-ViT/runs/zfuq90wk
wandb: updating run metadata; uploading summary
wandb: uploading wandb-metadata.json; uploading requirements.txt; uploading wandb-summary.json; uploading config.yaml
wandb: 
wandb: Run history:
wandb:   external/auc_mean ▁
wandb:    external/c_index ▁
wandb:         external/hr ▁
wandb: external/log_rank_p ▁
wandb: 
wandb: Run summary:
wandb:   external/auc_mean 0.6495
wandb:    external/c_index 0.61517
wandb:         external/hr 1.41904
wandb: external/log_rank_p 0.06085
wandb: 
wandb:  View run TCGA_XM7_INT1500_STG_R_COX_ADD_FOLD2OF5_seed42_0816::1730 at: https://wandb.ai/justin212553/Path-ViT/runs/zfuq90wk
wandb:  View project at: https://wandb.ai/justin212553/Path-ViT
wandb: Synced 4 W&B file(s), 0 media file(s), 0 artifact file(s) and 0 other file(s)
wandb: Find logs at: .\.wandb\run-20260816_173127-zfuq90wk\logs
=== FINAL M7 seed=42 fold=2/5 Complete: Sun Aug 16 17:31:30     2026 ===
=== FINAL M7 seed=42 fold=3/5 Start: Sun Aug 16 17:31:30     2026 ===
wandb: [wandb.login()] Loaded credentials for https://api.wandb.ai from C:\Users\wonse\_netrc.
wandb: Currently logged in as: justin212553 to https://api.wandb.ai. Use `wandb login --relogin` to force relogin
wandb: setting up run gxlig222
wandb: Tracking run with wandb version 0.28.0
wandb: Run data is saved locally in D:\wonse\Documents\Job\urban_datalab\PATH-ViT\.wandb\run-20260816_173138-gxlig222
wandb: Run `wandb offline` to turn off syncing.
wandb: Syncing run TCGA_M7_INT1500_STG_R_COX_ADD_FOLD3OF5_seed42_0816::1731
wandb:  View project at https://wandb.ai/justin212553/Path-ViT
wandb:  View run at https://wandb.ai/justin212553/Path-ViT/runs/gxlig222
Model: M7_INT1500_STG_R_COX_ADD_FOLD3OF5 (ClinicalRNAOnly) | params=103,557
Dataset: tcga  (5-fold CV, fold 3)  Train: 90  Val: 31  Test(internal): 31 patients
lr=1.0e-03 | weight_decay=1.0e-02 | epochs=30 | cox_batch_size=16
Epoch   1 | lr=3.33e-04 | loss=2.0526 | train_c_index=0.7649 | val_c_index=0.5814 | val_HR=2.776 [0.967, 7.969] | val_logrank_p=0.0481 | val_AUC_mean=0.6606 (auc_365d=0.4687 auc_730d=0.8172 auc_1095d=0.6960)
  -> checkpoint saved (c_index=0.5814)
Epoch   2 | lr=6.67e-04 | loss=1.6636 | train_c_index=0.8213 | val_c_index=0.7708 | val_HR=6.683 [1.871, 23.868] | val_logrank_p=0.0008 | val_AUC_mean=0.9187 (auc_365d=0.8357 auc_730d=0.9396 auc_1095d=0.9807)
  -> checkpoint saved (c_index=0.7708)
Epoch   3 | lr=1.00e-03 | loss=1.3423 | train_c_index=0.8823 | val_c_index=0.7076 | val_HR=3.406 [1.149, 10.101] | val_logrank_p=0.0192 | val_AUC_mean=0.8474 (auc_365d=0.7649 auc_730d=0.8461 auc_1095d=0.9311)
Epoch   4 | lr=1.00e-03 | loss=1.4743 | train_c_index=0.8988 | val_c_index=0.6412 | val_HR=2.536 [0.891, 7.221] | val_logrank_p=0.0715 | val_AUC_mean=0.7609 (auc_365d=0.6765 auc_730d=0.7786 auc_1095d=0.8275)
Epoch   5 | lr=9.97e-04 | loss=1.2831 | train_c_index=0.8997 | val_c_index=0.7608 | val_HR=7.957 [2.192, 28.886] | val_logrank_p=0.0002 | val_AUC_mean=0.8835 (auc_365d=0.7890 auc_730d=0.9426 auc_1095d=0.9190)
Epoch   6 | lr=9.87e-04 | loss=1.2840 | train_c_index=0.9200 | val_c_index=0.7508 | val_HR=7.957 [2.192, 28.886] | val_logrank_p=0.0002 | val_AUC_mean=0.8732 (auc_365d=0.7773 auc_730d=0.9426 auc_1095d=0.8998)
Epoch   7 | lr=9.70e-04 | loss=1.0360 | train_c_index=0.9357 | val_c_index=0.7907 | val_HR=6.035 [1.848, 19.712] | val_logrank_p=0.0009 | val_AUC_mean=0.9193 (auc_365d=0.8592 auc_730d=0.9373 auc_1095d=0.9615)
  -> checkpoint saved (c_index=0.7907)
Epoch   8 | lr=9.47e-04 | loss=0.9255 | train_c_index=0.9461 | val_c_index=0.7442 | val_HR=2.821 [0.993, 8.017] | val_logrank_p=0.0424 | val_AUC_mean=0.8878 (auc_365d=0.8158 auc_730d=0.8860 auc_1095d=0.9615)
Epoch   9 | lr=9.19e-04 | loss=0.8844 | train_c_index=0.9548 | val_c_index=0.7276 | val_HR=3.144 [1.076, 9.187] | val_logrank_p=0.0285 | val_AUC_mean=0.8842 (auc_365d=0.7527 auc_730d=0.9385 auc_1095d=0.9615)
Epoch  10 | lr=8.84e-04 | loss=0.8434 | train_c_index=0.9556 | val_c_index=0.7741 | val_HR=4.062 [1.331, 12.394] | val_logrank_p=0.0085 | val_AUC_mean=0.9017 (auc_365d=0.7961 auc_730d=0.9475 auc_1095d=0.9615)
Epoch  11 | lr=8.45e-04 | loss=0.7653 | train_c_index=0.9635 | val_c_index=0.7674 | val_HR=4.062 [1.331, 12.394] | val_logrank_p=0.0085 | val_AUC_mean=0.8944 (auc_365d=0.7831 auc_730d=0.9385 auc_1095d=0.9615)
Epoch  12 | lr=8.01e-04 | loss=0.7804 | train_c_index=0.9594 | val_c_index=0.7608 | val_HR=4.597 [1.442, 14.651] | val_logrank_p=0.0049 | val_AUC_mean=0.8863 (auc_365d=0.7988 auc_730d=0.9312 auc_1095d=0.9289)
Epoch  13 | lr=7.52e-04 | loss=0.8223 | train_c_index=0.9569 | val_c_index=0.7143 | val_HR=2.252 [0.816, 6.212] | val_logrank_p=0.1073 | val_AUC_mean=0.8149 (auc_365d=0.7612 auc_730d=0.8378 auc_1095d=0.8457)
Epoch  14 | lr=7.01e-04 | loss=0.7772 | train_c_index=0.9602 | val_c_index=0.6711 | val_HR=2.361 [0.833, 6.690] | val_logrank_p=0.0960 | val_AUC_mean=0.7585 (auc_365d=0.7352 auc_730d=0.7743 auc_1095d=0.7660)
Epoch  15 | lr=6.47e-04 | loss=0.7615 | train_c_index=0.9635 | val_c_index=0.7110 | val_HR=3.085 [1.043, 9.122] | val_logrank_p=0.0324 | val_AUC_mean=0.8244 (auc_365d=0.7988 auc_730d=0.8190 auc_1095d=0.8553)
Epoch  16 | lr=5.91e-04 | loss=0.6722 | train_c_index=0.9685 | val_c_index=0.7542 | val_HR=3.518 [1.186, 10.434] | val_logrank_p=0.0160 | val_AUC_mean=0.8659 (auc_365d=0.8364 auc_730d=0.8480 auc_1095d=0.9132)
Epoch  17 | lr=5.34e-04 | loss=0.7024 | train_c_index=0.9677 | val_c_index=0.7542 | val_HR=2.586 [0.908, 7.365] | val_logrank_p=0.0656 | val_AUC_mean=0.8779 (auc_365d=0.8091 auc_730d=0.8920 auc_1095d=0.9325)
Epoch  18 | lr=4.76e-04 | loss=0.8132 | train_c_index=0.9623 | val_c_index=0.7409 | val_HR=3.144 [1.076, 9.187] | val_logrank_p=0.0285 | val_AUC_mean=0.8765 (auc_365d=0.7715 auc_730d=0.9258 auc_1095d=0.9324)
C:\Users\wonse\anaconda3\envs\PathViT-ray\Lib\site-packages\lifelines\fitters\coxph_fitter.py:1607: ConvergenceWarning: Newton-Raphson convergence completed successfully but norm(delta) is still high, 0.503. This may imply non-unique solutions to the maximum likelihood. Perhaps there is collinearity or complete separation in the dataset?

  warnings.warn(
Epoch  19 | lr=4.19e-04 | loss=0.7643 | train_c_index=0.9701 | val_c_index=0.7243 | val_HR=2.813 [0.974, 8.123] | val_logrank_p=0.0467 | val_AUC_mean=0.8744 (auc_365d=0.7715 auc_730d=0.9047 auc_1095d=0.9469)
C:\Users\wonse\anaconda3\envs\PathViT-ray\Lib\site-packages\lifelines\fitters\coxph_fitter.py:1607: ConvergenceWarning: Newton-Raphson convergence completed successfully but norm(delta) is still high, 0.503. This may imply non-unique solutions to the maximum likelihood. Perhaps there is collinearity or complete separation in the dataset?

  warnings.warn(
Epoch  20 | lr=3.63e-04 | loss=0.6660 | train_c_index=0.9743 | val_c_index=0.7409 | val_HR=2.361 [0.833, 6.690] | val_logrank_p=0.0960 | val_AUC_mean=0.8826 (auc_365d=0.8033 auc_730d=0.9023 auc_1095d=0.9422)
C:\Users\wonse\anaconda3\envs\PathViT-ray\Lib\site-packages\lifelines\fitters\coxph_fitter.py:1607: ConvergenceWarning: Newton-Raphson convergence completed successfully but norm(delta) is still high, 0.503. This may imply non-unique solutions to the maximum likelihood. Perhaps there is collinearity or complete separation in the dataset?

  warnings.warn(
Epoch  21 | lr=3.09e-04 | loss=0.5934 | train_c_index=0.9755 | val_c_index=0.7575 | val_HR=3.075 [1.041, 9.088] | val_logrank_p=0.0328 | val_AUC_mean=0.8851 (auc_365d=0.8163 auc_730d=0.8969 auc_1095d=0.9422)
Epoch  22 | lr=2.58e-04 | loss=0.6397 | train_c_index=0.9768 | val_c_index=0.7708 | val_HR=4.429 [1.398, 14.036] | val_logrank_p=0.0058 | val_AUC_mean=0.8894 (auc_365d=0.8293 auc_730d=0.8969 auc_1095d=0.9422)
Epoch  23 | lr=2.09e-04 | loss=0.6107 | train_c_index=0.9809 | val_c_index=0.7741 | val_HR=4.429 [1.398, 14.036] | val_logrank_p=0.0058 | val_AUC_mean=0.8938 (auc_365d=0.8423 auc_730d=0.8969 auc_1095d=0.9422)
Epoch  24 | lr=1.65e-04 | loss=0.5784 | train_c_index=0.9822 | val_c_index=0.7708 | val_HR=4.429 [1.398, 14.036] | val_logrank_p=0.0058 | val_AUC_mean=0.8938 (auc_365d=0.8423 auc_730d=0.8969 auc_1095d=0.9422)
Epoch  25 | lr=1.26e-04 | loss=0.6186 | train_c_index=0.9838 | val_c_index=0.7674 | val_HR=4.429 [1.398, 14.036] | val_logrank_p=0.0058 | val_AUC_mean=0.8899 (auc_365d=0.8306 auc_730d=0.8969 auc_1095d=0.9422)
C:\Users\wonse\anaconda3\envs\PathViT-ray\Lib\site-packages\lifelines\fitters\coxph_fitter.py:1607: ConvergenceWarning: Newton-Raphson convergence completed successfully but norm(delta) is still high, 0.503. This may imply non-unique solutions to the maximum likelihood. Perhaps there is collinearity or complete separation in the dataset?

  warnings.warn(
Epoch  26 | lr=9.14e-05 | loss=0.6115 | train_c_index=0.9851 | val_c_index=0.7674 | val_HR=4.429 [1.398, 14.036] | val_logrank_p=0.0058 | val_AUC_mean=0.8880 (auc_365d=0.8248 auc_730d=0.8969 auc_1095d=0.9422)
C:\Users\wonse\anaconda3\envs\PathViT-ray\Lib\site-packages\lifelines\fitters\coxph_fitter.py:1607: ConvergenceWarning: Newton-Raphson convergence completed successfully but norm(delta) is still high, 0.503. This may imply non-unique solutions to the maximum likelihood. Perhaps there is collinearity or complete separation in the dataset?

  warnings.warn(
Epoch  27 | lr=6.27e-05 | loss=0.6063 | train_c_index=0.9851 | val_c_index=0.7708 | val_HR=4.429 [1.398, 14.036] | val_logrank_p=0.0058 | val_AUC_mean=0.8894 (auc_365d=0.8293 auc_730d=0.8969 auc_1095d=0.9422)
C:\Users\wonse\anaconda3\envs\PathViT-ray\Lib\site-packages\lifelines\fitters\coxph_fitter.py:1607: ConvergenceWarning: Newton-Raphson convergence completed successfully but norm(delta) is still high, 0.503. This may imply non-unique solutions to the maximum likelihood. Perhaps there is collinearity or complete separation in the dataset?

  warnings.warn(
Epoch  28 | lr=3.99e-05 | loss=0.6326 | train_c_index=0.9838 | val_c_index=0.7708 | val_HR=4.429 [1.398, 14.036] | val_logrank_p=0.0058 | val_AUC_mean=0.8894 (auc_365d=0.8293 auc_730d=0.8969 auc_1095d=0.9422)
C:\Users\wonse\anaconda3\envs\PathViT-ray\Lib\site-packages\lifelines\fitters\coxph_fitter.py:1607: ConvergenceWarning: Newton-Raphson convergence completed successfully but norm(delta) is still high, 0.503. This may imply non-unique solutions to the maximum likelihood. Perhaps there is collinearity or complete separation in the dataset?

  warnings.warn(
Epoch  29 | lr=2.33e-05 | loss=0.6085 | train_c_index=0.9838 | val_c_index=0.7674 | val_HR=4.429 [1.398, 14.036] | val_logrank_p=0.0058 | val_AUC_mean=0.8875 (auc_365d=0.8234 auc_730d=0.8969 auc_1095d=0.9422)
C:\Users\wonse\anaconda3\envs\PathViT-ray\Lib\site-packages\lifelines\fitters\coxph_fitter.py:1607: ConvergenceWarning: Newton-Raphson convergence completed successfully but norm(delta) is still high, 0.503. This may imply non-unique solutions to the maximum likelihood. Perhaps there is collinearity or complete separation in the dataset?

  warnings.warn(
Epoch  30 | lr=1.33e-05 | loss=0.5381 | train_c_index=0.9842 | val_c_index=0.7674 | val_HR=4.429 [1.398, 14.036] | val_logrank_p=0.0058 | val_AUC_mean=0.8875 (auc_365d=0.8234 auc_730d=0.8969 auc_1095d=0.9422)

=== Internal Test (best checkpoint epoch 7) ===
test_c_index=0.7816 | test_HR=2.964 [1.009, 8.712] | test_logrank_p=0.0383 | test_AUC_mean=0.7396 (auc_365d=0.8963 auc_730d=0.5829 auc_1095d=nan)
  -> fold predictions saved: D:\wonse\Documents\Job\urban_datalab\PATH-ViT\.logs\kfold_preds\tcga_M7_INT1500_STG_R_COX_ADD_FOLD3OF5_seed42_fold3of5.csv
wandb: updating run metadata
wandb: uploading history steps 26-29, summary, console lines 48-63
wandb: 
wandb: Run history:
wandb:              train/c_index ▁▃▅▅▅▆▆▇▇▇▇▇▇▇▇▇▇▇████████████
wandb:                 train/loss █▆▅▅▄▄▃▃▃▂▂▂▂▂▂▂▂▂▂▂▁▁▁▁▁▁▁▁▁▁
wandb:                   train/lr ▃▆██████▇▇▇▇▆▆▅▅▅▄▄▃▃▃▂▂▂▂▁▁▁▁
wandb:   val_performance/auc_mean ▁█▆▄▇▇█▇▇█▇▇▅▄▅▇▇▇▇▇▇▇▇▇▇▇▇▇▇▇
wandb:    val_performance/c_index ▁▇▅▃▇▇█▆▆▇▇▇▅▄▅▇▇▆▆▆▇▇▇▇▇▇▇▇▇▇
wandb:         val_performance/hr ▂▆▂▁██▆▂▂▃▃▄▁▁▂▃▁▂▂▁▂▄▄▄▄▄▄▄▄▄
wandb: val_performance/log_rank_p ▄▁▂▆▁▁▁▄▃▂▂▁█▇▃▂▅▃▄▇▃▁▁▁▁▁▁▁▁▁
wandb: 
wandb: Run summary:
wandb:               best_epoch 7
wandb:         best_val_c_index 0.7907
wandb:            test_auc_mean 0.7396
wandb:             test_c_index 0.78161
wandb:                  test_hr 2.96435
wandb:          test_log_rank_p 0.03829
wandb:            train/c_index 0.98425
wandb:               train/loss 0.53809
wandb:                 train/lr 1e-05
wandb: val_performance/auc_mean 0.88751
wandb:                       +3 ...
wandb: 
wandb:  View run TCGA_M7_INT1500_STG_R_COX_ADD_FOLD3OF5_seed42_0816::1731 at: https://wandb.ai/justin212553/Path-ViT/runs/gxlig222
wandb:  View project at: https://wandb.ai/justin212553/Path-ViT
wandb: Synced 5 W&B file(s), 0 media file(s), 0 artifact file(s) and 0 other file(s)
wandb: Find logs at: .\.wandb\run-20260816_173138-gxlig222\logs

=== External Test (cptac 전체 코호트) ===
external_c_index=0.6094 | external_HR=1.557 [1.075, 2.255] | external_logrank_p=0.0179 | external_AUC_mean=0.6573 (auc_365d=0.6724 auc_730d=0.7148 auc_1095d=0.5848)
wandb: setting up run pasegtwo
wandb: Tracking run with wandb version 0.28.0
wandb: Run data is saved locally in D:\wonse\Documents\Job\urban_datalab\PATH-ViT\.wandb\run-20260816_173252-pasegtwo
wandb: Run `wandb offline` to turn off syncing.
wandb: Syncing run TCGA_XM7_INT1500_STG_R_COX_ADD_FOLD3OF5_seed42_0816::1731
wandb:  View project at https://wandb.ai/justin212553/Path-ViT
wandb:  View run at https://wandb.ai/justin212553/Path-ViT/runs/pasegtwo
wandb: updating run metadata; uploading summary
wandb: uploading wandb-summary.json; uploading config.yaml; uploading wandb-metadata.json; uploading requirements.txt
wandb: 
wandb: Run history:
wandb:   external/auc_mean ▁
wandb:    external/c_index ▁
wandb:         external/hr ▁
wandb: external/log_rank_p ▁
wandb: 
wandb: Run summary:
wandb:   external/auc_mean 0.65735
wandb:    external/c_index 0.60943
wandb:         external/hr 1.55685
wandb: external/log_rank_p 0.01793
wandb: 
wandb:  View run TCGA_XM7_INT1500_STG_R_COX_ADD_FOLD3OF5_seed42_0816::1731 at: https://wandb.ai/justin212553/Path-ViT/runs/pasegtwo
wandb:  View project at: https://wandb.ai/justin212553/Path-ViT
wandb: Synced 4 W&B file(s), 0 media file(s), 0 artifact file(s) and 0 other file(s)
wandb: Find logs at: .\.wandb\run-20260816_173252-pasegtwo\logs
=== FINAL M7 seed=42 fold=3/5 Complete: Sun Aug 16 17:32:55     2026 ===
=== FINAL M7 seed=42 fold=4/5 Start: Sun Aug 16 17:32:55     2026 ===
wandb: [wandb.login()] Loaded credentials for https://api.wandb.ai from C:\Users\wonse\_netrc.
wandb: Currently logged in as: justin212553 to https://api.wandb.ai. Use `wandb login --relogin` to force relogin
wandb: setting up run kibertl7
wandb: Tracking run with wandb version 0.28.0
wandb: Run data is saved locally in D:\wonse\Documents\Job\urban_datalab\PATH-ViT\.wandb\run-20260816_173303-kibertl7
wandb: Run `wandb offline` to turn off syncing.
wandb: Syncing run TCGA_M7_INT1500_STG_R_COX_ADD_FOLD4OF5_seed42_0816::1733
wandb:  View project at https://wandb.ai/justin212553/Path-ViT
wandb:  View run at https://wandb.ai/justin212553/Path-ViT/runs/kibertl7
Model: M7_INT1500_STG_R_COX_ADD_FOLD4OF5 (ClinicalRNAOnly) | params=103,557
Dataset: tcga  (5-fold CV, fold 4)  Train: 90  Val: 31  Test(internal): 31 patients
lr=1.0e-03 | weight_decay=1.0e-02 | epochs=30 | cox_batch_size=16
Epoch   1 | lr=3.33e-04 | loss=2.0444 | train_c_index=0.7592 | val_c_index=0.6914 | val_HR=3.468 [1.197, 10.043] | val_logrank_p=0.0148 | val_AUC_mean=0.7495 (auc_365d=0.7726 auc_730d=0.5902 auc_1095d=0.8855)
  -> checkpoint saved (c_index=0.6914)
Epoch   2 | lr=6.67e-04 | loss=1.6940 | train_c_index=0.8327 | val_c_index=0.6952 | val_HR=3.468 [1.197, 10.043] | val_logrank_p=0.0148 | val_AUC_mean=0.7449 (auc_365d=0.7655 auc_730d=0.5838 auc_1095d=0.8855)
  -> checkpoint saved (c_index=0.6952)
Epoch   3 | lr=1.00e-03 | loss=1.4527 | train_c_index=0.8848 | val_c_index=0.6617 | val_HR=3.468 [1.197, 10.043] | val_logrank_p=0.0148 | val_AUC_mean=0.7068 (auc_365d=0.7260 auc_730d=0.5744 auc_1095d=0.8199)
Epoch   4 | lr=1.00e-03 | loss=1.2900 | train_c_index=0.9071 | val_c_index=0.6952 | val_HR=3.374 [1.210, 9.411] | val_logrank_p=0.0140 | val_AUC_mean=0.7401 (auc_365d=0.7905 auc_730d=0.6300 auc_1095d=0.7998)
Epoch   5 | lr=9.97e-04 | loss=1.0903 | train_c_index=0.9232 | val_c_index=0.6952 | val_HR=3.374 [1.210, 9.411] | val_logrank_p=0.0140 | val_AUC_mean=0.6585 (auc_365d=0.8051 auc_730d=0.5253 auc_1095d=0.6452)
Epoch   6 | lr=9.87e-04 | loss=1.1651 | train_c_index=0.9215 | val_c_index=0.7509 | val_HR=3.250 [1.168, 9.041] | val_logrank_p=0.0172 | val_AUC_mean=0.7409 (auc_365d=0.8625 auc_730d=0.5987 auc_1095d=0.7616)
  -> checkpoint saved (c_index=0.7509)
C:\Users\wonse\anaconda3\envs\PathViT-ray\Lib\site-packages\lifelines\fitters\coxph_fitter.py:1607: ConvergenceWarning: Newton-Raphson convergence completed successfully but norm(delta) is still high, 0.503. This may imply non-unique solutions to the maximum likelihood. Perhaps there is collinearity or complete separation in the dataset?

  warnings.warn(
Epoch   7 | lr=9.70e-04 | loss=0.8968 | train_c_index=0.9426 | val_c_index=0.6989 | val_HR=3.374 [1.210, 9.411] | val_logrank_p=0.0140 | val_AUC_mean=0.7427 (auc_365d=0.7961 auc_730d=0.6121 auc_1095d=0.8199)
Epoch   8 | lr=9.47e-04 | loss=0.9519 | train_c_index=0.9418 | val_c_index=0.6691 | val_HR=3.468 [1.197, 10.043] | val_logrank_p=0.0148 | val_AUC_mean=0.6854 (auc_365d=0.7674 auc_730d=0.5409 auc_1095d=0.7479)
Epoch   9 | lr=9.19e-04 | loss=0.8377 | train_c_index=0.9471 | val_c_index=0.6989 | val_HR=3.127 [1.125, 8.688] | val_logrank_p=0.0214 | val_AUC_mean=0.7038 (auc_365d=0.8033 auc_730d=0.5602 auc_1095d=0.7479)
C:\Users\wonse\anaconda3\envs\PathViT-ray\Lib\site-packages\lifelines\fitters\coxph_fitter.py:1607: ConvergenceWarning: Newton-Raphson convergence completed successfully but norm(delta) is still high, 0.503. This may imply non-unique solutions to the maximum likelihood. Perhaps there is collinearity or complete separation in the dataset?

  warnings.warn(
Epoch  10 | lr=8.84e-04 | loss=0.8566 | train_c_index=0.9525 | val_c_index=0.7138 | val_HR=3.127 [1.125, 8.688] | val_logrank_p=0.0214 | val_AUC_mean=0.7745 (auc_365d=0.7967 auc_730d=0.6306 auc_1095d=0.8962)
Epoch  11 | lr=8.45e-04 | loss=0.9321 | train_c_index=0.9628 | val_c_index=0.7063 | val_HR=3.268 [1.116, 9.564] | val_logrank_p=0.0227 | val_AUC_mean=0.7860 (auc_365d=0.7609 auc_730d=0.7148 auc_1095d=0.8824)
C:\Users\wonse\anaconda3\envs\PathViT-ray\Lib\site-packages\lifelines\fitters\coxph_fitter.py:1607: ConvergenceWarning: Newton-Raphson convergence completed successfully but norm(delta) is still high, 0.503. This may imply non-unique solutions to the maximum likelihood. Perhaps there is collinearity or complete separation in the dataset?

  warnings.warn(
Epoch  12 | lr=8.01e-04 | loss=0.6906 | train_c_index=0.9678 | val_c_index=0.6803 | val_HR=2.669 [0.925, 7.696] | val_logrank_p=0.0589 | val_AUC_mean=0.7589 (auc_365d=0.7242 auc_730d=0.6839 auc_1095d=0.8687)
C:\Users\wonse\anaconda3\envs\PathViT-ray\Lib\site-packages\lifelines\fitters\coxph_fitter.py:1607: ConvergenceWarning: Newton-Raphson convergence completed successfully but norm(delta) is still high, 0.503. This may imply non-unique solutions to the maximum likelihood. Perhaps there is collinearity or complete separation in the dataset?

  warnings.warn(
Epoch  13 | lr=7.52e-04 | loss=0.6542 | train_c_index=0.9707 | val_c_index=0.7212 | val_HR=3.468 [1.197, 10.043] | val_logrank_p=0.0148 | val_AUC_mean=0.7569 (auc_365d=0.7887 auc_730d=0.5997 auc_1095d=0.8824)
Epoch  14 | lr=7.01e-04 | loss=0.6898 | train_c_index=0.9727 | val_c_index=0.6914 | val_HR=3.468 [1.197, 10.043] | val_logrank_p=0.0148 | val_AUC_mean=0.7531 (auc_365d=0.7815 auc_730d=0.5817 auc_1095d=0.8962)
Epoch  15 | lr=6.47e-04 | loss=0.6231 | train_c_index=0.9715 | val_c_index=0.6952 | val_HR=3.129 [1.082, 9.052] | val_logrank_p=0.0266 | val_AUC_mean=0.7461 (auc_365d=0.8102 auc_730d=0.5702 auc_1095d=0.8580)
Epoch  16 | lr=5.91e-04 | loss=0.6847 | train_c_index=0.9653 | val_c_index=0.6877 | val_HR=3.468 [1.197, 10.043] | val_logrank_p=0.0148 | val_AUC_mean=0.7368 (auc_365d=0.7887 auc_730d=0.5637 auc_1095d=0.8580)
Epoch  17 | lr=5.34e-04 | loss=0.5994 | train_c_index=0.9732 | val_c_index=0.6729 | val_HR=3.468 [1.197, 10.043] | val_logrank_p=0.0148 | val_AUC_mean=0.7227 (auc_365d=0.7529 auc_730d=0.5573 auc_1095d=0.8580)
Epoch  18 | lr=4.76e-04 | loss=0.6117 | train_c_index=0.9781 | val_c_index=0.6766 | val_HR=3.468 [1.197, 10.043] | val_logrank_p=0.0148 | val_AUC_mean=0.7103 (auc_365d=0.7367 auc_730d=0.5945 auc_1095d=0.7998)
Epoch  19 | lr=4.19e-04 | loss=0.5682 | train_c_index=0.9806 | val_c_index=0.6766 | val_HR=3.045 [1.050, 8.832] | val_logrank_p=0.0314 | val_AUC_mean=0.7066 (auc_365d=0.7367 auc_730d=0.5588 auc_1095d=0.8242)
Epoch  20 | lr=3.63e-04 | loss=0.5874 | train_c_index=0.9789 | val_c_index=0.7063 | val_HR=3.468 [1.197, 10.043] | val_logrank_p=0.0148 | val_AUC_mean=0.7729 (auc_365d=0.7516 auc_730d=0.6465 auc_1095d=0.9206)
Epoch  21 | lr=3.09e-04 | loss=0.6412 | train_c_index=0.9760 | val_c_index=0.7249 | val_HR=3.127 [1.125, 8.688] | val_logrank_p=0.0214 | val_AUC_mean=0.8058 (auc_365d=0.7738 auc_730d=0.6710 auc_1095d=0.9725)
Epoch  22 | lr=2.58e-04 | loss=0.5961 | train_c_index=0.9736 | val_c_index=0.7472 | val_HR=3.127 [1.125, 8.688] | val_logrank_p=0.0214 | val_AUC_mean=0.8081 (auc_365d=0.7809 auc_730d=0.6710 auc_1095d=0.9725)
Epoch  23 | lr=2.09e-04 | loss=0.5546 | train_c_index=0.9777 | val_c_index=0.7435 | val_HR=3.127 [1.125, 8.688] | val_logrank_p=0.0214 | val_AUC_mean=0.8081 (auc_365d=0.7809 auc_730d=0.6710 auc_1095d=0.9725)
Epoch  24 | lr=1.65e-04 | loss=0.5101 | train_c_index=0.9798 | val_c_index=0.7323 | val_HR=3.127 [1.125, 8.688] | val_logrank_p=0.0214 | val_AUC_mean=0.8081 (auc_365d=0.7809 auc_730d=0.6710 auc_1095d=0.9725)
Epoch  25 | lr=1.26e-04 | loss=0.5435 | train_c_index=0.9822 | val_c_index=0.7286 | val_HR=3.127 [1.125, 8.688] | val_logrank_p=0.0214 | val_AUC_mean=0.8081 (auc_365d=0.7809 auc_730d=0.6710 auc_1095d=0.9725)
Epoch  26 | lr=9.14e-05 | loss=0.5347 | train_c_index=0.9827 | val_c_index=0.7249 | val_HR=3.127 [1.125, 8.688] | val_logrank_p=0.0214 | val_AUC_mean=0.8081 (auc_365d=0.7809 auc_730d=0.6710 auc_1095d=0.9725)
Epoch  27 | lr=6.27e-05 | loss=0.5263 | train_c_index=0.9831 | val_c_index=0.7249 | val_HR=3.127 [1.125, 8.688] | val_logrank_p=0.0214 | val_AUC_mean=0.8081 (auc_365d=0.7809 auc_730d=0.6710 auc_1095d=0.9725)
C:\Users\wonse\anaconda3\envs\PathViT-ray\Lib\site-packages\lifelines\fitters\coxph_fitter.py:1607: ConvergenceWarning: Newton-Raphson convergence completed successfully but norm(delta) is still high, 0.503. This may imply non-unique solutions to the maximum likelihood. Perhaps there is collinearity or complete separation in the dataset?

  warnings.warn(
Epoch  28 | lr=3.99e-05 | loss=0.5373 | train_c_index=0.9831 | val_c_index=0.7212 | val_HR=3.127 [1.125, 8.688] | val_logrank_p=0.0214 | val_AUC_mean=0.8055 (auc_365d=0.7732 auc_730d=0.6710 auc_1095d=0.9725)
C:\Users\wonse\anaconda3\envs\PathViT-ray\Lib\site-packages\lifelines\fitters\coxph_fitter.py:1607: ConvergenceWarning: Newton-Raphson convergence completed successfully but norm(delta) is still high, 0.503. This may imply non-unique solutions to the maximum likelihood. Perhaps there is collinearity or complete separation in the dataset?

  warnings.warn(
Epoch  29 | lr=2.33e-05 | loss=0.5742 | train_c_index=0.9831 | val_c_index=0.7175 | val_HR=3.127 [1.125, 8.688] | val_logrank_p=0.0214 | val_AUC_mean=0.8055 (auc_365d=0.7732 auc_730d=0.6710 auc_1095d=0.9725)
C:\Users\wonse\anaconda3\envs\PathViT-ray\Lib\site-packages\lifelines\fitters\coxph_fitter.py:1607: ConvergenceWarning: Newton-Raphson convergence completed successfully but norm(delta) is still high, 0.503. This may imply non-unique solutions to the maximum likelihood. Perhaps there is collinearity or complete separation in the dataset?

  warnings.warn(
Epoch  30 | lr=1.33e-05 | loss=0.4849 | train_c_index=0.9847 | val_c_index=0.7138 | val_HR=3.127 [1.125, 8.688] | val_logrank_p=0.0214 | val_AUC_mean=0.8032 (auc_365d=0.7660 auc_730d=0.6710 auc_1095d=0.9725)

=== Internal Test (best checkpoint epoch 6) ===
test_c_index=0.5324 | test_HR=0.925 [0.355, 2.408] | test_logrank_p=0.8723 | test_AUC_mean=0.5876 (auc_365d=0.5716 auc_730d=0.5512 auc_1095d=0.6400)
  -> fold predictions saved: D:\wonse\Documents\Job\urban_datalab\PATH-ViT\.logs\kfold_preds\tcga_M7_INT1500_STG_R_COX_ADD_FOLD4OF5_seed42_fold4of5.csv
wandb: updating run metadata
wandb: uploading output.log
wandb: 
wandb: Run history:
wandb:              train/c_index ▁▃▅▆▆▆▇▇▇▇▇▇███▇██████████████
wandb:                 train/loss █▆▅▅▄▄▃▃▃▃▃▂▂▂▂▂▂▂▁▁▂▁▁▁▁▁▁▁▁▁
wandb:                   train/lr ▃▆██████▇▇▇▇▆▆▅▅▅▄▄▃▃▃▂▂▂▂▁▁▁▁
wandb:   val_performance/auc_mean ▅▅▃▅▁▅▅▂▃▆▇▆▆▅▅▅▄▃▃▆██████████
wandb:    val_performance/c_index ▃▄▁▄▄█▄▂▄▅▅▂▆▃▄▃▂▂▂▅▆█▇▇▆▆▆▆▅▅
wandb:         val_performance/hr ███▇▇▆▇█▅▅▆▁██▅███▄█▅▅▅▅▅▅▅▅▅▅
wandb: val_performance/log_rank_p ▁▁▁▁▁▂▁▁▂▂▂█▁▁▃▁▁▁▄▁▂▂▂▂▂▂▂▂▂▂
wandb: 
wandb: Run summary:
wandb:               best_epoch 6
wandb:         best_val_c_index 0.75093
wandb:            test_auc_mean 0.58758
wandb:             test_c_index 0.53242
wandb:                  test_hr 0.9247
wandb:          test_log_rank_p 0.87233
wandb:            train/c_index 0.98472
wandb:               train/loss 0.48492
wandb:                 train/lr 1e-05
wandb: val_performance/auc_mean 0.80316
wandb:                       +3 ...
wandb: 
wandb:  View run TCGA_M7_INT1500_STG_R_COX_ADD_FOLD4OF5_seed42_0816::1733 at: https://wandb.ai/justin212553/Path-ViT/runs/kibertl7
wandb:  View project at: https://wandb.ai/justin212553/Path-ViT
wandb: Synced 5 W&B file(s), 0 media file(s), 0 artifact file(s) and 0 other file(s)
wandb: Find logs at: .\.wandb\run-20260816_173303-kibertl7\logs

=== External Test (cptac 전체 코호트) ===
external_c_index=0.5915 | external_HR=1.327 [0.919, 1.917] | external_logrank_p=0.1307 | external_AUC_mean=0.6073 (auc_365d=0.6594 auc_730d=0.6453 auc_1095d=0.5170)
wandb: setting up run jk8l3p73
wandb: Tracking run with wandb version 0.28.0
wandb: Run data is saved locally in D:\wonse\Documents\Job\urban_datalab\PATH-ViT\.wandb\run-20260816_173420-jk8l3p73
wandb: Run `wandb offline` to turn off syncing.
wandb: Syncing run TCGA_XM7_INT1500_STG_R_COX_ADD_FOLD4OF5_seed42_0816::1733
wandb:  View project at https://wandb.ai/justin212553/Path-ViT
wandb:  View run at https://wandb.ai/justin212553/Path-ViT/runs/jk8l3p73
wandb: updating run metadata; uploading summary
wandb: uploading wandb-summary.json; uploading config.yaml; uploading wandb-metadata.json; uploading requirements.txt
wandb: 
wandb: Run history:
wandb:   external/auc_mean ▁
wandb:    external/c_index ▁
wandb:         external/hr ▁
wandb: external/log_rank_p ▁
wandb: 
wandb: Run summary:
wandb:   external/auc_mean 0.60726
wandb:    external/c_index 0.59148
wandb:         external/hr 1.32712
wandb: external/log_rank_p 0.13072
wandb: 
wandb:  View run TCGA_XM7_INT1500_STG_R_COX_ADD_FOLD4OF5_seed42_0816::1733 at: https://wandb.ai/justin212553/Path-ViT/runs/jk8l3p73
wandb:  View project at: https://wandb.ai/justin212553/Path-ViT
wandb: Synced 4 W&B file(s), 0 media file(s), 0 artifact file(s) and 0 other file(s)
wandb: Find logs at: .\.wandb\run-20260816_173420-jk8l3p73\logs
=== FINAL M7 seed=42 fold=4/5 Complete: Sun Aug 16 17:34:23     2026 ===
=== FINAL M7 seed=84 fold=0/5 Start: Sun Aug 16 17:34:23     2026 ===
wandb: [wandb.login()] Loaded credentials for https://api.wandb.ai from C:\Users\wonse\_netrc.
wandb: Currently logged in as: justin212553 to https://api.wandb.ai. Use `wandb login --relogin` to force relogin
wandb: setting up run 3fumpnx8
wandb: Tracking run with wandb version 0.28.0
wandb: Run data is saved locally in D:\wonse\Documents\Job\urban_datalab\PATH-ViT\.wandb\run-20260816_173431-3fumpnx8
wandb: Run `wandb offline` to turn off syncing.
wandb: Syncing run TCGA_M7_INT1500_STG_R_COX_ADD_FOLD0OF5_seed84_0816::1734
wandb:  View project at https://wandb.ai/justin212553/Path-ViT
wandb:  View run at https://wandb.ai/justin212553/Path-ViT/runs/3fumpnx8
Model: M7_INT1500_STG_R_COX_ADD_FOLD0OF5 (ClinicalRNAOnly) | params=103,557
Dataset: tcga  (5-fold CV, fold 0)  Train: 90  Val: 31  Test(internal): 31 patients
lr=1.0e-03 | weight_decay=1.0e-02 | epochs=30 | cox_batch_size=16
Epoch   1 | lr=3.33e-04 | loss=2.2113 | train_c_index=0.7375 | val_c_index=0.6246 | val_HR=2.970 [1.036, 8.519] | val_logrank_p=0.0350 | val_AUC_mean=0.6736 (auc_365d=0.6990 auc_730d=0.6045 auc_1095d=0.7172)
  -> checkpoint saved (c_index=0.6246)
Epoch   2 | lr=6.67e-04 | loss=1.7967 | train_c_index=0.8268 | val_c_index=0.7209 | val_HR=2.233 [0.806, 6.186] | val_logrank_p=0.1130 | val_AUC_mean=0.7220 (auc_365d=0.7745 auc_730d=0.6381 auc_1095d=0.7535)
  -> checkpoint saved (c_index=0.7209)
Epoch   3 | lr=1.00e-03 | loss=1.3694 | train_c_index=0.8872 | val_c_index=0.6711 | val_HR=2.153 [0.780, 5.944] | val_logrank_p=0.1295 | val_AUC_mean=0.7167 (auc_365d=0.7496 auc_730d=0.5565 auc_1095d=0.8441)
Epoch   4 | lr=1.00e-03 | loss=1.2872 | train_c_index=0.9111 | val_c_index=0.5980 | val_HR=1.413 [0.525, 3.804] | val_logrank_p=0.4914 | val_AUC_mean=0.6084 (auc_365d=0.7006 auc_730d=0.4572 auc_1095d=0.6675)
Epoch   5 | lr=9.97e-04 | loss=1.1757 | train_c_index=0.9287 | val_c_index=0.6246 | val_HR=2.088 [0.758, 5.755] | val_logrank_p=0.1455 | val_AUC_mean=0.6311 (auc_365d=0.7138 auc_730d=0.5121 auc_1095d=0.6675)
Epoch   6 | lr=9.87e-04 | loss=1.0832 | train_c_index=0.9224 | val_c_index=0.6977 | val_HR=2.203 [0.797, 6.094] | val_logrank_p=0.1185 | val_AUC_mean=0.7030 (auc_365d=0.7385 auc_730d=0.6344 auc_1095d=0.7361)
Epoch   7 | lr=9.70e-04 | loss=1.0425 | train_c_index=0.9384 | val_c_index=0.7043 | val_HR=3.533 [1.205, 10.359] | val_logrank_p=0.0147 | val_AUC_mean=0.7137 (auc_365d=0.7578 auc_730d=0.6472 auc_1095d=0.7361)
Epoch   8 | lr=9.47e-04 | loss=0.9666 | train_c_index=0.9509 | val_c_index=0.6146 | val_HR=2.694 [0.962, 7.545] | val_logrank_p=0.0504 | val_AUC_mean=0.6485 (auc_365d=0.6894 auc_730d=0.5201 auc_1095d=0.7361)
Epoch   9 | lr=9.19e-04 | loss=0.8528 | train_c_index=0.9551 | val_c_index=0.6113 | val_HR=2.694 [0.962, 7.545] | val_logrank_p=0.0504 | val_AUC_mean=0.5808 (auc_365d=0.7017 auc_730d=0.4636 auc_1095d=0.5770)
Epoch  10 | lr=8.84e-04 | loss=0.8729 | train_c_index=0.9623 | val_c_index=0.6711 | val_HR=2.694 [0.962, 7.545] | val_logrank_p=0.0504 | val_AUC_mean=0.6456 (auc_365d=0.7326 auc_730d=0.5546 auc_1095d=0.6497)
Epoch  11 | lr=8.45e-04 | loss=0.7181 | train_c_index=0.9623 | val_c_index=0.6512 | val_HR=2.694 [0.962, 7.545] | val_logrank_p=0.0504 | val_AUC_mean=0.6010 (auc_365d=0.7264 auc_730d=0.4997 auc_1095d=0.5770)
Epoch  12 | lr=8.01e-04 | loss=0.8616 | train_c_index=0.9597 | val_c_index=0.6013 | val_HR=1.184 [0.439, 3.199] | val_logrank_p=0.7382 | val_AUC_mean=0.5262 (auc_365d=0.6712 auc_730d=0.4240 auc_1095d=0.4835)
C:\Users\wonse\anaconda3\envs\PathViT-ray\Lib\site-packages\lifelines\fitters\coxph_fitter.py:1607: ConvergenceWarning: Newton-Raphson convergence completed successfully but norm(delta) is still high, 0.503. This may imply non-unique solutions to the maximum likelihood. Perhaps there is collinearity or complete separation in the dataset?

  warnings.warn(
Epoch  13 | lr=7.52e-04 | loss=0.7255 | train_c_index=0.9631 | val_c_index=0.6213 | val_HR=1.359 [0.503, 3.671] | val_logrank_p=0.5441 | val_AUC_mean=0.5447 (auc_365d=0.7203 auc_730d=0.3951 auc_1095d=0.5187)
C:\Users\wonse\anaconda3\envs\PathViT-ray\Lib\site-packages\lifelines\fitters\coxph_fitter.py:1607: ConvergenceWarning: Newton-Raphson convergence completed successfully but norm(delta) is still high, 0.503. This may imply non-unique solutions to the maximum likelihood. Perhaps there is collinearity or complete separation in the dataset?

  warnings.warn(
Epoch  14 | lr=7.01e-04 | loss=0.7861 | train_c_index=0.9614 | val_c_index=0.6179 | val_HR=1.531 [0.569, 4.125] | val_logrank_p=0.3957 | val_AUC_mean=0.5539 (auc_365d=0.7566 auc_730d=0.3865 auc_1095d=0.5187)
C:\Users\wonse\anaconda3\envs\PathViT-ray\Lib\site-packages\lifelines\fitters\coxph_fitter.py:1607: ConvergenceWarning: Newton-Raphson convergence completed successfully but norm(delta) is still high, 0.503. This may imply non-unique solutions to the maximum likelihood. Perhaps there is collinearity or complete separation in the dataset?

  warnings.warn(
Epoch  15 | lr=6.47e-04 | loss=0.6617 | train_c_index=0.9669 | val_c_index=0.6146 | val_HR=1.531 [0.569, 4.125] | val_logrank_p=0.3957 | val_AUC_mean=0.5566 (auc_365d=0.7571 auc_730d=0.3940 auc_1095d=0.5187)
Epoch  16 | lr=5.91e-04 | loss=0.6149 | train_c_index=0.9648 | val_c_index=0.6346 | val_HR=1.581 [0.588, 4.254] | val_logrank_p=0.3603 | val_AUC_mean=0.5921 (auc_365d=0.7510 auc_730d=0.4482 auc_1095d=0.5770)
Epoch  17 | lr=5.34e-04 | loss=0.6573 | train_c_index=0.9690 | val_c_index=0.6744 | val_HR=2.589 [0.922, 7.273] | val_logrank_p=0.0618 | val_AUC_mean=0.6521 (auc_365d=0.7510 auc_730d=0.5596 auc_1095d=0.6456)
Epoch  18 | lr=4.76e-04 | loss=0.6668 | train_c_index=0.9681 | val_c_index=0.6711 | val_HR=2.589 [0.922, 7.273] | val_logrank_p=0.0618 | val_AUC_mean=0.6480 (auc_365d=0.7387 auc_730d=0.5596 auc_1095d=0.6456)
C:\Users\wonse\anaconda3\envs\PathViT-ray\Lib\site-packages\lifelines\fitters\coxph_fitter.py:1607: ConvergenceWarning: Newton-Raphson convergence completed successfully but norm(delta) is still high, 0.503. This may imply non-unique solutions to the maximum likelihood. Perhaps there is collinearity or complete separation in the dataset?

  warnings.warn(
Epoch  19 | lr=4.19e-04 | loss=0.6388 | train_c_index=0.9719 | val_c_index=0.6910 | val_HR=4.006 [1.353, 11.863] | val_logrank_p=0.0073 | val_AUC_mean=0.6478 (auc_365d=0.7382 auc_730d=0.5596 auc_1095d=0.6456)
C:\Users\wonse\anaconda3\envs\PathViT-ray\Lib\site-packages\lifelines\fitters\coxph_fitter.py:1607: ConvergenceWarning: Newton-Raphson convergence completed successfully but norm(delta) is still high, 0.503. This may imply non-unique solutions to the maximum likelihood. Perhaps there is collinearity or complete separation in the dataset?

  warnings.warn(
Epoch  20 | lr=3.63e-04 | loss=0.6922 | train_c_index=0.9723 | val_c_index=0.6645 | val_HR=3.121 [1.077, 9.039] | val_logrank_p=0.0272 | val_AUC_mean=0.6401 (auc_365d=0.7264 auc_730d=0.5482 auc_1095d=0.6456)
C:\Users\wonse\anaconda3\envs\PathViT-ray\Lib\site-packages\lifelines\fitters\coxph_fitter.py:1607: ConvergenceWarning: Newton-Raphson convergence completed successfully but norm(delta) is still high, 0.503. This may imply non-unique solutions to the maximum likelihood. Perhaps there is collinearity or complete separation in the dataset?

  warnings.warn(
Epoch  21 | lr=3.09e-04 | loss=0.6569 | train_c_index=0.9757 | val_c_index=0.6578 | val_HR=2.387 [0.863, 6.606] | val_logrank_p=0.0842 | val_AUC_mean=0.6357 (auc_365d=0.7203 auc_730d=0.5413 auc_1095d=0.6456)
C:\Users\wonse\anaconda3\envs\PathViT-ray\Lib\site-packages\lifelines\fitters\coxph_fitter.py:1607: ConvergenceWarning: Newton-Raphson convergence completed successfully but norm(delta) is still high, 0.503. This may imply non-unique solutions to the maximum likelihood. Perhaps there is collinearity or complete separation in the dataset?

  warnings.warn(
Epoch  22 | lr=2.58e-04 | loss=0.7034 | train_c_index=0.9744 | val_c_index=0.6412 | val_HR=2.228 [0.803, 6.184] | val_logrank_p=0.1147 | val_AUC_mean=0.6228 (auc_365d=0.7019 auc_730d=0.5209 auc_1095d=0.6456)
C:\Users\wonse\anaconda3\envs\PathViT-ray\Lib\site-packages\lifelines\fitters\coxph_fitter.py:1607: ConvergenceWarning: Newton-Raphson convergence completed successfully but norm(delta) is still high, 0.503. This may imply non-unique solutions to the maximum likelihood. Perhaps there is collinearity or complete separation in the dataset?

  warnings.warn(
Epoch  23 | lr=2.09e-04 | loss=0.6493 | train_c_index=0.9744 | val_c_index=0.6445 | val_HR=2.228 [0.803, 6.184] | val_logrank_p=0.1147 | val_AUC_mean=0.6271 (auc_365d=0.7080 auc_730d=0.5278 auc_1095d=0.6456)
C:\Users\wonse\anaconda3\envs\PathViT-ray\Lib\site-packages\lifelines\fitters\coxph_fitter.py:1607: ConvergenceWarning: Newton-Raphson convergence completed successfully but norm(delta) is still high, 0.503. This may imply non-unique solutions to the maximum likelihood. Perhaps there is collinearity or complete separation in the dataset?

  warnings.warn(
Epoch  24 | lr=1.65e-04 | loss=0.5908 | train_c_index=0.9778 | val_c_index=0.6545 | val_HR=2.228 [0.803, 6.184] | val_logrank_p=0.1147 | val_AUC_mean=0.6149 (auc_365d=0.7019 auc_730d=0.5323 auc_1095d=0.6104)
C:\Users\wonse\anaconda3\envs\PathViT-ray\Lib\site-packages\lifelines\fitters\coxph_fitter.py:1607: ConvergenceWarning: Newton-Raphson convergence completed successfully but norm(delta) is still high, 0.503. This may imply non-unique solutions to the maximum likelihood. Perhaps there is collinearity or complete separation in the dataset?

  warnings.warn(
Epoch  25 | lr=1.26e-04 | loss=0.5074 | train_c_index=0.9782 | val_c_index=0.6545 | val_HR=2.131 [0.768, 5.910] | val_logrank_p=0.1370 | val_AUC_mean=0.6149 (auc_365d=0.7019 auc_730d=0.5323 auc_1095d=0.6104)
C:\Users\wonse\anaconda3\envs\PathViT-ray\Lib\site-packages\lifelines\fitters\coxph_fitter.py:1607: ConvergenceWarning: Newton-Raphson convergence completed successfully but norm(delta) is still high, 0.503. This may imply non-unique solutions to the maximum likelihood. Perhaps there is collinearity or complete separation in the dataset?

  warnings.warn(
Epoch  26 | lr=9.14e-05 | loss=0.6075 | train_c_index=0.9795 | val_c_index=0.6611 | val_HR=2.131 [0.768, 5.910] | val_logrank_p=0.1370 | val_AUC_mean=0.6169 (auc_365d=0.7080 auc_730d=0.5323 auc_1095d=0.6104)
C:\Users\wonse\anaconda3\envs\PathViT-ray\Lib\site-packages\lifelines\fitters\coxph_fitter.py:1607: ConvergenceWarning: Newton-Raphson convergence completed successfully but norm(delta) is still high, 0.503. This may imply non-unique solutions to the maximum likelihood. Perhaps there is collinearity or complete separation in the dataset?

  warnings.warn(
Epoch  27 | lr=6.27e-05 | loss=0.5436 | train_c_index=0.9803 | val_c_index=0.6611 | val_HR=2.131 [0.768, 5.910] | val_logrank_p=0.1370 | val_AUC_mean=0.6169 (auc_365d=0.7080 auc_730d=0.5323 auc_1095d=0.6104)
C:\Users\wonse\anaconda3\envs\PathViT-ray\Lib\site-packages\lifelines\fitters\coxph_fitter.py:1607: ConvergenceWarning: Newton-Raphson convergence completed successfully but norm(delta) is still high, 0.503. This may imply non-unique solutions to the maximum likelihood. Perhaps there is collinearity or complete separation in the dataset?

  warnings.warn(
Epoch  28 | lr=3.99e-05 | loss=0.5984 | train_c_index=0.9816 | val_c_index=0.6611 | val_HR=2.131 [0.768, 5.910] | val_logrank_p=0.1370 | val_AUC_mean=0.6169 (auc_365d=0.7080 auc_730d=0.5323 auc_1095d=0.6104)
C:\Users\wonse\anaconda3\envs\PathViT-ray\Lib\site-packages\lifelines\fitters\coxph_fitter.py:1607: ConvergenceWarning: Newton-Raphson convergence completed successfully but norm(delta) is still high, 0.503. This may imply non-unique solutions to the maximum likelihood. Perhaps there is collinearity or complete separation in the dataset?

  warnings.warn(
Epoch  29 | lr=2.33e-05 | loss=0.5508 | train_c_index=0.9811 | val_c_index=0.6611 | val_HR=2.131 [0.768, 5.910] | val_logrank_p=0.1370 | val_AUC_mean=0.6169 (auc_365d=0.7080 auc_730d=0.5323 auc_1095d=0.6104)
C:\Users\wonse\anaconda3\envs\PathViT-ray\Lib\site-packages\lifelines\fitters\coxph_fitter.py:1607: ConvergenceWarning: Newton-Raphson convergence completed successfully but norm(delta) is still high, 0.503. This may imply non-unique solutions to the maximum likelihood. Perhaps there is collinearity or complete separation in the dataset?

  warnings.warn(
Epoch  30 | lr=1.33e-05 | loss=0.5913 | train_c_index=0.9807 | val_c_index=0.6645 | val_HR=2.131 [0.768, 5.910] | val_logrank_p=0.1370 | val_AUC_mean=0.6169 (auc_365d=0.7080 auc_730d=0.5323 auc_1095d=0.6104)

=== Internal Test (best checkpoint epoch 2) ===
test_c_index=0.7361 | test_HR=4.042 [1.396, 11.703] | test_logrank_p=0.0056 | test_AUC_mean=0.7949 (auc_365d=0.8587 auc_730d=0.7517 auc_1095d=0.7745)
  -> fold predictions saved: D:\wonse\Documents\Job\urban_datalab\PATH-ViT\.logs\kfold_preds\tcga_M7_INT1500_STG_R_COX_ADD_FOLD0OF5_seed84_fold0of5.csv
wandb: updating run metadata
wandb: uploading wandb-summary.json; uploading config.yaml
wandb: 
wandb: Run history:
wandb:              train/c_index ▁▄▅▆▆▆▇▇▇▇▇▇▇▇████████████████
wandb:                 train/loss █▆▅▄▄▃▃▃▂▃▂▂▂▂▂▁▂▂▂▂▂▂▂▁▁▁▁▁▁▁
wandb:                   train/lr ▃▆██████▇▇▇▇▆▆▅▅▅▄▄▃▃▃▂▂▂▂▁▁▁▁
wandb:   val_performance/auc_mean ▆██▄▅▇█▅▃▅▄▁▂▂▂▃▅▅▅▅▅▄▅▄▄▄▄▄▄▄
wandb:    val_performance/c_index ▃█▅▁▃▇▇▂▂▅▄▁▂▂▂▃▅▅▆▅▄▃▄▄▄▅▅▅▅▅
wandb:         val_performance/hr ▅▄▃▂▃▄▇▅▅▅▅▁▁▂▂▂▄▄█▆▄▄▄▄▃▃▃▃▃▃
wandb: val_performance/log_rank_p ▁▂▂▆▂▂▁▁▁▁▁█▆▅▅▄▂▂▁▁▂▂▂▂▂▂▂▂▂▂
wandb: 
wandb: Run summary:
wandb:               best_epoch 2
wandb:         best_val_c_index 0.72093
wandb:            test_auc_mean 0.79495
wandb:             test_c_index 0.73606
wandb:                  test_hr 4.04202
wandb:          test_log_rank_p 0.00564
wandb:            train/c_index 0.98071
wandb:               train/loss 0.5913
wandb:                 train/lr 1e-05
wandb: val_performance/auc_mean 0.6169
wandb:                       +3 ...
wandb: 
wandb:  View run TCGA_M7_INT1500_STG_R_COX_ADD_FOLD0OF5_seed84_0816::1734 at: https://wandb.ai/justin212553/Path-ViT/runs/3fumpnx8
wandb:  View project at: https://wandb.ai/justin212553/Path-ViT
wandb: Synced 5 W&B file(s), 0 media file(s), 0 artifact file(s) and 0 other file(s)
wandb: Find logs at: .\.wandb\run-20260816_173431-3fumpnx8\logs

=== External Test (cptac 전체 코호트) ===
external_c_index=0.5938 | external_HR=1.567 [1.083, 2.268] | external_logrank_p=0.0162 | external_AUC_mean=0.6093 (auc_365d=0.6567 auc_730d=0.6518 auc_1095d=0.5192)
wandb: setting up run yi1g9paj
wandb: Tracking run with wandb version 0.28.0
wandb: Run data is saved locally in D:\wonse\Documents\Job\urban_datalab\PATH-ViT\.wandb\run-20260816_173543-yi1g9paj
wandb: Run `wandb offline` to turn off syncing.
wandb: Syncing run TCGA_XM7_INT1500_STG_R_COX_ADD_FOLD0OF5_seed84_0816::1734
wandb:  View project at https://wandb.ai/justin212553/Path-ViT
wandb:  View run at https://wandb.ai/justin212553/Path-ViT/runs/yi1g9paj
wandb: updating run metadata; uploading summary
wandb: uploading history steps 0-0, summary
wandb: 
wandb: Run history:
wandb:   external/auc_mean ▁
wandb:    external/c_index ▁
wandb:         external/hr ▁
wandb: external/log_rank_p ▁
wandb: 
wandb: Run summary:
wandb:   external/auc_mean 0.60925
wandb:    external/c_index 0.59375
wandb:         external/hr 1.56713
wandb: external/log_rank_p 0.01624
wandb: 
wandb:  View run TCGA_XM7_INT1500_STG_R_COX_ADD_FOLD0OF5_seed84_0816::1734 at: https://wandb.ai/justin212553/Path-ViT/runs/yi1g9paj
wandb:  View project at: https://wandb.ai/justin212553/Path-ViT
wandb: Synced 4 W&B file(s), 0 media file(s), 0 artifact file(s) and 0 other file(s)
wandb: Find logs at: .\.wandb\run-20260816_173543-yi1g9paj\logs
=== FINAL M7 seed=84 fold=0/5 Complete: Sun Aug 16 17:35:46     2026 ===
=== FINAL M7 seed=84 fold=1/5 Start: Sun Aug 16 17:35:46     2026 ===
wandb: [wandb.login()] Loaded credentials for https://api.wandb.ai from C:\Users\wonse\_netrc.
wandb: Currently logged in as: justin212553 to https://api.wandb.ai. Use `wandb login --relogin` to force relogin
wandb: setting up run qoz2jkd0
wandb: Tracking run with wandb version 0.28.0
wandb: Run data is saved locally in D:\wonse\Documents\Job\urban_datalab\PATH-ViT\.wandb\run-20260816_173554-qoz2jkd0
wandb: Run `wandb offline` to turn off syncing.
wandb: Syncing run TCGA_M7_INT1500_STG_R_COX_ADD_FOLD1OF5_seed84_0816::1735
wandb:  View project at https://wandb.ai/justin212553/Path-ViT
wandb:  View run at https://wandb.ai/justin212553/Path-ViT/runs/qoz2jkd0
Model: M7_INT1500_STG_R_COX_ADD_FOLD1OF5 (ClinicalRNAOnly) | params=103,557
Dataset: tcga  (5-fold CV, fold 1)  Train: 90  Val: 31  Test(internal): 31 patients
lr=1.0e-03 | weight_decay=1.0e-02 | epochs=30 | cox_batch_size=16
Epoch   1 | lr=3.33e-04 | loss=2.0247 | train_c_index=0.7393 | val_c_index=0.6996 | val_HR=2.827 [0.964, 8.291] | val_logrank_p=0.0478 | val_AUC_mean=0.7330 (auc_365d=0.8387 auc_730d=0.5742 auc_1095d=0.7860)
  -> checkpoint saved (c_index=0.6996)
Epoch   2 | lr=6.67e-04 | loss=1.6543 | train_c_index=0.8367 | val_c_index=0.7034 | val_HR=2.381 [0.862, 6.578] | val_logrank_p=0.0846 | val_AUC_mean=0.6462 (auc_365d=0.8147 auc_730d=0.5470 auc_1095d=0.5769)
  -> checkpoint saved (c_index=0.7034)
Epoch   3 | lr=1.00e-03 | loss=1.4338 | train_c_index=0.8727 | val_c_index=0.7224 | val_HR=3.022 [1.047, 8.725] | val_logrank_p=0.0317 | val_AUC_mean=0.6735 (auc_365d=0.8329 auc_730d=0.6008 auc_1095d=0.5867)
  -> checkpoint saved (c_index=0.7224)
Epoch   4 | lr=1.00e-03 | loss=1.2867 | train_c_index=0.9013 | val_c_index=0.7452 | val_HR=3.930 [1.351, 11.432] | val_logrank_p=0.0069 | val_AUC_mean=0.7195 (auc_365d=0.8407 auc_730d=0.6371 auc_1095d=0.6808)
  -> checkpoint saved (c_index=0.7452)
Epoch   5 | lr=9.97e-04 | loss=1.2544 | train_c_index=0.9246 | val_c_index=0.7490 | val_HR=4.881 [1.555, 15.322] | val_logrank_p=0.0028 | val_AUC_mean=0.7686 (auc_365d=0.8002 auc_730d=0.7142 auc_1095d=0.7915)
  -> checkpoint saved (c_index=0.7490)
C:\Users\wonse\anaconda3\envs\PathViT-ray\Lib\site-packages\lifelines\fitters\coxph_fitter.py:1607: ConvergenceWarning: Newton-Raphson convergence completed successfully but norm(delta) is still high, 0.503. This may imply non-unique solutions to the maximum likelihood. Perhaps there is collinearity or complete separation in the dataset?

  warnings.warn(
Epoch   6 | lr=9.87e-04 | loss=1.1016 | train_c_index=0.9398 | val_c_index=0.7529 | val_HR=3.851 [1.237, 11.989] | val_logrank_p=0.0123 | val_AUC_mean=0.7697 (auc_365d=0.8401 auc_730d=0.6976 auc_1095d=0.7715)
  -> checkpoint saved (c_index=0.7529)
Epoch   7 | lr=9.70e-04 | loss=1.0090 | train_c_index=0.9394 | val_c_index=0.7376 | val_HR=1.973 [0.712, 5.465] | val_logrank_p=0.1829 | val_AUC_mean=0.7057 (auc_365d=0.8722 auc_730d=0.6030 auc_1095d=0.6419)
C:\Users\wonse\anaconda3\envs\PathViT-ray\Lib\site-packages\lifelines\fitters\coxph_fitter.py:1607: ConvergenceWarning: Newton-Raphson convergence completed successfully but norm(delta) is still high, 0.503. This may imply non-unique solutions to the maximum likelihood. Perhaps there is collinearity or complete separation in the dataset?

  warnings.warn(
Epoch   8 | lr=9.47e-04 | loss=0.9777 | train_c_index=0.9524 | val_c_index=0.7186 | val_HR=1.973 [0.712, 5.465] | val_logrank_p=0.1829 | val_AUC_mean=0.7008 (auc_365d=0.8577 auc_730d=0.6027 auc_1095d=0.6419)
C:\Users\wonse\anaconda3\envs\PathViT-ray\Lib\site-packages\lifelines\fitters\coxph_fitter.py:1607: ConvergenceWarning: Newton-Raphson convergence completed successfully but norm(delta) is still high, 0.503. This may imply non-unique solutions to the maximum likelihood. Perhaps there is collinearity or complete separation in the dataset?

  warnings.warn(
Epoch   9 | lr=9.19e-04 | loss=0.8050 | train_c_index=0.9610 | val_c_index=0.7224 | val_HR=2.573 [0.928, 7.134] | val_logrank_p=0.0598 | val_AUC_mean=0.6888 (auc_365d=0.8407 auc_730d=0.6600 auc_1095d=0.5655)
Epoch  10 | lr=8.84e-04 | loss=0.8384 | train_c_index=0.9649 | val_c_index=0.6996 | val_HR=1.984 [0.717, 5.484] | val_logrank_p=0.1785 | val_AUC_mean=0.6687 (auc_365d=0.7989 auc_730d=0.6418 auc_1095d=0.5655)
Epoch  11 | lr=8.45e-04 | loss=0.7609 | train_c_index=0.9619 | val_c_index=0.7110 | val_HR=2.070 [0.705, 6.082] | val_logrank_p=0.1763 | val_AUC_mean=0.6853 (auc_365d=0.8550 auc_730d=0.5759 auc_1095d=0.6250)
Epoch  12 | lr=8.01e-04 | loss=0.8829 | train_c_index=0.9545 | val_c_index=0.7224 | val_HR=3.282 [1.039, 10.369] | val_logrank_p=0.0322 | val_AUC_mean=0.7185 (auc_365d=0.8714 auc_730d=0.5759 auc_1095d=0.7080)
Epoch  13 | lr=7.52e-04 | loss=0.9447 | train_c_index=0.9645 | val_c_index=0.7300 | val_HR=3.059 [0.969, 9.656] | val_logrank_p=0.0450 | val_AUC_mean=0.6868 (auc_365d=0.8635 auc_730d=0.5746 auc_1095d=0.6224)
Epoch  14 | lr=7.01e-04 | loss=0.7365 | train_c_index=0.9671 | val_c_index=0.7414 | val_HR=2.461 [0.886, 6.840] | val_logrank_p=0.0747 | val_AUC_mean=0.7134 (auc_365d=0.8550 auc_730d=0.6797 auc_1095d=0.6053)
Epoch  15 | lr=6.47e-04 | loss=0.7280 | train_c_index=0.9610 | val_c_index=0.7376 | val_HR=3.310 [1.176, 9.311] | val_logrank_p=0.0169 | val_AUC_mean=0.7277 (auc_365d=0.8459 auc_730d=0.6991 auc_1095d=0.6382)
Epoch  16 | lr=5.91e-04 | loss=0.7303 | train_c_index=0.9645 | val_c_index=0.7605 | val_HR=3.697 [1.258, 10.860] | val_logrank_p=0.0114 | val_AUC_mean=0.7622 (auc_365d=0.8550 auc_730d=0.7009 auc_1095d=0.7307)
  -> checkpoint saved (c_index=0.7605)
Epoch  17 | lr=5.34e-04 | loss=0.6645 | train_c_index=0.9684 | val_c_index=0.7490 | val_HR=2.714 [0.940, 7.836] | val_logrank_p=0.0547 | val_AUC_mean=0.7251 (auc_365d=0.8727 auc_730d=0.6209 auc_1095d=0.6817)
C:\Users\wonse\anaconda3\envs\PathViT-ray\Lib\site-packages\lifelines\fitters\coxph_fitter.py:1607: ConvergenceWarning: Newton-Raphson convergence completed successfully but norm(delta) is still high, 0.503. This may imply non-unique solutions to the maximum likelihood. Perhaps there is collinearity or complete separation in the dataset?

  warnings.warn(
Epoch  18 | lr=4.76e-04 | loss=0.7903 | train_c_index=0.9680 | val_c_index=0.7414 | val_HR=2.714 [0.940, 7.836] | val_logrank_p=0.0547 | val_AUC_mean=0.7151 (auc_365d=0.8727 auc_730d=0.6109 auc_1095d=0.6618)
C:\Users\wonse\anaconda3\envs\PathViT-ray\Lib\site-packages\lifelines\fitters\coxph_fitter.py:1607: ConvergenceWarning: Newton-Raphson convergence completed successfully but norm(delta) is still high, 0.503. This may imply non-unique solutions to the maximum likelihood. Perhaps there is collinearity or complete separation in the dataset?

  warnings.warn(
Epoch  19 | lr=4.19e-04 | loss=0.6551 | train_c_index=0.9718 | val_c_index=0.7338 | val_HR=2.714 [0.940, 7.836] | val_logrank_p=0.0547 | val_AUC_mean=0.6937 (auc_365d=0.8571 auc_730d=0.6452 auc_1095d=0.5788)
C:\Users\wonse\anaconda3\envs\PathViT-ray\Lib\site-packages\lifelines\fitters\coxph_fitter.py:1607: ConvergenceWarning: Newton-Raphson convergence completed successfully but norm(delta) is still high, 0.503. This may imply non-unique solutions to the maximum likelihood. Perhaps there is collinearity or complete separation in the dataset?

  warnings.warn(
Epoch  20 | lr=3.63e-04 | loss=0.6224 | train_c_index=0.9714 | val_c_index=0.7262 | val_HR=2.714 [0.940, 7.836] | val_logrank_p=0.0547 | val_AUC_mean=0.6750 (auc_365d=0.8571 auc_730d=0.5997 auc_1095d=0.5681)
C:\Users\wonse\anaconda3\envs\PathViT-ray\Lib\site-packages\lifelines\fitters\coxph_fitter.py:1607: ConvergenceWarning: Newton-Raphson convergence completed successfully but norm(delta) is still high, 0.503. This may imply non-unique solutions to the maximum likelihood. Perhaps there is collinearity or complete separation in the dataset?

  warnings.warn(
Epoch  21 | lr=3.09e-04 | loss=0.6408 | train_c_index=0.9731 | val_c_index=0.7148 | val_HR=2.461 [0.886, 6.840] | val_logrank_p=0.0747 | val_AUC_mean=0.6556 (auc_365d=0.8486 auc_730d=0.5885 auc_1095d=0.5299)
C:\Users\wonse\anaconda3\envs\PathViT-ray\Lib\site-packages\lifelines\fitters\coxph_fitter.py:1607: ConvergenceWarning: Newton-Raphson convergence completed successfully but norm(delta) is still high, 0.503. This may imply non-unique solutions to the maximum likelihood. Perhaps there is collinearity or complete separation in the dataset?

  warnings.warn(
Epoch  22 | lr=2.58e-04 | loss=0.5855 | train_c_index=0.9770 | val_c_index=0.7262 | val_HR=3.176 [1.073, 9.397] | val_logrank_p=0.0279 | val_AUC_mean=0.6763 (auc_365d=0.8564 auc_730d=0.6044 auc_1095d=0.5681)
Epoch  23 | lr=2.09e-04 | loss=0.6052 | train_c_index=0.9801 | val_c_index=0.7186 | val_HR=3.442 [1.093, 10.843] | val_logrank_p=0.0247 | val_AUC_mean=0.6808 (auc_365d=0.8401 auc_730d=0.5798 auc_1095d=0.6224)
Epoch  24 | lr=1.65e-04 | loss=0.6227 | train_c_index=0.9805 | val_c_index=0.7148 | val_HR=3.442 [1.093, 10.843] | val_logrank_p=0.0247 | val_AUC_mean=0.6808 (auc_365d=0.8401 auc_730d=0.5798 auc_1095d=0.6224)
Epoch  25 | lr=1.26e-04 | loss=0.6527 | train_c_index=0.9827 | val_c_index=0.7186 | val_HR=3.442 [1.093, 10.843] | val_logrank_p=0.0247 | val_AUC_mean=0.6886 (auc_365d=0.8237 auc_730d=0.5964 auc_1095d=0.6458)
C:\Users\wonse\anaconda3\envs\PathViT-ray\Lib\site-packages\lifelines\fitters\coxph_fitter.py:1607: ConvergenceWarning: Newton-Raphson convergence completed successfully but norm(delta) is still high, 0.503. This may imply non-unique solutions to the maximum likelihood. Perhaps there is collinearity or complete separation in the dataset?

  warnings.warn(
Epoch  26 | lr=9.14e-05 | loss=0.6466 | train_c_index=0.9835 | val_c_index=0.7186 | val_HR=3.038 [1.028, 8.973] | val_logrank_p=0.0349 | val_AUC_mean=0.6886 (auc_365d=0.8237 auc_730d=0.5964 auc_1095d=0.6458)
C:\Users\wonse\anaconda3\envs\PathViT-ray\Lib\site-packages\lifelines\fitters\coxph_fitter.py:1607: ConvergenceWarning: Newton-Raphson convergence completed successfully but norm(delta) is still high, 0.503. This may imply non-unique solutions to the maximum likelihood. Perhaps there is collinearity or complete separation in the dataset?

  warnings.warn(
Epoch  27 | lr=6.27e-05 | loss=0.5394 | train_c_index=0.9844 | val_c_index=0.7224 | val_HR=3.442 [1.093, 10.843] | val_logrank_p=0.0247 | val_AUC_mean=0.7036 (auc_365d=0.8237 auc_730d=0.5964 auc_1095d=0.6907)
C:\Users\wonse\anaconda3\envs\PathViT-ray\Lib\site-packages\lifelines\fitters\coxph_fitter.py:1607: ConvergenceWarning: Newton-Raphson convergence completed successfully but norm(delta) is still high, 0.503. This may imply non-unique solutions to the maximum likelihood. Perhaps there is collinearity or complete separation in the dataset?

  warnings.warn(
Epoch  28 | lr=3.99e-05 | loss=0.4997 | train_c_index=0.9844 | val_c_index=0.7224 | val_HR=3.442 [1.093, 10.843] | val_logrank_p=0.0247 | val_AUC_mean=0.7036 (auc_365d=0.8237 auc_730d=0.5964 auc_1095d=0.6907)
C:\Users\wonse\anaconda3\envs\PathViT-ray\Lib\site-packages\lifelines\fitters\coxph_fitter.py:1607: ConvergenceWarning: Newton-Raphson convergence completed successfully but norm(delta) is still high, 0.503. This may imply non-unique solutions to the maximum likelihood. Perhaps there is collinearity or complete separation in the dataset?

  warnings.warn(
Epoch  29 | lr=2.33e-05 | loss=0.5470 | train_c_index=0.9840 | val_c_index=0.7186 | val_HR=3.442 [1.093, 10.843] | val_logrank_p=0.0247 | val_AUC_mean=0.7003 (auc_365d=0.8237 auc_730d=0.5864 auc_1095d=0.6907)
C:\Users\wonse\anaconda3\envs\PathViT-ray\Lib\site-packages\lifelines\fitters\coxph_fitter.py:1607: ConvergenceWarning: Newton-Raphson convergence completed successfully but norm(delta) is still high, 0.503. This may imply non-unique solutions to the maximum likelihood. Perhaps there is collinearity or complete separation in the dataset?

  warnings.warn(
Epoch  30 | lr=1.33e-05 | loss=0.6090 | train_c_index=0.9848 | val_c_index=0.7186 | val_HR=3.442 [1.093, 10.843] | val_logrank_p=0.0247 | val_AUC_mean=0.7003 (auc_365d=0.8237 auc_730d=0.5864 auc_1095d=0.6907)

=== Internal Test (best checkpoint epoch 16) ===
test_c_index=0.6173 | test_HR=0.840 [0.310, 2.279] | test_logrank_p=0.7325 | test_AUC_mean=0.5997 (auc_365d=0.6538 auc_730d=0.5727 auc_1095d=0.5726)
  -> fold predictions saved: D:\wonse\Documents\Job\urban_datalab\PATH-ViT\.logs\kfold_preds\tcga_M7_INT1500_STG_R_COX_ADD_FOLD1OF5_seed84_fold1of5.csv
wandb: updating run metadata
wandb: uploading output.log; uploading wandb-summary.json; uploading config.yaml
wandb: 
wandb: Run history:
wandb:              train/c_index ▁▄▅▆▆▇▇▇▇▇▇▇▇▇▇▇██████████████
wandb:                 train/loss █▆▅▅▄▄▃▃▂▃▂▃▃▂▂▂▂▂▂▂▂▁▁▂▂▂▁▁▁▂
wandb:                   train/lr ▃▆██████▇▇▇▇▆▆▅▅▅▄▄▃▃▃▂▂▂▂▁▁▁▁
wandb:   val_performance/auc_mean ▆▁▃▅██▄▄▃▂▃▅▃▅▆█▅▅▄▃▂▃▃▃▃▃▄▄▄▄
wandb:    val_performance/c_index ▁▁▄▆▇▇▅▃▄▁▂▄▅▆▅█▇▆▅▄▃▄▃▃▃▃▄▄▃▃
wandb:         val_performance/hr ▃▂▄▆█▆▁▁▂▁▁▄▄▂▄▅▃▃▃▃▂▄▅▅▅▄▅▅▅▅
wandb: val_performance/log_rank_p ▃▄▂▁▁▁██▃██▂▃▄▂▁▃▃▃▃▄▂▂▂▂▂▂▂▂▂
wandb: 
wandb: Run summary:
wandb:               best_epoch 16
wandb:         best_val_c_index 0.76046
wandb:            test_auc_mean 0.59972
wandb:             test_c_index 0.61728
wandb:                  test_hr 0.84048
wandb:          test_log_rank_p 0.73247
wandb:            train/c_index 0.98484
wandb:               train/loss 0.609
wandb:                 train/lr 1e-05
wandb: val_performance/auc_mean 0.70027
wandb:                       +3 ...
wandb: 
wandb:  View run TCGA_M7_INT1500_STG_R_COX_ADD_FOLD1OF5_seed84_0816::1735 at: https://wandb.ai/justin212553/Path-ViT/runs/qoz2jkd0
wandb:  View project at: https://wandb.ai/justin212553/Path-ViT
wandb: Synced 5 W&B file(s), 0 media file(s), 0 artifact file(s) and 0 other file(s)
wandb: Find logs at: .\.wandb\run-20260816_173554-qoz2jkd0\logs

=== External Test (cptac 전체 코호트) ===
external_c_index=0.6250 | external_HR=1.712 [1.180, 2.483] | external_logrank_p=0.0040 | external_AUC_mean=0.6509 (auc_365d=0.6967 auc_730d=0.7306 auc_1095d=0.5254)
wandb: setting up run cz9n8k8y
wandb: Tracking run with wandb version 0.28.0
wandb: Run data is saved locally in D:\wonse\Documents\Job\urban_datalab\PATH-ViT\.wandb\run-20260816_173706-cz9n8k8y
wandb: Run `wandb offline` to turn off syncing.
wandb: Syncing run TCGA_XM7_INT1500_STG_R_COX_ADD_FOLD1OF5_seed84_0816::1735
wandb:  View project at https://wandb.ai/justin212553/Path-ViT
wandb:  View run at https://wandb.ai/justin212553/Path-ViT/runs/cz9n8k8y
wandb: updating run metadata; uploading summary
wandb: uploading history steps 0-0, summary
wandb: 
wandb: Run history:
wandb:   external/auc_mean ▁
wandb:    external/c_index ▁
wandb:         external/hr ▁
wandb: external/log_rank_p ▁
wandb: 
wandb: Run summary:
wandb:   external/auc_mean 0.65093
wandb:    external/c_index 0.62499
wandb:         external/hr 1.71194
wandb: external/log_rank_p 0.00401
wandb: 
wandb:  View run TCGA_XM7_INT1500_STG_R_COX_ADD_FOLD1OF5_seed84_0816::1735 at: https://wandb.ai/justin212553/Path-ViT/runs/cz9n8k8y
wandb:  View project at: https://wandb.ai/justin212553/Path-ViT
wandb: Synced 4 W&B file(s), 0 media file(s), 0 artifact file(s) and 0 other file(s)
wandb: Find logs at: .\.wandb\run-20260816_173706-cz9n8k8y\logs
=== FINAL M7 seed=84 fold=1/5 Complete: Sun Aug 16 17:37:09     2026 ===
=== FINAL M7 seed=84 fold=2/5 Start: Sun Aug 16 17:37:09     2026 ===
wandb: [wandb.login()] Loaded credentials for https://api.wandb.ai from C:\Users\wonse\_netrc.
wandb: Currently logged in as: justin212553 to https://api.wandb.ai. Use `wandb login --relogin` to force relogin
wandb: setting up run i49b8fmr
wandb: Tracking run with wandb version 0.28.0
wandb: Run data is saved locally in D:\wonse\Documents\Job\urban_datalab\PATH-ViT\.wandb\run-20260816_173718-i49b8fmr
wandb: Run `wandb offline` to turn off syncing.
wandb: Syncing run TCGA_M7_INT1500_STG_R_COX_ADD_FOLD2OF5_seed84_0816::1737
wandb:  View project at https://wandb.ai/justin212553/Path-ViT
wandb:  View run at https://wandb.ai/justin212553/Path-ViT/runs/i49b8fmr
Model: M7_INT1500_STG_R_COX_ADD_FOLD2OF5 (ClinicalRNAOnly) | params=103,557
Dataset: tcga  (5-fold CV, fold 2)  Train: 90  Val: 31  Test(internal): 31 patients
lr=1.0e-03 | weight_decay=1.0e-02 | epochs=30 | cox_batch_size=16
Epoch   1 | lr=3.33e-04 | loss=1.9886 | train_c_index=0.7426 | val_c_index=0.7036 | val_HR=3.731 [1.285, 10.831] | val_logrank_p=0.0096 | val_AUC_mean=0.6604 (auc_365d=0.7721 auc_730d=0.6345 auc_1095d=0.5744)
  -> checkpoint saved (c_index=0.7036)
Epoch   2 | lr=6.67e-04 | loss=1.7257 | train_c_index=0.8500 | val_c_index=0.7246 | val_HR=2.984 [1.069, 8.329] | val_logrank_p=0.0289 | val_AUC_mean=0.6158 (auc_365d=0.8053 auc_730d=0.6642 auc_1095d=0.3779)
  -> checkpoint saved (c_index=0.7246)
Epoch   3 | lr=1.00e-03 | loss=1.4535 | train_c_index=0.8884 | val_c_index=0.6946 | val_HR=1.819 [0.676, 4.899] | val_logrank_p=0.2295 | val_AUC_mean=0.5972 (auc_365d=0.7697 auc_730d=0.6764 auc_1095d=0.3455)
Epoch   4 | lr=1.00e-03 | loss=1.2742 | train_c_index=0.9198 | val_c_index=0.7096 | val_HR=2.017 [0.748, 5.440] | val_logrank_p=0.1573 | val_AUC_mean=0.6422 (auc_365d=0.7934 auc_730d=0.6957 auc_1095d=0.4374)
Epoch   5 | lr=9.97e-04 | loss=1.1386 | train_c_index=0.9273 | val_c_index=0.7036 | val_HR=2.017 [0.748, 5.440] | val_logrank_p=0.1573 | val_AUC_mean=0.6570 (auc_365d=0.7882 auc_730d=0.7080 auc_1095d=0.4749)
Epoch   6 | lr=9.87e-04 | loss=0.9945 | train_c_index=0.9281 | val_c_index=0.6856 | val_HR=2.017 [0.748, 5.440] | val_logrank_p=0.1573 | val_AUC_mean=0.6069 (auc_365d=0.7840 auc_730d=0.6374 auc_1095d=0.3993)
Epoch   7 | lr=9.70e-04 | loss=1.1541 | train_c_index=0.9411 | val_c_index=0.6886 | val_HR=2.017 [0.748, 5.440] | val_logrank_p=0.1573 | val_AUC_mean=0.6306 (auc_365d=0.7682 auc_730d=0.6673 auc_1095d=0.4563)
Epoch   8 | lr=9.47e-04 | loss=0.9216 | train_c_index=0.9507 | val_c_index=0.6796 | val_HR=2.662 [0.963, 7.357] | val_logrank_p=0.0498 | val_AUC_mean=0.6081 (auc_365d=0.7494 auc_730d=0.6375 auc_1095d=0.4374)
Epoch   9 | lr=9.19e-04 | loss=0.9421 | train_c_index=0.9515 | val_c_index=0.6766 | val_HR=2.662 [0.963, 7.357] | val_logrank_p=0.0498 | val_AUC_mean=0.6039 (auc_365d=0.7537 auc_730d=0.6326 auc_1095d=0.4255)
Epoch  10 | lr=8.84e-04 | loss=0.9191 | train_c_index=0.9586 | val_c_index=0.6647 | val_HR=1.836 [0.682, 4.944] | val_logrank_p=0.2224 | val_AUC_mean=0.5781 (auc_365d=0.7424 auc_730d=0.6009 auc_1095d=0.3912)
Epoch  11 | lr=8.45e-04 | loss=0.7967 | train_c_index=0.9674 | val_c_index=0.6317 | val_HR=2.662 [0.963, 7.357] | val_logrank_p=0.0498 | val_AUC_mean=0.5395 (auc_365d=0.7026 auc_730d=0.5681 auc_1095d=0.3478)
C:\Users\wonse\anaconda3\envs\PathViT-ray\Lib\site-packages\lifelines\fitters\coxph_fitter.py:1607: ConvergenceWarning: Newton-Raphson convergence completed successfully but norm(delta) is still high, 0.503. This may imply non-unique solutions to the maximum likelihood. Perhaps there is collinearity or complete separation in the dataset?

  warnings.warn(
Epoch  12 | lr=8.01e-04 | loss=0.6912 | train_c_index=0.9733 | val_c_index=0.6347 | val_HR=2.662 [0.963, 7.357] | val_logrank_p=0.0498 | val_AUC_mean=0.5620 (auc_365d=0.7049 auc_730d=0.6093 auc_1095d=0.3719)
C:\Users\wonse\anaconda3\envs\PathViT-ray\Lib\site-packages\lifelines\fitters\coxph_fitter.py:1607: ConvergenceWarning: Newton-Raphson convergence completed successfully but norm(delta) is still high, 0.503. This may imply non-unique solutions to the maximum likelihood. Perhaps there is collinearity or complete separation in the dataset?

  warnings.warn(
Epoch  13 | lr=7.52e-04 | loss=0.7342 | train_c_index=0.9728 | val_c_index=0.6587 | val_HR=2.662 [0.963, 7.357] | val_logrank_p=0.0498 | val_AUC_mean=0.5893 (auc_365d=0.7279 auc_730d=0.6300 auc_1095d=0.4100)
C:\Users\wonse\anaconda3\envs\PathViT-ray\Lib\site-packages\lifelines\fitters\coxph_fitter.py:1607: ConvergenceWarning: Newton-Raphson convergence completed successfully but norm(delta) is still high, 0.503. This may imply non-unique solutions to the maximum likelihood. Perhaps there is collinearity or complete separation in the dataset?

  warnings.warn(
Epoch  14 | lr=7.01e-04 | loss=0.6770 | train_c_index=0.9670 | val_c_index=0.6587 | val_HR=2.984 [1.069, 8.329] | val_logrank_p=0.0289 | val_AUC_mean=0.5951 (auc_365d=0.7448 auc_730d=0.5961 auc_1095d=0.4443)
C:\Users\wonse\anaconda3\envs\PathViT-ray\Lib\site-packages\lifelines\fitters\coxph_fitter.py:1607: ConvergenceWarning: Newton-Raphson convergence completed successfully but norm(delta) is still high, 0.503. This may imply non-unique solutions to the maximum likelihood. Perhaps there is collinearity or complete separation in the dataset?

  warnings.warn(
Epoch  15 | lr=6.47e-04 | loss=0.7283 | train_c_index=0.9670 | val_c_index=0.6497 | val_HR=2.662 [0.963, 7.357] | val_logrank_p=0.0498 | val_AUC_mean=0.5896 (auc_365d=0.7360 auc_730d=0.5884 auc_1095d=0.4443)
Epoch  16 | lr=5.91e-04 | loss=0.6642 | train_c_index=0.9737 | val_c_index=0.6168 | val_HR=2.662 [0.963, 7.357] | val_logrank_p=0.0498 | val_AUC_mean=0.5289 (auc_365d=0.6877 auc_730d=0.5514 auc_1095d=0.3478)
Epoch  17 | lr=5.34e-04 | loss=0.6411 | train_c_index=0.9745 | val_c_index=0.6347 | val_HR=2.662 [0.963, 7.357] | val_logrank_p=0.0498 | val_AUC_mean=0.5744 (auc_365d=0.6999 auc_730d=0.6139 auc_1095d=0.4094)
Epoch  18 | lr=4.76e-04 | loss=0.5917 | train_c_index=0.9753 | val_c_index=0.6527 | val_HR=2.514 [0.911, 6.940] | val_logrank_p=0.0654 | val_AUC_mean=0.5899 (auc_365d=0.7273 auc_730d=0.6211 auc_1095d=0.4214)
Epoch  19 | lr=4.19e-04 | loss=0.7218 | train_c_index=0.9770 | val_c_index=0.6527 | val_HR=2.514 [0.911, 6.940] | val_logrank_p=0.0654 | val_AUC_mean=0.5899 (auc_365d=0.7273 auc_730d=0.6211 auc_1095d=0.4214)
C:\Users\wonse\anaconda3\envs\PathViT-ray\Lib\site-packages\lifelines\fitters\coxph_fitter.py:1607: ConvergenceWarning: Newton-Raphson convergence completed successfully but norm(delta) is still high, 0.503. This may imply non-unique solutions to the maximum likelihood. Perhaps there is collinearity or complete separation in the dataset?

  warnings.warn(
Epoch  20 | lr=3.63e-04 | loss=0.6703 | train_c_index=0.9758 | val_c_index=0.6347 | val_HR=2.514 [0.911, 6.940] | val_logrank_p=0.0654 | val_AUC_mean=0.5703 (auc_365d=0.7075 auc_730d=0.5940 auc_1095d=0.4094)
C:\Users\wonse\anaconda3\envs\PathViT-ray\Lib\site-packages\lifelines\fitters\coxph_fitter.py:1607: ConvergenceWarning: Newton-Raphson convergence completed successfully but norm(delta) is still high, 0.503. This may imply non-unique solutions to the maximum likelihood. Perhaps there is collinearity or complete separation in the dataset?

  warnings.warn(
Epoch  21 | lr=3.09e-04 | loss=0.6086 | train_c_index=0.9762 | val_c_index=0.6287 | val_HR=2.514 [0.911, 6.940] | val_logrank_p=0.0654 | val_AUC_mean=0.5602 (auc_365d=0.7067 auc_730d=0.5645 auc_1095d=0.4094)
C:\Users\wonse\anaconda3\envs\PathViT-ray\Lib\site-packages\lifelines\fitters\coxph_fitter.py:1607: ConvergenceWarning: Newton-Raphson convergence completed successfully but norm(delta) is still high, 0.503. This may imply non-unique solutions to the maximum likelihood. Perhaps there is collinearity or complete separation in the dataset?

  warnings.warn(
Epoch  22 | lr=2.58e-04 | loss=0.6385 | train_c_index=0.9779 | val_c_index=0.6257 | val_HR=2.514 [0.911, 6.940] | val_logrank_p=0.0654 | val_AUC_mean=0.5587 (auc_365d=0.6974 auc_730d=0.5694 auc_1095d=0.4094)
C:\Users\wonse\anaconda3\envs\PathViT-ray\Lib\site-packages\lifelines\fitters\coxph_fitter.py:1607: ConvergenceWarning: Newton-Raphson convergence completed successfully but norm(delta) is still high, 0.503. This may imply non-unique solutions to the maximum likelihood. Perhaps there is collinearity or complete separation in the dataset?

  warnings.warn(
Epoch  23 | lr=2.09e-04 | loss=0.5833 | train_c_index=0.9808 | val_c_index=0.6407 | val_HR=2.662 [0.963, 7.357] | val_logrank_p=0.0498 | val_AUC_mean=0.5692 (auc_365d=0.7070 auc_730d=0.5911 auc_1095d=0.4094)
C:\Users\wonse\anaconda3\envs\PathViT-ray\Lib\site-packages\lifelines\fitters\coxph_fitter.py:1607: ConvergenceWarning: Newton-Raphson convergence completed successfully but norm(delta) is still high, 0.503. This may imply non-unique solutions to the maximum likelihood. Perhaps there is collinearity or complete separation in the dataset?

  warnings.warn(
Epoch  24 | lr=1.65e-04 | loss=0.6015 | train_c_index=0.9845 | val_c_index=0.6377 | val_HR=2.662 [0.963, 7.357] | val_logrank_p=0.0498 | val_AUC_mean=0.5701 (auc_365d=0.7035 auc_730d=0.5974 auc_1095d=0.4094)
C:\Users\wonse\anaconda3\envs\PathViT-ray\Lib\site-packages\lifelines\fitters\coxph_fitter.py:1607: ConvergenceWarning: Newton-Raphson convergence completed successfully but norm(delta) is still high, 0.503. This may imply non-unique solutions to the maximum likelihood. Perhaps there is collinearity or complete separation in the dataset?

  warnings.warn(
Epoch  25 | lr=1.26e-04 | loss=0.5635 | train_c_index=0.9858 | val_c_index=0.6347 | val_HR=2.662 [0.963, 7.357] | val_logrank_p=0.0498 | val_AUC_mean=0.5701 (auc_365d=0.7035 auc_730d=0.5974 auc_1095d=0.4094)
C:\Users\wonse\anaconda3\envs\PathViT-ray\Lib\site-packages\lifelines\fitters\coxph_fitter.py:1607: ConvergenceWarning: Newton-Raphson convergence completed successfully but norm(delta) is still high, 0.503. This may imply non-unique solutions to the maximum likelihood. Perhaps there is collinearity or complete separation in the dataset?

  warnings.warn(
Epoch  26 | lr=9.14e-05 | loss=0.5928 | train_c_index=0.9833 | val_c_index=0.6407 | val_HR=2.662 [0.963, 7.357] | val_logrank_p=0.0498 | val_AUC_mean=0.5824 (auc_365d=0.7035 auc_730d=0.6082 auc_1095d=0.4355)
C:\Users\wonse\anaconda3\envs\PathViT-ray\Lib\site-packages\lifelines\fitters\coxph_fitter.py:1607: ConvergenceWarning: Newton-Raphson convergence completed successfully but norm(delta) is still high, 0.503. This may imply non-unique solutions to the maximum likelihood. Perhaps there is collinearity or complete separation in the dataset?

  warnings.warn(
Epoch  27 | lr=6.27e-05 | loss=0.6354 | train_c_index=0.9837 | val_c_index=0.6377 | val_HR=2.514 [0.911, 6.940] | val_logrank_p=0.0654 | val_AUC_mean=0.5824 (auc_365d=0.7035 auc_730d=0.6082 auc_1095d=0.4355)
C:\Users\wonse\anaconda3\envs\PathViT-ray\Lib\site-packages\lifelines\fitters\coxph_fitter.py:1607: ConvergenceWarning: Newton-Raphson convergence completed successfully but norm(delta) is still high, 0.503. This may imply non-unique solutions to the maximum likelihood. Perhaps there is collinearity or complete separation in the dataset?

  warnings.warn(
Epoch  28 | lr=3.99e-05 | loss=0.5241 | train_c_index=0.9841 | val_c_index=0.6347 | val_HR=2.514 [0.911, 6.940] | val_logrank_p=0.0654 | val_AUC_mean=0.5824 (auc_365d=0.7035 auc_730d=0.6082 auc_1095d=0.4355)
C:\Users\wonse\anaconda3\envs\PathViT-ray\Lib\site-packages\lifelines\fitters\coxph_fitter.py:1607: ConvergenceWarning: Newton-Raphson convergence completed successfully but norm(delta) is still high, 0.503. This may imply non-unique solutions to the maximum likelihood. Perhaps there is collinearity or complete separation in the dataset?

  warnings.warn(
Epoch  29 | lr=2.33e-05 | loss=0.6204 | train_c_index=0.9850 | val_c_index=0.6347 | val_HR=2.514 [0.911, 6.940] | val_logrank_p=0.0654 | val_AUC_mean=0.5824 (auc_365d=0.7035 auc_730d=0.6082 auc_1095d=0.4355)
C:\Users\wonse\anaconda3\envs\PathViT-ray\Lib\site-packages\lifelines\fitters\coxph_fitter.py:1607: ConvergenceWarning: Newton-Raphson convergence completed successfully but norm(delta) is still high, 0.503. This may imply non-unique solutions to the maximum likelihood. Perhaps there is collinearity or complete separation in the dataset?

  warnings.warn(
Epoch  30 | lr=1.33e-05 | loss=0.6127 | train_c_index=0.9850 | val_c_index=0.6347 | val_HR=2.514 [0.911, 6.940] | val_logrank_p=0.0654 | val_AUC_mean=0.5824 (auc_365d=0.7035 auc_730d=0.6082 auc_1095d=0.4355)

=== Internal Test (best checkpoint epoch 2) ===
test_c_index=0.6175 | test_HR=1.034 [0.382, 2.797] | test_logrank_p=0.9478 | test_AUC_mean=0.6325 (auc_365d=0.8003 auc_730d=0.4470 auc_1095d=0.6502)
  -> fold predictions saved: D:\wonse\Documents\Job\urban_datalab\PATH-ViT\.logs\kfold_preds\tcga_M7_INT1500_STG_R_COX_ADD_FOLD2OF5_seed84_fold2of5.csv
wandb: updating run metadata
wandb: uploading output.log; uploading wandb-summary.json; uploading config.yaml
wandb: uploading history steps 28-29, summary, console lines 76-83
wandb: 
wandb: Run history:
wandb:              train/c_index ▁▄▅▆▆▆▇▇▇▇▇██▇▇███████████████
wandb:                 train/loss █▇▅▅▄▃▄▃▃▃▂▂▂▂▂▂▂▁▂▂▁▂▁▁▁▁▂▁▁▁
wandb:                   train/lr ▃▆██████▇▇▇▇▆▆▅▅▅▄▄▃▃▃▂▂▂▂▁▁▁▁
wandb:   val_performance/auc_mean █▆▅▇█▅▆▅▅▄▂▃▄▅▄▁▃▄▄▃▃▃▃▃▃▄▄▄▄▄
wandb:    val_performance/c_index ▇█▆▇▇▅▆▅▅▄▂▂▄▄▃▁▂▃▃▂▂▂▃▂▂▃▂▂▂▂
wandb:         val_performance/hr █▅▁▂▂▂▂▄▄▁▄▄▄▅▄▄▄▄▄▄▄▄▄▄▄▄▄▄▄▄
wandb: val_performance/log_rank_p ▁▂█▆▆▆▆▂▂█▂▂▂▂▂▂▂▃▃▃▃▃▂▂▂▂▃▃▃▃
wandb: 
wandb: Run summary:
wandb:               best_epoch 2
wandb:         best_val_c_index 0.72455
wandb:            test_auc_mean 0.63249
wandb:             test_c_index 0.61751
wandb:                  test_hr 1.03373
wandb:          test_log_rank_p 0.94778
wandb:            train/c_index 0.98496
wandb:               train/loss 0.61273
wandb:                 train/lr 1e-05
wandb: val_performance/auc_mean 0.58241
wandb:                       +3 ...
wandb: 
wandb:  View run TCGA_M7_INT1500_STG_R_COX_ADD_FOLD2OF5_seed84_0816::1737 at: https://wandb.ai/justin212553/Path-ViT/runs/i49b8fmr
wandb:  View project at: https://wandb.ai/justin212553/Path-ViT
wandb: Synced 5 W&B file(s), 0 media file(s), 0 artifact file(s) and 0 other file(s)
wandb: Find logs at: .\.wandb\run-20260816_173718-i49b8fmr\logs

=== External Test (cptac 전체 코호트) ===
external_c_index=0.6262 | external_HR=1.954 [1.348, 2.832] | external_logrank_p=0.0003 | external_AUC_mean=0.6471 (auc_365d=0.6979 auc_730d=0.6723 auc_1095d=0.5711)
wandb: setting up run vmw90paf
wandb: Tracking run with wandb version 0.28.0
wandb: Run data is saved locally in D:\wonse\Documents\Job\urban_datalab\PATH-ViT\.wandb\run-20260816_173833-vmw90paf
wandb: Run `wandb offline` to turn off syncing.
wandb: Syncing run TCGA_XM7_INT1500_STG_R_COX_ADD_FOLD2OF5_seed84_0816::1737
wandb:  View project at https://wandb.ai/justin212553/Path-ViT
wandb:  View run at https://wandb.ai/justin212553/Path-ViT/runs/vmw90paf
wandb: updating run metadata; uploading summary
wandb: uploading history steps 0-0, summary
wandb: 
wandb: Run history:
wandb:   external/auc_mean ▁
wandb:    external/c_index ▁
wandb:         external/hr ▁
wandb: external/log_rank_p ▁
wandb: 
wandb: Run summary:
wandb:   external/auc_mean 0.64709
wandb:    external/c_index 0.62618
wandb:         external/hr 1.95389
wandb: external/log_rank_p 0.00031
wandb: 
wandb:  View run TCGA_XM7_INT1500_STG_R_COX_ADD_FOLD2OF5_seed84_0816::1737 at: https://wandb.ai/justin212553/Path-ViT/runs/vmw90paf
wandb:  View project at: https://wandb.ai/justin212553/Path-ViT
wandb: Synced 4 W&B file(s), 0 media file(s), 0 artifact file(s) and 0 other file(s)
wandb: Find logs at: .\.wandb\run-20260816_173833-vmw90paf\logs
=== FINAL M7 seed=84 fold=2/5 Complete: Sun Aug 16 17:38:35     2026 ===
=== FINAL M7 seed=84 fold=3/5 Start: Sun Aug 16 17:38:35     2026 ===
wandb: [wandb.login()] Loaded credentials for https://api.wandb.ai from C:\Users\wonse\_netrc.
wandb: Currently logged in as: justin212553 to https://api.wandb.ai. Use `wandb login --relogin` to force relogin
wandb: setting up run o1l2ae8h
wandb: Tracking run with wandb version 0.28.0
wandb: Run data is saved locally in D:\wonse\Documents\Job\urban_datalab\PATH-ViT\.wandb\run-20260816_173844-o1l2ae8h
wandb: Run `wandb offline` to turn off syncing.
wandb: Syncing run TCGA_M7_INT1500_STG_R_COX_ADD_FOLD3OF5_seed84_0816::1738
wandb:  View project at https://wandb.ai/justin212553/Path-ViT
wandb:  View run at https://wandb.ai/justin212553/Path-ViT/runs/o1l2ae8h
Model: M7_INT1500_STG_R_COX_ADD_FOLD3OF5 (ClinicalRNAOnly) | params=103,557
Dataset: tcga  (5-fold CV, fold 3)  Train: 92  Val: 31  Test(internal): 29 patients
lr=1.0e-03 | weight_decay=1.0e-02 | epochs=30 | cox_batch_size=16
Epoch   1 | lr=3.33e-04 | loss=2.0094 | train_c_index=0.7687 | val_c_index=0.5644 | val_HR=1.403 [0.522, 3.766] | val_logrank_p=0.5001 | val_AUC_mean=0.5613 (auc_365d=0.5615 auc_730d=0.5611 auc_1095d=0.5611)
  -> checkpoint saved (c_index=0.5644)
Epoch   2 | lr=6.67e-04 | loss=1.6497 | train_c_index=0.8861 | val_c_index=0.5578 | val_HR=1.369 [0.511, 3.669] | val_logrank_p=0.5308 | val_AUC_mean=0.5723 (auc_365d=0.5945 auc_730d=0.5611 auc_1095d=0.5611)
Epoch   3 | lr=1.00e-03 | loss=1.3384 | train_c_index=0.9031 | val_c_index=0.5380 | val_HR=1.369 [0.511, 3.669] | val_logrank_p=0.5308 | val_AUC_mean=0.6038 (auc_365d=0.5876 auc_730d=0.6120 auc_1095d=0.6120)
Epoch   4 | lr=1.00e-03 | loss=1.1860 | train_c_index=0.9086 | val_c_index=0.5347 | val_HR=1.369 [0.511, 3.669] | val_logrank_p=0.5308 | val_AUC_mean=0.4946 (auc_365d=0.5661 auc_730d=0.4589 auc_1095d=0.4589)
Epoch   5 | lr=9.97e-04 | loss=1.0785 | train_c_index=0.9154 | val_c_index=0.5479 | val_HR=0.843 [0.295, 2.409] | val_logrank_p=0.7498 | val_AUC_mean=0.4989 (auc_365d=0.5789 auc_730d=0.4589 auc_1095d=0.4589)
Epoch   6 | lr=9.87e-04 | loss=1.0354 | train_c_index=0.9222 | val_c_index=0.5677 | val_HR=1.243 [0.471, 3.277] | val_logrank_p=0.6602 | val_AUC_mean=0.6107 (auc_365d=0.6083 auc_730d=0.6120 auc_1095d=0.6120)
  -> checkpoint saved (c_index=0.5677)
Epoch   7 | lr=9.70e-04 | loss=1.0049 | train_c_index=0.9332 | val_c_index=0.5908 | val_HR=1.273 [0.481, 3.364] | val_logrank_p=0.6262 | val_AUC_mean=0.7161 (auc_365d=0.6502 auc_730d=0.7491 auc_1095d=0.7491)
  -> checkpoint saved (c_index=0.5908)
Epoch   8 | lr=9.47e-04 | loss=0.9551 | train_c_index=0.9443 | val_c_index=0.5875 | val_HR=1.192 [0.447, 3.175] | val_logrank_p=0.7253 | val_AUC_mean=0.7111 (auc_365d=0.6353 auc_730d=0.7491 auc_1095d=0.7491)
Epoch   9 | lr=9.19e-04 | loss=0.9285 | train_c_index=0.9447 | val_c_index=0.5743 | val_HR=1.063 [0.398, 2.836] | val_logrank_p=0.9025 | val_AUC_mean=0.6348 (auc_365d=0.6294 auc_730d=0.6375 auc_1095d=0.6375)
Epoch  10 | lr=8.84e-04 | loss=0.8549 | train_c_index=0.9515 | val_c_index=0.6040 | val_HR=1.192 [0.447, 3.175] | val_logrank_p=0.7253 | val_AUC_mean=0.7595 (auc_365d=0.6678 auc_730d=0.8054 auc_1095d=0.8054)
  -> checkpoint saved (c_index=0.6040)
Epoch  11 | lr=8.45e-04 | loss=0.8143 | train_c_index=0.9503 | val_c_index=0.5842 | val_HR=1.192 [0.447, 3.175] | val_logrank_p=0.7253 | val_AUC_mean=0.7237 (auc_365d=0.6730 auc_730d=0.7491 auc_1095d=0.7491)
Epoch  12 | lr=8.01e-04 | loss=0.7744 | train_c_index=0.9575 | val_c_index=0.5677 | val_HR=1.306 [0.490, 3.483] | val_logrank_p=0.5922 | val_AUC_mean=0.6862 (auc_365d=0.6820 auc_730d=0.6883 auc_1095d=0.6883)
Epoch  13 | lr=7.52e-04 | loss=0.7126 | train_c_index=0.9600 | val_c_index=0.5578 | val_HR=1.306 [0.490, 3.483] | val_logrank_p=0.5922 | val_AUC_mean=0.6811 (auc_365d=0.6667 auc_730d=0.6883 auc_1095d=0.6883)
Epoch  14 | lr=7.01e-04 | loss=0.7478 | train_c_index=0.9668 | val_c_index=0.5842 | val_HR=1.306 [0.490, 3.483] | val_logrank_p=0.5922 | val_AUC_mean=0.7225 (auc_365d=0.6693 auc_730d=0.7491 auc_1095d=0.7491)
Epoch  15 | lr=6.47e-04 | loss=0.6710 | train_c_index=0.9673 | val_c_index=0.5842 | val_HR=1.306 [0.490, 3.483] | val_logrank_p=0.5922 | val_AUC_mean=0.7229 (auc_365d=0.6704 auc_730d=0.7491 auc_1095d=0.7491)
Epoch  16 | lr=5.91e-04 | loss=0.6176 | train_c_index=0.9664 | val_c_index=0.5743 | val_HR=1.306 [0.490, 3.483] | val_logrank_p=0.5922 | val_AUC_mean=0.6820 (auc_365d=0.6694 auc_730d=0.6883 auc_1095d=0.6883)
Epoch  17 | lr=5.34e-04 | loss=0.6324 | train_c_index=0.9673 | val_c_index=0.5809 | val_HR=1.551 [0.593, 4.060] | val_logrank_p=0.3673 | val_AUC_mean=0.6837 (auc_365d=0.6744 auc_730d=0.6883 auc_1095d=0.6883)
Epoch  18 | lr=4.76e-04 | loss=0.6659 | train_c_index=0.9668 | val_c_index=0.5875 | val_HR=1.306 [0.490, 3.483] | val_logrank_p=0.5922 | val_AUC_mean=0.7301 (auc_365d=0.6921 auc_730d=0.7491 auc_1095d=0.7491)
C:\Users\wonse\anaconda3\envs\PathViT-ray\Lib\site-packages\lifelines\fitters\coxph_fitter.py:1607: ConvergenceWarning: Newton-Raphson convergence completed successfully but norm(delta) is still high, 0.503. This may imply non-unique solutions to the maximum likelihood. Perhaps there is collinearity or complete separation in the dataset?

  warnings.warn(
Epoch  19 | lr=4.19e-04 | loss=0.7153 | train_c_index=0.9719 | val_c_index=0.5908 | val_HR=0.929 [0.348, 2.478] | val_logrank_p=0.8820 | val_AUC_mean=0.7305 (auc_365d=0.6934 auc_730d=0.7491 auc_1095d=0.7491)
C:\Users\wonse\anaconda3\envs\PathViT-ray\Lib\site-packages\lifelines\fitters\coxph_fitter.py:1607: ConvergenceWarning: Newton-Raphson convergence completed successfully but norm(delta) is still high, 0.503. This may imply non-unique solutions to the maximum likelihood. Perhaps there is collinearity or complete separation in the dataset?

  warnings.warn(
Epoch  20 | lr=3.63e-04 | loss=0.6341 | train_c_index=0.9702 | val_c_index=0.5875 | val_HR=0.929 [0.348, 2.478] | val_logrank_p=0.8820 | val_AUC_mean=0.7268 (auc_365d=0.6822 auc_730d=0.7491 auc_1095d=0.7491)
C:\Users\wonse\anaconda3\envs\PathViT-ray\Lib\site-packages\lifelines\fitters\coxph_fitter.py:1607: ConvergenceWarning: Newton-Raphson convergence completed successfully but norm(delta) is still high, 0.503. This may imply non-unique solutions to the maximum likelihood. Perhaps there is collinearity or complete separation in the dataset?

  warnings.warn(
Epoch  21 | lr=3.09e-04 | loss=0.5873 | train_c_index=0.9736 | val_c_index=0.5908 | val_HR=1.192 [0.447, 3.175] | val_logrank_p=0.7253 | val_AUC_mean=0.6843 (auc_365d=0.6764 auc_730d=0.6883 auc_1095d=0.6883)
C:\Users\wonse\anaconda3\envs\PathViT-ray\Lib\site-packages\lifelines\fitters\coxph_fitter.py:1607: ConvergenceWarning: Newton-Raphson convergence completed successfully but norm(delta) is still high, 0.503. This may imply non-unique solutions to the maximum likelihood. Perhaps there is collinearity or complete separation in the dataset?

  warnings.warn(
Epoch  22 | lr=2.58e-04 | loss=0.5491 | train_c_index=0.9753 | val_c_index=0.5809 | val_HR=1.369 [0.520, 3.607] | val_logrank_p=0.5235 | val_AUC_mean=0.6841 (auc_365d=0.6758 auc_730d=0.6883 auc_1095d=0.6883)
C:\Users\wonse\anaconda3\envs\PathViT-ray\Lib\site-packages\lifelines\fitters\coxph_fitter.py:1607: ConvergenceWarning: Newton-Raphson convergence completed successfully but norm(delta) is still high, 0.503. This may imply non-unique solutions to the maximum likelihood. Perhaps there is collinearity or complete separation in the dataset?

  warnings.warn(
Epoch  23 | lr=2.09e-04 | loss=0.5578 | train_c_index=0.9770 | val_c_index=0.5710 | val_HR=1.369 [0.520, 3.607] | val_logrank_p=0.5235 | val_AUC_mean=0.6825 (auc_365d=0.6710 auc_730d=0.6883 auc_1095d=0.6883)
C:\Users\wonse\anaconda3\envs\PathViT-ray\Lib\site-packages\lifelines\fitters\coxph_fitter.py:1607: ConvergenceWarning: Newton-Raphson convergence completed successfully but norm(delta) is still high, 0.503. This may imply non-unique solutions to the maximum likelihood. Perhaps there is collinearity or complete separation in the dataset?

  warnings.warn(
Epoch  24 | lr=1.65e-04 | loss=0.6521 | train_c_index=0.9779 | val_c_index=0.5743 | val_HR=1.192 [0.447, 3.175] | val_logrank_p=0.7253 | val_AUC_mean=0.6861 (auc_365d=0.6816 auc_730d=0.6883 auc_1095d=0.6883)
C:\Users\wonse\anaconda3\envs\PathViT-ray\Lib\site-packages\lifelines\fitters\coxph_fitter.py:1607: ConvergenceWarning: Newton-Raphson convergence completed successfully but norm(delta) is still high, 0.503. This may imply non-unique solutions to the maximum likelihood. Perhaps there is collinearity or complete separation in the dataset?

  warnings.warn(
Epoch  25 | lr=1.26e-04 | loss=0.6116 | train_c_index=0.9821 | val_c_index=0.5743 | val_HR=1.192 [0.447, 3.175] | val_logrank_p=0.7253 | val_AUC_mean=0.6843 (auc_365d=0.6764 auc_730d=0.6883 auc_1095d=0.6883)
C:\Users\wonse\anaconda3\envs\PathViT-ray\Lib\site-packages\lifelines\fitters\coxph_fitter.py:1607: ConvergenceWarning: Newton-Raphson convergence completed successfully but norm(delta) is still high, 0.503. This may imply non-unique solutions to the maximum likelihood. Perhaps there is collinearity or complete separation in the dataset?

  warnings.warn(
Epoch  26 | lr=9.14e-05 | loss=0.5820 | train_c_index=0.9834 | val_c_index=0.5875 | val_HR=1.192 [0.447, 3.175] | val_logrank_p=0.7253 | val_AUC_mean=0.6843 (auc_365d=0.6764 auc_730d=0.6883 auc_1095d=0.6883)
C:\Users\wonse\anaconda3\envs\PathViT-ray\Lib\site-packages\lifelines\fitters\coxph_fitter.py:1607: ConvergenceWarning: Newton-Raphson convergence completed successfully but norm(delta) is still high, 0.503. This may imply non-unique solutions to the maximum likelihood. Perhaps there is collinearity or complete separation in the dataset?

  warnings.warn(
Epoch  27 | lr=6.27e-05 | loss=0.6330 | train_c_index=0.9838 | val_c_index=0.5875 | val_HR=1.192 [0.447, 3.175] | val_logrank_p=0.7253 | val_AUC_mean=0.6843 (auc_365d=0.6764 auc_730d=0.6883 auc_1095d=0.6883)
C:\Users\wonse\anaconda3\envs\PathViT-ray\Lib\site-packages\lifelines\fitters\coxph_fitter.py:1607: ConvergenceWarning: Newton-Raphson convergence completed successfully but norm(delta) is still high, 0.503. This may imply non-unique solutions to the maximum likelihood. Perhaps there is collinearity or complete separation in the dataset?

  warnings.warn(
Epoch  28 | lr=3.99e-05 | loss=0.5629 | train_c_index=0.9830 | val_c_index=0.5842 | val_HR=0.929 [0.348, 2.478] | val_logrank_p=0.8820 | val_AUC_mean=0.6843 (auc_365d=0.6764 auc_730d=0.6883 auc_1095d=0.6883)
C:\Users\wonse\anaconda3\envs\PathViT-ray\Lib\site-packages\lifelines\fitters\coxph_fitter.py:1607: ConvergenceWarning: Newton-Raphson convergence completed successfully but norm(delta) is still high, 0.503. This may imply non-unique solutions to the maximum likelihood. Perhaps there is collinearity or complete separation in the dataset?

  warnings.warn(
Epoch  29 | lr=2.33e-05 | loss=0.5207 | train_c_index=0.9834 | val_c_index=0.5842 | val_HR=0.929 [0.348, 2.478] | val_logrank_p=0.8820 | val_AUC_mean=0.6843 (auc_365d=0.6764 auc_730d=0.6883 auc_1095d=0.6883)
C:\Users\wonse\anaconda3\envs\PathViT-ray\Lib\site-packages\lifelines\fitters\coxph_fitter.py:1607: ConvergenceWarning: Newton-Raphson convergence completed successfully but norm(delta) is still high, 0.503. This may imply non-unique solutions to the maximum likelihood. Perhaps there is collinearity or complete separation in the dataset?

  warnings.warn(
Epoch  30 | lr=1.33e-05 | loss=0.5646 | train_c_index=0.9843 | val_c_index=0.5842 | val_HR=0.929 [0.348, 2.478] | val_logrank_p=0.8820 | val_AUC_mean=0.6843 (auc_365d=0.6764 auc_730d=0.6883 auc_1095d=0.6883)

=== Internal Test (best checkpoint epoch 10) ===
test_c_index=0.6747 | test_HR=2.308 [0.805, 6.615] | test_logrank_p=0.1099 | test_AUC_mean=0.6426 (auc_365d=0.6973 auc_730d=0.6592 auc_1095d=0.5712)
  -> fold predictions saved: D:\wonse\Documents\Job\urban_datalab\PATH-ViT\.logs\kfold_preds\tcga_M7_INT1500_STG_R_COX_ADD_FOLD3OF5_seed84_fold3of5.csv
wandb: updating run metadata
wandb: uploading history steps 27-29, summary, console lines 65-76
wandb: 
wandb: Run history:
wandb:              train/c_index ▁▅▅▆▆▆▆▇▇▇▇▇▇▇▇▇▇▇████████████
wandb:                 train/loss █▆▅▄▄▃▃▃▃▃▂▂▂▂▂▁▂▂▂▂▁▁▁▂▁▁▂▁▁▁
wandb:                   train/lr ▃▆██████▇▇▇▇▆▆▅▅▅▄▄▃▃▃▂▂▂▂▁▁▁▁
wandb:   val_performance/auc_mean ▃▃▄▁▁▄▇▇▅█▇▆▆▇▇▆▆▇▇▇▆▆▆▆▆▆▆▆▆▆
wandb:    val_performance/c_index ▄▃▁▁▂▄▇▆▅█▆▄▃▆▆▅▆▆▇▆▇▆▅▅▅▆▆▆▆▆
wandb:         val_performance/hr ▇▆▆▆▁▅▅▄▃▄▄▆▆▆▆▆█▆▂▂▄▆▆▄▄▄▄▂▂▂
wandb: val_performance/log_rank_p ▃▃▃▃▆▅▄▆█▆▆▄▄▄▄▄▁▄██▆▃▃▆▆▆▆███
wandb: 
wandb: Run summary:
wandb:               best_epoch 10
wandb:         best_val_c_index 0.60396
wandb:            test_auc_mean 0.64257
wandb:             test_c_index 0.67474
wandb:                  test_hr 2.30817
wandb:          test_log_rank_p 0.1099
wandb:            train/c_index 0.98427
wandb:               train/loss 0.56465
wandb:                 train/lr 1e-05
wandb: val_performance/auc_mean 0.68433
wandb:                       +3 ...
wandb: 
wandb:  View run TCGA_M7_INT1500_STG_R_COX_ADD_FOLD3OF5_seed84_0816::1738 at: https://wandb.ai/justin212553/Path-ViT/runs/o1l2ae8h
wandb:  View project at: https://wandb.ai/justin212553/Path-ViT
wandb: Synced 5 W&B file(s), 0 media file(s), 0 artifact file(s) and 0 other file(s)
wandb: Find logs at: .\.wandb\run-20260816_173844-o1l2ae8h\logs

=== External Test (cptac 전체 코호트) ===
external_c_index=0.6098 | external_HR=1.481 [1.025, 2.142] | external_logrank_p=0.0356 | external_AUC_mean=0.6537 (auc_365d=0.6648 auc_730d=0.6844 auc_1095d=0.6119)
wandb: setting up run q9ckon48
wandb: Tracking run with wandb version 0.28.0
wandb: Run data is saved locally in D:\wonse\Documents\Job\urban_datalab\PATH-ViT\.wandb\run-20260816_173957-q9ckon48
wandb: Run `wandb offline` to turn off syncing.
wandb: Syncing run TCGA_XM7_INT1500_STG_R_COX_ADD_FOLD3OF5_seed84_0816::1738
wandb:  View project at https://wandb.ai/justin212553/Path-ViT
wandb:  View run at https://wandb.ai/justin212553/Path-ViT/runs/q9ckon48
wandb: updating run metadata; uploading summary
wandb: uploading wandb-summary.json; uploading config.yaml; uploading wandb-metadata.json; uploading requirements.txt
wandb: 
wandb: Run history:
wandb:   external/auc_mean ▁
wandb:    external/c_index ▁
wandb:         external/hr ▁
wandb: external/log_rank_p ▁
wandb: 
wandb: Run summary:
wandb:   external/auc_mean 0.65372
wandb:    external/c_index 0.60979
wandb:         external/hr 1.48142
wandb: external/log_rank_p 0.03558
wandb: 
wandb:  View run TCGA_XM7_INT1500_STG_R_COX_ADD_FOLD3OF5_seed84_0816::1738 at: https://wandb.ai/justin212553/Path-ViT/runs/q9ckon48
wandb:  View project at: https://wandb.ai/justin212553/Path-ViT
wandb: Synced 4 W&B file(s), 0 media file(s), 0 artifact file(s) and 0 other file(s)
wandb: Find logs at: .\.wandb\run-20260816_173957-q9ckon48\logs
=== FINAL M7 seed=84 fold=3/5 Complete: Sun Aug 16 17:40:00     2026 ===
=== FINAL M7 seed=84 fold=4/5 Start: Sun Aug 16 17:40:00     2026 ===
wandb: [wandb.login()] Loaded credentials for https://api.wandb.ai from C:\Users\wonse\_netrc.
wandb: Currently logged in as: justin212553 to https://api.wandb.ai. Use `wandb login --relogin` to force relogin
wandb: setting up run pofpi0gh
wandb: Tracking run with wandb version 0.28.0
wandb: Run data is saved locally in D:\wonse\Documents\Job\urban_datalab\PATH-ViT\.wandb\run-20260816_174008-pofpi0gh
wandb: Run `wandb offline` to turn off syncing.
wandb: Syncing run TCGA_M7_INT1500_STG_R_COX_ADD_FOLD4OF5_seed84_0816::1740
wandb:  View project at https://wandb.ai/justin212553/Path-ViT
wandb:  View run at https://wandb.ai/justin212553/Path-ViT/runs/pofpi0gh
Model: M7_INT1500_STG_R_COX_ADD_FOLD4OF5 (ClinicalRNAOnly) | params=103,557
Dataset: tcga  (5-fold CV, fold 4)  Train: 91  Val: 31  Test(internal): 30 patients
lr=1.0e-03 | weight_decay=1.0e-02 | epochs=30 | cox_batch_size=16
Epoch   1 | lr=3.33e-04 | loss=2.0443 | train_c_index=0.7389 | val_c_index=0.6795 | val_HR=3.185 [1.099, 9.231] | val_logrank_p=0.0251 | val_AUC_mean=0.7392 (auc_365d=0.7985 auc_730d=0.7757 auc_1095d=0.6433)
  -> checkpoint saved (c_index=0.6795)
Epoch   2 | lr=6.67e-04 | loss=1.7913 | train_c_index=0.8381 | val_c_index=0.6763 | val_HR=3.680 [1.238, 10.939] | val_logrank_p=0.0129 | val_AUC_mean=0.7980 (auc_365d=0.7708 auc_730d=0.7709 auc_1095d=0.8523)
Epoch   3 | lr=1.00e-03 | loss=1.5215 | train_c_index=0.8869 | val_c_index=0.7500 | val_HR=4.789 [1.508, 15.212] | val_logrank_p=0.0034 | val_AUC_mean=0.9041 (auc_365d=0.8598 auc_730d=0.9159 auc_1095d=0.9365)
  -> checkpoint saved (c_index=0.7500)
Epoch   4 | lr=1.00e-03 | loss=1.3205 | train_c_index=0.9057 | val_c_index=0.6538 | val_HR=2.807 [0.955, 8.245] | val_logrank_p=0.0495 | val_AUC_mean=0.8074 (auc_365d=0.7361 auc_730d=0.7995 auc_1095d=0.8865)
Epoch   5 | lr=9.97e-04 | loss=1.0964 | train_c_index=0.9279 | val_c_index=0.6891 | val_HR=2.956 [1.007, 8.677] | val_logrank_p=0.0381 | val_AUC_mean=0.8310 (auc_365d=0.7519 auc_730d=0.8296 auc_1095d=0.9115)
Epoch   6 | lr=9.87e-04 | loss=1.0194 | train_c_index=0.9283 | val_c_index=0.6731 | val_HR=2.351 [0.828, 6.681] | val_logrank_p=0.0978 | val_AUC_mean=0.8057 (auc_365d=0.7146 auc_730d=0.8213 auc_1095d=0.8811)
Epoch   7 | lr=9.70e-04 | loss=1.0361 | train_c_index=0.9361 | val_c_index=0.6026 | val_HR=1.226 [0.459, 3.273] | val_logrank_p=0.6827 | val_AUC_mean=0.6821 (auc_365d=0.6417 auc_730d=0.6840 auc_1095d=0.7207)
Epoch   8 | lr=9.47e-04 | loss=0.8813 | train_c_index=0.9369 | val_c_index=0.6250 | val_HR=1.226 [0.459, 3.273] | val_logrank_p=0.6827 | val_AUC_mean=0.7168 (auc_365d=0.6756 auc_730d=0.7139 auc_1095d=0.7608)
Epoch   9 | lr=9.19e-04 | loss=0.8987 | train_c_index=0.9402 | val_c_index=0.6635 | val_HR=1.226 [0.459, 3.273] | val_logrank_p=0.6827 | val_AUC_mean=0.7444 (auc_365d=0.7229 auc_730d=0.7495 auc_1095d=0.7608)
Epoch  10 | lr=8.84e-04 | loss=0.9036 | train_c_index=0.9525 | val_c_index=0.6442 | val_HR=1.851 [0.686, 4.990] | val_logrank_p=0.2160 | val_AUC_mean=0.7296 (auc_365d=0.6981 auc_730d=0.7623 auc_1095d=0.7284)
Epoch  11 | lr=8.45e-04 | loss=0.7529 | train_c_index=0.9533 | val_c_index=0.5962 | val_HR=1.313 [0.490, 3.515] | val_logrank_p=0.5860 | val_AUC_mean=0.6737 (auc_365d=0.6153 auc_730d=0.7072 auc_1095d=0.6987)
Epoch  12 | lr=8.01e-04 | loss=0.8433 | train_c_index=0.9549 | val_c_index=0.5609 | val_HR=1.563 [0.564, 4.330] | val_logrank_p=0.3854 | val_AUC_mean=0.6424 (auc_365d=0.5829 auc_730d=0.6455 auc_1095d=0.6987)
Epoch  13 | lr=7.52e-04 | loss=0.8087 | train_c_index=0.9602 | val_c_index=0.5865 | val_HR=1.304 [0.488, 3.483] | val_logrank_p=0.5950 | val_AUC_mean=0.6648 (auc_365d=0.6094 auc_730d=0.6865 auc_1095d=0.6987)
Epoch  14 | lr=7.01e-04 | loss=0.8533 | train_c_index=0.9619 | val_c_index=0.6635 | val_HR=3.029 [1.030, 8.904] | val_logrank_p=0.0338 | val_AUC_mean=0.7541 (auc_365d=0.6895 auc_730d=0.7826 auc_1095d=0.7901)
Epoch  15 | lr=6.47e-04 | loss=0.6484 | train_c_index=0.9594 | val_c_index=0.6699 | val_HR=3.419 [1.151, 10.157] | val_logrank_p=0.0188 | val_AUC_mean=0.7543 (auc_365d=0.6845 auc_730d=0.7841 auc_1095d=0.7944)
Epoch  16 | lr=5.91e-04 | loss=0.7176 | train_c_index=0.9594 | val_c_index=0.6410 | val_HR=1.891 [0.701, 5.107] | val_logrank_p=0.2003 | val_AUC_mean=0.7108 (auc_365d=0.6530 auc_730d=0.7593 auc_1095d=0.7201)
Epoch  17 | lr=5.34e-04 | loss=0.7123 | train_c_index=0.9623 | val_c_index=0.6410 | val_HR=3.419 [1.151, 10.157] | val_logrank_p=0.0188 | val_AUC_mean=0.7158 (auc_365d=0.6507 auc_730d=0.7341 auc_1095d=0.7626)
Epoch  18 | lr=4.76e-04 | loss=0.6817 | train_c_index=0.9607 | val_c_index=0.6058 | val_HR=1.844 [0.683, 4.980] | val_logrank_p=0.2195 | val_AUC_mean=0.6778 (auc_365d=0.6164 auc_730d=0.6840 auc_1095d=0.7329)
Epoch  19 | lr=4.19e-04 | loss=0.6994 | train_c_index=0.9615 | val_c_index=0.5801 | val_HR=1.229 [0.459, 3.289] | val_logrank_p=0.6809 | val_AUC_mean=0.6556 (auc_365d=0.5813 auc_730d=0.6768 auc_1095d=0.7086)
Epoch  20 | lr=3.63e-04 | loss=0.6474 | train_c_index=0.9680 | val_c_index=0.6122 | val_HR=1.229 [0.459, 3.289] | val_logrank_p=0.6809 | val_AUC_mean=0.6608 (auc_365d=0.6345 auc_730d=0.6735 auc_1095d=0.6744)
Epoch  21 | lr=3.09e-04 | loss=0.6009 | train_c_index=0.9746 | val_c_index=0.6378 | val_HR=1.229 [0.459, 3.289] | val_logrank_p=0.6809 | val_AUC_mean=0.6820 (auc_365d=0.6594 auc_730d=0.7122 auc_1095d=0.6744)
Epoch  22 | lr=2.58e-04 | loss=0.7708 | train_c_index=0.9758 | val_c_index=0.6506 | val_HR=1.755 [0.650, 4.741] | val_logrank_p=0.2607 | val_AUC_mean=0.6963 (auc_365d=0.6836 auc_730d=0.7309 auc_1095d=0.6744)
Epoch  23 | lr=2.09e-04 | loss=0.5703 | train_c_index=0.9779 | val_c_index=0.6506 | val_HR=1.755 [0.650, 4.741] | val_logrank_p=0.2607 | val_AUC_mean=0.6940 (auc_365d=0.6769 auc_730d=0.7309 auc_1095d=0.6744)
C:\Users\wonse\anaconda3\envs\PathViT-ray\Lib\site-packages\lifelines\fitters\coxph_fitter.py:1607: ConvergenceWarning: Newton-Raphson convergence completed successfully but norm(delta) is still high, 0.503. This may imply non-unique solutions to the maximum likelihood. Perhaps there is collinearity or complete separation in the dataset?

  warnings.warn(
Epoch  24 | lr=1.65e-04 | loss=0.6402 | train_c_index=0.9816 | val_c_index=0.6506 | val_HR=1.755 [0.650, 4.741] | val_logrank_p=0.2607 | val_AUC_mean=0.6940 (auc_365d=0.6769 auc_730d=0.7309 auc_1095d=0.6744)
C:\Users\wonse\anaconda3\envs\PathViT-ray\Lib\site-packages\lifelines\fitters\coxph_fitter.py:1607: ConvergenceWarning: Newton-Raphson convergence completed successfully but norm(delta) is still high, 0.503. This may imply non-unique solutions to the maximum likelihood. Perhaps there is collinearity or complete separation in the dataset?

  warnings.warn(
Epoch  25 | lr=1.26e-04 | loss=0.5952 | train_c_index=0.9836 | val_c_index=0.6506 | val_HR=1.844 [0.683, 4.980] | val_logrank_p=0.2195 | val_AUC_mean=0.6940 (auc_365d=0.6769 auc_730d=0.7309 auc_1095d=0.6744)
C:\Users\wonse\anaconda3\envs\PathViT-ray\Lib\site-packages\lifelines\fitters\coxph_fitter.py:1607: ConvergenceWarning: Newton-Raphson convergence completed successfully but norm(delta) is still high, 0.503. This may imply non-unique solutions to the maximum likelihood. Perhaps there is collinearity or complete separation in the dataset?

  warnings.warn(
Epoch  26 | lr=9.14e-05 | loss=0.5959 | train_c_index=0.9840 | val_c_index=0.6378 | val_HR=1.844 [0.683, 4.980] | val_logrank_p=0.2195 | val_AUC_mean=0.6695 (auc_365d=0.6650 auc_730d=0.7094 auc_1095d=0.6342)
C:\Users\wonse\anaconda3\envs\PathViT-ray\Lib\site-packages\lifelines\fitters\coxph_fitter.py:1607: ConvergenceWarning: Newton-Raphson convergence completed successfully but norm(delta) is still high, 0.503. This may imply non-unique solutions to the maximum likelihood. Perhaps there is collinearity or complete separation in the dataset?

  warnings.warn(
Epoch  27 | lr=6.27e-05 | loss=0.5758 | train_c_index=0.9844 | val_c_index=0.6314 | val_HR=1.844 [0.683, 4.980] | val_logrank_p=0.2195 | val_AUC_mean=0.6675 (auc_365d=0.6588 auc_730d=0.7094 auc_1095d=0.6342)
C:\Users\wonse\anaconda3\envs\PathViT-ray\Lib\site-packages\lifelines\fitters\coxph_fitter.py:1607: ConvergenceWarning: Newton-Raphson convergence completed successfully but norm(delta) is still high, 0.503. This may imply non-unique solutions to the maximum likelihood. Perhaps there is collinearity or complete separation in the dataset?

  warnings.warn(
Epoch  28 | lr=3.99e-05 | loss=0.6338 | train_c_index=0.9844 | val_c_index=0.6314 | val_HR=1.844 [0.683, 4.980] | val_logrank_p=0.2195 | val_AUC_mean=0.6652 (auc_365d=0.6520 auc_730d=0.7094 auc_1095d=0.6342)
C:\Users\wonse\anaconda3\envs\PathViT-ray\Lib\site-packages\lifelines\fitters\coxph_fitter.py:1607: ConvergenceWarning: Newton-Raphson convergence completed successfully but norm(delta) is still high, 0.503. This may imply non-unique solutions to the maximum likelihood. Perhaps there is collinearity or complete separation in the dataset?

  warnings.warn(
Epoch  29 | lr=2.33e-05 | loss=0.5866 | train_c_index=0.9848 | val_c_index=0.6282 | val_HR=1.844 [0.683, 4.980] | val_logrank_p=0.2195 | val_AUC_mean=0.6634 (auc_365d=0.6465 auc_730d=0.7094 auc_1095d=0.6342)
C:\Users\wonse\anaconda3\envs\PathViT-ray\Lib\site-packages\lifelines\fitters\coxph_fitter.py:1607: ConvergenceWarning: Newton-Raphson convergence completed successfully but norm(delta) is still high, 0.503. This may imply non-unique solutions to the maximum likelihood. Perhaps there is collinearity or complete separation in the dataset?

  warnings.warn(
Epoch  30 | lr=1.33e-05 | loss=0.5893 | train_c_index=0.9852 | val_c_index=0.6250 | val_HR=1.844 [0.683, 4.980] | val_logrank_p=0.2195 | val_AUC_mean=0.6613 (auc_365d=0.6401 auc_730d=0.7094 auc_1095d=0.6342)

=== Internal Test (best checkpoint epoch 3) ===
test_c_index=0.6488 | test_HR=1.188 [0.437, 3.226] | test_logrank_p=0.7358 | test_AUC_mean=0.5049 (auc_365d=0.7345 auc_730d=0.5708 auc_1095d=0.2093)
  -> fold predictions saved: D:\wonse\Documents\Job\urban_datalab\PATH-ViT\.logs\kfold_preds\tcga_M7_INT1500_STG_R_COX_ADD_FOLD4OF5_seed84_fold4of5.csv
wandb: updating run metadata
wandb: uploading wandb-summary.json
wandb: 
wandb: Run history:
wandb:              train/c_index ▁▄▅▆▆▆▇▇▇▇▇▇▇▇▇▇▇▇▇███████████
wandb:                 train/loss █▇▆▅▃▃▃▂▃▃▂▂▂▂▁▂▂▂▂▁▁▂▁▁▁▁▁▁▁▁
wandb:                   train/lr ▃▆██████▇▇▇▇▆▆▅▅▅▄▄▃▃▃▂▂▂▂▁▁▁▁
wandb:   val_performance/auc_mean ▄▅█▅▆▅▂▃▄▃▂▁▂▄▄▃▃▂▁▁▂▂▂▂▂▂▂▂▂▂
wandb:    val_performance/c_index ▅▅█▄▆▅▃▃▅▄▂▁▂▅▅▄▄▃▂▃▄▄▄▄▄▄▄▄▃▃
wandb:         val_performance/hr ▅▆█▄▄▃▁▁▁▂▁▂▁▅▅▂▅▂▁▁▁▂▂▂▂▂▂▂▂▂
wandb: val_performance/log_rank_p ▁▁▁▁▁▂███▃▇▅▇▁▁▃▁▃███▄▄▄▃▃▃▃▃▃
wandb: 
wandb: Run summary:
wandb:               best_epoch 3
wandb:         best_val_c_index 0.75
wandb:            test_auc_mean 0.50487
wandb:             test_c_index 0.64876
wandb:                  test_hr 1.18753
wandb:          test_log_rank_p 0.73578
wandb:            train/c_index 0.98525
wandb:               train/loss 0.58932
wandb:                 train/lr 1e-05
wandb: val_performance/auc_mean 0.66125
wandb:                       +3 ...
wandb: 
wandb:  View run TCGA_M7_INT1500_STG_R_COX_ADD_FOLD4OF5_seed84_0816::1740 at: https://wandb.ai/justin212553/Path-ViT/runs/pofpi0gh
wandb:  View project at: https://wandb.ai/justin212553/Path-ViT
wandb: Synced 5 W&B file(s), 0 media file(s), 0 artifact file(s) and 0 other file(s)
wandb: Find logs at: .\.wandb\run-20260816_174008-pofpi0gh\logs

=== External Test (cptac 전체 코호트) ===
external_c_index=0.5912 | external_HR=1.461 [1.011, 2.111] | external_logrank_p=0.0424 | external_AUC_mean=0.6238 (auc_365d=0.6305 auc_730d=0.6612 auc_1095d=0.5797)
wandb: setting up run 0hi9p9gy
wandb: Tracking run with wandb version 0.28.0
wandb: Run data is saved locally in D:\wonse\Documents\Job\urban_datalab\PATH-ViT\.wandb\run-20260816_174121-0hi9p9gy
wandb: Run `wandb offline` to turn off syncing.
wandb: Syncing run TCGA_XM7_INT1500_STG_R_COX_ADD_FOLD4OF5_seed84_0816::1740
wandb:  View project at https://wandb.ai/justin212553/Path-ViT
wandb:  View run at https://wandb.ai/justin212553/Path-ViT/runs/0hi9p9gy
wandb: updating run metadata; uploading summary
wandb: uploading wandb-metadata.json; uploading wandb-summary.json
wandb: 
wandb: Run history:
wandb:   external/auc_mean ▁
wandb:    external/c_index ▁
wandb:         external/hr ▁
wandb: external/log_rank_p ▁
wandb: 
wandb: Run summary:
wandb:   external/auc_mean 0.62381
wandb:    external/c_index 0.59124
wandb:         external/hr 1.46076
wandb: external/log_rank_p 0.04245
wandb: 
wandb:  View run TCGA_XM7_INT1500_STG_R_COX_ADD_FOLD4OF5_seed84_0816::1740 at: https://wandb.ai/justin212553/Path-ViT/runs/0hi9p9gy
wandb:  View project at: https://wandb.ai/justin212553/Path-ViT
wandb: Synced 4 W&B file(s), 0 media file(s), 0 artifact file(s) and 0 other file(s)
wandb: Find logs at: .\.wandb\run-20260816_174121-0hi9p9gy\logs
=== FINAL M7 seed=84 fold=4/5 Complete: Sun Aug 16 17:41:23     2026 ===
=== FINAL M7 seed=126 fold=0/5 Start: Sun Aug 16 17:41:23     2026 ===
wandb: [wandb.login()] Loaded credentials for https://api.wandb.ai from C:\Users\wonse\_netrc.
wandb: Currently logged in as: justin212553 to https://api.wandb.ai. Use `wandb login --relogin` to force relogin
wandb: setting up run tsp29t5t
wandb: Tracking run with wandb version 0.28.0
wandb: Run data is saved locally in D:\wonse\Documents\Job\urban_datalab\PATH-ViT\.wandb\run-20260816_174133-tsp29t5t
wandb: Run `wandb offline` to turn off syncing.
wandb: Syncing run TCGA_M7_INT1500_STG_R_COX_ADD_FOLD0OF5_seed126_0816::1741
wandb:  View project at https://wandb.ai/justin212553/Path-ViT
wandb:  View run at https://wandb.ai/justin212553/Path-ViT/runs/tsp29t5t
Model: M7_INT1500_STG_R_COX_ADD_FOLD0OF5 (ClinicalRNAOnly) | params=103,557
Dataset: tcga  (5-fold CV, fold 0)  Train: 90  Val: 31  Test(internal): 31 patients
lr=1.0e-03 | weight_decay=1.0e-02 | epochs=30 | cox_batch_size=16
Epoch   1 | lr=3.33e-04 | loss=2.1478 | train_c_index=0.7458 | val_c_index=0.7500 | val_HR=2.996 [1.080, 8.310] | val_logrank_p=0.0282 | val_AUC_mean=0.6826 (auc_365d=0.9221 auc_730d=0.6207 auc_1095d=0.5051)
  -> checkpoint saved (c_index=0.7500)
Epoch   2 | lr=6.67e-04 | loss=1.7981 | train_c_index=0.8569 | val_c_index=0.6769 | val_HR=1.774 [0.677, 4.648] | val_logrank_p=0.2376 | val_AUC_mean=0.6477 (auc_365d=0.9048 auc_730d=0.5784 auc_1095d=0.4601)
Epoch   3 | lr=1.00e-03 | loss=1.4491 | train_c_index=0.8885 | val_c_index=0.6577 | val_HR=1.229 [0.471, 3.206] | val_logrank_p=0.6736 | val_AUC_mean=0.6988 (auc_365d=0.9048 auc_730d=0.5880 auc_1095d=0.6037)
Epoch   4 | lr=1.00e-03 | loss=1.3515 | train_c_index=0.8941 | val_c_index=0.6692 | val_HR=0.981 [0.372, 2.592] | val_logrank_p=0.9696 | val_AUC_mean=0.6913 (auc_365d=0.8943 auc_730d=0.5497 auc_1095d=0.6298)
Epoch   5 | lr=9.97e-04 | loss=1.2702 | train_c_index=0.9158 | val_c_index=0.6808 | val_HR=1.677 [0.644, 4.367] | val_logrank_p=0.2844 | val_AUC_mean=0.7384 (auc_365d=0.9023 auc_730d=0.5324 auc_1095d=0.7806)
Epoch   6 | lr=9.87e-04 | loss=1.0657 | train_c_index=0.9314 | val_c_index=0.6385 | val_HR=1.347 [0.517, 3.510] | val_logrank_p=0.5407 | val_AUC_mean=0.6680 (auc_365d=0.9023 auc_730d=0.5411 auc_1095d=0.5606)
Epoch   7 | lr=9.70e-04 | loss=1.0017 | train_c_index=0.9366 | val_c_index=0.5808 | val_HR=1.347 [0.517, 3.510] | val_logrank_p=0.5407 | val_AUC_mean=0.6211 (auc_365d=0.8752 auc_730d=0.4739 auc_1095d=0.5140)
Epoch   8 | lr=9.47e-04 | loss=0.9321 | train_c_index=0.9451 | val_c_index=0.5962 | val_HR=0.872 [0.331, 2.298] | val_logrank_p=0.7810 | val_AUC_mean=0.6221 (auc_365d=0.8405 auc_730d=0.5117 auc_1095d=0.5140)
Epoch   9 | lr=9.19e-04 | loss=0.8801 | train_c_index=0.9499 | val_c_index=0.6038 | val_HR=1.163 [0.447, 3.027] | val_logrank_p=0.7574 | val_AUC_mean=0.6066 (auc_365d=0.8391 auc_730d=0.4668 auc_1095d=0.5140)
Epoch  10 | lr=8.84e-04 | loss=0.9404 | train_c_index=0.9467 | val_c_index=0.6192 | val_HR=1.266 [0.484, 3.309] | val_logrank_p=0.6300 | val_AUC_mean=0.6518 (auc_365d=0.8856 auc_730d=0.5182 auc_1095d=0.5515)
Epoch  11 | lr=8.45e-04 | loss=0.8271 | train_c_index=0.9611 | val_c_index=0.6000 | val_HR=1.438 [0.552, 3.749] | val_logrank_p=0.4547 | val_AUC_mean=0.6444 (auc_365d=0.8856 auc_730d=0.4904 auc_1095d=0.5572)
Epoch  12 | lr=8.01e-04 | loss=0.8017 | train_c_index=0.9599 | val_c_index=0.5923 | val_HR=1.438 [0.552, 3.749] | val_logrank_p=0.4547 | val_AUC_mean=0.6195 (auc_365d=0.8867 auc_730d=0.4579 auc_1095d=0.5140)
Epoch  13 | lr=7.52e-04 | loss=0.8393 | train_c_index=0.9647 | val_c_index=0.6115 | val_HR=1.347 [0.517, 3.510] | val_logrank_p=0.5407 | val_AUC_mean=0.6929 (auc_365d=0.8968 auc_730d=0.5190 auc_1095d=0.6630)
Epoch  14 | lr=7.01e-04 | loss=0.6919 | train_c_index=0.9639 | val_c_index=0.6077 | val_HR=1.347 [0.517, 3.510] | val_logrank_p=0.5407 | val_AUC_mean=0.6869 (auc_365d=0.9069 auc_730d=0.4943 auc_1095d=0.6596)
Epoch  15 | lr=6.47e-04 | loss=0.7439 | train_c_index=0.9611 | val_c_index=0.6077 | val_HR=1.216 [0.467, 3.165] | val_logrank_p=0.6888 | val_AUC_mean=0.6471 (auc_365d=0.8875 auc_730d=0.4967 auc_1095d=0.5572)
Epoch  16 | lr=5.91e-04 | loss=0.7425 | train_c_index=0.9639 | val_c_index=0.6000 | val_HR=0.955 [0.362, 2.521] | val_logrank_p=0.9261 | val_AUC_mean=0.6164 (auc_365d=0.8774 auc_730d=0.4578 auc_1095d=0.5140)
Epoch  17 | lr=5.34e-04 | loss=0.7644 | train_c_index=0.9651 | val_c_index=0.6192 | val_HR=0.981 [0.372, 2.592] | val_logrank_p=0.9696 | val_AUC_mean=0.6421 (auc_365d=0.8954 auc_730d=0.4478 auc_1095d=0.5833)
Epoch  18 | lr=4.76e-04 | loss=0.6731 | train_c_index=0.9675 | val_c_index=0.6423 | val_HR=1.111 [0.426, 2.896] | val_logrank_p=0.8298 | val_AUC_mean=0.6863 (auc_365d=0.9239 auc_730d=0.5051 auc_1095d=0.6298)
Epoch  19 | lr=4.19e-04 | loss=0.7267 | train_c_index=0.9679 | val_c_index=0.6308 | val_HR=1.266 [0.484, 3.309] | val_logrank_p=0.6300 | val_AUC_mean=0.6832 (auc_365d=0.9239 auc_730d=0.4959 auc_1095d=0.6298)
Epoch  20 | lr=3.63e-04 | loss=0.6097 | train_c_index=0.9727 | val_c_index=0.6154 | val_HR=1.266 [0.484, 3.309] | val_logrank_p=0.6300 | val_AUC_mean=0.6441 (auc_365d=0.8878 auc_730d=0.4973 auc_1095d=0.5472)
Epoch  21 | lr=3.09e-04 | loss=0.5836 | train_c_index=0.9783 | val_c_index=0.6154 | val_HR=0.981 [0.372, 2.592] | val_logrank_p=0.9696 | val_AUC_mean=0.6537 (auc_365d=0.8892 auc_730d=0.4887 auc_1095d=0.5833)
C:\Users\wonse\anaconda3\envs\PathViT-ray\Lib\site-packages\lifelines\fitters\coxph_fitter.py:1607: ConvergenceWarning: Newton-Raphson convergence completed successfully but norm(delta) is still high, 0.503. This may imply non-unique solutions to the maximum likelihood. Perhaps there is collinearity or complete separation in the dataset?

  warnings.warn(
Epoch  22 | lr=2.58e-04 | loss=0.6169 | train_c_index=0.9779 | val_c_index=0.5962 | val_HR=0.981 [0.372, 2.592] | val_logrank_p=0.9696 | val_AUC_mean=0.6456 (auc_365d=0.8892 auc_730d=0.4810 auc_1095d=0.5666)
Epoch  23 | lr=2.09e-04 | loss=0.5229 | train_c_index=0.9804 | val_c_index=0.6038 | val_HR=0.981 [0.372, 2.592] | val_logrank_p=0.9696 | val_AUC_mean=0.6456 (auc_365d=0.8892 auc_730d=0.4810 auc_1095d=0.5666)
C:\Users\wonse\anaconda3\envs\PathViT-ray\Lib\site-packages\lifelines\fitters\coxph_fitter.py:1607: ConvergenceWarning: Newton-Raphson convergence completed successfully but norm(delta) is still high, 0.503. This may imply non-unique solutions to the maximum likelihood. Perhaps there is collinearity or complete separation in the dataset?

  warnings.warn(
Epoch  24 | lr=1.65e-04 | loss=0.5627 | train_c_index=0.9820 | val_c_index=0.6077 | val_HR=0.981 [0.372, 2.592] | val_logrank_p=0.9696 | val_AUC_mean=0.6405 (auc_365d=0.8982 auc_730d=0.4734 auc_1095d=0.5500)
C:\Users\wonse\anaconda3\envs\PathViT-ray\Lib\site-packages\lifelines\fitters\coxph_fitter.py:1607: ConvergenceWarning: Newton-Raphson convergence completed successfully but norm(delta) is still high, 0.503. This may imply non-unique solutions to the maximum likelihood. Perhaps there is collinearity or complete separation in the dataset?

  warnings.warn(
Epoch  25 | lr=1.26e-04 | loss=0.5666 | train_c_index=0.9824 | val_c_index=0.6038 | val_HR=0.981 [0.372, 2.592] | val_logrank_p=0.9696 | val_AUC_mean=0.6486 (auc_365d=0.8982 auc_730d=0.4810 auc_1095d=0.5666)
C:\Users\wonse\anaconda3\envs\PathViT-ray\Lib\site-packages\lifelines\fitters\coxph_fitter.py:1607: ConvergenceWarning: Newton-Raphson convergence completed successfully but norm(delta) is still high, 0.503. This may imply non-unique solutions to the maximum likelihood. Perhaps there is collinearity or complete separation in the dataset?

  warnings.warn(
Epoch  26 | lr=9.14e-05 | loss=0.5863 | train_c_index=0.9848 | val_c_index=0.6077 | val_HR=0.981 [0.372, 2.592] | val_logrank_p=0.9696 | val_AUC_mean=0.6311 (auc_365d=0.9073 auc_730d=0.4887 auc_1095d=0.4974)
C:\Users\wonse\anaconda3\envs\PathViT-ray\Lib\site-packages\lifelines\fitters\coxph_fitter.py:1607: ConvergenceWarning: Newton-Raphson convergence completed successfully but norm(delta) is still high, 0.503. This may imply non-unique solutions to the maximum likelihood. Perhaps there is collinearity or complete separation in the dataset?

  warnings.warn(
Epoch  27 | lr=6.27e-05 | loss=0.5537 | train_c_index=0.9848 | val_c_index=0.6077 | val_HR=0.981 [0.372, 2.592] | val_logrank_p=0.9696 | val_AUC_mean=0.6270 (auc_365d=0.9073 auc_730d=0.4765 auc_1095d=0.4974)
C:\Users\wonse\anaconda3\envs\PathViT-ray\Lib\site-packages\lifelines\fitters\coxph_fitter.py:1607: ConvergenceWarning: Newton-Raphson convergence completed successfully but norm(delta) is still high, 0.503. This may imply non-unique solutions to the maximum likelihood. Perhaps there is collinearity or complete separation in the dataset?

  warnings.warn(
Epoch  28 | lr=3.99e-05 | loss=0.4931 | train_c_index=0.9848 | val_c_index=0.6077 | val_HR=0.981 [0.372, 2.592] | val_logrank_p=0.9696 | val_AUC_mean=0.6270 (auc_365d=0.9073 auc_730d=0.4765 auc_1095d=0.4974)
C:\Users\wonse\anaconda3\envs\PathViT-ray\Lib\site-packages\lifelines\fitters\coxph_fitter.py:1607: ConvergenceWarning: Newton-Raphson convergence completed successfully but norm(delta) is still high, 0.503. This may imply non-unique solutions to the maximum likelihood. Perhaps there is collinearity or complete separation in the dataset?

  warnings.warn(
Epoch  29 | lr=2.33e-05 | loss=0.6806 | train_c_index=0.9848 | val_c_index=0.6038 | val_HR=0.981 [0.372, 2.592] | val_logrank_p=0.9696 | val_AUC_mean=0.6245 (auc_365d=0.9073 auc_730d=0.4688 auc_1095d=0.4974)
C:\Users\wonse\anaconda3\envs\PathViT-ray\Lib\site-packages\lifelines\fitters\coxph_fitter.py:1607: ConvergenceWarning: Newton-Raphson convergence completed successfully but norm(delta) is still high, 0.503. This may imply non-unique solutions to the maximum likelihood. Perhaps there is collinearity or complete separation in the dataset?

  warnings.warn(
Epoch  30 | lr=1.33e-05 | loss=0.6620 | train_c_index=0.9848 | val_c_index=0.6038 | val_HR=0.981 [0.372, 2.592] | val_logrank_p=0.9696 | val_AUC_mean=0.6245 (auc_365d=0.9073 auc_730d=0.4688 auc_1095d=0.4974)

=== Internal Test (best checkpoint epoch 1) ===
test_c_index=0.7241 | test_HR=1.912 [0.693, 5.274] | test_logrank_p=0.2028 | test_AUC_mean=0.7562 (auc_365d=0.8773 auc_730d=0.5254 auc_1095d=0.8659)
  -> fold predictions saved: D:\wonse\Documents\Job\urban_datalab\PATH-ViT\.logs\kfold_preds\tcga_M7_INT1500_STG_R_COX_ADD_FOLD0OF5_seed126_fold0of5.csv
wandb: updating run metadata
wandb: uploading history steps 27-29, summary, console lines 53-61
wandb: 
wandb: Run history:
wandb:              train/c_index ▁▄▅▅▆▆▇▇▇▇▇▇▇▇▇▇▇▇████████████
wandb:                 train/loss █▇▅▅▄▃▃▃▃▃▂▂▂▂▂▂▂▂▂▁▁▂▁▁▁▁▁▁▂▂
wandb:                   train/lr ▃▆██████▇▇▇▇▆▆▅▅▅▄▄▃▃▃▂▂▂▂▁▁▁▁
wandb:   val_performance/auc_mean ▅▃▆▅█▄▂▂▁▃▃▂▆▅▃▂▃▅▅▃▄▃▃▃▃▂▂▂▂▂
wandb:    val_performance/c_index █▅▄▅▅▃▁▂▂▃▂▁▂▂▂▂▃▄▃▂▂▂▂▂▂▂▂▂▂▂
wandb:         val_performance/hr █▄▂▁▄▃▃▁▂▂▃▃▃▃▂▁▁▂▂▂▁▁▁▁▁▁▁▁▁▁
wandb: val_performance/log_rank_p ▁▃▆█▃▅▅▇▆▅▄▄▅▅▆██▇▅▅██████████
wandb: 
wandb: Run summary:
wandb:               best_epoch 1
wandb:         best_val_c_index 0.75
wandb:            test_auc_mean 0.7562
wandb:             test_c_index 0.72414
wandb:                  test_hr 1.91192
wandb:          test_log_rank_p 0.20285
wandb:            train/c_index 0.98476
wandb:               train/loss 0.66195
wandb:                 train/lr 1e-05
wandb: val_performance/auc_mean 0.62448
wandb:                       +3 ...
wandb: 
wandb:  View run TCGA_M7_INT1500_STG_R_COX_ADD_FOLD0OF5_seed126_0816::1741 at: https://wandb.ai/justin212553/Path-ViT/runs/tsp29t5t
wandb:  View project at: https://wandb.ai/justin212553/Path-ViT
wandb: Synced 5 W&B file(s), 0 media file(s), 0 artifact file(s) and 0 other file(s)
wandb: Find logs at: .\.wandb\run-20260816_174133-tsp29t5t\logs

=== External Test (cptac 전체 코호트) ===
external_c_index=0.6055 | external_HR=1.853 [1.273, 2.699] | external_logrank_p=0.0011 | external_AUC_mean=0.6365 (auc_365d=0.6510 auc_730d=0.6386 auc_1095d=0.6198)
wandb: setting up run 6ty5ufuv
wandb: Tracking run with wandb version 0.28.0
wandb: Run data is saved locally in D:\wonse\Documents\Job\urban_datalab\PATH-ViT\.wandb\run-20260816_174243-6ty5ufuv
wandb: Run `wandb offline` to turn off syncing.
wandb: Syncing run TCGA_XM7_INT1500_STG_R_COX_ADD_FOLD0OF5_seed126_0816::1741
wandb:  View project at https://wandb.ai/justin212553/Path-ViT
wandb:  View run at https://wandb.ai/justin212553/Path-ViT/runs/6ty5ufuv
wandb: updating run metadata; uploading summary
wandb: uploading config.yaml; uploading wandb-metadata.json; uploading requirements.txt; uploading wandb-summary.json
wandb: 
wandb: Run history:
wandb:   external/auc_mean ▁
wandb:    external/c_index ▁
wandb:         external/hr ▁
wandb: external/log_rank_p ▁
wandb: 
wandb: Run summary:
wandb:   external/auc_mean 0.63648
wandb:    external/c_index 0.60548
wandb:         external/hr 1.8531
wandb: external/log_rank_p 0.00108
wandb: 
wandb:  View run TCGA_XM7_INT1500_STG_R_COX_ADD_FOLD0OF5_seed126_0816::1741 at: https://wandb.ai/justin212553/Path-ViT/runs/6ty5ufuv
wandb:  View project at: https://wandb.ai/justin212553/Path-ViT
wandb: Synced 4 W&B file(s), 0 media file(s), 0 artifact file(s) and 0 other file(s)
wandb: Find logs at: .\.wandb\run-20260816_174243-6ty5ufuv\logs
=== FINAL M7 seed=126 fold=0/5 Complete: Sun Aug 16 17:42:45     2026 ===
=== FINAL M7 seed=126 fold=1/5 Start: Sun Aug 16 17:42:46     2026 ===
wandb: [wandb.login()] Loaded credentials for https://api.wandb.ai from C:\Users\wonse\_netrc.
wandb: Currently logged in as: justin212553 to https://api.wandb.ai. Use `wandb login --relogin` to force relogin
wandb: setting up run 6su8dwqq
wandb: Tracking run with wandb version 0.28.0
wandb: Run data is saved locally in D:\wonse\Documents\Job\urban_datalab\PATH-ViT\.wandb\run-20260816_174254-6su8dwqq
wandb: Run `wandb offline` to turn off syncing.
wandb: Syncing run TCGA_M7_INT1500_STG_R_COX_ADD_FOLD1OF5_seed126_0816::1742
wandb:  View project at https://wandb.ai/justin212553/Path-ViT
wandb:  View run at https://wandb.ai/justin212553/Path-ViT/runs/6su8dwqq
Model: M7_INT1500_STG_R_COX_ADD_FOLD1OF5 (ClinicalRNAOnly) | params=103,557
Dataset: tcga  (5-fold CV, fold 1)  Train: 91  Val: 31  Test(internal): 30 patients
lr=1.0e-03 | weight_decay=1.0e-02 | epochs=30 | cox_batch_size=16
Epoch   1 | lr=3.33e-04 | loss=2.1712 | train_c_index=0.7553 | val_c_index=0.7530 | val_HR=3.036 [1.051, 8.766] | val_logrank_p=0.0305 | val_AUC_mean=0.8515 (auc_365d=0.8654 auc_730d=0.7356 auc_1095d=0.9536)
  -> checkpoint saved (c_index=0.7530)
Epoch   2 | lr=6.67e-04 | loss=1.6454 | train_c_index=0.8817 | val_c_index=0.7530 | val_HR=2.466 [0.890, 6.830] | val_logrank_p=0.0722 | val_AUC_mean=0.8184 (auc_365d=0.8994 auc_730d=0.6351 auc_1095d=0.9208)
Epoch   3 | lr=1.00e-03 | loss=1.4645 | train_c_index=0.8817 | val_c_index=0.7769 | val_HR=4.469 [1.431, 13.953] | val_logrank_p=0.0048 | val_AUC_mean=0.8809 (auc_365d=0.9110 auc_730d=0.7782 auc_1095d=0.9536)
  -> checkpoint saved (c_index=0.7769)
Epoch   4 | lr=1.00e-03 | loss=1.2633 | train_c_index=0.9074 | val_c_index=0.7649 | val_HR=5.633 [1.590, 19.951] | val_logrank_p=0.0025 | val_AUC_mean=0.8419 (auc_365d=0.9033 auc_730d=0.7018 auc_1095d=0.9208)
Epoch   5 | lr=9.97e-04 | loss=1.1548 | train_c_index=0.9264 | val_c_index=0.7610 | val_HR=5.944 [1.677, 21.066] | val_logrank_p=0.0018 | val_AUC_mean=0.8472 (auc_365d=0.8924 auc_730d=0.7284 auc_1095d=0.9208)
Epoch   6 | lr=9.87e-04 | loss=1.0643 | train_c_index=0.9360 | val_c_index=0.7331 | val_HR=3.535 [1.205, 10.366] | val_logrank_p=0.0144 | val_AUC_mean=0.8005 (auc_365d=0.8661 auc_730d=0.6787 auc_1095d=0.8566)
Epoch   7 | lr=9.70e-04 | loss=0.9432 | train_c_index=0.9348 | val_c_index=0.7052 | val_HR=3.535 [1.205, 10.366] | val_logrank_p=0.0144 | val_AUC_mean=0.7601 (auc_365d=0.8019 auc_730d=0.6697 auc_1095d=0.8087)
C:\Users\wonse\anaconda3\envs\PathViT-ray\Lib\site-packages\lifelines\fitters\coxph_fitter.py:1607: ConvergenceWarning: Newton-Raphson convergence completed successfully but norm(delta) is still high, 0.503. This may imply non-unique solutions to the maximum likelihood. Perhaps there is collinearity or complete separation in the dataset?

  warnings.warn(
Epoch   8 | lr=9.47e-04 | loss=0.9906 | train_c_index=0.9469 | val_c_index=0.6892 | val_HR=1.928 [0.699, 5.322] | val_logrank_p=0.1955 | val_AUC_mean=0.7314 (auc_365d=0.7578 auc_730d=0.6474 auc_1095d=0.7890)
Epoch   9 | lr=9.19e-04 | loss=0.8884 | train_c_index=0.9533 | val_c_index=0.7052 | val_HR=3.535 [1.205, 10.366] | val_logrank_p=0.0144 | val_AUC_mean=0.7391 (auc_365d=0.8127 auc_730d=0.5958 auc_1095d=0.8087)
Epoch  10 | lr=8.84e-04 | loss=0.9204 | train_c_index=0.9549 | val_c_index=0.7131 | val_HR=3.120 [1.059, 9.197] | val_logrank_p=0.0300 | val_AUC_mean=0.7585 (auc_365d=0.8057 auc_730d=0.6297 auc_1095d=0.8400)
Epoch  11 | lr=8.45e-04 | loss=0.7538 | train_c_index=0.9497 | val_c_index=0.7211 | val_HR=4.385 [1.382, 13.907] | val_logrank_p=0.0064 | val_AUC_mean=0.8031 (auc_365d=0.8143 auc_730d=0.6971 auc_1095d=0.8979)
Epoch  12 | lr=8.01e-04 | loss=0.8973 | train_c_index=0.9569 | val_c_index=0.7291 | val_HR=4.385 [1.382, 13.907] | val_logrank_p=0.0064 | val_AUC_mean=0.8379 (auc_365d=0.8150 auc_730d=0.7450 auc_1095d=0.9536)
Epoch  13 | lr=7.52e-04 | loss=0.8056 | train_c_index=0.9710 | val_c_index=0.6972 | val_HR=3.120 [1.059, 9.197] | val_logrank_p=0.0300 | val_AUC_mean=0.7430 (auc_365d=0.7701 auc_730d=0.6190 auc_1095d=0.8400)
Epoch  14 | lr=7.01e-04 | loss=0.6293 | train_c_index=0.9646 | val_c_index=0.6853 | val_HR=3.120 [1.059, 9.197] | val_logrank_p=0.0300 | val_AUC_mean=0.7272 (auc_365d=0.7709 auc_730d=0.5888 auc_1095d=0.8219)
Epoch  15 | lr=6.47e-04 | loss=0.8128 | train_c_index=0.9638 | val_c_index=0.6653 | val_HR=1.701 [0.616, 4.696] | val_logrank_p=0.2973 | val_AUC_mean=0.7075 (auc_365d=0.7431 auc_730d=0.5772 auc_1095d=0.8023)
Epoch  16 | lr=5.91e-04 | loss=0.7807 | train_c_index=0.9694 | val_c_index=0.6733 | val_HR=3.120 [1.059, 9.197] | val_logrank_p=0.0300 | val_AUC_mean=0.7245 (auc_365d=0.7446 auc_730d=0.5888 auc_1095d=0.8400)
Epoch  17 | lr=5.34e-04 | loss=0.7733 | train_c_index=0.9698 | val_c_index=0.7131 | val_HR=3.535 [1.205, 10.366] | val_logrank_p=0.0144 | val_AUC_mean=0.7784 (auc_365d=0.8143 auc_730d=0.6232 auc_1095d=0.8979)
Epoch  18 | lr=4.76e-04 | loss=0.6571 | train_c_index=0.9686 | val_c_index=0.7331 | val_HR=4.385 [1.382, 13.907] | val_logrank_p=0.0064 | val_AUC_mean=0.7940 (auc_365d=0.8413 auc_730d=0.6426 auc_1095d=0.8979)
Epoch  19 | lr=4.19e-04 | loss=0.6555 | train_c_index=0.9690 | val_c_index=0.7211 | val_HR=4.385 [1.382, 13.907] | val_logrank_p=0.0064 | val_AUC_mean=0.7880 (auc_365d=0.8235 auc_730d=0.6426 auc_1095d=0.8979)
Epoch  20 | lr=3.63e-04 | loss=0.7316 | train_c_index=0.9702 | val_c_index=0.7092 | val_HR=3.751 [1.278, 11.013] | val_logrank_p=0.0101 | val_AUC_mean=0.7585 (auc_365d=0.8235 auc_730d=0.6096 auc_1095d=0.8422)
C:\Users\wonse\anaconda3\envs\PathViT-ray\Lib\site-packages\lifelines\fitters\coxph_fitter.py:1607: ConvergenceWarning: Newton-Raphson convergence completed successfully but norm(delta) is still high, 0.503. This may imply non-unique solutions to the maximum likelihood. Perhaps there is collinearity or complete separation in the dataset?

  warnings.warn(
Epoch  21 | lr=3.09e-04 | loss=0.7002 | train_c_index=0.9734 | val_c_index=0.7092 | val_HR=3.751 [1.278, 11.013] | val_logrank_p=0.0101 | val_AUC_mean=0.7620 (auc_365d=0.8235 auc_730d=0.6203 auc_1095d=0.8422)
Epoch  22 | lr=2.58e-04 | loss=0.6542 | train_c_index=0.9803 | val_c_index=0.7092 | val_HR=3.751 [1.278, 11.013] | val_logrank_p=0.0101 | val_AUC_mean=0.7620 (auc_365d=0.8235 auc_730d=0.6203 auc_1095d=0.8422)
Epoch  23 | lr=2.09e-04 | loss=0.6223 | train_c_index=0.9815 | val_c_index=0.7131 | val_HR=3.751 [1.278, 11.013] | val_logrank_p=0.0101 | val_AUC_mean=0.7854 (auc_365d=0.8158 auc_730d=0.6426 auc_1095d=0.8979)
Epoch  24 | lr=1.65e-04 | loss=0.5970 | train_c_index=0.9843 | val_c_index=0.7052 | val_HR=3.120 [1.059, 9.197] | val_logrank_p=0.0300 | val_AUC_mean=0.7792 (auc_365d=0.8166 auc_730d=0.6232 auc_1095d=0.8979)
Epoch  25 | lr=1.26e-04 | loss=0.5442 | train_c_index=0.9839 | val_c_index=0.7092 | val_HR=3.120 [1.059, 9.197] | val_logrank_p=0.0300 | val_AUC_mean=0.7649 (auc_365d=0.8258 auc_730d=0.6037 auc_1095d=0.8651)
Epoch  26 | lr=9.14e-05 | loss=0.6615 | train_c_index=0.9843 | val_c_index=0.7092 | val_HR=3.120 [1.059, 9.197] | val_logrank_p=0.0300 | val_AUC_mean=0.7649 (auc_365d=0.8258 auc_730d=0.6037 auc_1095d=0.8651)
Epoch  27 | lr=6.27e-05 | loss=0.6201 | train_c_index=0.9839 | val_c_index=0.7052 | val_HR=3.120 [1.059, 9.197] | val_logrank_p=0.0300 | val_AUC_mean=0.7618 (auc_365d=0.8166 auc_730d=0.6037 auc_1095d=0.8651)
Epoch  28 | lr=3.99e-05 | loss=0.6234 | train_c_index=0.9843 | val_c_index=0.7052 | val_HR=3.120 [1.059, 9.197] | val_logrank_p=0.0300 | val_AUC_mean=0.7618 (auc_365d=0.8166 auc_730d=0.6037 auc_1095d=0.8651)
Epoch  29 | lr=2.33e-05 | loss=0.5323 | train_c_index=0.9851 | val_c_index=0.7092 | val_HR=3.120 [1.059, 9.197] | val_logrank_p=0.0300 | val_AUC_mean=0.7618 (auc_365d=0.8166 auc_730d=0.6037 auc_1095d=0.8651)
Epoch  30 | lr=1.33e-05 | loss=0.6235 | train_c_index=0.9855 | val_c_index=0.7092 | val_HR=3.120 [1.059, 9.197] | val_logrank_p=0.0300 | val_AUC_mean=0.7618 (auc_365d=0.8166 auc_730d=0.6037 auc_1095d=0.8651)

=== Internal Test (best checkpoint epoch 3) ===
test_c_index=0.6655 | test_HR=3.103 [1.084, 8.882] | test_logrank_p=0.0274 | test_AUC_mean=0.6934 (auc_365d=0.6997 auc_730d=0.7553 auc_1095d=0.6252)
  -> fold predictions saved: D:\wonse\Documents\Job\urban_datalab\PATH-ViT\.logs\kfold_preds\tcga_M7_INT1500_STG_R_COX_ADD_FOLD1OF5_seed126_fold1of5.csv
wandb: updating run metadata
wandb: uploading history steps 28-29, summary, console lines 40-44
wandb: 
wandb: Run history:
wandb:              train/c_index ▁▅▅▆▆▆▆▇▇▇▇▇█▇▇██▇▇███████████
wandb:                 train/loss █▆▅▄▄▃▃▃▃▃▂▃▂▁▂▂▂▂▂▂▂▂▁▁▁▂▁▁▁▁
wandb:                   train/lr ▃▆██████▇▇▇▇▆▆▅▅▅▄▄▃▃▃▂▂▂▂▁▁▁▁
wandb:   val_performance/auc_mean ▇▅█▆▇▅▃▂▂▃▅▆▂▂▁▂▄▄▄▃▃▃▄▄▃▃▃▃▃▃
wandb:    val_performance/c_index ▇▇█▇▇▅▃▃▃▄▅▅▃▂▁▁▄▅▅▄▄▄▄▃▄▄▃▃▄▄
wandb:         val_performance/hr ▃▂▆▇█▄▄▁▄▃▅▅▃▃▁▃▄▅▅▄▄▄▄▃▃▃▃▃▃▃
wandb: val_performance/log_rank_p ▂▃▁▁▁▁▁▆▁▂▁▁▂▂█▂▁▁▁▁▁▁▁▂▂▂▂▂▂▂
wandb: 
wandb: Run summary:
wandb:               best_epoch 3
wandb:         best_val_c_index 0.77689
wandb:            test_auc_mean 0.69341
wandb:             test_c_index 0.66549
wandb:                  test_hr 3.10334
wandb:          test_log_rank_p 0.02742
wandb:            train/c_index 0.98551
wandb:               train/loss 0.62349
wandb:                 train/lr 1e-05
wandb: val_performance/auc_mean 0.76178
wandb:                       +3 ...
wandb: 
wandb:  View run TCGA_M7_INT1500_STG_R_COX_ADD_FOLD1OF5_seed126_0816::1742 at: https://wandb.ai/justin212553/Path-ViT/runs/6su8dwqq
wandb:  View project at: https://wandb.ai/justin212553/Path-ViT
wandb: Synced 5 W&B file(s), 0 media file(s), 0 artifact file(s) and 0 other file(s)
wandb: Find logs at: .\.wandb\run-20260816_174254-6su8dwqq\logs

=== External Test (cptac 전체 코호트) ===
external_c_index=0.5987 | external_HR=1.433 [0.991, 2.071] | external_logrank_p=0.0530 | external_AUC_mean=0.6324 (auc_365d=0.6508 auc_730d=0.6424 auc_1095d=0.6041)
wandb: setting up run 6pya8waq
wandb: Tracking run with wandb version 0.28.0
wandb: Run data is saved locally in D:\wonse\Documents\Job\urban_datalab\PATH-ViT\.wandb\run-20260816_174346-6pya8waq
wandb: Run `wandb offline` to turn off syncing.
wandb: Syncing run TCGA_XM7_INT1500_STG_R_COX_ADD_FOLD1OF5_seed126_0816::1742
wandb:  View project at https://wandb.ai/justin212553/Path-ViT
wandb:  View run at https://wandb.ai/justin212553/Path-ViT/runs/6pya8waq
wandb: updating run metadata; uploading summary
wandb: uploading wandb-metadata.json; uploading requirements.txt; uploading wandb-summary.json; uploading config.yaml
wandb: 
wandb: Run history:
wandb:   external/auc_mean ▁
wandb:    external/c_index ▁
wandb:         external/hr ▁
wandb: external/log_rank_p ▁
wandb: 
wandb: Run summary:
wandb:   external/auc_mean 0.63244
wandb:    external/c_index 0.59866
wandb:         external/hr 1.43255
wandb: external/log_rank_p 0.053
wandb: 
wandb:  View run TCGA_XM7_INT1500_STG_R_COX_ADD_FOLD1OF5_seed126_0816::1742 at: https://wandb.ai/justin212553/Path-ViT/runs/6pya8waq
wandb:  View project at: https://wandb.ai/justin212553/Path-ViT
wandb: Synced 4 W&B file(s), 0 media file(s), 0 artifact file(s) and 0 other file(s)
wandb: Find logs at: .\.wandb\run-20260816_174346-6pya8waq\logs
=== FINAL M7 seed=126 fold=1/5 Complete: Sun Aug 16 17:43:48     2026 ===
=== FINAL M7 seed=126 fold=2/5 Start: Sun Aug 16 17:43:48     2026 ===
wandb: [wandb.login()] Loaded credentials for https://api.wandb.ai from C:\Users\wonse\_netrc.
wandb: Currently logged in as: justin212553 to https://api.wandb.ai. Use `wandb login --relogin` to force relogin
wandb: setting up run x3a61ljq
wandb: Tracking run with wandb version 0.28.0
wandb: Run data is saved locally in D:\wonse\Documents\Job\urban_datalab\PATH-ViT\.wandb\run-20260816_174359-x3a61ljq
wandb: Run `wandb offline` to turn off syncing.
wandb: Syncing run TCGA_M7_INT1500_STG_R_COX_ADD_FOLD2OF5_seed126_0816::1743
wandb:  View project at https://wandb.ai/justin212553/Path-ViT
wandb:  View run at https://wandb.ai/justin212553/Path-ViT/runs/x3a61ljq
Model: M7_INT1500_STG_R_COX_ADD_FOLD2OF5 (ClinicalRNAOnly) | params=103,557
Dataset: tcga  (5-fold CV, fold 2)  Train: 92  Val: 31  Test(internal): 29 patients
lr=1.0e-03 | weight_decay=1.0e-02 | epochs=30 | cox_batch_size=16
Epoch   1 | lr=3.33e-04 | loss=2.1211 | train_c_index=0.7761 | val_c_index=0.6993 | val_HR=3.109 [1.071, 9.027] | val_logrank_p=0.0279 | val_AUC_mean=0.7268 (auc_365d=0.7278 auc_730d=0.6894 auc_1095d=0.7630)
  -> checkpoint saved (c_index=0.6993)
Epoch   2 | lr=6.67e-04 | loss=1.6997 | train_c_index=0.8610 | val_c_index=0.7101 | val_HR=5.721 [1.789, 18.294] | val_logrank_p=0.0010 | val_AUC_mean=0.7490 (auc_365d=0.7439 auc_730d=0.6925 auc_1095d=0.8105)
  -> checkpoint saved (c_index=0.7101)
Epoch   3 | lr=1.00e-03 | loss=1.4968 | train_c_index=0.8985 | val_c_index=0.6884 | val_HR=2.150 [0.745, 6.198] | val_logrank_p=0.1457 | val_AUC_mean=0.7991 (auc_365d=0.6915 auc_730d=0.7728 auc_1095d=0.9331)
Epoch   4 | lr=1.00e-03 | loss=1.2663 | train_c_index=0.9171 | val_c_index=0.6993 | val_HR=4.540 [1.426, 14.459] | val_logrank_p=0.0052 | val_AUC_mean=0.7911 (auc_365d=0.6993 auc_730d=0.7835 auc_1095d=0.8904)
Epoch   5 | lr=9.97e-04 | loss=1.2121 | train_c_index=0.9297 | val_c_index=0.6703 | val_HR=4.540 [1.426, 14.459] | val_logrank_p=0.0052 | val_AUC_mean=0.7675 (auc_365d=0.6334 auc_730d=0.7638 auc_1095d=0.9053)
Epoch   6 | lr=9.87e-04 | loss=1.1387 | train_c_index=0.9325 | val_c_index=0.6667 | val_HR=2.821 [0.975, 8.161] | val_logrank_p=0.0452 | val_AUC_mean=0.7753 (auc_365d=0.6705 auc_730d=0.7381 auc_1095d=0.9173)
Epoch   7 | lr=9.70e-04 | loss=0.8943 | train_c_index=0.9498 | val_c_index=0.6486 | val_HR=1.941 [0.704, 5.351] | val_logrank_p=0.1911 | val_AUC_mean=0.7485 (auc_365d=0.6559 auc_730d=0.6977 auc_1095d=0.8919)
Epoch   8 | lr=9.47e-04 | loss=0.8747 | train_c_index=0.9526 | val_c_index=0.6558 | val_HR=2.763 [0.955, 7.998] | val_logrank_p=0.0501 | val_AUC_mean=0.7767 (auc_365d=0.6705 auc_730d=0.7424 auc_1095d=0.9173)
Epoch   9 | lr=9.19e-04 | loss=0.8111 | train_c_index=0.9601 | val_c_index=0.6558 | val_HR=2.683 [0.951, 7.569] | val_logrank_p=0.0526 | val_AUC_mean=0.7604 (auc_365d=0.6778 auc_730d=0.7307 auc_1095d=0.8728)
Epoch  10 | lr=8.84e-04 | loss=0.8555 | train_c_index=0.9546 | val_c_index=0.6413 | val_HR=1.680 [0.622, 4.536] | val_logrank_p=0.3000 | val_AUC_mean=0.7374 (auc_365d=0.6633 auc_730d=0.7359 auc_1095d=0.8130)
Epoch  11 | lr=8.45e-04 | loss=0.7951 | train_c_index=0.9621 | val_c_index=0.6594 | val_HR=2.184 [0.789, 6.043] | val_logrank_p=0.1224 | val_AUC_mean=0.7004 (auc_365d=0.6707 auc_730d=0.7425 auc_1095d=0.6881)
Epoch  12 | lr=8.01e-04 | loss=0.8993 | train_c_index=0.9700 | val_c_index=0.6703 | val_HR=2.368 [0.871, 6.440] | val_logrank_p=0.0812 | val_AUC_mean=0.7251 (auc_365d=0.6713 auc_730d=0.7422 auc_1095d=0.7617)
Epoch  13 | lr=7.52e-04 | loss=0.6820 | train_c_index=0.9720 | val_c_index=0.6630 | val_HR=3.281 [1.112, 9.679] | val_logrank_p=0.0230 | val_AUC_mean=0.7521 (auc_365d=0.6561 auc_730d=0.7393 auc_1095d=0.8607)
C:\Users\wonse\anaconda3\envs\PathViT-ray\Lib\site-packages\lifelines\fitters\coxph_fitter.py:1607: ConvergenceWarning: Newton-Raphson convergence completed successfully but norm(delta) is still high, 0.503. This may imply non-unique solutions to the maximum likelihood. Perhaps there is collinearity or complete separation in the dataset?

  warnings.warn(
Epoch  14 | lr=7.01e-04 | loss=0.7853 | train_c_index=0.9747 | val_c_index=0.6196 | val_HR=2.892 [0.999, 8.371] | val_logrank_p=0.0400 | val_AUC_mean=0.7370 (auc_365d=0.6342 auc_730d=0.7162 auc_1095d=0.8607)
Epoch  15 | lr=6.47e-04 | loss=0.6757 | train_c_index=0.9692 | val_c_index=0.6014 | val_HR=1.836 [0.666, 5.063] | val_logrank_p=0.2325 | val_AUC_mean=0.6969 (auc_365d=0.6262 auc_730d=0.6688 auc_1095d=0.7956)
Epoch  16 | lr=5.91e-04 | loss=0.6125 | train_c_index=0.9672 | val_c_index=0.5725 | val_HR=1.445 [0.554, 3.765] | val_logrank_p=0.4484 | val_AUC_mean=0.6036 (auc_365d=0.6334 auc_730d=0.5926 auc_1095d=0.5846)
Epoch  17 | lr=5.34e-04 | loss=0.6716 | train_c_index=0.9708 | val_c_index=0.5797 | val_HR=1.680 [0.622, 4.536] | val_logrank_p=0.3000 | val_AUC_mean=0.6317 (auc_365d=0.6334 auc_730d=0.6277 auc_1095d=0.6340)
Epoch  18 | lr=4.76e-04 | loss=0.7164 | train_c_index=0.9771 | val_c_index=0.6051 | val_HR=2.587 [0.916, 7.305] | val_logrank_p=0.0629 | val_AUC_mean=0.6650 (auc_365d=0.6334 auc_730d=0.6990 auc_1095d=0.6627)
Epoch  19 | lr=4.19e-04 | loss=0.6069 | train_c_index=0.9751 | val_c_index=0.6014 | val_HR=1.969 [0.716, 5.418] | val_logrank_p=0.1808 | val_AUC_mean=0.6659 (auc_365d=0.6336 auc_730d=0.7014 auc_1095d=0.6627)
Epoch  20 | lr=3.63e-04 | loss=0.7474 | train_c_index=0.9783 | val_c_index=0.5833 | val_HR=1.680 [0.622, 4.536] | val_logrank_p=0.3000 | val_AUC_mean=0.6482 (auc_365d=0.6336 auc_730d=0.6627 auc_1095d=0.6483)
C:\Users\wonse\anaconda3\envs\PathViT-ray\Lib\site-packages\lifelines\fitters\coxph_fitter.py:1607: ConvergenceWarning: Newton-Raphson convergence completed successfully but norm(delta) is still high, 0.503. This may imply non-unique solutions to the maximum likelihood. Perhaps there is collinearity or complete separation in the dataset?

  warnings.warn(
Epoch  21 | lr=3.09e-04 | loss=0.6248 | train_c_index=0.9810 | val_c_index=0.5942 | val_HR=2.683 [0.951, 7.569] | val_logrank_p=0.0526 | val_AUC_mean=0.6507 (auc_365d=0.6336 auc_730d=0.6557 auc_1095d=0.6627)
C:\Users\wonse\anaconda3\envs\PathViT-ray\Lib\site-packages\lifelines\fitters\coxph_fitter.py:1607: ConvergenceWarning: Newton-Raphson convergence completed successfully but norm(delta) is still high, 0.503. This may imply non-unique solutions to the maximum likelihood. Perhaps there is collinearity or complete separation in the dataset?

  warnings.warn(
Epoch  22 | lr=2.58e-04 | loss=0.6312 | train_c_index=0.9810 | val_c_index=0.5942 | val_HR=2.683 [0.951, 7.569] | val_logrank_p=0.0526 | val_AUC_mean=0.6507 (auc_365d=0.6336 auc_730d=0.6557 auc_1095d=0.6627)
C:\Users\wonse\anaconda3\envs\PathViT-ray\Lib\site-packages\lifelines\fitters\coxph_fitter.py:1607: ConvergenceWarning: Newton-Raphson convergence completed successfully but norm(delta) is still high, 0.503. This may imply non-unique solutions to the maximum likelihood. Perhaps there is collinearity or complete separation in the dataset?

  warnings.warn(
Epoch  23 | lr=2.09e-04 | loss=0.5590 | train_c_index=0.9834 | val_c_index=0.6014 | val_HR=2.683 [0.951, 7.569] | val_logrank_p=0.0526 | val_AUC_mean=0.6752 (auc_365d=0.6336 auc_730d=0.6557 auc_1095d=0.7363)
C:\Users\wonse\anaconda3\envs\PathViT-ray\Lib\site-packages\lifelines\fitters\coxph_fitter.py:1607: ConvergenceWarning: Newton-Raphson convergence completed successfully but norm(delta) is still high, 0.503. This may imply non-unique solutions to the maximum likelihood. Perhaps there is collinearity or complete separation in the dataset?

  warnings.warn(
Epoch  24 | lr=1.65e-04 | loss=0.6079 | train_c_index=0.9838 | val_c_index=0.6014 | val_HR=2.683 [0.951, 7.569] | val_logrank_p=0.0526 | val_AUC_mean=0.6777 (auc_365d=0.6410 auc_730d=0.6557 auc_1095d=0.7363)
C:\Users\wonse\anaconda3\envs\PathViT-ray\Lib\site-packages\lifelines\fitters\coxph_fitter.py:1607: ConvergenceWarning: Newton-Raphson convergence completed successfully but norm(delta) is still high, 0.503. This may imply non-unique solutions to the maximum likelihood. Perhaps there is collinearity or complete separation in the dataset?

  warnings.warn(
Epoch  25 | lr=1.26e-04 | loss=0.5729 | train_c_index=0.9850 | val_c_index=0.6087 | val_HR=2.683 [0.951, 7.569] | val_logrank_p=0.0526 | val_AUC_mean=0.6818 (auc_365d=0.6410 auc_730d=0.6682 auc_1095d=0.7363)
C:\Users\wonse\anaconda3\envs\PathViT-ray\Lib\site-packages\lifelines\fitters\coxph_fitter.py:1607: ConvergenceWarning: Newton-Raphson convergence completed successfully but norm(delta) is still high, 0.503. This may imply non-unique solutions to the maximum likelihood. Perhaps there is collinearity or complete separation in the dataset?

  warnings.warn(
Epoch  26 | lr=9.14e-05 | loss=0.5428 | train_c_index=0.9854 | val_c_index=0.6123 | val_HR=2.683 [0.951, 7.569] | val_logrank_p=0.0526 | val_AUC_mean=0.6818 (auc_365d=0.6410 auc_730d=0.6682 auc_1095d=0.7363)
C:\Users\wonse\anaconda3\envs\PathViT-ray\Lib\site-packages\lifelines\fitters\coxph_fitter.py:1607: ConvergenceWarning: Newton-Raphson convergence completed successfully but norm(delta) is still high, 0.503. This may imply non-unique solutions to the maximum likelihood. Perhaps there is collinearity or complete separation in the dataset?

  warnings.warn(
Epoch  27 | lr=6.27e-05 | loss=0.5503 | train_c_index=0.9854 | val_c_index=0.6087 | val_HR=2.683 [0.951, 7.569] | val_logrank_p=0.0526 | val_AUC_mean=0.6818 (auc_365d=0.6410 auc_730d=0.6682 auc_1095d=0.7363)
C:\Users\wonse\anaconda3\envs\PathViT-ray\Lib\site-packages\lifelines\fitters\coxph_fitter.py:1607: ConvergenceWarning: Newton-Raphson convergence completed successfully but norm(delta) is still high, 0.503. This may imply non-unique solutions to the maximum likelihood. Perhaps there is collinearity or complete separation in the dataset?

  warnings.warn(
Epoch  28 | lr=3.99e-05 | loss=0.5860 | train_c_index=0.9858 | val_c_index=0.6123 | val_HR=2.683 [0.951, 7.569] | val_logrank_p=0.0526 | val_AUC_mean=0.6845 (auc_365d=0.6489 auc_730d=0.6682 auc_1095d=0.7363)
C:\Users\wonse\anaconda3\envs\PathViT-ray\Lib\site-packages\lifelines\fitters\coxph_fitter.py:1607: ConvergenceWarning: Newton-Raphson convergence completed successfully but norm(delta) is still high, 0.503. This may imply non-unique solutions to the maximum likelihood. Perhaps there is collinearity or complete separation in the dataset?

  warnings.warn(
Epoch  29 | lr=2.33e-05 | loss=0.6268 | train_c_index=0.9858 | val_c_index=0.6159 | val_HR=2.683 [0.951, 7.569] | val_logrank_p=0.0526 | val_AUC_mean=0.6869 (auc_365d=0.6561 auc_730d=0.6682 auc_1095d=0.7363)
C:\Users\wonse\anaconda3\envs\PathViT-ray\Lib\site-packages\lifelines\fitters\coxph_fitter.py:1607: ConvergenceWarning: Newton-Raphson convergence completed successfully but norm(delta) is still high, 0.503. This may imply non-unique solutions to the maximum likelihood. Perhaps there is collinearity or complete separation in the dataset?

  warnings.warn(
Epoch  30 | lr=1.33e-05 | loss=0.5491 | train_c_index=0.9858 | val_c_index=0.6159 | val_HR=2.683 [0.951, 7.569] | val_logrank_p=0.0526 | val_AUC_mean=0.6869 (auc_365d=0.6561 auc_730d=0.6682 auc_1095d=0.7363)

=== Internal Test (best checkpoint epoch 2) ===
test_c_index=0.5697 | test_HR=1.608 [0.580, 4.457] | test_logrank_p=0.3572 | test_AUC_mean=0.6461 (auc_365d=0.6114 auc_730d=0.5892 auc_1095d=0.7375)
  -> fold predictions saved: D:\wonse\Documents\Job\urban_datalab\PATH-ViT\.logs\kfold_preds\tcga_M7_INT1500_STG_R_COX_ADD_FOLD2OF5_seed126_fold2of5.csv
wandb: updating run metadata
wandb: uploading history steps 28-29, summary, console lines 64-71
wandb: 
wandb: Run history:
wandb:              train/c_index ▁▄▅▆▆▆▇▇▇▇▇▇██▇▇▇█████████████
wandb:                 train/loss █▆▅▄▄▄▃▂▂▂▂▃▂▂▂▁▂▂▁▂▁▁▁▁▁▁▁▁▁▁
wandb:                   train/lr ▃▆██████▇▇▇▇▆▆▅▅▅▄▄▃▃▃▂▂▂▂▁▁▁▁
wandb:   val_performance/auc_mean ▅▆██▇▇▆▇▇▆▄▅▆▆▄▁▂▃▃▃▃▃▄▄▄▄▄▄▄▄
wandb:    val_performance/c_index ▇█▇▇▆▆▅▅▅▅▅▆▆▃▂▁▁▃▂▂▂▂▂▂▃▃▃▃▃▃
wandb:         val_performance/hr ▄█▂▆▆▃▂▃▃▁▂▃▄▃▂▁▁▃▂▁▃▃▃▃▃▃▃▃▃▃
wandb: val_performance/log_rank_p ▁▁▃▁▁▂▄▂▂▆▃▂▁▂▅█▆▂▄▆▂▂▂▂▂▂▂▂▂▂
wandb: 
wandb: Run summary:
wandb:               best_epoch 2
wandb:         best_val_c_index 0.71014
wandb:            test_auc_mean 0.64607
wandb:             test_c_index 0.56967
wandb:                  test_hr 1.6076
wandb:          test_log_rank_p 0.35719
wandb:            train/c_index 0.98578
wandb:               train/loss 0.54912
wandb:                 train/lr 1e-05
wandb: val_performance/auc_mean 0.68689
wandb:                       +3 ...
wandb: 
wandb:  View run TCGA_M7_INT1500_STG_R_COX_ADD_FOLD2OF5_seed126_0816::1743 at: https://wandb.ai/justin212553/Path-ViT/runs/x3a61ljq
wandb:  View project at: https://wandb.ai/justin212553/Path-ViT
wandb: Synced 5 W&B file(s), 0 media file(s), 0 artifact file(s) and 0 other file(s)
wandb: Find logs at: .\.wandb\run-20260816_174359-x3a61ljq\logs

=== External Test (cptac 전체 코호트) ===
external_c_index=0.6372 | external_HR=1.698 [1.172, 2.459] | external_logrank_p=0.0046 | external_AUC_mean=0.6644 (auc_365d=0.7243 auc_730d=0.6762 auc_1095d=0.5927)
wandb: setting up run aogyk5vo
wandb: Tracking run with wandb version 0.28.0
wandb: Run data is saved locally in D:\wonse\Documents\Job\urban_datalab\PATH-ViT\.wandb\run-20260816_174453-aogyk5vo
wandb: Run `wandb offline` to turn off syncing.
wandb: Syncing run TCGA_XM7_INT1500_STG_R_COX_ADD_FOLD2OF5_seed126_0816::1743
wandb:  View project at https://wandb.ai/justin212553/Path-ViT
wandb:  View run at https://wandb.ai/justin212553/Path-ViT/runs/aogyk5vo
wandb: updating run metadata; uploading summary
wandb: uploading wandb-summary.json; uploading config.yaml
wandb: 
wandb: Run history:
wandb:   external/auc_mean ▁
wandb:    external/c_index ▁
wandb:         external/hr ▁
wandb: external/log_rank_p ▁
wandb: 
wandb: Run summary:
wandb:   external/auc_mean 0.6644
wandb:    external/c_index 0.63719
wandb:         external/hr 1.69769
wandb: external/log_rank_p 0.0046
wandb: 
wandb:  View run TCGA_XM7_INT1500_STG_R_COX_ADD_FOLD2OF5_seed126_0816::1743 at: https://wandb.ai/justin212553/Path-ViT/runs/aogyk5vo
wandb:  View project at: https://wandb.ai/justin212553/Path-ViT
wandb: Synced 4 W&B file(s), 0 media file(s), 0 artifact file(s) and 0 other file(s)
wandb: Find logs at: .\.wandb\run-20260816_174453-aogyk5vo\logs
=== FINAL M7 seed=126 fold=2/5 Complete: Sun Aug 16 17:44:56     2026 ===
=== FINAL M7 seed=126 fold=3/5 Start: Sun Aug 16 17:44:56     2026 ===
wandb: [wandb.login()] Loaded credentials for https://api.wandb.ai from C:\Users\wonse\_netrc.
wandb: Currently logged in as: justin212553 to https://api.wandb.ai. Use `wandb login --relogin` to force relogin
wandb: setting up run bl22aoav
wandb: Tracking run with wandb version 0.28.0
wandb: Run data is saved locally in D:\wonse\Documents\Job\urban_datalab\PATH-ViT\.wandb\run-20260816_174504-bl22aoav
wandb: Run `wandb offline` to turn off syncing.
wandb: Syncing run TCGA_M7_INT1500_STG_R_COX_ADD_FOLD3OF5_seed126_0816::1745
wandb:  View project at https://wandb.ai/justin212553/Path-ViT
wandb:  View run at https://wandb.ai/justin212553/Path-ViT/runs/bl22aoav
Model: M7_INT1500_STG_R_COX_ADD_FOLD3OF5 (ClinicalRNAOnly) | params=103,557
Dataset: tcga  (5-fold CV, fold 3)  Train: 90  Val: 31  Test(internal): 31 patients
lr=1.0e-03 | weight_decay=1.0e-02 | epochs=30 | cox_batch_size=16
Epoch   1 | lr=3.33e-04 | loss=1.9663 | train_c_index=0.7474 | val_c_index=0.6911 | val_HR=2.609 [0.988, 6.895] | val_logrank_p=0.0448 | val_AUC_mean=0.6806 (auc_365d=0.8126 auc_730d=0.5420 auc_1095d=0.6873)
  -> checkpoint saved (c_index=0.6911)
Epoch   2 | lr=6.67e-04 | loss=1.7296 | train_c_index=0.8420 | val_c_index=0.7070 | val_HR=2.609 [0.988, 6.895] | val_logrank_p=0.0448 | val_AUC_mean=0.6885 (auc_365d=0.8049 auc_730d=0.5337 auc_1095d=0.7270)
  -> checkpoint saved (c_index=0.7070)
Epoch   3 | lr=1.00e-03 | loss=1.4090 | train_c_index=0.9026 | val_c_index=0.7293 | val_HR=2.530 [0.958, 6.683] | val_logrank_p=0.0525 | val_AUC_mean=0.7172 (auc_365d=0.8249 auc_730d=0.5780 auc_1095d=0.7486)
  -> checkpoint saved (c_index=0.7293)
Epoch   4 | lr=1.00e-03 | loss=1.2722 | train_c_index=0.9341 | val_c_index=0.7134 | val_HR=2.316 [0.878, 6.109] | val_logrank_p=0.0808 | val_AUC_mean=0.7229 (auc_365d=0.7584 auc_730d=0.6243 auc_1095d=0.7860)
Epoch   5 | lr=9.97e-04 | loss=1.0663 | train_c_index=0.9386 | val_c_index=0.7038 | val_HR=2.908 [1.071, 7.898] | val_logrank_p=0.0284 | val_AUC_mean=0.6951 (auc_365d=0.7251 auc_730d=0.5735 auc_1095d=0.7867)
Epoch   6 | lr=9.87e-04 | loss=0.9887 | train_c_index=0.9451 | val_c_index=0.7229 | val_HR=3.855 [1.352, 10.988] | val_logrank_p=0.0066 | val_AUC_mean=0.7157 (auc_365d=0.7594 auc_730d=0.6029 auc_1095d=0.7847)
Epoch   7 | lr=9.70e-04 | loss=0.8309 | train_c_index=0.9525 | val_c_index=0.7197 | val_HR=3.698 [1.353, 10.109] | val_logrank_p=0.0065 | val_AUC_mean=0.7101 (auc_365d=0.7528 auc_730d=0.6128 auc_1095d=0.7647)
Epoch   8 | lr=9.47e-04 | loss=0.8838 | train_c_index=0.9509 | val_c_index=0.7070 | val_HR=4.646 [1.677, 12.872] | val_logrank_p=0.0013 | val_AUC_mean=0.7209 (auc_365d=0.7272 auc_730d=0.6537 auc_1095d=0.7818)
Epoch   9 | lr=9.19e-04 | loss=0.7772 | train_c_index=0.9566 | val_c_index=0.6943 | val_HR=3.355 [1.227, 9.171] | val_logrank_p=0.0126 | val_AUC_mean=0.7171 (auc_365d=0.7052 auc_730d=0.6622 auc_1095d=0.7840)
Epoch  10 | lr=8.84e-04 | loss=0.8072 | train_c_index=0.9558 | val_c_index=0.7325 | val_HR=3.698 [1.353, 10.109] | val_logrank_p=0.0065 | val_AUC_mean=0.7193 (auc_365d=0.7594 auc_730d=0.6313 auc_1095d=0.7670)
  -> checkpoint saved (c_index=0.7325)
Epoch  11 | lr=8.45e-04 | loss=0.7945 | train_c_index=0.9632 | val_c_index=0.7102 | val_HR=3.164 [1.186, 8.440] | val_logrank_p=0.0156 | val_AUC_mean=0.6883 (auc_365d=0.7528 auc_730d=0.5737 auc_1095d=0.7384)
Epoch  12 | lr=8.01e-04 | loss=0.7350 | train_c_index=0.9603 | val_c_index=0.6879 | val_HR=2.037 [0.778, 5.332] | val_logrank_p=0.1394 | val_AUC_mean=0.6679 (auc_365d=0.7185 auc_730d=0.5448 auc_1095d=0.7404)
Epoch  13 | lr=7.52e-04 | loss=0.7252 | train_c_index=0.9533 | val_c_index=0.7006 | val_HR=2.037 [0.778, 5.332] | val_logrank_p=0.1394 | val_AUC_mean=0.6613 (auc_365d=0.7251 auc_730d=0.5499 auc_1095d=0.7088)
Epoch  14 | lr=7.01e-04 | loss=0.8710 | train_c_index=0.9509 | val_c_index=0.7070 | val_HR=2.985 [1.123, 7.935] | val_logrank_p=0.0218 | val_AUC_mean=0.6624 (auc_365d=0.7318 auc_730d=0.5554 auc_1095d=0.7000)
Epoch  15 | lr=6.47e-04 | loss=0.7231 | train_c_index=0.9611 | val_c_index=0.7229 | val_HR=2.985 [1.123, 7.935] | val_logrank_p=0.0218 | val_AUC_mean=0.6950 (auc_365d=0.7451 auc_730d=0.5864 auc_1095d=0.7536)
Epoch  16 | lr=5.91e-04 | loss=0.7300 | train_c_index=0.9693 | val_c_index=0.7070 | val_HR=3.164 [1.186, 8.440] | val_logrank_p=0.0156 | val_AUC_mean=0.6911 (auc_365d=0.7517 auc_730d=0.5741 auc_1095d=0.7476)
Epoch  17 | lr=5.34e-04 | loss=0.7155 | train_c_index=0.9742 | val_c_index=0.6943 | val_HR=3.164 [1.186, 8.440] | val_logrank_p=0.0156 | val_AUC_mean=0.6817 (auc_365d=0.7451 auc_730d=0.5451 auc_1095d=0.7548)
Epoch  18 | lr=4.76e-04 | loss=0.6469 | train_c_index=0.9795 | val_c_index=0.6911 | val_HR=3.164 [1.186, 8.440] | val_logrank_p=0.0156 | val_AUC_mean=0.6826 (auc_365d=0.7517 auc_730d=0.5413 auc_1095d=0.7548)
Epoch  19 | lr=4.19e-04 | loss=0.6415 | train_c_index=0.9767 | val_c_index=0.7102 | val_HR=3.339 [1.243, 8.967] | val_logrank_p=0.0117 | val_AUC_mean=0.6905 (auc_365d=0.7717 auc_730d=0.5451 auc_1095d=0.7548)
Epoch  20 | lr=3.63e-04 | loss=0.6331 | train_c_index=0.9734 | val_c_index=0.7166 | val_HR=3.339 [1.243, 8.967] | val_logrank_p=0.0117 | val_AUC_mean=0.7005 (auc_365d=0.7717 auc_730d=0.5451 auc_1095d=0.7848)
Epoch  21 | lr=3.09e-04 | loss=0.5585 | train_c_index=0.9767 | val_c_index=0.7197 | val_HR=3.339 [1.243, 8.967] | val_logrank_p=0.0117 | val_AUC_mean=0.7040 (auc_365d=0.7517 auc_730d=0.5622 auc_1095d=0.7980)
Epoch  22 | lr=2.58e-04 | loss=0.5370 | train_c_index=0.9763 | val_c_index=0.7293 | val_HR=5.694 [1.923, 16.862] | val_logrank_p=0.0005 | val_AUC_mean=0.7265 (auc_365d=0.7384 auc_730d=0.6078 auc_1095d=0.8332)
Epoch  23 | lr=2.09e-04 | loss=0.5338 | train_c_index=0.9775 | val_c_index=0.7166 | val_HR=5.694 [1.923, 16.862] | val_logrank_p=0.0005 | val_AUC_mean=0.7111 (auc_365d=0.7318 auc_730d=0.5903 auc_1095d=0.8111)
Epoch  24 | lr=1.65e-04 | loss=0.5502 | train_c_index=0.9816 | val_c_index=0.7102 | val_HR=5.694 [1.923, 16.862] | val_logrank_p=0.0005 | val_AUC_mean=0.7089 (auc_365d=0.7251 auc_730d=0.5903 auc_1095d=0.8111)
Epoch  25 | lr=1.26e-04 | loss=0.5509 | train_c_index=0.9804 | val_c_index=0.7134 | val_HR=5.694 [1.923, 16.862] | val_logrank_p=0.0005 | val_AUC_mean=0.7089 (auc_365d=0.7251 auc_730d=0.5903 auc_1095d=0.8111)
Epoch  26 | lr=9.14e-05 | loss=0.6277 | train_c_index=0.9808 | val_c_index=0.7102 | val_HR=5.694 [1.923, 16.862] | val_logrank_p=0.0005 | val_AUC_mean=0.7089 (auc_365d=0.7251 auc_730d=0.5903 auc_1095d=0.8111)
C:\Users\wonse\anaconda3\envs\PathViT-ray\Lib\site-packages\lifelines\fitters\coxph_fitter.py:1607: ConvergenceWarning: Newton-Raphson convergence completed successfully but norm(delta) is still high, 0.503. This may imply non-unique solutions to the maximum likelihood. Perhaps there is collinearity or complete separation in the dataset?

  warnings.warn(
Epoch  27 | lr=6.27e-05 | loss=0.5713 | train_c_index=0.9824 | val_c_index=0.7038 | val_HR=3.339 [1.243, 8.967] | val_logrank_p=0.0117 | val_AUC_mean=0.7032 (auc_365d=0.7185 auc_730d=0.5799 auc_1095d=0.8111)
C:\Users\wonse\anaconda3\envs\PathViT-ray\Lib\site-packages\lifelines\fitters\coxph_fitter.py:1607: ConvergenceWarning: Newton-Raphson convergence completed successfully but norm(delta) is still high, 0.503. This may imply non-unique solutions to the maximum likelihood. Perhaps there is collinearity or complete separation in the dataset?

  warnings.warn(
Epoch  28 | lr=3.99e-05 | loss=0.4884 | train_c_index=0.9832 | val_c_index=0.7038 | val_HR=3.339 [1.243, 8.967] | val_logrank_p=0.0117 | val_AUC_mean=0.7032 (auc_365d=0.7185 auc_730d=0.5799 auc_1095d=0.8111)
C:\Users\wonse\anaconda3\envs\PathViT-ray\Lib\site-packages\lifelines\fitters\coxph_fitter.py:1607: ConvergenceWarning: Newton-Raphson convergence completed successfully but norm(delta) is still high, 0.503. This may imply non-unique solutions to the maximum likelihood. Perhaps there is collinearity or complete separation in the dataset?

  warnings.warn(
Epoch  29 | lr=2.33e-05 | loss=0.6216 | train_c_index=0.9844 | val_c_index=0.7006 | val_HR=3.339 [1.243, 8.967] | val_logrank_p=0.0117 | val_AUC_mean=0.6953 (auc_365d=0.7185 auc_730d=0.5694 auc_1095d=0.7980)
C:\Users\wonse\anaconda3\envs\PathViT-ray\Lib\site-packages\lifelines\fitters\coxph_fitter.py:1607: ConvergenceWarning: Newton-Raphson convergence completed successfully but norm(delta) is still high, 0.503. This may imply non-unique solutions to the maximum likelihood. Perhaps there is collinearity or complete separation in the dataset?

  warnings.warn(
Epoch  30 | lr=1.33e-05 | loss=0.5329 | train_c_index=0.9840 | val_c_index=0.7006 | val_HR=3.339 [1.243, 8.967] | val_logrank_p=0.0117 | val_AUC_mean=0.6953 (auc_365d=0.7185 auc_730d=0.5694 auc_1095d=0.7980)

=== Internal Test (best checkpoint epoch 10) ===
test_c_index=0.6653 | test_HR=1.257 [0.460, 3.432] | test_logrank_p=0.6547 | test_AUC_mean=0.5414 (auc_365d=0.7563 auc_730d=0.6323 auc_1095d=0.2355)
  -> fold predictions saved: D:\wonse\Documents\Job\urban_datalab\PATH-ViT\.logs\kfold_preds\tcga_M7_INT1500_STG_R_COX_ADD_FOLD3OF5_seed126_fold3of5.csv
wandb: updating run metadata
wandb: uploading history steps 28-29, summary, console lines 45-52
wandb: 
wandb: Run history:
wandb:              train/c_index ▁▄▆▇▇▇▇▇▇▇▇▇▇▇▇███████████████
wandb:                 train/loss █▇▅▅▄▃▃▃▂▃▂▂▂▃▂▂▂▂▂▂▁▁▁▁▁▂▁▁▂▁
wandb:                   train/lr ▃▆██████▇▇▇▇▆▆▅▅▅▄▄▃▃▃▂▂▂▂▁▁▁▁
wandb:   val_performance/auc_mean ▃▄▇█▅▇▆▇▇▇▄▂▁▁▅▄▃▃▄▅▆█▆▆▆▆▅▅▅▅
wandb:    val_performance/c_index ▁▄▇▅▃▆▆▄▂█▄▁▃▄▆▄▂▁▄▅▆▇▅▄▅▄▃▃▃▃
wandb:         val_performance/hr ▂▂▂▂▃▄▄▆▄▄▃▁▁▃▃▃▃▃▃▃▃█████▃▃▃▃
wandb: val_performance/log_rank_p ▃▃▄▅▂▁▁▁▂▁▂██▂▂▂▂▂▂▂▂▁▁▁▁▁▂▂▂▂
wandb: 
wandb: Run summary:
wandb:               best_epoch 10
wandb:         best_val_c_index 0.73248
wandb:            test_auc_mean 0.54137
wandb:             test_c_index 0.66527
wandb:                  test_hr 1.25704
wandb:          test_log_rank_p 0.65469
wandb:            train/c_index 0.98404
wandb:               train/loss 0.53295
wandb:                 train/lr 1e-05
wandb: val_performance/auc_mean 0.69528
wandb:                       +3 ...
wandb: 
wandb:  View run TCGA_M7_INT1500_STG_R_COX_ADD_FOLD3OF5_seed126_0816::1745 at: https://wandb.ai/justin212553/Path-ViT/runs/bl22aoav
wandb:  View project at: https://wandb.ai/justin212553/Path-ViT
wandb: Synced 5 W&B file(s), 0 media file(s), 0 artifact file(s) and 0 other file(s)
wandb: Find logs at: .\.wandb\run-20260816_174504-bl22aoav\logs

=== External Test (cptac 전체 코호트) ===
external_c_index=0.5854 | external_HR=1.576 [1.090, 2.279] | external_logrank_p=0.0147 | external_AUC_mean=0.6169 (auc_365d=0.6390 auc_730d=0.6446 auc_1095d=0.5672)
wandb: setting up run i8fyziz6
wandb: Tracking run with wandb version 0.28.0
wandb: Run data is saved locally in D:\wonse\Documents\Job\urban_datalab\PATH-ViT\.wandb\run-20260816_174556-i8fyziz6
wandb: Run `wandb offline` to turn off syncing.
wandb: Syncing run TCGA_XM7_INT1500_STG_R_COX_ADD_FOLD3OF5_seed126_0816::1745
wandb:  View project at https://wandb.ai/justin212553/Path-ViT
wandb:  View run at https://wandb.ai/justin212553/Path-ViT/runs/i8fyziz6
wandb: updating run metadata; uploading summary
wandb: uploading wandb-metadata.json; uploading requirements.txt; uploading wandb-summary.json; uploading config.yaml
wandb: 
wandb: Run history:
wandb:   external/auc_mean ▁
wandb:    external/c_index ▁
wandb:         external/hr ▁
wandb: external/log_rank_p ▁
wandb: 
wandb: Run summary:
wandb:   external/auc_mean 0.61693
wandb:    external/c_index 0.58538
wandb:         external/hr 1.57631
wandb: external/log_rank_p 0.01475
wandb: 
wandb:  View run TCGA_XM7_INT1500_STG_R_COX_ADD_FOLD3OF5_seed126_0816::1745 at: https://wandb.ai/justin212553/Path-ViT/runs/i8fyziz6
wandb:  View project at: https://wandb.ai/justin212553/Path-ViT
wandb: Synced 4 W&B file(s), 0 media file(s), 0 artifact file(s) and 0 other file(s)
wandb: Find logs at: .\.wandb\run-20260816_174556-i8fyziz6\logs
=== FINAL M7 seed=126 fold=3/5 Complete: Sun Aug 16 17:45:59     2026 ===
=== FINAL M7 seed=126 fold=4/5 Start: Sun Aug 16 17:45:59     2026 ===
wandb: [wandb.login()] Loaded credentials for https://api.wandb.ai from C:\Users\wonse\_netrc.
wandb: Currently logged in as: justin212553 to https://api.wandb.ai. Use `wandb login --relogin` to force relogin
wandb: setting up run 40k4zhos
wandb: Tracking run with wandb version 0.28.0
wandb: Run data is saved locally in D:\wonse\Documents\Job\urban_datalab\PATH-ViT\.wandb\run-20260816_174608-40k4zhos
wandb: Run `wandb offline` to turn off syncing.
wandb: Syncing run TCGA_M7_INT1500_STG_R_COX_ADD_FOLD4OF5_seed126_0816::1746
wandb:  View project at https://wandb.ai/justin212553/Path-ViT
wandb:  View run at https://wandb.ai/justin212553/Path-ViT/runs/40k4zhos
Model: M7_INT1500_STG_R_COX_ADD_FOLD4OF5 (ClinicalRNAOnly) | params=103,557
Dataset: tcga  (5-fold CV, fold 4)  Train: 90  Val: 31  Test(internal): 31 patients
lr=1.0e-03 | weight_decay=1.0e-02 | epochs=30 | cox_batch_size=16
Epoch   1 | lr=3.33e-04 | loss=2.0015 | train_c_index=0.7833 | val_c_index=0.6620 | val_HR=2.576 [0.930, 7.134] | val_logrank_p=0.0593 | val_AUC_mean=0.6423 (auc_365d=0.7473 auc_730d=0.6173 auc_1095d=0.5622)
  -> checkpoint saved (c_index=0.6620)
Epoch   2 | lr=6.67e-04 | loss=1.6185 | train_c_index=0.8570 | val_c_index=0.6690 | val_HR=2.576 [0.930, 7.134] | val_logrank_p=0.0593 | val_AUC_mean=0.6619 (auc_365d=0.7678 auc_730d=0.6411 auc_1095d=0.5768)
  -> checkpoint saved (c_index=0.6690)
Epoch   3 | lr=1.00e-03 | loss=1.5094 | train_c_index=0.9009 | val_c_index=0.6655 | val_HR=1.839 [0.689, 4.903] | val_logrank_p=0.2170 | val_AUC_mean=0.6855 (auc_365d=0.7423 auc_730d=0.6574 auc_1095d=0.6569)
Epoch   4 | lr=1.00e-03 | loss=1.3024 | train_c_index=0.9272 | val_c_index=0.6655 | val_HR=2.146 [0.801, 5.750] | val_logrank_p=0.1204 | val_AUC_mean=0.6784 (auc_365d=0.7193 auc_730d=0.6797 auc_1095d=0.6362)
Epoch   5 | lr=9.97e-04 | loss=1.1042 | train_c_index=0.9319 | val_c_index=0.6585 | val_HR=2.146 [0.801, 5.750] | val_logrank_p=0.1204 | val_AUC_mean=0.7023 (auc_365d=0.7243 auc_730d=0.6539 auc_1095d=0.7287)
Epoch   6 | lr=9.87e-04 | loss=0.9829 | train_c_index=0.9466 | val_c_index=0.6655 | val_HR=2.146 [0.801, 5.750] | val_logrank_p=0.1204 | val_AUC_mean=0.7116 (auc_365d=0.6706 auc_730d=0.7042 auc_1095d=0.7600)
Epoch   7 | lr=9.70e-04 | loss=0.9914 | train_c_index=0.9453 | val_c_index=0.6444 | val_HR=2.576 [0.930, 7.134] | val_logrank_p=0.0593 | val_AUC_mean=0.6870 (auc_365d=0.6092 auc_730d=0.6761 auc_1095d=0.7759)
Epoch   8 | lr=9.47e-04 | loss=0.7847 | train_c_index=0.9543 | val_c_index=0.6444 | val_HR=3.089 [1.063, 8.978] | val_logrank_p=0.0295 | val_AUC_mean=0.6818 (auc_365d=0.5862 auc_730d=0.6806 auc_1095d=0.7785)
Epoch   9 | lr=9.19e-04 | loss=0.9365 | train_c_index=0.9535 | val_c_index=0.6549 | val_HR=3.659 [1.214, 11.024] | val_logrank_p=0.0142 | val_AUC_mean=0.6898 (auc_365d=0.5964 auc_730d=0.6986 auc_1095d=0.7743)
Epoch  10 | lr=8.84e-04 | loss=0.7693 | train_c_index=0.9548 | val_c_index=0.6690 | val_HR=2.332 [0.856, 6.353] | val_logrank_p=0.0893 | val_AUC_mean=0.7209 (auc_365d=0.6706 auc_730d=0.7397 auc_1095d=0.7523)
Epoch  11 | lr=8.45e-04 | loss=0.7409 | train_c_index=0.9530 | val_c_index=0.6761 | val_HR=2.783 [1.008, 7.683] | val_logrank_p=0.0399 | val_AUC_mean=0.7271 (auc_365d=0.6936 auc_730d=0.7264 auc_1095d=0.7613)
  -> checkpoint saved (c_index=0.6761)
Epoch  12 | lr=8.01e-04 | loss=0.7835 | train_c_index=0.9492 | val_c_index=0.6761 | val_HR=2.783 [1.008, 7.683] | val_logrank_p=0.0399 | val_AUC_mean=0.7304 (auc_365d=0.6731 auc_730d=0.6907 auc_1095d=0.8274)
Epoch  13 | lr=7.52e-04 | loss=0.7952 | train_c_index=0.9513 | val_c_index=0.6796 | val_HR=2.146 [0.801, 5.750] | val_logrank_p=0.1204 | val_AUC_mean=0.7261 (auc_365d=0.6731 auc_730d=0.6856 auc_1095d=0.8197)
  -> checkpoint saved (c_index=0.6796)
Epoch  14 | lr=7.01e-04 | loss=0.6888 | train_c_index=0.9569 | val_c_index=0.6972 | val_HR=2.146 [0.801, 5.750] | val_logrank_p=0.1204 | val_AUC_mean=0.7652 (auc_365d=0.6809 auc_730d=0.7570 auc_1095d=0.8577)
  -> checkpoint saved (c_index=0.6972)
Epoch  15 | lr=6.47e-04 | loss=0.7911 | train_c_index=0.9599 | val_c_index=0.6937 | val_HR=2.146 [0.801, 5.750] | val_logrank_p=0.1204 | val_AUC_mean=0.7334 (auc_365d=0.6911 auc_730d=0.7427 auc_1095d=0.7664)
Epoch  16 | lr=5.91e-04 | loss=0.6099 | train_c_index=0.9638 | val_c_index=0.6901 | val_HR=2.146 [0.801, 5.750] | val_logrank_p=0.1204 | val_AUC_mean=0.7368 (auc_365d=0.6809 auc_730d=0.7570 auc_1095d=0.7725)
Epoch  17 | lr=5.34e-04 | loss=0.6538 | train_c_index=0.9647 | val_c_index=0.6866 | val_HR=2.146 [0.801, 5.750] | val_logrank_p=0.1204 | val_AUC_mean=0.7614 (auc_365d=0.6834 auc_730d=0.7466 auc_1095d=0.8541)
C:\Users\wonse\anaconda3\envs\PathViT-ray\Lib\site-packages\lifelines\fitters\coxph_fitter.py:1607: ConvergenceWarning: Newton-Raphson convergence completed successfully but norm(delta) is still high, 0.503. This may imply non-unique solutions to the maximum likelihood. Perhaps there is collinearity or complete separation in the dataset?

  warnings.warn(
Epoch  18 | lr=4.76e-04 | loss=0.6196 | train_c_index=0.9707 | val_c_index=0.6761 | val_HR=2.146 [0.801, 5.750] | val_logrank_p=0.1204 | val_AUC_mean=0.7223 (auc_365d=0.6604 auc_730d=0.7375 auc_1095d=0.7689)
Epoch  19 | lr=4.19e-04 | loss=0.6497 | train_c_index=0.9685 | val_c_index=0.6796 | val_HR=2.146 [0.801, 5.750] | val_logrank_p=0.1204 | val_AUC_mean=0.7218 (auc_365d=0.6579 auc_730d=0.7381 auc_1095d=0.7693)
Epoch  20 | lr=3.63e-04 | loss=0.5780 | train_c_index=0.9711 | val_c_index=0.6796 | val_HR=2.146 [0.801, 5.750] | val_logrank_p=0.1204 | val_AUC_mean=0.7194 (auc_365d=0.6554 auc_730d=0.7334 auc_1095d=0.7693)
Epoch  21 | lr=3.09e-04 | loss=0.6033 | train_c_index=0.9754 | val_c_index=0.6725 | val_HR=2.146 [0.801, 5.750] | val_logrank_p=0.1204 | val_AUC_mean=0.7165 (auc_365d=0.6554 auc_730d=0.7282 auc_1095d=0.7658)
Epoch  22 | lr=2.58e-04 | loss=0.5932 | train_c_index=0.9772 | val_c_index=0.6761 | val_HR=2.146 [0.801, 5.750] | val_logrank_p=0.1204 | val_AUC_mean=0.7195 (auc_365d=0.6554 auc_730d=0.7372 auc_1095d=0.7658)
Epoch  23 | lr=2.09e-04 | loss=0.5186 | train_c_index=0.9806 | val_c_index=0.6761 | val_HR=2.146 [0.801, 5.750] | val_logrank_p=0.1204 | val_AUC_mean=0.7165 (auc_365d=0.6554 auc_730d=0.7282 auc_1095d=0.7658)
Epoch  24 | lr=1.65e-04 | loss=0.4866 | train_c_index=0.9798 | val_c_index=0.6796 | val_HR=2.146 [0.801, 5.750] | val_logrank_p=0.1204 | val_AUC_mean=0.7223 (auc_365d=0.6681 auc_730d=0.7329 auc_1095d=0.7658)
Epoch  25 | lr=1.26e-04 | loss=0.5417 | train_c_index=0.9802 | val_c_index=0.6796 | val_HR=2.146 [0.801, 5.750] | val_logrank_p=0.1204 | val_AUC_mean=0.7223 (auc_365d=0.6681 auc_730d=0.7329 auc_1095d=0.7658)
Epoch  26 | lr=9.14e-05 | loss=0.5660 | train_c_index=0.9810 | val_c_index=0.6796 | val_HR=2.146 [0.801, 5.750] | val_logrank_p=0.1204 | val_AUC_mean=0.7223 (auc_365d=0.6681 auc_730d=0.7329 auc_1095d=0.7658)
C:\Users\wonse\anaconda3\envs\PathViT-ray\Lib\site-packages\lifelines\fitters\coxph_fitter.py:1607: ConvergenceWarning: Newton-Raphson convergence completed successfully but norm(delta) is still high, 0.503. This may imply non-unique solutions to the maximum likelihood. Perhaps there is collinearity or complete separation in the dataset?

  warnings.warn(
Epoch  27 | lr=6.27e-05 | loss=0.5159 | train_c_index=0.9815 | val_c_index=0.6831 | val_HR=2.146 [0.801, 5.750] | val_logrank_p=0.1204 | val_AUC_mean=0.7291 (auc_365d=0.6809 auc_730d=0.7375 auc_1095d=0.7689)
C:\Users\wonse\anaconda3\envs\PathViT-ray\Lib\site-packages\lifelines\fitters\coxph_fitter.py:1607: ConvergenceWarning: Newton-Raphson convergence completed successfully but norm(delta) is still high, 0.503. This may imply non-unique solutions to the maximum likelihood. Perhaps there is collinearity or complete separation in the dataset?

  warnings.warn(
Epoch  28 | lr=3.99e-05 | loss=0.5293 | train_c_index=0.9828 | val_c_index=0.6831 | val_HR=2.146 [0.801, 5.750] | val_logrank_p=0.1204 | val_AUC_mean=0.7291 (auc_365d=0.6809 auc_730d=0.7375 auc_1095d=0.7689)
C:\Users\wonse\anaconda3\envs\PathViT-ray\Lib\site-packages\lifelines\fitters\coxph_fitter.py:1607: ConvergenceWarning: Newton-Raphson convergence completed successfully but norm(delta) is still high, 0.503. This may imply non-unique solutions to the maximum likelihood. Perhaps there is collinearity or complete separation in the dataset?

  warnings.warn(
Epoch  29 | lr=2.33e-05 | loss=0.5399 | train_c_index=0.9841 | val_c_index=0.6796 | val_HR=2.096 [0.781, 5.621] | val_logrank_p=0.1336 | val_AUC_mean=0.7291 (auc_365d=0.6809 auc_730d=0.7375 auc_1095d=0.7689)
C:\Users\wonse\anaconda3\envs\PathViT-ray\Lib\site-packages\lifelines\fitters\coxph_fitter.py:1607: ConvergenceWarning: Newton-Raphson convergence completed successfully but norm(delta) is still high, 0.503. This may imply non-unique solutions to the maximum likelihood. Perhaps there is collinearity or complete separation in the dataset?

  warnings.warn(
Epoch  30 | lr=1.33e-05 | loss=0.6178 | train_c_index=0.9836 | val_c_index=0.6796 | val_HR=2.096 [0.781, 5.621] | val_logrank_p=0.1336 | val_AUC_mean=0.7291 (auc_365d=0.6809 auc_730d=0.7375 auc_1095d=0.7689)

=== Internal Test (best checkpoint epoch 14) ===
test_c_index=0.6865 | test_HR=4.216 [1.349, 13.177] | test_logrank_p=0.0073 | test_AUC_mean=0.6113 (auc_365d=0.8004 auc_730d=0.5650 auc_1095d=0.4683)
  -> fold predictions saved: D:\wonse\Documents\Job\urban_datalab\PATH-ViT\.logs\kfold_preds\tcga_M7_INT1500_STG_R_COX_ADD_FOLD4OF5_seed126_fold4of5.csv
wandb: uploading history steps 18-28, summary, console lines 30-52; updating run metadata
wandb: uploading history steps 29-29, summary, console lines 53-56
wandb: 
wandb: Run history:
wandb:              train/c_index ▁▄▅▆▆▇▇▇▇▇▇▇▇▇▇▇▇█▇███████████
wandb:                 train/loss █▆▆▅▄▃▃▂▃▂▂▂▂▂▂▂▂▂▂▁▂▁▁▁▁▁▁▁▁▂
wandb:                   train/lr ▃▆██████▇▇▇▇▆▆▅▅▅▄▄▃▃▃▂▂▂▂▁▁▁▁
wandb:   val_performance/auc_mean ▁▂▃▃▄▅▄▃▄▅▆▆▆█▆▆█▆▆▅▅▅▅▆▆▆▆▆▆▆
wandb:    val_performance/c_index ▃▄▄▄▃▄▁▁▂▄▅▅▆██▇▇▅▆▆▅▅▅▆▆▆▆▆▆▆
wandb:         val_performance/hr ▄▄▁▂▂▂▄▆█▃▅▅▂▂▂▂▂▂▂▂▂▂▂▂▂▂▂▂▂▂
wandb: val_performance/log_rank_p ▃▃█▅▅▅▃▂▁▄▂▂▅▅▅▅▅▅▅▅▅▅▅▅▅▅▅▅▅▅
wandb: 
wandb: Run summary:
wandb:               best_epoch 14
wandb:         best_val_c_index 0.69718
wandb:            test_auc_mean 0.61125
wandb:             test_c_index 0.68652
wandb:                  test_hr 4.21561
wandb:          test_log_rank_p 0.00731
wandb:            train/c_index 0.98363
wandb:               train/loss 0.61777
wandb:                 train/lr 1e-05
wandb: val_performance/auc_mean 0.72911
wandb:                       +3 ...
wandb: 
wandb:  View run TCGA_M7_INT1500_STG_R_COX_ADD_FOLD4OF5_seed126_0816::1746 at: https://wandb.ai/justin212553/Path-ViT/runs/40k4zhos
wandb:  View project at: https://wandb.ai/justin212553/Path-ViT
wandb: Synced 5 W&B file(s), 0 media file(s), 0 artifact file(s) and 0 other file(s)
wandb: Find logs at: .\.wandb\run-20260816_174608-40k4zhos\logs

=== External Test (cptac 전체 코호트) ===
external_c_index=0.6135 | external_HR=1.904 [1.310, 2.766] | external_logrank_p=0.0006 | external_AUC_mean=0.6625 (auc_365d=0.6825 auc_730d=0.6711 auc_1095d=0.6338)
wandb: setting up run ynfquity
wandb: Tracking run with wandb version 0.28.0
wandb: Run data is saved locally in D:\wonse\Documents\Job\urban_datalab\PATH-ViT\.wandb\run-20260816_174704-ynfquity
wandb: Run `wandb offline` to turn off syncing.
wandb: Syncing run TCGA_XM7_INT1500_STG_R_COX_ADD_FOLD4OF5_seed126_0816::1746
wandb:  View project at https://wandb.ai/justin212553/Path-ViT
wandb:  View run at https://wandb.ai/justin212553/Path-ViT/runs/ynfquity
wandb: updating run metadata
wandb: uploading config.yaml; uploading wandb-metadata.json; uploading requirements.txt; uploading wandb-summary.json
wandb: 
wandb: Run history:
wandb:   external/auc_mean ▁
wandb:    external/c_index ▁
wandb:         external/hr ▁
wandb: external/log_rank_p ▁
wandb: 
wandb: Run summary:
wandb:   external/auc_mean 0.66248
wandb:    external/c_index 0.6135
wandb:         external/hr 1.90356
wandb: external/log_rank_p 0.00059
wandb: 
wandb:  View run TCGA_XM7_INT1500_STG_R_COX_ADD_FOLD4OF5_seed126_0816::1746 at: https://wandb.ai/justin212553/Path-ViT/runs/ynfquity
wandb:  View project at: https://wandb.ai/justin212553/Path-ViT
wandb: Synced 4 W&B file(s), 0 media file(s), 0 artifact file(s) and 0 other file(s)
wandb: Find logs at: .\.wandb\run-20260816_174704-ynfquity\logs
=== FINAL M7 seed=126 fold=4/5 Complete: Sun Aug 16 17:47:07     2026 ===
=== ALL FINAL M5/M6/M7 LOCAL 3SEED KFOLD RUNS COMPLETE: Sun Aug 16 17:47:07     2026 ===
