case_id,n_patches_soft,prop_0,disp_0,intravar_0,centdist_0,prop_1,disp_1,intravar_1,centdist_1,prop_2,disp_2,intravar_2,centdist_2,prop_3,disp_3,intravar_3,centdist_3,prop_4,disp_4,intravar_4,centdist_4,prop_5,disp_5,intravar_5,centdist_5,prop_6,disp_6,intravar_6,centdist_6,prop_7,disp_7,intravar_7,centdist_7,prop_8,disp_8,intravar_8,centdist_8,prop_9,disp_9,intravar_9,centdist_9
TCGA-2J-AAB1,16662.00000000002,0.06703031632774832,21891.44079847369,0.13489415704915694,17.567785558658343,0.14463560975728518,24389.18236141645,0.10487250625246364,14.660391888479056,0.035424512892577066,20917.612924494333,0.15124112432514467,19.330525649891552,0.05672321013576275,24508.584735840428,0.1034373431464578,17.146797508555796,0.12654418530736664,22830.429403476795,0.1302436908421486,16.131629590159367,0.1865360623252641,24338.579571811526,0.10408398836561483,13.985321346510018,0.03329376677070791,18953.49758081498,0.1544655084168696,18.898825784881268,0.09363576888979716,24653.42368732178,0.10368678449622352,15.786517137494064,0.13943252975495815,24635.015394561902,0.10182344719360936,14.532658506625458,0.11674403783853259,24544.71635787427,0.10381182740468686,15.187364236378217
TCGA-2J-AAB4,13136.99999999997,0.025385206150140623,19270.185528225316,0.10076045933813726,20.342610514992526,0.16966983256896917,19243.58383227476,0.098887497562049,14.21486896412046,0.016120940401719335,19231.515518079315,0.09784492866906674,21.745164969852503,0.0766766090538911,19205.13324662351,0.09677939651413575,16.725803085117,0.05545667347947468,19398.397482865374,0.09976988979504377,17.835870032618498,0.20427095182965158,19224.437368906256,0.09911674371385197,13.620136163238632,0.012241571967463402,19195.648574416547,0.09759776539300202,22.641607678892537,0.1174322570887487,19228.257318024425,0.09764418004499627,15.37867739443124,0.17917589460120345,19130.37047597674,0.09601112409122847,13.961932232321361,0.14357006285873805,19186.634703144606,0.09727832565215382,14.715409905205147
TCGA-2J-AAB6,18850.000000000022,0.023870945431714113,24854.457444626147,0.10261184434850328,20.561286464421315,0.16879818591107756,24921.398885579154,0.10124634638450569,14.077319850678474,0.016369255037659913,24696.287607811748,0.10096646547676268,21.75833373827371,0.07751478651427668,24793.819933458075,0.1014313551966688,16.66933251648541,0.054016367793167736,24646.650954774246,0.102153390157167,17.834965298628198,0.20295730108206167,25075.303802927396,0.10079059483249624,13.436837086644944,0.012505387835740105,24675.518353878535,0.10082132705912404,22.648400979918364,0.11644760855918182,24751.225174816085,0.10163363805441135,15.327641286459702,0.18463893618647823,24251.808031720575,0.10078788406933144,13.739623121400774,0.14288122564864209,24636.598321399983,0.10128780975551804,14.63109900985396
TCGA-2J-AAB8,12667.00000000001,0.022589706935463073,17556.02161590445,0.09569889571965812,20.295159154469765,0.16868083324405,17690.118049595665,0.09384338138222759,13.693836928776612,0.017281234278087226,17425.37942612975,0.09853967990379227,21.117868778343574,0.07171898559281628,17437.406117600527,0.09337101059846599,16.476706231832697,0.06260605094684384,17379.209542630215,0.10207598399364866,16.95019411982791,0.21596347824079878,17943.98709895526,0.09422004096504603,12.92745629489627,0.013097089751846081,17455.120955732084,0.0965239212156967,22.065408724285312,0.10484855005958647,17466.77830998537,0.09344055349740839,15.212210490484692,0.18464364989961163,17026.138769101806,0.09205526678228908,13.26355389026544,0.13857042105089656,17387.92651003212,0.09311652447503006,14.28612657144308
TCGA-2J-AAB9,19623.000000000047,0.027407483433320248,26987.15490444895,0.11058948084500013,19.867551134800202,0.16648011336440025,26818.930811305927,0.10299899074420997,14.206264354904288,0.01680935652061189,26732.264687868403,0.10453525245984702,21.504466336377003,0.07333626177385853,26848.123272136894,0.10184436355128773,16.77787114306503,0.06370823732331343,26794.561146514076,0.1095694963072056,17.27757950600864,0.2100642392066617,26968.289550831727,0.10315053781625035,13.4832866993511,0.012345161476404128,26771.34050467496,0.10287870747422205,22.51504360926751,0.11175037107088431,26855.8474180009,0.10278914449581407,15.470072938741726,0.17819094736148047,26660.691029453505,0.10114474740609829,13.867787127844073,0.13990782846906508,26721.07011349684,0.10251286578131603,14.741707220845418
TCGA-2J-AABA,4838.000000000003,0.024621125006521975,15007.265066929476,0.10751062609207773,20.526517239793822,0.18463562754078094,15015.336201609105,0.10634651524084292,14.368618927826097,0.016340735485299882,15038.195723757593,0.1069556239925273,21.777232720825214,0.0763127465407679,14930.077903044616,0.10708814675891053,17.089113240271548,0.058645029359289565,15013.566957523362,0.10872804984908563,17.92932263062194,0.22201410792403586,15129.211710568969,0.10581916597718716,13.815091053479927,0.012116291059692646,15037.200653803287,0.10591771340802185,22.67361998594471,0.11109427228337725,14977.00425352457,0.10597605398188269,15.87897745137588,0.15396962039616488,14981.467872259229,0.10680216051844922,14.942011895387466,0.1402504444040691,15025.847028896667,0.10713211248295733,15.25901378932345
TCGA-2J-AABE,20470.00000000001,0.024516935719148734,24109.05235135001,0.0981282830016086,20.312401548574588,0.1620832592847047,24460.75587840237,0.09734746332365009,14.111115845992291,0.016335152554980303,24406.653526339374,0.09737277575240226,21.629304182500025,0.07419035251670895,24443.896689552832,0.09753219711589611,16.700981495505474,0.057590907146473136,24150.210599029437,0.09907310495454934,17.49889795718628,0.19493958694872085,24397.567173674994,0.09687181227687168,13.485227784283992,0.012447932716547053,24453.955622550202,0.09701677682478095,22.527603821137152,0.11642307274997571,24362.926066611108,0.09719765231045054,15.212171922116827,0.19591237563033545,24328.92714954898,0.09669438938780413,13.504358838828093,0.14556042473240502,24340.796313089988,0.09686852900152865,14.470301461251864
TCGA-2J-AABF,19534.000000000055,0.025367300155743552,24958.893060302722,0.10510634271275056,20.11763208598968,0.1729479653490579,24989.511980748703,0.10102910417329604,14.038697396497449,0.01659681211898296,24965.467286915104,0.10338066942148334,21.389984611193725,0.0732672693055485,24901.26821903365,0.10093512486301852,16.748547555043025,0.0628527656676796,25207.737586168416,0.10742651434577934,17.20642160951574,0.2111538664555066,25074.94116138926,0.10072918671885055,13.407854247206336,0.012405240245382103,24832.599755688236,0.10190738076650786,22.349592494199804,0.11410722449158513,24838.04047385362,0.10144391604950113,15.352340381268643,0.17337159928557436,24642.94525760305,0.10080289958037207,13.970762180740868,0.1379299569249393,24787.64133391343,0.10127099432777698,14.742559915487902
TCGA-2J-AABH,14202.999999999998,0.024178398890514187,23982.651677553506,0.10899234431706904,20.502787047292728,0.17416786956289484,24287.64102191866,0.10604345098794012,14.232051921658309,0.017018294021018336,23704.967204485667,0.11047852077148368,21.528674601697738,0.07607178785477689,23972.124677402455,0.10593297747373014,16.880106880198788,0.06056080685892702,23453.563190258916,0.11177946342491922,17.547741442211148,0.20762153022586324,24181.83184103717,0.10538440468208242,13.631653849839982,0.01271224823475715,23843.527394764456,0.11018564090851889,22.493571358204306,0.11256167496117561,24216.80656252981,0.10670586749501897,15.649393687498637,0.1753238114870068,23648.93038006652,0.10597750993644872,14.229414677458902,0.13978357790306595,24032.29330385615,0.10630497065973947,14.954059717945844
TCGA-2J-AABI,19272.999999999996,0.02526699849286736,24528.116615752708,0.09405601475898956,20.66160467670182,0.17203051503216407,24543.05222275644,0.09356583077114744,14.528247701947588,0.01617387007590471,24381.311877493754,0.092753759216942,22.011944803248834,0.08041178718791217,24288.98851037457,0.09275765307550733,16.981499201723913,0.0527739926390419,24512.87501424554,0.09369436592131071,18.282786511855253,0.20518661371474345,24554.368100769563,0.09341983807457536,13.934762450210297,0.01207779669447985,24409.020766952475,0.09275322944751635,22.931678861166255,0.11877884952632885,24455.950080424598,0.09305397614064491,15.751973526410362,0.1710193347990786,24232.925579721206,0.09198236855676906,14.582840388920394,0.14628024183747904,24373.002378974783,0.09284795574889647,15.07940140775857
TCGA-2J-AABK,12114.999999999965,0.0260168066263666,17214.18034217829,0.10788448498489613,19.983934582133962,0.16402630281077502,16827.941315289383,0.09738977045825685,14.118359046408585,0.018255911453950016,17000.59868154087,0.10967062307010278,21.07977322713356,0.07255305375614503,16831.43838503895,0.0964223994186465,16.756561805217117,0.06883265283696242,16968.82051336972,0.1103628945237561,16.96345618740634,0.20115404928632066,16935.291584321836,0.09754815417808575,13.452324278218658,0.01296218397398273,16848.955419145223,0.10362687816766321,22.31176041621215,0.11030689792225049,16804.08137398247,0.09684307809146797,15.392746730270096,0.18775546316220218,16531.954057525334,0.09559680672017094,13.63455550412424,0.1381366781710449,16703.2453621134,0.09653570384236602,14.65066766362664
TCGA-2J-AABO,20125.999999999924,0.02452453686317438,23370.852468622805,0.08790077084914484,20.111212564653993,0.16715137785729303,23714.507053510548,0.08642112189026672,14.009372854942276,0.0165973399742467,23609.305877325303,0.08634370706331802,21.367065625523644,0.07756127841304593,23366.688830416177,0.08374685675381223,16.387959702094843,0.05841587262900634,23588.024565031992,0.0905215420569465,17.418794679855356,0.21326073165497836,23801.62979919154,0.08724799222168554,13.277286120718307,0.012191109764077324,23547.596537737358,0.08556554532258587,22.34525332403156,0.11106581260594957,23390.223626768184,0.08491273935836453,15.242678661142772,0.18020877537361182,23232.479516876047,0.08347954379283144,13.65078103590703,0.1390231648646165,23395.307943993612,0.0850406426607997,14.538152257856115
TCGA-2J-AABP,12274.0,0.02410610576546042,17211.73574086265,0.06318416513938047,19.923797012132635,0.18987397184245522,17205.94773796858,0.06330250524410817,13.614835354524333,0.016306530554737374,17235.772743625625,0.06361406408830159,21.108510263751196,0.06962814235979627,17346.17556825631,0.06493550930086263,16.658386364307525,0.05948132274626584,17129.41755602929,0.06259603172506693,17.1832277272532,0.1954998997341309,17253.124207515564,0.06385887349846421,13.506905082467489,0.012171511886251927,17257.73456323656,0.06404021424209481,22.001325917193643,0.11901337899594193,17242.663026753202,0.06363386986404568,15.047915063015965,0.16406550447341056,17246.490388672188,0.06377563063924895,14.06158352113621,0.14985363164154952,17232.386850320843,0.06346701608689086,14.336034817586283
TCGA-2J-AABR,19955.999999999993,0.05559237659332029,26261.576591887468,0.14231911747945147,17.80994912672369,0.15441081153992164,25464.829621237157,0.09979088218432615,13.891528457245087,0.030467528622013098,26144.672112074113,0.1547563870148713,19.563548821514132,0.06593116851120844,25157.43216452829,0.09904621270135182,16.593892398081632,0.08987049818500932,27725.719061878684,0.13880551211245148,16.594125835587512,0.19049040852107765,25567.009128540216,0.09922100017037168,13.205864421299086,0.02992003012282762,25191.01073921356,0.16142760352245786,19.142312498892395,0.10188290934658306,25190.87601567714,0.0997960743955212,15.22055668962034,0.1547814573581804,24764.283272881643,0.09760883325972068,13.738873011972627,0.12665281119985833,25128.48844323244,0.09949154265252114,14.505008390315345
TCGA-2J-AABT,13972.999999999964,0.025610830078039767,20278.850464313753,0.08996074098481936,20.04701524187518,0.16453531540433142,20324.108841269386,0.09015395230568506,13.875511818696936,0.016263327848950265,20184.76342985613,0.08971630430997801,21.4427331086232,0.07518317357425253,20232.19569123631,0.08901463439597579,16.42789019486771,0.05612874935481638,20171.837424402238,0.09145455664115494,17.391079433542973,0.2010661659754089,20275.221417700955,0.09030922213570143,13.198122497189784,0.012135461179137289,20186.36750909494,0.08922863610556948,22.40160587310448,0.11993236021580905,20237.43821907054,0.08872134436443391,14.941739298783387,0.1841700361628352,20068.22321011839,0.08830265523174592,13.46394071237647,0.14497458020641926,20184.065603536,0.08893692437701593,14.298622454084887
TCGA-2J-AABU,27031.000000000073,0.24586529788578554,25174.222643673806,0.09839264846061146,17.283692115303694,0.10935299660318927,27987.830836376845,0.13067143200205625,15.936573870778993,0.03190825365813731,26293.69074025507,0.16026632445768274,21.80830026830603,0.047402304090300926,27512.263150727977,0.12815941827596541,18.255026624572025,0.11839388012137345,26537.42920427341,0.14408388345661222,18.206067490508797,0.13414289617208447,28126.386715229186,0.12941053114887194,15.268120641719689,0.03836202101287793,24905.63594806332,0.1560329411393694,21.32137356681167,0.0766727631708838,27587.173323490802,0.1304776630684443,17.005197352422712,0.10620758228332093,27385.72776616127,0.12501203046310327,15.746056081016107,0.09169200500204633,27615.63878251955,0.13015766312942284,16.46481176497656
TCGA-2J-AABV,19556.000000000007,0.02508280436946122,24465.56795290147,0.10221336159681704,20.417227609373786,0.1700602137051373,24857.54269980395,0.09919082118771828,14.126691923381513,0.016232488141565055,24761.226308513138,0.09804430482196957,21.717999853787468,0.0738127608551962,24709.553675036273,0.09785565593773139,16.77814289381533,0.05440072477275359,24767.401242088185,0.09980149940570737,17.85170446555781,0.22036858377764723,25062.710339900255,0.09914000212907208,13.31463233112932,0.012294395174937502,24869.845166298863,0.09802013262557159,22.621897857076814,0.11532617599768853,24669.312617131523,0.09844356039207293,15.333874592992238,0.17187534485722594,24502.651641912464,0.09722092721324767,13.952419075761604,0.1405465083483876,24630.385819664567,0.09818240607493582,14.676850133717533
TCGA-2L-AAQA,18875.00000000003,0.02437482460248243,21144.06954235236,0.1226296888262871,21.341389043520426,0.17588543343900825,21141.615937228784,0.1276221399922279,15.393658232521119,0.01573349583071366,21153.050937041466,0.1220380531401903,22.69730470020588,0.07646697097584935,21041.538358825455,0.12083733888295756,17.66109104980968,0.0549404213905957,21168.98199710418,0.12938618178297243,19.094488577902883,0.20993108560801976,21274.831512256915,0.12496156919764734,14.712350432706353,0.012627809264683527,21183.832048894837,0.12366934271015244,23.451214328388186,0.11482565050618165,21174.491929937387,0.12087405088574059,16.374583815313894,0.17531778988609364,20987.57739480567,0.11769655982795503,14.89689935590375,0.13989651849637177,21142.10298660118,0.12167054560954382,15.806470345636518
TCGA-2L-AAQE,13937.999999999998,0.025145831717684735,17656.43180024014,0.08018502994922778,19.678570072968093,0.1617594678200194,17513.337677177864,0.07262503772604721,13.010780991818255,0.01695165724866358,17715.314807942283,0.08592487439758671,21.01186421143522,0.07894415504859312,17404.251802880342,0.07111446726941818,15.513922019718727,0.06504916581423996,17704.26094908378,0.0956986932698473,16.33824725045161,0.20008646586733408,17497.909593662625,0.07243071985431077,12.267738094736137,0.015094353440085348,18018.42535035493,0.10252116553451958,21.17096563080912,0.11115160370229252,17546.58707668758,0.0715368429645696,14.2888305740508,0.1862925272611989,17223.778480219313,0.07055717383689974,12.431561611464419,0.1395247720798885,17406.384697557944,0.0714126015616694,13.482252548204931
TCGA-2L-AAQI,19138.999999999996,0.024743644787024663,20580.353607316065,0.09730832633663587,20.814659075917533,0.15643669646025649,20483.710374559058,0.09367072939498422,14.561056701982798,0.016899768869528164,20636.818669270626,0.10188564381483833,22.033927923375746,0.08154565572482017,20208.155864532444,0.0929223851421926,16.815027771057306,0.06189467110928234,20846.90016584644,0.10830080113802036,17.580478412860458,0.18345631671787097,20440.396726662228,0.0936529595227285,14.038760930787141,0.012744126596068016,20504.880816754543,0.09958829386501593,23.017041625103975,0.11833263668798458,20488.490632384357,0.0931745212708817,15.506006103083136,0.19090987223935024,20284.631637901934,0.09280136304491587,13.944113810614649,0.15303661080781442,20372.064543381843,0.09322260538203932,14.676862630865772
TCGA-2L-AAQJ,13301.999999999993,0.029262197949074698,29700.579836181794,0.10269038963554677,20.252114610849947,0.16423878076702678,29588.57085958137,0.10086275131249202,14.605139991314868,0.015536960290912585,29563.0719144519,0.10121898809242079,22.24635593095758,0.08259233967213259,29457.898136014832,0.10134479243243254,16.86305861948429,0.051298075010703735,29577.298474386345,0.10155159111390155,18.391296384032636,0.17742042670211935,29633.303890079267,0.10061535509959534,14.317872029913326,0.011499809593920475,29600.387061306923,0.10078389293888228,23.189578690765575,0.14523608894037837,29651.81615537933,0.10155842001296052,15.104736943299773,0.1592726129225797,29573.920364139645,0.10146671643529794,14.792863472790055,0.16364270815115173,29599.83028922904,0.10154050126843794,14.71488431526398
TCGA-2L-AAQL,12061.99999999999,0.034001581245860044,17144.872766496002,0.09791298786388077,19.05260133713096,0.15891202146225689,16953.75031385117,0.09282838997191827,14.482681283094147,0.015778236048892353,16943.380857066113,0.09317275998360675,21.715579318357157,0.0771871918361409,16876.565671801047,0.09273134632381778,16.68911840167432,0.0644988703934861,16955.80674325211,0.09391822002869181,17.28385466165104,0.20597521490007417,16835.18297047111,0.09179954538003125,13.660641801650323,0.011673566370581905,16893.073850730238,0.09237030741350587,22.675690625965128,0.12259068639638909,16959.10509153381,0.09282304025781374,15.308263642889814,0.1632285157043124,16798.735879530665,0.09217561549761137,14.369798017982466,0.1461541156420062,16892.098444683445,0.09251464330331399,14.752474327422481
TCGA-2L-AAQM,17104.00000000002,0.025799696949203116,20688.79830539929,0.12051077501701664,21.528791857580778,0.177255030084101,20634.55925794463,0.12074467669416512,15.779932573147816,0.015414213461020794,20742.497994325597,0.12096766918744663,23.06821619958081,0.07870806470337159,20712.927647189048,0.12143357857895858,18.209826754322034,0.05637256308994061,20601.278178027587,0.12119536917947558,19.241835891470252,0.21934274563365702,20794.967210151168,0.1191253275280324,15.11720634994783,0.012150052739505498,20706.563563578144,0.12087664982953393,23.7726260669078,0.12039857325609046,20606.891465261928,0.12103508147615095,16.928321630545387,0.15065089071990242,20702.18196057518,0.12157478968341111,16.270723791726383,0.14390816936320758,20665.686105851695,0.12146801648503384,16.410455614145405
TCGA-3A-A9I5,6221.999999999995,0.022960369550740878,13401.27814531812,0.08261040007834733,20.558893046881963,0.15688349249826836,13443.103935014591,0.08225292898341065,14.124178355761064,0.016471950309211537,13328.456347670604,0.08236648816910924,21.6752414575899,0.0694456732404435,13350.724177815853,0.08131272277838612,16.802166704642175,0.06155023265277701,13234.455921253331,0.08522809458538465,17.31262312803106,0.2557289805563235,13297.731454272365,0.08179844815832525,12.543020107657668,0.012743205907328503,13330.73221652841,0.08180900927056445,22.53644648867249,0.10816898486404511,13468.097220502857,0.08165676754449035,15.297413618242661,0.15709652528136206,13261.48075175253,0.0813654491826515,14.03984394802202,0.13895058513949965,13371.336628627894,0.0815825985110798,14.455264337882817
TCGA-3A-A9I7,12407.000000000007,0.02435154686767099,18184.7584652965,0.12598236937976345,21.299925019736758,0.16135608139341304,18184.285922722513,0.1230017840694298,15.749268263834523,0.019077288089575865,18169.630872722613,0.12935860067446278,21.868040075907416,0.06836008319799415,17856.26659948838,0.12166396992359467,18.332738612066077,0.09768983163135354,17485.021434115784,0.12602782697501302,16.585582622300258,0.2394967864709231,17958.892599118793,0.11828743578626622,14.300027947681524,0.016608185906965927,17443.43266931056,0.13500573939103827,21.948869923908216,0.0990411467138042,17967.592095235974,0.11895542877187237,17.021286427474323,0.1476600087738864,17691.38566209702,0.11778498597752307,15.722727144880372,0.1263590409544127,17961.111072926917,0.11886443038403682,16.26519446591223
TCGA-3A-A9I9,9539.0,0.03472541935896349,14993.649320153903,0.10683555653620935,18.91273743558193,0.1268343820111492,15290.713063884723,0.09166583222313256,14.375620321941504,0.03458082260333578,14026.505658136293,0.10206191127880233,18.8828111210676,0.05067960973821958,15304.316771492136,0.08908429310191557,16.984275339495305,0.20994385667710058,13906.505217124237,0.08804634712021404,14.409959854559583,0.19977691441840562,14898.588554482209,0.09136240264352861,13.10792821708627,0.035874336476402376,13542.360980132948,0.09833803609439551,18.39582666884066,0.08211272366099279,15333.070469217275,0.09019650482248508,15.566529910858483,0.11423233248865293,15301.991426861903,0.09005781782374937,14.536098731272304,0.11123960256677755,15277.527338533622,0.09087684755397547,14.710002844984876
TCGA-3A-A9IB,23072.99999999997,0.022846032423427226,25486.221378082097,0.08788946588824365,20.633251352400134,0.1590945571113866,25821.96085381106,0.08619621476518191,14.257667601019358,0.016773725909591006,25464.595870260222,0.08818251787892036,21.64379059516813,0.07029632955161359,25450.27373970064,0.08575643589012451,16.92980751991641,0.06622473374134392,25085.296370432196,0.09281968517163992,17.080784546495803,0.25089982814543776,25892.55270318812,0.08628572038599885,12.810981419958123,0.012818797539777292,25605.67605692053,0.08656959893000739,22.56894092624314,0.10930507004502416,25548.521969136113,0.08576267558066314,15.457230107783577,0.15060195352533096,25242.82911252251,0.0861754999885163,14.40443887225942,0.14113897200706743,25223.342284261773,0.08621741551259171,14.62017823557678
TCGA-3A-A9IC,14516.0,0.038444166792444626,16922.058904071826,0.1213099588197739,19.68084816461332,0.11811749240962327,18408.28856177063,0.09408310997802055,14.661287712768088,0.04147246454849234,16178.338939761303,0.1136499529618853,19.4545043255061,0.053946472285769945,18329.00246577702,0.09080360268965759,17.026253026226453,0.18159892055399102,16024.67213644168,0.10490708349552813,15.494293405639299,0.1804520197778184,18184.528832287193,0.09338153034664133,13.351826517213018,0.06328480124686314,15683.442509956452,0.09839108013408963,18.034344390032405,0.0824511053952928,18426.2109676155,0.09203359909547065,15.69673431157092,0.12253549371824589,18203.456194734892,0.08979092921228225,14.33415973694599,0.11769706327145855,18254.10915943634,0.09110536005247477,14.550939229630531
TCGA-3A-A9IH,10347.999999999995,0.03210696720524846,18411.22792650643,0.11320813790791999,19.50519729665894,0.12668352755305798,15853.028229009193,0.08588973485001539,14.114039086920238,0.03841675218935017,18873.997251523346,0.1091954573412585,18.861472861708624,0.05337822560576208,15519.105041881037,0.08303131123049791,16.678539528634463,0.16980031500849635,18550.04708651517,0.10066659559037107,14.982637101337717,0.20793481830331412,15819.03860608804,0.08563288458289418,12.623915147736849,0.047042345336467686,19867.082952104134,0.10284729640919761,17.81221122809683,0.08359775747383745,15719.827332070563,0.0845103559500352,15.323712032338369,0.12896932544936301,15393.818529015754,0.08251515965184508,13.811639264808374,0.11206996587510272,15634.300902896406,0.08407252931896915,14.385318875191237
TCGA-3A-A9IJ,6964.000000000009,0.02167800198869536,14585.377146584735,0.06627601917363891,21.392026467247238,0.17626247253798313,14552.51545127692,0.06582077363637716,15.38001733675594,0.016670211888767876,14549.152595809433,0.06569879821441715,22.167668247352175,0.06849626502587028,14539.373968482298,0.06600466660533921,18.087883929778325,0.06728681930475139,14582.149062119624,0.0653483671255819,18.1792539850298,0.24319604388953506,14569.055659526732,0.06573798327270841,14.46511505777258,0.012590822626397963,14556.992038978315,0.06558166149657348,22.974422714116848,0.11076719243150178,14589.729218341028,0.06611325234863329,16.69938830090313,0.14447303284224752,14556.194292984419,0.06566944721259078,15.95956742942103,0.13857913746424955,14550.828266578932,0.06574020495660741,16.086322664867897
TCGA-3A-A9IL,6164.999999999991,0.1138351034179818,12365.316416800306,0.1138469555708654,17.556609256751102,0.1449419408143352,12257.622869480929,0.10696579584622444,16.579104428904603,0.01713043421207042,13168.92510261455,0.13304601194413643,22.802098063400162,0.054391404157150616,12367.735297418472,0.10819149322311496,19.05326891619751,0.08143936865273432,13414.259136849048,0.13012256379056597,18.652542563116786,0.23935759635152126,12196.046192856329,0.10598160179974381,15.238129700372117,0.014768315640100397,13410.797592872568,0.1421746714607526,23.328131461239327,0.09475353124445027,12257.06775010124,0.1069118441582217,17.710719416569795,0.11911126148255101,12224.198757087439,0.1064720890161993,17.05451370971402,0.12027104402710473,12251.955620380111,0.1065308104533833,17.04602163644435
TCGA-3A-A9IN,14742.000000000033,0.021713625929370713,18587.846500929107,0.09727149365417381,21.59655280726171,0.16941710147658595,18533.12725608509,0.09579395107920392,15.476297480983904,0.016289501813834508,18570.08977331382,0.09652441488488184,22.47628153421323,0.0681345864160947,18461.446433165976,0.0950277582890921,18.153313755286515,0.06954872820545782,18361.59070824266,0.10099906756288353,18.295900196473962,0.25969341005981167,18432.48873102238,0.09611675295045646,14.242740565929685,0.013161900835033916,18462.784518802284,0.0962331727084142,23.127337751211158,0.10461545582740604,18598.53137658197,0.09547394029334287,16.868596345951907,0.14798545550857975,18485.94018152848,0.09539877489665204,15.869224167434178,0.129440233927825,18586.517266637205,0.09565268055207787,16.261544248657422
TCGA-3A-A9IO,5237.999999999999,0.021650994607997468,11420.338261814042,0.0707228461115767,21.484526725237213,0.17681946826083209,11409.143158866063,0.07025869263254209,15.333113103979493,0.016887309493585387,11392.914290912177,0.07027049206414088,22.254958773665233,0.07254912898879114,11400.767983004804,0.07030178094675321,17.89927668096986,0.06164561590854455,11401.004623624493,0.06989289259723648,18.494703680429247,0.23568762743266422,11433.408645287305,0.07103639524729281,14.501962610133784,0.012523252097034643,11421.310849149842,0.07055330345532364,23.130509680740424,0.11418375491000823,11426.812727463293,0.07042590698815215,16.59099826060931,0.15290107290563826,11387.301901778657,0.07001682487966292,15.750774178050413,0.1351517753949041,11390.342455582191,0.07037961542672842,16.08820591365012
TCGA-3A-A9IR,14818.999999999982,0.020781407321509522,18899.482067672594,0.0781418282080774,22.97181402135867,0.17159279695717397,18766.41795076624,0.07626725130889996,17.080312847317742,0.01638150864422232,18875.47011246718,0.07770300275435445,23.659451760021923,0.06830515449216244,18725.980280091127,0.07648246969538047,19.606951968620628,0.066743939698239,19026.88337516805,0.07983911810427517,19.7356812744424,0.26447896045374814,18787.729434964822,0.0762987082523684,15.927433821482392,0.013464177764648477,18819.323594610833,0.07633561667954698,24.270788355808882,0.10253552539422497,18808.12083784055,0.07684060623601147,18.465460801790595,0.14653584657819665,18817.556145120594,0.07627911462666344,17.49615912385611,0.12918068269587452,18797.093522667532,0.0768419278401875,17.826109742300464
TCGA-3A-A9IS,22272.000000000055,0.022585662500093844,25876.241794962367,0.08902358124347132,20.761135325702707,0.16798859858630633,26023.760974079818,0.0873962701517133,14.74481955614673,0.016666041198069567,25896.858416578893,0.08916887753538354,21.741605241873955,0.06658295630342184,26113.569773189807,0.08741996115138166,17.495243650730103,0.07024506543324356,25410.011777598844,0.09135395796476194,17.346572302630687,0.2536308376308331,25600.392497094588,0.08810210132024036,13.492742307025996,0.012892893900585373,25798.467634579512,0.09049368593715355,22.49940911620511,0.10637580435050713,26206.19994812261,0.0874479891814182,16.053608550906542,0.1474865752529123,26037.564803242927,0.08722575802832255,15.086959600598528,0.13554556484402697,26165.987913994977,0.08728455584962602,15.340095673053616
TCGA-3A-A9IU,9673.999999999995,0.02296305722788234,18370.367902673992,0.07625652966359947,20.592999210503475,0.15174957272713085,18371.77647270363,0.07373431975520066,14.055599121489738,0.0169616915146252,18365.17796380681,0.07721420715944859,21.622200698454584,0.07364214659061685,18290.545453364823,0.07266810434442192,16.57275964239974,0.06081530225708385,18284.18142608191,0.08480539168200697,17.078791326688638,0.21762978181948506,18320.177027339323,0.07393443461798975,12.832618922493976,0.012924069957987673,18369.725143059128,0.07469069262575906,22.604461398061968,0.11593525206527797,18406.433526476663,0.07306876174749692,14.96787158405762,0.17571283462801876,18361.584043064315,0.07213250789289552,13.552088640375548,0.1516662912118915,18339.27414544797,0.07319466484003352,14.073602611231475
TCGA-3A-A9IV,10010.000000000015,0.02038747380807943,15921.936294598301,0.0854186246474866,21.424596099461453,0.16126352624557844,15709.090970413426,0.08467880712498414,15.057120192156768,0.01757517498733874,15994.451992564565,0.08765066964798991,21.90127744560541,0.06942396810894545,15708.223537729855,0.08427777364896359,17.597349921457923,0.0629083037904619,16084.353668549255,0.08774989667094357,17.98275868503537,0.24715436153771836,15693.501717976356,0.08451508503518368,13.734193811228456,0.01350127773594641,16074.38482244831,0.08914181252392528,22.682526772133315,0.10453375421578527,15820.45184157471,0.08457571269458047,16.319982280898518,0.16138763212367624,15728.676112322595,0.08367658383750559,14.960025789595116,0.14186452744646977,15814.516917990024,0.08393208600033351,15.34473295727959
TCGA-3A-A9IX,11905.000000000011,0.027868482493669744,18939.446552272973,0.11350402917551224,20.363958296030773,0.1372764084092518,18345.916891840287,0.09188572623019915,14.950832398728831,0.04156195819052785,18661.31163656541,0.11244644905457017,18.941372904178444,0.05606304307050167,18230.202845176515,0.09008485412714963,17.566526279452397,0.13587644684366873,18913.971155503474,0.10584587339641356,16.056156228343063,0.23800188734603414,18262.099849302533,0.09200424519346358,13.37001585378891,0.02319134226409062,19085.701511974985,0.12425604722621386,20.700507649153888,0.09129607303823671,18290.968207257607,0.09035646421868782,16.06608173903964,0.12428105292256982,18177.657984073132,0.090108654559864,15.077772936255784,0.12458330542144902,18258.88882588434,0.09047786980523831,15.10849055111217
TCGA-3A-A9IZ,12810.000000000005,0.022823158140001916,17444.340031988002,0.09343727056203521,21.531932357201665,0.15453638642801698,17143.431606556078,0.08940507644258792,15.20553169648257,0.016549788586974812,17077.88993394343,0.08972024657599968,22.634318565368616,0.07829840709817543,16819.013043782907,0.08776173606954459,17.46111685595135,0.05807310565077318,17901.17802786015,0.09818856088079957,18.46590146136052,0.2365271758831019,17191.518291226264,0.08967591301522009,13.820079074781741,0.013069078759819911,17265.48242705949,0.09156448727677209,23.39378889145879,0.10860324885568823,17023.357740917298,0.0884684104677888,16.35199144750255,0.16701067460198732,16769.520245413132,0.08731204761684447,14.924721274403849,0.14450897599546025,16833.205875745196,0.08811206726128469,15.417570462522106
TCGA-3A-A9J0,18316.000000000025,0.022706177876837815,23015.64308869265,0.12685251680753568,21.455982559989764,0.15653136010723434,23444.200925033565,0.11865348987428043,15.82646812959696,0.02590633037310171,21139.646838428762,0.1439910719004986,20.862238480410788,0.060776623853507045,23526.39926626606,0.11544946039507016,18.378808512157942,0.0886601809892814,21240.191188094614,0.1311629534888293,17.5720478138815,0.2624378173052542,23087.770872777517,0.11719198594410157,14.36730377918103,0.017613485377611746,22016.981632519615,0.1464778593322353,21.932367013134343,0.09497904120187321,23582.54980921191,0.1153063426659607,17.065191635319305,0.13753478688482831,23355.449857048487,0.114876662195854,15.964275760742028,0.13285419603047027,23263.83897023345,0.11474850431997519,16.05153329898224
TCGA-3E-AAAY,41623.000000000065,0.030070238785483757,23586.143433419686,0.09819116231010543,19.339731747911877,0.16804963498830194,22958.453311943627,0.08853060970134574,14.025562930478525,0.018050039798050012,23722.68411416812,0.10042504139487012,20.717316440741527,0.06401279247244399,22758.315663895828,0.08770186686293928,17.002965346655373,0.10428376146681306,22141.81453807889,0.09799451972400708,14.976467035684646,0.20362165286523204,22858.161387307067,0.08824162932242359,13.421678269901115,0.014850847678219177,23960.13503229537,0.10293567490241828,21.090422242129915,0.12451908784709785,22797.374995612932,0.08803106031274405,14.927647226051116,0.14350094479552822,22731.111207198766,0.08830093335039517,14.474620226095395,0.12904099930282986,22881.115338502284,0.0884298766382167,14.820997556361899
TCGA-3E-AAAZ,57038.99999999999,0.032249625499406825,27569.4319677496,0.12158533323893035,19.834759631643887,0.17190196996851578,27578.61718318207,0.1062578631997551,14.745726695380524,0.017481567444112705,27797.010517646773,0.12076421146391525,21.61720988302499,0.06608252786894338,27615.840401564416,0.10537349418711754,17.551466590427026,0.10063884362523476,25924.855150132993,0.11967819984437848,16.385133881978113,0.19324933190625934,27177.873263650417,0.10415182826833337,14.313045051662957,0.025239690802823303,24890.758653485547,0.11818581250998011,19.494153347374258,0.11817011102552509,27576.31872355199,0.10449839358303292,15.764865429959617,0.14577257998859222,27562.933446512845,0.10517785686951923,15.157038718954835,0.12921375187058665,27661.761596330944,0.10567229429922838,15.550711611225672
TCGA-F2-6879,3088.999999999999,0.022826761214423633,25026.030405297006,0.07165506183821045,20.071151203636003,0.15667862658063328,24974.19842479077,0.07179108163562707,13.219506017849918,0.016585905443053783,24897.82187754394,0.07103302976110945,21.207654896375235,0.07050034945780626,24897.13936955987,0.07117864723785321,16.05397664969311,0.054358903592640485,24929.700205087465,0.07284559735293837,16.9939375009488,0.22650374295274514,24850.854318275462,0.07125497810487698,11.889664896519127,0.012809124536184774,24878.32852329915,0.0709294746568016,22.13416311150408,0.12070087880291959,25076.981742267675,0.07118980281734759,14.117893999186427,0.17548223684572425,24804.11624524002,0.07012381837120864,12.755195287557704,0.1435534705738688,24998.593750833516,0.07088721708749696,13.49986483121355
TCGA-F2-6880,11099.999999999996,0.02273287095921807,29687.10162087484,0.0763807696427113,20.235313815004247,0.1585621766529141,29610.245662827885,0.0771700824628251,13.729538853511716,0.016378560290641907,29538.627013084642,0.0769822757392823,21.363470580797376,0.06841290638462587,29566.94872899473,0.07637657134984253,16.530187047899876,0.05853308696442124,29672.167073536417,0.07890616266257112,17.114327075281466,0.24239159755508477,29549.999528081084,0.07727232298231973,12.333985376459111,0.01288347325254178,29572.87604450561,0.07654132807874414,22.173066692960973,0.11595050586701508,29721.42162185527,0.07574983312474337,14.7149252481884,0.16504860567565435,29544.216008500487,0.07542765455326954,13.531595714126253,0.13910621639788276,29514.4875590454,0.0757254377543482,14.11672439422729
TCGA-F2-7273,6353.999999999997,0.023961038547901718,24380.87389191855,0.10065380639038797,20.49501496893376,0.1475590963929564,23717.333931379464,0.08052052755348109,14.26239991833766,0.029572068218918546,24302.24809364782,0.12031046151849167,19.518827553431457,0.060529724584252126,23514.272392757463,0.07906855769133708,17.072026453136495,0.10295288539447736,24591.02257281415,0.11018614556411777,16.030227683130718,0.2453664986817817,23693.1194593468,0.08009497929779434,12.668233525681934,0.022490472467294475,24060.639117022492,0.12663653045925619,20.15527658431436,0.09573992600107824,23652.65340837241,0.07957663557074951,15.591101130728994,0.1499420941304424,23530.12984159942,0.07879464940969387,14.116546303286743,0.1218861955808971,23648.170122186617,0.07997336115588004,14.85201713928224
TCGA-F2-7276,2716.999999999999,0.022788885794477413,11437.038693612561,0.08833214626569491,20.35204989531717,0.16035835939880985,11411.217199736846,0.08296322111748929,13.899168174391306,0.01883622713098274,11439.300728476748,0.09431362760518498,20.919084538579398,0.06384807857561517,11356.854608597063,0.08122583871041462,16.792755563215056,0.08592626805568641,11006.107103571729,0.0974502185505351,16.350266128166876,0.24707844586018365,11520.583080487248,0.08418294063069852,12.628979553676686,0.013364385216707405,11483.824840507143,0.08898746745327356,22.04812417491619,0.1024777852765766,11368.304414766146,0.0818358637881617,15.263553527561639,0.15751274482847435,11166.597451597372,0.08206728421670835,13.842555266411404,0.12780881986248643,11336.789965102718,0.0826272389982492,14.581765154393514
TCGA-F2-A44G,10527.999999999995,0.03997399272337381,30318.23399219813,0.1188738820794299,20.575749003125818,0.09119495831568537,30276.43086497717,0.11577277010568772,15.594273363721284,0.14230145464731062,30096.541260890837,0.09739740570891949,17.532954642669296,0.031881164264652415,30236.78321761801,0.12153875660861506,18.624685675391586,0.2661129053858023,30391.032269810494,0.10447553072321263,15.726435990438533,0.11720756902643681,30162.694344729756,0.11379704652243723,14.86860860877331,0.10587651579817854,29787.880056240956,0.09884403088079545,18.13848793085214,0.05088383852617543,30385.653795234182,0.1180350058349388,17.1343645407361,0.08050658538266407,30189.20288608298,0.11406080452365557,15.6743210621458,0.07406101592972077,30269.190260060885,0.11646983186574861,16.201713870522173
TCGA-F2-A44H,1104.0000000000002,0.021030230026029783,13492.160063701718,0.07853618059559656,19.710595770159323,0.1704744362831884,13524.20843709066,0.0775750616633004,13.034262236972774,0.017945333927121585,13260.499671386495,0.07853436212154664,20.22603023238991,0.06556157017664836,13057.82807171533,0.07675648949380565,16.01754273677334,0.0694460574535846,13723.59330441168,0.08285294994048227,16.0005059215003,0.21816603859491995,13793.729330418098,0.07793091872492193,12.256760798517451,0.012919277177796375,13184.922977913297,0.07792094065772663,21.2748842201493,0.09838745563436935,13268.327442345382,0.07711132488251443,14.721850412519485,0.1812217338319186,12595.137852560449,0.07624746880433296,12.788447266820201,0.14484786689442292,13133.155583503032,0.07695740776628752,13.522453401560707
TCGA-F2-A7TX,13073.99999999999,0.02957307921603389,32529.602659634464,0.11796716978023251,20.66600117310255,0.11768469058448203,33335.856342478975,0.10092116111788625,15.65754565075979,0.11358652406543825,31457.333481678357,0.08818141973145288,16.801776365442375,0.04281828814944527,33429.28475270215,0.10107401584330845,18.379838683810387,0.18852921792112726,31620.05997636565,0.09780413910262503,15.747531412106769,0.1824051864171404,33242.766273114146,0.09839318942852754,14.400164028971453,0.05785053681014577,31535.936675057383,0.09601909556549315,18.477193277656383,0.06323958426412699,33492.41869670821,0.10165122296468525,17.328389810149098,0.10241450073869063,33291.21647074043,0.09865817698739443,15.864756934366604,0.10189839183336959,33324.43103077117,0.10030811479226824,16.005103997030883
TCGA-F2-A8YN,5964.999999999998,0.02149494261002991,18651.252848245404,0.09040491872553476,20.353925746696746,0.16638046054827324,18859.89362831731,0.09097802074936627,13.881003662184543,0.017079245221155392,18589.992813591532,0.09008941575479028,21.10256568479554,0.06669846245019483,18460.487812426556,0.0904236120190719,16.76024103101296,0.05653171017877435,18887.6845019986,0.09109710494380048,17.336050608453974,0.22270337163687245,18972.588173404787,0.09222387072362814,13.02186179553964,0.013089318820623093,18560.546106045513,0.09015230424746545,21.950978659062812,0.10371520040606953,18682.257999984773,0.09034753303537313,15.330665753979632,0.17908889305704195,18022.42002194585,0.08778644232135575,13.512597343450986,0.15321839507096535,18332.700202829772,0.08882219363786413,14.048359801963926
TCGA-FB-A4P5,5511.999999999999,0.023359148351838933,13760.099523610286,0.0900080380763069,19.942155110924684,0.15927587842770058,13904.366993719514,0.07938711936265071,13.448146074441672,0.020427159658441132,13586.441841259202,0.1011978962941198,20.26864459683732,0.06863595650044506,13859.360022234578,0.07738823314547465,16.134652121258267,0.09983805398783051,13265.726679906358,0.09967281296841297,15.290236071627655,0.2069897286788892,13794.817197045355,0.07958287868321487,12.629565985642419,0.01646803178081605,13618.841312092001,0.10986627473444684,20.757981715741394,0.09985156935368841,13866.836850522399,0.07811142789911753,14.916828082467944,0.16844994338462616,13717.72360671081,0.07736963807526209,13.159942596748586,0.1367045298757239,13780.04206350923,0.07825310156409543,13.90857569042137
TCGA-FB-A4P6,6533.0000000000055,0.022275896875831987,15962.513364591072,0.08601320325340617,20.29131061964172,0.15944227110296588,16074.694160290603,0.08137177646769862,13.686584120757042,0.019060529547654068,15917.76086200208,0.09411729277723078,20.71155539915428,0.0694732680142188,15907.552229530445,0.08026302777459421,16.357201449048826,0.08252559797384756,15639.517539236409,0.09314599254512852,16.023750673068378,0.2302055265896756,16100.758773483576,0.08079503329528943,12.543207995483646,0.014155063429482516,16015.75301873189,0.09553184946674968,21.690012333493463,0.09955176978298337,15944.977841924532,0.08079456633156147,15.17899026046775,0.16955680100660647,15498.330842977346,0.07968989047818635,13.373505161189183,0.1337532756767338,15696.776382048998,0.08055042022633087,14.21544060970369
TCGA-FB-A545,6814.000000000007,0.021797408472983077,16826.97121511428,0.08473136416290884,20.265128761114216,0.16355946678118316,17065.606083428705,0.07984711595021775,13.578976547441933,0.019338400616316306,16426.78225949077,0.09026429479775015,20.475597829597213,0.07708944663119742,16973.053374246952,0.07803695899689102,16.01598253305469,0.08556565195451905,15524.682860772846,0.09336419484144476,15.565174682669918,0.19928770958016612,16910.074778689905,0.07986642175992588,12.977558415481123,0.013300406333390295,16718.553419049727,0.08610588791202294,21.844413087149075,0.0972122690403856,17096.74530969772,0.07901944999486311,15.250123943172651,0.18639611830279404,16762.861935481167,0.07811358271945214,13.092061666265142,0.1364531222870649,16907.340063098694,0.07915510117352094,14.160696235493747
TCGA-FB-A5VM,8400.00000000001,0.02346185651221527,21321.200549654317,0.10542081256825908,21.03607195597945,0.182720167929241,21440.788190930165,0.10519454808790929,14.47328622123517,0.015876586981250797,21224.854070298687,0.1029853476885338,22.18104556592332,0.07573928511435807,21316.969851386402,0.10413651504336163,17.21093314232234,0.05785572888399267,21576.57841069266,0.10857592895868133,18.317431650269178,0.21369491921127975,21428.480151060827,0.10444871142897962,13.904564289392315,0.01270921926399929,21267.983360171755,0.10480621940801986,22.971790204730798,0.1088308919354757,21190.86646543644,0.10364185337555558,16.003968511514522,0.1689290280900309,21032.687115526307,0.10358248164838801,14.580878400572052,0.1401823160781565,21123.98929776689,0.10400822256936064,15.220962720559605
TCGA-FB-A78T,3733.000000000006,0.02167072942302557,11700.693433159411,0.08617574520366274,20.38034693371391,0.1532881871024931,11511.1298324842,0.076101068044251,13.84446462849748,0.02350770979267954,11967.347017004962,0.10187413062150973,19.888201326108106,0.06699636823270956,11424.314360001263,0.07488250116893118,16.476126136571104,0.09331184511480319,11931.387536771757,0.09433985933676277,15.724407558538797,0.22422819467829816,11495.622715484209,0.07596173162720495,12.679586760423284,0.016523214697020006,12238.46663285659,0.11037123702244851,20.80620391622024,0.09583281573477567,11398.607131822868,0.07562611261358305,15.322886581214487,0.16511144889490478,11415.852498043134,0.07481428374138104,13.512000492878604,0.1395294863292905,11347.778812959168,0.07550239839083404,14.11720706959309
TCGA-FB-A7DR,7402.000000000007,0.026109355844896442,18312.971074555895,0.1531155587811179,21.635231930839957,0.16417701407754226,17822.874101317775,0.12104521879157748,15.362927013862627,0.03592777598348352,16549.779286883822,0.15673733277458882,20.720255865766447,0.06648194458025428,17420.738309007735,0.11839642687118236,17.92073328605524,0.13512718564406806,16470.20699890382,0.14981412593081278,17.076383068385862,0.16505263506807485,17537.2264216219,0.11837503337933519,15.177175525909334,0.047771714935890316,14300.5109336715,0.14139029032926598,19.448063216344067,0.08751094701588386,17605.53082368004,0.11887912018689784,17.090148895668026,0.14841355219781013,17299.519529632795,0.11627832324697583,15.382331689403554,0.12342787465209631,17550.663198485614,0.11851898669825589,16.06399756872904
TCGA-FB-AAPP,1372.0000000000002,0.024032418168529315,7899.105445649415,0.09489851530864148,21.897921049788586,0.1796319958112029,7899.418037687219,0.09439480542269711,15.594924878883909,0.016785317969377645,7878.24793580543,0.09403477877949852,22.987577018108748,0.18025604711703355,7762.602598184942,0.09231397118879621,15.60844055273962,0.050053174796686396,7860.795080924667,0.09465034954756806,19.61193751871965,0.15093394020068235,7929.248776869182,0.09488675795057659,16.054916610771155,0.01179245212732,7857.207988849783,0.09427871779381806,24.090518922501445,0.10826821881380665,7936.203022539076,0.09562072911875363,17.18929593479142,0.14234626982010157,7871.719609252737,0.0944410354697917,16.343514558205396,0.13590016517525957,7844.417058612957,0.09363989200408052,16.48620529427274
TCGA-FB-AAPQ,1687.9999999999998,0.022867507924551084,8185.854232605107,0.08242381777409401,21.781139257517275,0.1474330701185293,8296.372966490622,0.08260922649317771,15.010608068731992,0.017489661753230402,8166.555533479752,0.08182393605254297,22.793861851449407,0.29085227101706845,7950.972694538774,0.07873170701363708,12.761879544931343,0.046736572417678646,8192.106005379264,0.0829748608269776,19.19965470589723,0.12395741079156791,8309.908287565673,0.08317720530579516,15.585655664743516,0.01222983098122183,8177.067904204356,0.08147983950703219,24.07181670360266,0.09510844360839689,8269.605028433238,0.08203163535671433,16.615613973866118,0.12756918595731637,8256.436813000364,0.08224709443309401,15.579373330602795,0.11575604543043903,8267.178943801238,0.08236999753984013,15.921354671632328
TCGA-FB-AAPS,1324.0,0.022332135447701303,5418.818546460458,0.06775029590557112,22.482071744954585,0.14852449750861407,5485.992156698876,0.0684134688111784,15.844528636490828,0.01811729839304946,5398.284295386262,0.06724876551863179,23.23861080161652,0.2921823246802875,5280.553505756758,0.06516146200341026,13.697261969269467,0.04521437741958559,5453.279764983997,0.06847335152303162,20.00731876940512,0.12346604193755824,5522.284610517605,0.06968570947345003,16.40259304031461,0.012172399607144653,5406.665681777089,0.06750705595167004,24.59235837675558,0.09510929550626109,5438.581795533265,0.06807146629414362,17.424169471017127,0.12611434734141638,5444.936354462809,0.06812732984969987,16.451341322989737,0.11676728215838184,5450.394559813267,0.06812100164597777,16.717225157392438
TCGA-FB-AAPU,3415.0000000000027,0.022593946666892604,16919.75224202627,0.10082057186113107,22.53620034486964,0.14484105710338008,16974.046717575166,0.10068526598746314,16.14669915904232,0.017461832403210045,16958.184998437653,0.1008890546146044,23.46553444702097,0.2857226822007865,16884.05753758706,0.0994971732156562,14.028213756664437,0.046870473597061035,16927.200753562127,0.10142632795567179,20.06235690392241,0.12676579070944924,16939.792494650756,0.10112773615789629,16.591227705768624,0.012311029579017994,16908.91830899968,0.10073011637248601,24.663035239625717,0.09405744967623124,16933.553262605375,0.1004172723433872,17.65428184262688,0.12928605636153423,16908.826991950853,0.10056718437918026,16.611122730060647,0.12008968170243717,16938.15888733595,0.10047984263549159,16.838830024429313
TCGA-FB-AAPY,685.9999999999998,0.022822444286664776,8789.933460208114,0.09200689556038033,22.258860580827527,0.14896537685756475,8905.030928587465,0.09272140391362416,15.688102408629563,0.01760022358135149,8793.96838952533,0.09084218261912523,23.200167537249047,0.2881369242227521,8555.68014724556,0.0864851056561351,13.668147987130096,0.04783899927926483,8837.32265324887,0.0928203736805413,19.671506870140547,0.12655446491907155,9006.573006766268,0.09355509741369777,16.184536789094768,0.012174864131690322,8848.238513835633,0.09129373361138687,24.471978906707918,0.09406832611700339,8936.88313502947,0.09290163499915532,17.328217604162035,0.126409556697805,8933.389294956669,0.0928391305131216,16.328474770837765,0.11542881990683182,8897.164872146543,0.09261465304165499,16.627463300501155
TCGA-FB-AAPZ,681.9999999999999,0.021653760994882455,10615.562776643335,0.09276373592733667,22.33874895186843,0.14671476940449307,10757.904296034261,0.09312594210364915,15.49487607343663,0.017492954138407513,10509.933126657272,0.09218492089634857,23.12329201735376,0.2873398730498271,10141.85323564945,0.08975392205912769,13.391696296687766,0.04689266509113555,10566.92218555334,0.09329201663294862,19.605543225615808,0.12928275703234218,10741.54510294804,0.09366566326129577,15.830318439856047,0.012634584962807364,10439.38218800189,0.09201279238491,24.264518644760546,0.09351523284846112,10620.50734668081,0.09264345299803704,17.133167249744414,0.1280751246044865,10625.998949376613,0.09229670448605672,16.041707091332466,0.11639827787315708,10616.733365886997,0.09252412317445646,16.36519782107398
TCGA-FB-AAQ0,2645.9999999999995,0.024962076397045393,15595.916665273633,0.11003032254831835,22.21203579760674,0.1480984512838945,15650.554832461952,0.10589751890413,16.324569158655052,0.01803471102201141,15422.666228959555,0.10451276280529159,23.301459976738066,0.2847860630044206,14884.296869291386,0.09463665531338994,13.943889528616891,0.05710428840083787,15799.078525596697,0.11418887344107524,19.616994980149073,0.12400771438304631,15661.201352961012,0.10566306141206694,16.828017141165073,0.011675345892632874,15221.956929643113,0.09987897160627703,24.74224353212491,0.09093854058498738,15492.799016941102,0.10276679886556916,17.843745644824544,0.12461027738546265,15439.33492265708,0.10299332865825224,16.833157793633017,0.11578253164566099,15531.94452665759,0.10388198624975693,17.101630939868524
TCGA-FB-AAQ1,6708.0000000000055,0.023958144955903104,16625.622678751784,0.10202081138782072,21.85833083397469,0.15547036617511173,16665.011354434024,0.10254649139263293,15.821956913808286,0.017742892599254805,16680.46566184801,0.10156183083527404,22.898126563088777,0.25838739325519383,16721.465567272215,0.09812701269560313,14.086023062665731,0.054016180073698024,16583.862536118926,0.10228107846960043,19.222136020438615,0.13262114557478416,16671.118786415056,0.10336020461707922,16.320061922174826,0.011562313004536072,16768.04541719176,0.10170450534144759,24.322691468353746,0.09654868296692727,16730.22528699221,0.10292488248690997,17.37783353418956,0.12800182700747426,16703.76988666916,0.10255705794754048,16.472652890381806,0.12169105438711664,16669.949344412253,0.10237775157139961,16.630945955016756
TCGA-FB-AAQ2,3499.999999999998,0.022048045335286637,14015.116345872168,0.08623190984863467,23.126867171982056,0.13496172494210074,14262.29527532669,0.08727127567299357,16.475468324844694,0.017834706120321217,13938.077871029498,0.0854390160297791,23.90437975278011,0.3372523473607621,13567.70235500273,0.08300029527111756,13.490709921561958,0.04396288075452942,14069.829073037727,0.08698948204253272,20.60723239354056,0.11300637121538235,14271.382851857574,0.0881225925543511,17.044829673917743,0.012556091634975201,13975.121685887936,0.0856148221961887,25.168219335621203,0.08983461573260781,14197.915661159985,0.08673934556908341,18.00000878743634,0.12016122018003866,14180.167860227219,0.08657185446435782,16.954138104665137,0.10838199672399587,14160.35073135818,0.08663692047490472,17.31687132254133
TCGA-FB-AAQ3,1489.9999999999986,0.023900795031602765,7258.5171534386245,0.08826721333676846,21.50853485024779,0.15614606751543683,7281.403440715023,0.08774814384648211,15.054125447126236,0.01738983361793071,7272.372266271495,0.0886884208046856,22.62922283396841,0.2611958261759145,7225.30488996344,0.08806503822833488,13.394951878904896,0.049546261916713415,7279.096520255218,0.08846937789313973,19.005218145835062,0.1291436561454288,7329.593667877663,0.08852709666795193,15.623260758149215,0.011761878054058775,7309.321748892072,0.08891896779719834,23.951716626827547,0.09867830135075688,7307.703168392054,0.08812336829212182,16.650275931318866,0.1291715273445671,7308.485663337321,0.0883002403675313,15.749524004232873,0.12306585284759032,7300.179128022695,0.08789572021667934,15.906503917542858
TCGA-FB-AAQ6,3616.0,0.023000188258897464,10580.967068272968,0.06251140710751002,22.66312037844137,0.1559862799589112,10664.633762477662,0.06299551460706143,16.272966851894587,0.01756189156942496,10602.990468834578,0.061762383274421594,23.580872625679923,0.2608452543499253,10458.282905457683,0.05992180341403571,14.69730088642914,0.04680657518316911,10624.851585216962,0.0626240025010455,20.293773015381166,0.13041844740282948,10665.541372677486,0.06386378266103726,16.803267902334845,0.012076603635384382,10586.35255976676,0.062062131044084645,24.789804122554266,0.09754713493949185,10626.839854962533,0.06277092430335478,17.837934341056293,0.13625308285419696,10623.387584236445,0.062401256585982945,16.749935118590606,0.11950454184776935,10649.824890270971,0.06250553706247054,17.179521736523096
TCGA-FZ-5919,10180.999999999987,0.022980874983272524,18639.085706428297,0.08382624618981893,20.184699326055302,0.15897279606537093,18920.902606926516,0.08113852039074078,14.162100055832035,0.017844436504525645,18567.33461772256,0.08896948130342476,20.972881686041163,0.06427921294051292,18884.885023918938,0.07975093485286762,16.87197890382554,0.07939211257494934,17899.741501264827,0.08961356242558442,16.541075662805127,0.2670723409373791,18958.528164507974,0.08122002275218533,12.621699413961267,0.013012311786494438,18719.32386997962,0.08673278030190217,21.954020327825635,0.10073835408825559,18893.654671272743,0.08024771794963309,15.492177769312372,0.14818743838071144,18665.96695728841,0.08015557071568218,14.285648186163515,0.12752012173852817,18773.374365208478,0.08054274098929048,14.786513044681636
TCGA-FZ-5920,8766.000000000013,0.02467952692116431,17759.73312026058,0.16233206713820483,22.64953458675999,0.14587203971833765,18107.410225240685,0.11883552794821434,16.397114773904942,0.036436626380128796,15093.438453694427,0.18071197773814776,21.731541979497425,0.0632666880105168,17936.548157107645,0.11863314477502106,18.85791008556031,0.08069736249682546,16980.298901903854,0.16631647207916975,19.29910841198033,0.24486267156685723,18219.374222962055,0.11847912658552258,14.922270141018531,0.04355240393016011,13275.90983873,0.16978755344308202,20.888834166991884,0.09234484580160009,17996.98316592609,0.1183544602371049,17.700779870594403,0.1385751654051204,17669.525977821824,0.11615242715322067,16.34971841419718,0.12971266976928908,17752.09570987754,0.11711163119108126,16.594621646239748
TCGA-FZ-5921,10060.000000000007,0.029992968199461977,18714.086225124618,0.15593300918190114,21.17705325586346,0.1512187216477294,19743.05228369381,0.11473664082589512,14.947579916100047,0.0427028905974627,18431.38918288736,0.15166670583408134,20.45874510815055,0.05758144102067731,19612.985746219747,0.11638316900005481,17.79781276176978,0.14311720330870206,17702.953390443057,0.14495531054731725,17.257419615568914,0.18583738466667604,19784.066256638514,0.1146813867522717,14.352006641113574,0.050200555477683845,17550.997882340147,0.1407265573542491,19.88829629250634,0.08892953314414023,19755.3786458671,0.11462134195154709,16.45162777445954,0.12834868371034572,19561.198424881768,0.11408088960761265,15.343085046121962,0.12207061822712063,19558.020367753248,0.11505389818394107,15.562204956922699
TCGA-FZ-5922,9438.999999999995,0.02766676442665125,19873.34479250749,0.12160006007923409,20.05500804571986,0.16257862397431644,20264.5092442045,0.10173674206604537,14.413164294619108,0.028591112424852138,17743.968551019323,0.12516400170749006,19.447339817650942,0.05959458278265525,20325.778578487152,0.09971726215743898,17.32110213774861,0.13500708061690916,17467.39280243003,0.11857038279996297,15.628584470127155,0.21386255554305153,20254.866263190914,0.09992933895396759,13.562567030617428,0.028343161601541836,17067.244003287997,0.12253688494712267,18.722763628770775,0.09734180410112882,20417.40601277293,0.1009237935731475,15.872770328235424,0.1299890644268794,20292.844768229384,0.10100807831002573,15.03821300658291,0.11702525010201403,20368.85161927442,0.10208575410944597,15.390498720471975
TCGA-FZ-5923,7419.000000000015,0.054410453192584654,20249.99674050849,0.14914658206468065,22.88055034890008,0.07754185831487988,21637.186119896083,0.15857457051964977,17.78315450038665,0.052558654478930704,21359.45357353001,0.14399204975361632,22.793860823314084,0.02834787399929594,21617.76319134048,0.1677377335320108,20.902333563959555,0.2727126969938958,19986.89281568987,0.14144281513948445,19.207981972506996,0.09364449272537069,21492.342097815428,0.1572986319179805,17.241627711134505,0.2565332356332657,20588.572001440596,0.12667812297847192,19.64283943626484,0.04591510111014403,21648.87527946554,0.164128685346104,19.453445937716367,0.0618242655694857,21556.477915828356,0.16142303033378133,18.529001484052404,0.05651136798214692,21711.715551899826,0.16192385564046397,18.79560702542481
TCGA-FZ-5924,8812.999999999998,0.02405776215145124,18996.818400014417,0.13780099083802466,20.98204691733457,0.18186186666123763,18599.658761127655,0.1284270457930543,14.982893997779994,0.019258196624514706,19038.48591365724,0.15573079722641134,21.74603729687216,0.07157978323945469,18505.880650929357,0.12406198047163504,17.471509470480395,0.07220146046174951,18953.68399483111,0.14733101937429624,17.836373176437,0.18374193724738008,18634.42693625795,0.124509273669958,14.721970467540608,0.028480346291236743,17057.610907845115,0.1689617777013838,19.543721288717343,0.11352696851997203,18701.953371108124,0.12080132101790893,15.867432150331606,0.16679102365825707,18471.341104452495,0.11984791512477531,14.682885452068254,0.13850065514474635,18409.356467560232,0.12168259898518992,15.375286249821047
TCGA-FZ-5926,14091.999999999985,0.04139995234642548,37600.25727996882,0.14768565037817186,20.593334175361395,0.1251628452947768,38676.263604429434,0.1142681589700385,14.571103511362143,0.06713747144575304,36983.958924729086,0.12762074751041266,19.534789567593016,0.047101045535147,38774.658997154314,0.11818461806134627,17.636228385898022,0.18479182982078685,36830.16191221437,0.1277911695547572,16.426283664509544,0.15178742380981594,38704.116035512954,0.11300893460382878,13.992605684164982,0.07028991332774223,36330.51618780591,0.12257057209692934,19.44841069264309,0.08367026745660737,38522.13306145711,0.11396644229929324,15.748583559880013,0.11527445266541936,38576.26511517465,0.11229246576081843,14.732854337926657,0.11338479829752587,38666.70268356174,0.11387723861559462,14.897667257930161
TCGA-H6-A45N,2070.0000000000014,0.023824120851311806,23000.578377783622,0.09078953954703473,21.046137924458712,0.13853546783946874,23056.536548704713,0.08195250075519096,15.97135165595605,0.026224172289380173,22333.163447699535,0.09590847494595205,20.661287076529906,0.05620192639712432,23220.21067340332,0.07798190137825718,18.29563774858043,0.12278675313700753,22063.469509197792,0.08856102476660448,17.02490934308516,0.2306347114082732,22996.211141879507,0.08312730812170915,14.770454271474913,0.013271821493226893,22836.276669758205,0.08908849057681638,22.631745986212135,0.09165047062580381,23277.73992899228,0.08011332476574078,16.971756839223524,0.1486324467125995,23054.177477478966,0.07936417982189715,15.632084028727824,0.14823810924580408,23006.9358453039,0.08093381046173698,15.774529517816498
TCGA-H8-A6C1,561.0000000000001,0.031141698458500792,17899.279148419657,0.10409399266792992,18.969627218735873,0.13767859963314447,17759.73258494699,0.07973248751555605,13.61952817338449,0.05246894613863266,15163.952158617603,0.10568579188863259,17.486122462862895,0.054353947493833404,17748.787707703672,0.07704917652331944,16.323641504027847,0.15995933605130702,17177.10577201205,0.09844050168013986,14.793260710424777,0.20773087759846506,17609.069691964265,0.0786127301695541,12.42234463420406,0.02659074577483319,15231.129550423964,0.11479336661556727,19.42827811152925,0.08925765447654009,17789.006134818675,0.07822728674580487,14.831148551606864,0.12331850660833714,17671.37318285574,0.07803924322189228,13.820524857408799,0.11749968776640611,17750.253436375875,0.07932899976477135,14.0749259492377
TCGA-HV-A5A3,1026.0,0.0234589959829606,16905.64094314615,0.07118799907956792,19.54095144954072,0.16819961246373605,16914.909432238484,0.07131377025220187,12.640936229456328,0.016163645664197413,16892.963984580183,0.07099900155205217,20.845047817659065,0.07303302656909982,16883.62233377834,0.07117143256697635,15.568782763806668,0.05335213914538293,16900.601987748265,0.0711702766519837,16.670550474333368,0.18607937502504276,16912.708548605482,0.07132794809325488,12.274278623719928,0.012707833575006412,16871.602998627142,0.07082936289455911,21.687541220200877,0.12241173497942398,16903.95712148816,0.07109753008846682,13.748531835322492,0.1985950388233734,16834.138811087934,0.07030400438249595,12.042860936411426,0.14599859777177668,16884.218209092847,0.07084172294043427,13.131250937437763
TCGA-HV-A5A4,7001.000000000003,0.027205916905098475,20842.491085114027,0.11332754432567672,19.716102069514807,0.15303910208981225,20269.665004542163,0.08864723591218149,13.48570160792767,0.02428483460508894,20551.205263183176,0.1337237229178357,20.222353416909918,0.06600936064072095,19948.612540495204,0.08706614305815337,16.148281148356855,0.10578846015455647,20525.859392553637,0.1229282931208361,15.936857895602357,0.1944580853663595,20258.05427916231,0.08864653048222049,12.733389501404067,0.02436729072533991,21264.05585509337,0.1514944629229675,20.22639142736064,0.10311653403605425,20182.846416522043,0.08764599736221812,14.694498660345648,0.17139005152670134,19663.370095697697,0.08531697198187693,12.96130107884293,0.13034036395026782,19887.87940261538,0.08699124819669284,13.939677753411923
TCGA-HV-A5A5,172.0,0.031469979470982,2128.33423503192,0.06742673999495195,18.75132625082459,0.16722934364972836,2153.7216919026478,0.0677005649709488,13.881488649033587,0.017255414635571,2156.8816216747127,0.06822445492687275,20.33580491883682,0.06057024542617276,2120.805302079757,0.06673741547744694,16.481646757264155,0.10749636128191674,2101.455411341579,0.0632403600692023,15.650522477296523,0.18728269354740726,2181.3373646557156,0.0685071054112553,13.561101188917528,0.011033259658492018,2137.2457999393255,0.06779563034420763,21.57571147190845,0.12655229702169987,2122.9603548395175,0.06671537796826178,14.632115235180713,0.14826699414105055,2106.124506551102,0.06638563306041086,14.069878250617649,0.14284341116697932,2115.5523174718082,0.06662820057786013,14.276981859757614
TCGA-HV-A5A6,146.0,0.04199948063097467,16774.840371218485,0.08576358474381844,18.12995799943618,0.16158223292845963,17944.336867519833,0.06792703164004067,13.791940008851855,0.01778312069349392,17224.867871478564,0.0822199362125789,20.610667414747162,0.0608916144400168,17981.760359879307,0.06620097600053186,16.733604101026888,0.08880751182850276,17023.315252703935,0.08427581960756471,16.003955182659404,0.1973056509237465,18075.072932834977,0.06838997913822287,13.219518758604245,0.012391128344812305,17264.309618938332,0.07908516266605942,21.71354050472754,0.14233937953414583,17724.869638433545,0.0673020676685357,14.149117374512935,0.1365513189044318,17722.380160252764,0.06681606471274408,14.241899522349929,0.14034856177141566,17695.093590814417,0.06772367963888905,14.220098864725765
TCGA-HV-A7OL,2862.000000000001,0.03073364391718059,12591.315243265668,0.1222476922076887,19.35774834352306,0.1501069989658493,13335.886776331456,0.08954105461311146,13.390084964159179,0.024493522795184793,12311.530656455488,0.12745333487608132,20.07973936162139,0.058299018404685134,13377.73760116843,0.08846584565500924,16.266565558311576,0.14536634344182034,11600.091869111104,0.11700679342082256,15.054241871262532,0.18026487438727015,13307.188696952817,0.08917462468870234,12.814828627132131,0.043178079585309614,9636.50117546511,0.12018749137686031,18.2068074674542,0.09771993931287463,13393.485359114999,0.08922081493776302,14.681975061063765,0.14953402884377354,13268.56810120627,0.0873257780658359,13.262019292310194,0.120303550346052,13279.103574867575,0.08883747619785583,14.040334465295587
TCGA-HV-A7OP,1126.0000000000005,0.04044847189121459,23001.45355710026,0.11337306628865794,21.53236106601643,0.18033936395534053,23148.67452172031,0.11148070982779312,17.43435989594862,0.01435818192331031,23151.27002919178,0.11059360577598208,23.666813623169247,0.06217235346050426,23098.201819042246,0.10949490932985716,19.80464611749482,0.05805541243119337,23171.95555148554,0.11178608185696635,20.329111117210967,0.21548510709442223,23230.774368101862,0.11200769357395735,17.109864007413663,0.01097409804487844,23144.585640586574,0.11033283403114642,24.31036786159124,0.13891031745023716,23102.967006993058,0.1098600093670698,17.87290829111013,0.14043645174749553,23101.15794832837,0.10969153513177542,17.80060109348169,0.13882024200140358,23094.154498139484,0.10956428442003152,17.81519486435698
TCGA-HV-AA8V,4810.999999999997,0.030447690483924598,17115.322176346195,0.09487775158522908,18.722334864934638,0.1540766210044339,17434.208151970673,0.07822764764594224,13.262196624392985,0.027927042532839695,16010.601551919497,0.10394208450529185,18.746733540777324,0.060001297924063585,17445.940542230106,0.07543880103573618,15.981794668845215,0.1392051975927126,16207.895931404495,0.09238443459601754,14.709262074613468,0.18596922006738975,17414.2992089333,0.0777632693241418,12.643603011063579,0.017415763132176548,16350.16442465055,0.1059519772599641,20.08409744403007,0.10610062149348937,17512.853863340737,0.0770489497753968,14.314508067778535,0.15197487244212265,17317.27854397004,0.0760554834460662,13.088781885672974,0.1268816733268472,17377.31125582529,0.07741182415255715,13.798097281568293
TCGA-HV-AA8X,2567.999999999999,0.02541658749679287,7511.812281274597,0.07252172206179773,19.768603000455396,0.16230236501403028,7512.442554956226,0.07181861870831896,13.602575526625186,0.015991405174555866,7471.247428168759,0.07174722609647749,21.315427064899993,0.07476124886655391,7396.796447190677,0.07066243623195166,16.13260679873963,0.06065808928881576,7569.414473219225,0.07662185139121878,16.86333844843103,0.1913511171444838,7523.16069117088,0.07174675157460304,13.045792541236034,0.012172994181022771,7460.641365641382,0.0713156449970644,22.233671891220585,0.1263508125968396,7505.232142432491,0.07112608875697109,14.39996525540458,0.18395022424576077,7388.183716959833,0.07025705463738069,13.102227334724443,0.1470451559911443,7462.801823360138,0.0708992084419396,13.89590952197944
TCGA-HZ-7289,2262.0000000000005,0.022009362277350723,15127.545162047789,0.09130037583573353,21.347146346848884,0.16571557882283988,15175.230103092568,0.09106562123410293,14.975688143447133,0.01637637893932527,15153.795996657347,0.09102417219636921,22.265411738880328,0.06923455299988122,15162.469104002288,0.09131711019541562,17.74248368257225,0.055972842931454755,15137.409612508629,0.09138302303366574,18.44206451129441,0.2619124022648751,15092.214938556712,0.09112738115885799,13.594256329242347,0.013225313883096728,15124.89998933152,0.09097765540992704,22.94169498127772,0.10474251637357783,15155.50469227958,0.09108938317758614,16.425062842418562,0.15290381479754264,15113.392848648318,0.09089382039139025,15.212820635376904,0.13790723671005584,15185.107767735717,0.09095243189053326,15.535985116070346
TCGA-HZ-7918,3360.999999999998,0.020944627554778134,11304.09629628732,0.1018787347137803,22.102360574471735,0.1565313564866077,11274.430254203313,0.10210677793797417,15.81911462236609,0.017539011635231673,11113.100464540727,0.10147025886083516,22.676526984253783,0.07401952806931257,11104.09607596768,0.10139791292782319,18.157225444908057,0.054113254440582945,11280.02436891299,0.10215401563875588,19.161529090585272,0.24368261437881397,11405.405193434079,0.10229678321050882,14.442771003196988,0.01287543437047814,11214.976815852073,0.10174396826574655,23.655050278921156,0.1070939627267082,11167.410777065745,0.10168360020868562,16.99252726216488,0.15404139735762531,11008.319564969635,0.10087120835112755,15.83236422818933,0.15915881297986134,10927.048075469274,0.10068452406217605,15.722275135865535
TCGA-HZ-7919,2318.999999999999,0.02099143077718615,9195.684399731766,0.08553232490977554,21.04342656879653,0.15548110243766813,9265.323225637212,0.08581056789520525,14.500605641525873,0.01709672265545757,9191.1379610029,0.08506771148904717,21.706276045500896,0.0705424416540768,9122.307328701949,0.08517992285093252,17.073492241331163,0.059428838061409334,9350.802118334377,0.08618367348127604,17.629456076257206,0.2531629144027985,9272.195390995212,0.08547003402794302,12.918773565908849,0.013075981753121158,9149.199304563886,0.08490788211740163,22.588942160967555,0.10245706478380327,9100.631210589865,0.08502428133816285,15.840424073815056,0.16739491151854186,9043.16783693003,0.08399106235430241,14.221145287788312,0.1403685919559372,9079.34188505384,0.08452189570426116,14.813409559535016
TCGA-HZ-7920,2725.9999999999995,0.021742454590642384,11391.23489861369,0.08383686293366523,20.920451935545188,0.15867659662005854,11318.034806824926,0.08281675524843304,14.862677242936307,0.017359084136727453,11363.308786420443,0.08418294888267391,21.610887697095126,0.062413014751888055,11314.261030346815,0.08172517183367854,17.62658380170925,0.0727146264010488,11471.910394614157,0.0881072977988947,17.385138698121217,0.29519796764603756,11297.566397404067,0.082458735876045,13.047016984679034,0.012918578756647755,11304.093562582106,0.08312106199332443,22.511600539710297,0.0934012746524756,11364.465620601637,0.08239209237702405,16.400739003267663,0.13910734624392798,11302.920541957774,0.08244593021458801,15.202903076851191,0.12646905620054585,11377.745608898305,0.08268225910981704,15.49092365662707
TCGA-HZ-7922,4942.000000000003,0.022420618733555338,14215.040595843613,0.09107011276095171,20.73580805360987,0.14956826997382475,14364.17752725974,0.08498800944453772,14.490790759367117,0.019711645141368243,13985.949766137726,0.10179205705008855,21.09612431461834,0.06437317696995563,14169.779388765906,0.08261525677593956,17.11888847391646,0.07852433236027367,13975.60230689651,0.10231930571814181,16.88361362841724,0.2586109221272492,14307.375148904108,0.08435506519058211,12.766368813996142,0.014719378708311982,13998.022269854957,0.10316518778604206,21.982172159811395,0.09722706952718818,14170.535960420213,0.08331800523901255,15.792529097126506,0.15870267296852342,14002.98661577945,0.08242929816432916,14.175345086305878,0.13614191348974966,14070.335802898204,0.08305764388808005,14.707023239079627
TCGA-HZ-7923,5035.999999999998,0.021602918412066238,12977.091120062783,0.09315017246518931,21.39507223003372,0.16023017279360954,12998.687594117397,0.09021299069162929,15.208973501311798,0.018235678205798092,12901.262663453188,0.09695073233142293,21.84370685382703,0.0644403953303548,12956.149047869952,0.08882027692493766,17.930720110096722,0.0804619273181369,12620.373057555269,0.10159525162149384,17.36630906953203,0.28444850363388186,12963.081487074372,0.09136069908004063,13.573855418252286,0.013110080635140615,12898.559468350448,0.09328635669242387,22.91528704403577,0.09406916548627987,12990.795935822465,0.08912477071212267,16.787016895003024,0.14077701256594058,12881.30875008067,0.09082213436369428,15.535153491816637,0.1226241456187915,12978.159703862866,0.09051661812982405,15.993231703211432
TCGA-HZ-7924,680.0000000000002,0.02168632234709099,4917.322546086529,0.13287222208885283,24.029130533799197,0.20163543953301394,4868.020133551441,0.13190272059977493,18.764998827150595,0.017093376172414822,4883.6388313979205,0.13323038408583734,24.81165900772228,0.07397856192038416,4911.806021732675,0.13218011276912842,21.114915357327444,0.06220281982695348,4862.39179165081,0.13351089638640498,21.564541413380297,0.2390646894898045,4897.558352302482,0.13411408837219538,17.994543095611498,0.012549927554935936,4882.433728176966,0.13315887081916808,25.545593475080846,0.09915104537713836,4895.789366811899,0.13299073398000386,20.30736599128397,0.14048400445192005,4893.8999636010885,0.1328909207531055,19.5072572768654,0.13215381332634382,4903.261062825725,0.13291542068244236,19.622734840079225
TCGA-HZ-7925,988.0000000000003,0.020497755619046987,4908.715689512726,0.07664110732143403,21.40802611064652,0.15831136476594715,4935.685837160948,0.07583889206100296,14.895044437747273,0.017632359356802175,4901.409768526779,0.07666041248422727,21.885199587362028,0.06815490664348482,4999.24407319449,0.07441868135783382,17.529299723261694,0.06571348320481184,4734.781778555552,0.0814911379983375,17.746375304048417,0.28689722928342687,4862.3565625097945,0.07574095053834735,13.068129103314025,0.013153090700349252,4923.171261624453,0.0757773409677887,22.823556163841566,0.09263755844489682,4989.2409058730145,0.07519300993318863,16.551474409855246,0.15021301056513778,4956.835368878199,0.07482358572568593,14.98173780125073,0.1267892414160962,4963.414977087457,0.07537269043789012,15.561401057219442
TCGA-HZ-7926,467.99999999999994,0.022027249639266874,3312.29309125034,0.08669004428975476,21.330385608541324,0.16489263671214846,3289.043887278231,0.08590745127931686,15.535899494839231,0.017690233352976537,3268.1798361328592,0.08705169943984542,21.988061620061764,0.06094334041205017,3279.4087542716325,0.084735622560895,18.254761762601987,0.07401853309689438,3265.101166069123,0.08877929233551836,18.163816245715353,0.29557927931520317,3243.3045756610727,0.08573980666545729,13.90428948640696,0.01242345470615003,3245.477064929993,0.08505551941181964,22.8997465625732,0.09322018179419728,3322.5610168928138,0.0857009772766552,17.119130686921114,0.13488717792387983,3266.045090602556,0.08529802149477766,16.058980057141177,0.12431791304723319,3311.1816837749693,0.08592274827401136,16.340655259533193
TCGA-HZ-8001,1138.0,0.021817695260816346,7105.926631490728,0.07957434374625456,20.683434181296853,0.15296179224313963,7132.330046400552,0.07856724665436716,14.20362289604602,0.017278479861139052,7059.260561322734,0.08087448303444876,21.44936161363581,0.07130258559444239,7124.126357146829,0.07635874679140653,16.643408485009584,0.06726682725768386,6983.043220818443,0.08696032183808193,17.057094004760007,0.24581299575232657,7035.3955472661755,0.07857858294564525,12.697036598644061,0.013003160496880297,7034.859789166767,0.0780530946504364,22.395971293658572,0.10140346058604731,7178.978969325113,0.07766465732584311,15.50776589612077,0.17450864012701497,7005.051265394035,0.07538915101202749,13.62478352858394,0.13464436282050962,7132.821947323886,0.07774230944950315,14.588149594045737
TCGA-HZ-8002,1926.9999999999984,0.021336747699546896,10261.372082650589,0.0961159358824706,22.321300811487315,0.15979892682026534,10234.49204146794,0.09291624822921535,16.429908383343918,0.019092183979353406,10293.957461003596,0.10356969610778967,22.367687901356796,0.06404398373830143,10266.017784104512,0.09223612731694875,19.116493223632606,0.07408415132070706,10208.24643744585,0.10489749858126977,18.300671181180462,0.3006815109389092,10192.0329216446,0.09283116246417433,14.613676900447624,0.01315090373957801,10261.391276952334,0.09675000678094714,23.714772643392905,0.09225776345100728,10238.250586255996,0.09280116045424926,18.037842969845638,0.1354393958222976,10203.161775968685,0.09296456302773232,16.882881995630047,0.12011443249003388,10242.59790236439,0.09323337879613897,17.251790729803428
TCGA-HZ-8003,563.0,0.03518919361493303,6672.778600066078,0.13239190011574167,20.9237273123948,0.11601818946881635,5758.384979717034,0.10319435541655671,16.855691977629768,0.052514790340986904,6239.914075549226,0.11887273832123986,19.572220477603437,0.04292285524941797,5746.846002795532,0.10368512826123548,19.556296391700076,0.18765847048245687,6321.561035361916,0.1239291187304517,16.52141518781893,0.22227049813619026,5468.320203352951,0.09686214083330147,14.982546865488045,0.1006850563322293,4928.302210239739,0.09189349548979708,16.97578751862133,0.062482954276956625,5893.809846904494,0.10628951894042198,18.57637017067385,0.09469699651347309,5636.619084351995,0.10179135818058395,17.369511430133254,0.08556099558453957,5790.351157309674,0.10447123652885755,17.706244031003486
TCGA-HZ-8005,1283.9999999999995,0.021455150680423776,9077.671677520779,0.08438275862472022,21.431936215453415,0.15602983175588278,9102.11552567236,0.08404637397150065,14.805917172002966,0.01691375175684703,9096.63645197259,0.08325272531639875,22.187646198521197,0.07254003961247436,9071.608248447532,0.08386845855758518,17.358108425735864,0.05267817873251763,9099.96226733984,0.0847586274830278,18.463773334163527,0.2461084314609036,9114.15362017541,0.0843076003453993,13.322317346936474,0.013157622086634721,9065.760701182495,0.0833582258588958,23.027653026887986,0.11166728031747111,9087.483489348708,0.08371173001124392,15.904765415838561,0.16267634648860396,9011.290191789145,0.08260243770761082,14.575414913242822,0.14677336710824107,9075.064022955983,0.08321299956240409,14.963582914904272
TCGA-HZ-8315,3406.999999999999,0.02295171896772838,8652.283902651734,0.08270495428938217,20.88037624035711,0.1497418327896484,8665.23417975622,0.0823495884339234,14.63696425536503,0.016825736313009567,8585.254908771822,0.08185071935405165,21.917986971775857,0.0712845777882358,8600.930920010846,0.08137360150842432,17.129149727278094,0.0560524703727968,8672.225445090517,0.08435325991915595,17.845929395579223,0.2322261001597527,8634.01794495489,0.08223749961841553,13.188659598074858,0.01266922309940925,8591.735870078854,0.08150820641277265,22.878333168884836,0.11228045635440176,8628.078280706404,0.08171847556015395,15.596309084756811,0.16411240724507534,8555.580902134609,0.08113664038708995,14.332315502198117,0.16185547690994218,8517.6731714829,0.08082780511470548,14.37791910896313
TCGA-HZ-8317,6017.0,0.04043701753404393,14585.989962167003,0.13538635621199258,19.75402551947102,0.11367025145740847,15018.599405746676,0.10976897514728405,14.8759855257139,0.0542963464237485,13390.77247934674,0.12629220690707188,18.94138697865233,0.04389687769961417,14893.229113090501,0.1095842292681205,17.5854446683125,0.2180251016612281,13859.936644264235,0.12123251933670216,15.439181492749581,0.17927101207283894,14860.867467597702,0.1068066841115664,13.587616852935477,0.07291779310675828,12019.68843555316,0.11810946911722764,17.79197069460253,0.07346707819975816,14875.110101007736,0.10940995475977433,16.05755345664158,0.1065216012554197,14561.04978187259,0.10646406187997655,14.808072943312947,0.09749692058918175,14715.102114051393,0.10821897307486199,15.202163579573392
TCGA-HZ-8519,867.0000000000001,0.022875927075874315,9800.06465062617,0.08449201871206179,20.972467905195625,0.1545721268729763,9602.079488946587,0.08298242537549938,15.216748409354498,0.016823820434348463,9645.498768262907,0.08332536712870686,21.925118833581333,0.06491697834123716,9500.1119541409,0.08181036707544226,17.80563209915881,0.07368415681039106,9942.07550797335,0.08676786269533547,17.37672702008002,0.2762971288864064,9588.104864404948,0.08286568355405237,13.507970313252901,0.012840348442472026,9526.739991213855,0.08222369560378628,22.777178270055295,0.09627472782693758,9594.70528129805,0.08218255637938253,16.596517171310833,0.15033640140575796,9384.544188655984,0.080468701399117,15.194770130284583,0.13137838390359877,9511.901963417517,0.08143841288903321,15.646004321642977
TCGA-HZ-8636,6073.999999999994,0.022867768284196628,15466.36211176973,0.09767919734398643,21.14125482473853,0.15945197870859582,15450.760211714754,0.0976070685127512,14.855343797492832,0.016774414869039522,15270.162818409868,0.09723209227287193,22.147690097500604,0.07113585622954587,15532.29529347046,0.09764834463382795,17.469093971723463,0.053672371277809765,15382.029529866082,0.09775712828236037,18.400428689026313,0.23201498852836003,15337.438126902955,0.09761259746010592,13.665775768381446,0.012614344838473688,15347.726518537385,0.09723023007972788,23.068894475439972,0.11795288431293653,15431.093816428653,0.097243524068942,15.819911773608384,0.1557425526929333,15234.227927709399,0.09689152236097291,14.921796582710517,0.157772840258109,15192.771238126577,0.09664097997310615,14.86640422437807
TCGA-HZ-8637,4044.9999999999964,0.02242593246121673,12077.790983410325,0.08404633307810076,20.70893360194058,0.15786498193956588,12108.168520949375,0.08333475931780114,14.31310389348404,0.01654016751450119,12081.126668066889,0.08356554425574077,21.692551934561173,0.07026189926232698,11830.780714087425,0.08148424938047086,16.902769950729375,0.061820810488257646,12310.548841961328,0.0886531084184136,17.4512302997021,0.2491567794343048,12220.690995344718,0.08424724760779267,12.886897132067142,0.012980267600932849,12017.263902135837,0.08307055748643273,22.487239186505217,0.10904145480390445,11949.945870227002,0.0821931211565654,15.473796590254539,0.15706558536448392,11818.05663248346,0.08147805214885534,14.26303109114203,0.1428421211305055,11860.294663328592,0.08159671637510735,14.575441521839082
TCGA-HZ-8638,7131.000000000002,0.04695801828729444,18719.62660140635,0.16717264483702043,21.371403518427805,0.13059473157454407,18814.831579708767,0.14411045293260305,16.878062086093117,0.03098606774024346,18605.950385322554,0.17403848988564796,22.749471469986037,0.04863606001049136,18695.64139618055,0.14610100296423814,19.68260309377996,0.153689525589666,18351.286057555364,0.16144859453535684,18.284076097780318,0.1954969997744486,18238.36080090576,0.13746326243018867,15.481580777947835,0.10469102860496877,14885.889045188307,0.12670804467462182,19.243257026622295,0.08220306869330919,18843.885344486112,0.14405612610233842,18.132587053428793,0.10718782670703746,18585.930500028477,0.14258563985953798,17.365591755215483,0.09955667301799659,18846.974568334535,0.1434324885283871,17.587334407269125
TCGA-HZ-A49G,1240.0000000000002,0.03414352273765555,8077.074245808831,0.10017181017610823,19.35917421483363,0.12355685386499145,8520.837563588491,0.09345342298367898,15.667495477366652,0.03116666531206091,7454.873718311711,0.09863926957781755,19.614769472922394,0.04971906552400314,8687.754906920676,0.09052392807411298,17.98037037662733,0.19937722040682654,6938.433816290884,0.08330009613441476,15.356293229713526,0.22444600199345244,8393.709242582896,0.09332041915181584,14.176550855009102,0.016497308207233382,7975.460529560394,0.10766197300639396,21.34478844772201,0.08218345848374506,8638.419472529426,0.09193286074388883,16.64388546698809,0.11590802265703916,8475.12880115247,0.09123626761360065,15.656462009156739,0.12300188081299232,8512.193215809768,0.09189601518260183,15.570290329256979
TCGA-HZ-A49H,1265.0,0.021246618628994733,7809.469977020106,0.10066623618445707,22.893462533641085,0.15502747836889244,7627.780509968024,0.09640492226476756,17.480650157987416,0.019308049819274326,8055.476981924247,0.10739410102857057,23.013074938503774,0.06584683599659452,7561.256946774762,0.0951499793513149,19.815601138902164,0.0804108750276158,8172.270054785473,0.11179732950395281,19.02628996629549,0.3077579850372651,7668.089622988633,0.09691744170427492,15.662141980000332,0.012910305330025877,7806.4969817434585,0.10039730405916512,24.25493046642132,0.08926043867257452,7606.59582704855,0.09594364906910173,18.964942360824725,0.12898161106512865,7647.144322605427,0.09654149975688804,17.945750841481363,0.11924980205363395,7663.448394195248,0.09674781040811216,18.170540240866806
TCGA-HZ-A49I,3057.9999999999995,0.022471539145419894,10836.856227493765,0.0843215565184522,21.248255713666982,0.1556552171111509,10806.09452301776,0.08413774430743264,15.057143237826322,0.016453633171495032,10809.235023646761,0.08381983618843748,22.261281459438173,0.06850467052246793,10838.35760804894,0.08375568467784439,17.673101940327488,0.05702942443201224,10840.205087781382,0.08546885069134134,18.286857719750863,0.2620406315473484,10795.674630323483,0.08440059390716158,13.47455831649724,0.012994104091974632,10780.564048059307,0.08365262282299997,23.03827447253814,0.11063675708581701,10798.138095873568,0.08327023319048783,16.050835787275002,0.14751658821992794,10731.128181034717,0.08307372906445455,15.109469981841142,0.14669743467238594,10766.378048914961,0.08262236075263275,15.073905454910532
TCGA-HZ-A4BH,1961.000000000001,0.10029906177754314,6475.454621647452,0.09011334998284859,16.103367129953725,0.1360977131990651,7736.603485347334,0.0938848706363597,15.339059111176798,0.01587461122609576,7836.195551617902,0.10379420479351448,22.25389279151787,0.0628612864904602,7658.29973985715,0.09086573338320315,17.619270576076268,0.08121441163561109,7371.136155715719,0.1036258535078038,17.357979307688186,0.21952155488458866,7726.141712100873,0.09249383390719527,13.8108684081879,0.012558872925725075,7928.9441377532385,0.10549840816668903,22.991237952577958,0.11051102033790441,7651.763959484618,0.09331695301064415,15.991078068430966,0.1322220464056547,7597.8197720272,0.09099896305253252,15.310451168605624,0.1288394211173518,7650.944386109216,0.0925503911283292,15.461003557510852
TCGA-HZ-A4BK,2273.9999999999995,0.05251938520536256,7162.888236316521,0.13036752904438273,20.377976657173463,0.09105999607148593,7856.24028635574,0.12209547732295023,16.794877891610373,0.052242611928904024,7053.920508220033,0.12532061233894334,20.41182876049677,0.03766938562602197,7890.737492341106,0.11943602557178007,18.923235893609725,0.2790319358295192,6899.398041048694,0.11717449655911583,16.373339324472976,0.13979064480542747,7780.081232072679,0.12023379600068786,15.63935137700674,0.11104446178543556,6537.351181741658,0.10954289035001101,18.563703916261204,0.059013439619064495,7944.189826204432,0.12081607058544824,17.790822250561455,0.08292915403432348,7783.3940045105155,0.11708216997162346,16.671063475411394,0.09469898509445522,7606.073959649917,0.11654060487973177,16.370039279614566
TCGA-HZ-A77O,2090.9999999999977,0.023260908579900375,7611.318247212018,0.12350375610078441,22.295475596121786,0.14657381805492825,7317.662505868791,0.10945944149203281,17.064771300302674,0.028835083002673657,7457.006968656822,0.14171678319025427,21.138615675435332,0.0660486847424147,7220.7965966952515,0.1085089050743648,19.297791305952884,0.08564717389563596,7627.022398019566,0.1298660397520787,18.497546764525957,0.24220964628217773,7340.686915038768,0.10928638334468167,15.67115861447966,0.01789192647341135,7596.371150900537,0.1421423586578701,22.679956484006247,0.10148445169408621,7212.408894546328,0.10855951083231774,18.074428780780615,0.14028527830080417,7128.851593946615,0.10807928689231718,17.129159030642164,0.14776302897396756,7162.924693337328,0.10857614895707778,17.003984882647583
TCGA-HZ-A77P,2951.0000000000005,0.021291745590814624,9064.652340577893,0.08934649423591716,21.581260483060834,0.15342581290243465,9075.43205462979,0.0881005127262457,15.549453430804554,0.018357377272787894,8983.849648117644,0.09283911240751604,21.944538502315925,0.06498500986462238,9079.695262820407,0.08764552624010612,18.157341736635694,0.06287529576099382,9116.339027812674,0.09494986774580932,18.256602595464198,0.2696398026130862,9116.643547864196,0.08865430435373665,13.878914812697827,0.013035285874247658,8983.293524115383,0.08862995111662264,23.07428339780733,0.10292172181119702,8957.004435040526,0.08706180438387585,16.721807412275446,0.15354605912978989,8774.015733186581,0.08649838133333276,15.457820977552394,0.13992188918002588,8899.044367102755,0.08710840962215365,15.776081577507105
TCGA-HZ-A77Q,681.9999999999999,0.020636296765892626,4010.8473093418584,0.08309800862951087,22.050523489030212,0.1558676333544745,4009.309930833286,0.08267485183672942,15.7540450588621,0.01698517759889988,4017.3726927040098,0.08257693319372363,22.65467635484817,0.07160797166317676,3999.014813877817,0.08276961208267967,18.183606529575204,0.0557258104823031,4002.3851715827914,0.08279635282985952,18.97028579536983,0.26141278416224667,4008.302067998697,0.08314798390615723,14.194117811932138,0.013359275519456842,4000.116653986457,0.08256096254946493,23.4014184810786,0.1016265342846204,4020.056457724574,0.08283570538207881,17.085204670033196,0.1640975941157617,3995.33176028437,0.08205802945444267,15.593263457623884,0.13868092205316765,4017.9694248829273,0.08255118164526869,16.118347272734983
TCGA-HZ-A8P0,1001.0000000000001,0.02308054610242945,4773.482372562272,0.08884847180689122,20.927116981223648,0.14511799347298981,4758.261481445401,0.08398110377714242,15.59216649294299,0.020960373395365335,4585.466615594572,0.09310076120463757,21.060172780863276,0.06038377603369669,4814.44670885461,0.08282370636818713,18.058936993364497,0.09306527236678525,4459.312242282493,0.0925159404022055,16.97374856438296,0.2643310247262211,4644.681050886526,0.08422320063678844,13.937910899789713,0.0127570583969811,4660.288978360753,0.08806366938312866,22.621750587591265,0.09777613491318947,4827.870429476469,0.08321311985270169,16.682232316732005,0.13364311404203436,4730.158369153272,0.08332912492412602,15.787213159062537,0.14888470655030733,4817.650578791488,0.08326925539166066,15.508002323748578
TCGA-HZ-A8P1,696.9999999999997,0.02134452181820001,4468.054743905615,0.08370553732455159,22.172441056685553,0.15051043141973064,4458.07218888679,0.08350844441430898,16.051722213644663,0.01699212221684284,4441.437545171466,0.08332915093928261,22.90522058454533,0.07315282394478832,4421.323016775965,0.08310443711221395,18.32828531671934,0.05292712900670902,4453.393450799151,0.08348101606392029,19.346476800590686,0.2412447351923548,4446.501658948515,0.08336198291515258,14.590397478102743,0.013129775642340287,4407.282695296468,0.08285361710726924,23.71326431480761,0.10868272440479056,4462.935216484689,0.08362102670315057,17.06683558998595,0.16307756369144605,4381.245370593264,0.08266406924347817,15.81579681467029,0.1589381726627974,4439.840726904125,0.08312766933985555,15.881919938977878
TCGA-HZ-A9TJ,1195.0000000000002,0.02551636033283691,11073.019093495775,0.08174829074714239,20.802283050352944,0.16452163389913077,11122.08401570745,0.08131601513404814,15.255064328568645,0.015452994632151206,11102.466246504393,0.08087756346736998,22.25341489009808,0.07324413382938995,11157.051271271377,0.08053483525232859,17.621109985426944,0.05757862311565352,11027.479111989545,0.08228299072730584,18.417935466840905,0.20868404154849038,11299.50100405602,0.08221799922072426,14.5200396142424,0.012411000003921743,11114.771066551877,0.0803427249917838,22.898603505819715,0.11586214629887909,11039.78727978992,0.08065955098025222,16.271977805685115,0.14779522375703844,11132.263749323676,0.08038669778340524,15.532373121741665,0.17893384258250808,10858.542921275983,0.07884451450762857,14.977778014064748
TCGA-IB-7644,9881.000000000002,0.0326581113788395,20445.40783618619,0.1734935697349621,21.713488419483088,0.14307914200049462,23291.236425683855,0.13939151617030926,15.925383125002073,0.056636896594693634,17665.905639950615,0.14422373080137887,20.17439039897194,0.0551911323369009,23287.731217549255,0.14243620228041856,18.623853424855593,0.14684573975677054,18847.837063934203,0.15249335972222292,17.612713238428277,0.1693597756635449,23223.405754718548,0.13865905569218653,15.447833152613033,0.07042976836932763,15550.979174509186,0.12686938881501927,19.524596519967886,0.08086058721663891,23359.09691763306,0.14054551940547508,17.492470451542605,0.12486019706740722,23237.386406984806,0.1385860362907091,16.225813959841933,0.12007864961538217,23153.105491509126,0.14017756118225896,16.42990134943248
TCGA-IB-7645,11021.0,0.026694643781362118,24480.339884404355,0.09621580309844231,21.02549519430453,0.16377942602880757,24302.937845345223,0.09077180897032437,15.45657850153043,0.016192858075100666,24507.847504362144,0.09428307363783574,22.54297490790392,0.08178193319282408,23926.909320961124,0.0892520724009543,17.64616070696251,0.06815460096813022,25234.10047879983,0.10346563034850835,17.97786411423234,0.17535199739075383,24232.50498081849,0.0906136257722792,15.255492986111301,0.012196935709505925,24275.07004415147,0.09469521620105721,23.47724146691397,0.12362106076750362,24280.53122521892,0.08999674689162436,16.320606848103846,0.18778764968601572,23921.92823247528,0.08973140346594984,15.048096783073357,0.14443889439999633,24214.72056944821,0.0902111303661572,15.840568114849752
TCGA-IB-7646,13899.999999999993,0.036612887334946755,40071.38907036667,0.16367736473371494,20.670493962038982,0.16335146589417224,40039.96669136447,0.131331403431216,15.680881892235227,0.022573945358213388,38695.632902388366,0.1642173789723163,21.98006564507404,0.0628160596648615,40196.52101035138,0.13091419816737626,18.420855525614606,0.11271716260000933,38593.71248919064,0.1554668248449423,17.47616714012395,0.18018011275547693,39872.84244111172,0.12826794810415673,15.226450030432991,0.0429534720304263,36379.10478586683,0.1409032018481823,19.48104271517443,0.10932986318447067,40306.92122515718,0.12847681817359138,16.655991810670674,0.14426508725007695,40075.626601179494,0.12898767993361848,15.90115308376739,0.12519994392734587,40061.25191561113,0.12965858952294176,16.34518091653919
TCGA-IB-7647,10144.000000000007,0.02169524289861016,20971.990529075636,0.12959223915575524,21.81718587448163,0.17715649586335194,21064.387471707007,0.13104256846284185,15.523305832728264,0.016733227695106906,20893.79552643599,0.1302805620138913,22.64522052630142,0.07328518039661806,20822.866606919044,0.12931542528977283,18.123550606711646,0.05554300891248309,20972.040346365524,0.13192536884432055,19.077673726462343,0.21029978402674857,20831.370298839895,0.1308030411469302,15.034793230819215,0.013025212195858222,20780.10557326542,0.13049331918041387,23.419518390474096,0.10999007386822975,20898.985933891185,0.12916197243060326,16.8709029143882,0.1708753351477848,20763.50003078344,0.12900652276035587,15.529554438861963,0.15139643899520844,20700.71019095777,0.12972902872529954,15.947872420509063
TCGA-IB-7649,9145.000000000007,0.022734592975626813,21924.05802680612,0.12239809698252808,20.898165809196264,0.1676361030588287,22772.699142379803,0.12067920301050739,14.793229945546164,0.019394129525428943,20905.824741167635,0.13193298522871347,21.26545376218131,0.07093466350934254,22384.10061280262,0.11684193649219458,17.278698258095,0.08393291158349694,19753.403832772277,0.1289856137193309,16.82608448057456,0.20937440211783825,22524.85402535492,0.12049926299423604,14.123343290373018,0.014311809618669223,21204.327306230833,0.13207628272389849,22.244620353294525,0.10005365242216709,22512.526584685726,0.11781805658567335,16.23256598565484,0.1751276841414114,21846.337583308286,0.1153215803546267,14.387964134045735,0.13650005104719007,22258.10338116619,0.11830520061620768,15.310856544747647
TCGA-IB-7651,9299.999999999996,0.050617850626111675,20595.877712296417,0.14592490612087097,20.861057177161044,0.12595724059002172,24771.41663216095,0.128318640016411,15.07809131674094,0.03078816111459911,21497.468439002398,0.15604793762359442,22.289269319770526,0.04838348073939434,24796.348892413873,0.13174085752820006,18.11660059049844,0.17069975350842298,19070.332262086144,0.1352613093397053,17.70597257760077,0.15133541992564753,24912.9305312079,0.12782931612468568,14.520459042731458,0.13707568042707605,14867.833528811054,0.1055485549847941,18.47327594874777,0.08397203814852022,24595.338716884235,0.12873119269807584,16.283742965219467,0.10956909166263532,24628.627577239742,0.12858572301192123,15.51665101096104,0.09160128325757103,24843.724962795703,0.13106628540216378,16.175569739709463
TCGA-IB-7652,10263.999999999998,0.02371856651025542,20443.22714065433,0.11462431430222843,20.36095058848627,0.1623144584283215,21986.845989933332,0.10477745046691146,14.181938276146617,0.02350729839910374,18448.99715040547,0.12818166667365083,20.18284866924733,0.06546918670678764,21714.692709928604,0.1030276332155039,17.00233639872159,0.09282694884273893,17070.97635196231,0.11730029224793394,16.18969212081948,0.1954613634685965,21399.861076025518,0.10450792211325542,13.66331260686747,0.014740712136395459,19814.65856643177,0.12458534503072544,21.762218057816536,0.10299256741435163,21802.37329902817,0.10336422760112603,15.563210891652997,0.17313131254970593,20951.106778899804,0.10208083380634336,13.945330597278375,0.14583758554374318,21051.632014913863,0.10355485327649135,14.542445657222812
TCGA-IB-7654,6266.999999999993,0.023886634129806215,16602.558282300473,0.11357834509235276,20.6778505779148,0.18305309132191797,17288.97325387242,0.12020492149857921,14.823881708720876,0.016046421959309453,17012.935935985803,0.1164746817942046,22.03816754814761,0.06997658710711585,17024.063961424315,0.1156287783476679,17.45461271363635,0.06025321193948816,17002.908522897316,0.11996443177452835,18.170606982993508,0.20693084390503644,16770.787453732795,0.11704854768549815,14.282710559679698,0.012582973864359921,16958.140216658016,0.11713586161494415,22.819696562337263,0.11588875172884651,16617.523761427106,0.11166872140068573,15.640640070715268,0.1726318653941872,16638.49979869342,0.11280125718313716,14.510985127744293,0.1387496186499322,16865.153131959032,0.11503817789970751,15.331447461864249
TCGA-IB-7885,5424.000000000006,0.02573949336167546,19200.996661720103,0.07927586697959675,19.530267357988485,0.17987506013348223,19273.357390916022,0.07922596789461914,12.991224944035253,0.0159573779258444,19170.416734789258,0.07900415192777492,21.12921542792018,0.07333881118010603,19306.3622073308,0.07994415376636892,16.0242454296661,0.055268185686635045,19141.14670318243,0.07981899377314845,16.977617583677848,0.20150486359817887,18897.896361981715,0.07848844336585564,12.571278155185313,0.011975410480963471,19076.436836541114,0.07872786420134033,22.085257803095107,0.13708237846397234,19274.428879927713,0.0784299226575602,13.865131653933293,0.1610451082198467,19010.46464224677,0.0792160381947888,13.330829620029958,0.13821331094929548,19239.049170758335,0.07903745759985185,13.84975858547524
TCGA-IB-7886,12740.999999999985,0.02703952229098867,23910.839918514237,0.12108552269713231,20.033511096300433,0.16637620762765615,23364.248583059383,0.10475187459777315,14.156235004517905,0.024845251894705347,23187.350931182336,0.12963066309086682,19.997618472749878,0.0668805848647012,23084.678943882638,0.10222259922787635,16.85660644488427,0.10952192107107828,22696.565005449433,0.12330329806347427,15.951974150271266,0.1808391947396981,23287.80489042888,0.10378383127987804,13.834991657225732,0.017735526620231878,23508.85566851398,0.13273854852569913,20.988631595629872,0.1038847194702204,23110.42246229187,0.10187944893070307,15.437797282171864,0.16947320572592442,22536.890292424447,0.10020935432652249,13.872649462518785,0.13340386569479545,23021.966318008523,0.10250408764156756,14.726284383014644
TCGA-IB-7887,19459.000000000007,0.023716703331608656,27030.915576081876,0.12354942143165608,21.612801122861516,0.17983311285013798,27125.37762467946,0.1266380322258925,15.733940860642468,0.015908733297230155,27281.59862811825,0.12473807442606066,22.78365728098748,0.07321966869554265,26924.46875897828,0.12375974268607164,18.27369990787997,0.05999479353804167,27167.71225595434,0.128107012810308,19.00134705398584,0.2182627611129194,27064.95383453842,0.1248744859571887,15.118984039478985,0.012654484089200908,27200.19216400943,0.1255538780211243,23.506756800239316,0.10712359272354306,27340.298344046336,0.12265242489935081,17.023775284668552,0.17434525548837396,27069.422222565652,0.12262511759753718,15.598312667653035,0.1349408948734015,27197.687725954493,0.12410492500620995,16.431891096309794
TCGA-IB-7888,10518.000000000007,0.02439093393270735,19964.6772454272,0.08653137559829209,19.634393464281203,0.17885879885387465,19929.4627535511,0.08611076830609554,13.202493940091738,0.015888808358087838,19934.39488556309,0.08649867649721449,21.022596974797533,0.06854275320300528,19969.832820902615,0.08539581819633894,16.25505877578512,0.06679922879271583,19596.677796639433,0.09084294932094938,16.468026535495408,0.21886779619017752,19913.41835470799,0.08577388042255903,12.55288006530417,0.012589283324511235,19925.978583633056,0.08636130623296523,21.79091507251403,0.11290283848225743,20217.623526769275,0.08530462549795459,14.61623996836391,0.16962973858176328,19842.13674724819,0.08536932330930476,13.308185077432183,0.1315298202808996,20007.79741739163,0.08578201736985099,14.15826511105278
TCGA-IB-7889,9628.000000000011,0.024948842278376418,21476.954879054338,0.10445439421690543,19.758367481720743,0.1624776801973555,22334.794676656114,0.09350749217142491,13.585858617135944,0.023027921255662734,20162.30048900295,0.11637953446480437,19.608355677161498,0.06722189438404425,22149.49351920435,0.09192721493042998,16.382557881708124,0.10123926482677768,19164.815664057252,0.1083129386219965,15.145799855414563,0.19663635316638448,22236.51146863642,0.09362045632992096,12.991146610309913,0.016786353430702977,20459.62044902829,0.11916272221518538,20.619036323483925,0.0973992740073628,22370.72611737012,0.09266086364240196,15.18518794332639,0.18217632455959934,21764.760451037695,0.08997930152193163,13.089878347178036,0.12808609189373368,22081.23121351706,0.09226016221478765,14.317312855240734
TCGA-IB-7890,10750.00000000002,0.02235487082207887,22652.735486119742,0.10799461139314244,20.964488183128093,0.1734961963281246,22669.407161847143,0.1074063055140332,14.493110015411743,0.016893621523290825,22513.344153718164,0.10855547225104206,21.87401509053137,0.0713827930219155,22546.63590798145,0.10813895203698441,17.304399907335878,0.057721753525550694,22645.65176096419,0.10993714736235101,17.936920932510596,0.20580668678886527,22536.09455667463,0.10744126167578882,13.994409914504224,0.012738880062297378,22497.996430652966,0.10818187419892972,22.77144605618793,0.11396057040417731,22688.40665812588,0.10785550111193853,15.81584691637632,0.17784931995109998,22286.615298495948,0.10847162951753803,14.364651664736643,0.14779530757259957,22395.216439554813,0.1082966931321901,14.961639934147726
TCGA-IB-7891,10595.000000000018,0.02555645803380606,28744.34665174497,0.15480676221112596,21.1034700085469,0.15964426707097595,29016.271753628407,0.1342678858180791,15.39331849923007,0.031728740645795596,28675.69454449354,0.16055349837666716,20.20533450494537,0.062061061600652785,28801.25805231932,0.13130365461420265,18.002100318523052,0.10558617638130778,27622.72757030044,0.15129871832816869,16.86832819248136,0.20576807892681367,28784.8498551695,0.13150121367784598,14.54720254041961,0.04540196168218207,28699.36925693645,0.14214596688071435,18.23775155863626,0.08865087497402008,28856.357537133033,0.13025141788830064,16.875033561414256,0.15287199825191694,28557.612785485293,0.12847665493619193,15.18608474211785,0.12273038243252908,28852.33990232563,0.13132717758519571,15.99990536450699
TCGA-IB-7893,11446.000000000011,0.021899050104789226,21071.81141924514,0.09704633119261193,20.819116212611316,0.16797471502571598,21341.970650008345,0.09707516271587661,14.031856798505933,0.017017691587944368,20694.57350598701,0.09653352652527641,21.698745782249453,0.07406912712286065,20592.17047540996,0.09644494211220722,16.811556065296337,0.05334198461629711,21404.248519409568,0.09812790961377406,17.83318427708976,0.19232635791157215,21304.19464419978,0.09698561713381199,13.60523832295009,0.01292729391408832,20845.05334667924,0.09652360313522153,22.587617150903878,0.11291627108631745,20962.731337710633,0.09674784089589207,15.370842509947472,0.19520401887095606,20307.679699223838,0.09589409504801882,13.595759300909384,0.15232348975945872,20411.662205156947,0.09595611284125381,14.418644842670297
TCGA-IB-7897,14454.999999999987,0.03369222408158873,29120.348615356816,0.11906087095304574,19.038435092316174,0.13718691245562872,29948.884914494403,0.09370740743554022,13.41410866637405,0.036720734001971615,26890.122743539905,0.11134765592831312,18.68963178654941,0.053404669373363994,29902.4914386789,0.09206190484632232,16.223571380591903,0.19925221925387895,26952.816981392374,0.0992024101310794,14.266853079967916,0.16121938265999172,29840.808421673624,0.09337182501988135,12.924620312684235,0.045906833233843744,25838.775229964715,0.10950082932291745,17.88105272157454,0.08582091706150244,30104.287140453343,0.09231687315351365,14.740613436241796,0.14077440228567364,29649.62718918635,0.09057285607971338,13.083982080275769,0.10602170559255643,29863.059720217916,0.09290345545905616,14.145562947353238
TCGA-IB-8126,8026.000000000004,0.02273638864513339,20970.744660575594,0.0960463326958057,20.4401322500007,0.1718870777004029,21181.424642606587,0.0967144722223517,13.684578428616758,0.01630525716678484,21003.816858697537,0.09622247566466645,21.55916823493236,0.07628543552602825,20917.974313426406,0.09609166245570999,16.398311866808722,0.05477472228654989,21046.565504608752,0.09679177691243279,17.517361706391192,0.20262997816403105,21008.36166713293,0.09721114757590231,13.149947056031207,0.012836415250234894,20984.789534054136,0.09580174641397289,22.355057964445706,0.10780329023212629,21020.199170675736,0.09620625229827517,15.228745380354635,0.19360434560616158,20748.937124071126,0.09401482091607384,13.188244838029794,0.1411370894225469,20985.971000039157,0.09564467019838728,14.305983676457275
TCGA-IB-8127,9620.0,0.022702137638121102,21466.48299573113,0.10137995882755173,20.592965475941796,0.16931860249143432,21536.17781811187,0.10064069371752575,13.987850455382715,0.017208567193940323,21792.68562948035,0.10551211297751607,21.453798670203714,0.07392196996328011,21120.400414973858,0.09910527261469004,16.6880703633138,0.06411097725189564,22527.640193000458,0.10985390319361675,17.054417044795198,0.21189574090731422,21500.948460347005,0.10093175185628424,13.275645691353619,0.013238298875132356,21482.593847416865,0.10257530492863161,22.364195640713692,0.10311600065889492,21366.972149118315,0.09973579537925885,15.586658680980356,0.19024850409734223,20703.525791612592,0.09631068123589874,13.417712793351525,0.13423920092264466,21256.498941723912,0.09915280196332558,14.702213847356903
TCGA-IB-A5SO,6830.000000000005,0.022570062259717763,17809.2226217168,0.09738209657149206,20.598079734760333,0.16498834821880082,18032.898009711615,0.09785401211781451,14.163411324189548,0.01669887760553791,17957.668149146455,0.09763642641048677,21.57739385540672,0.0742290160793544,17823.40142602814,0.09785166143694046,16.824047175035258,0.05801523785094384,17744.225492184654,0.09855236317623306,17.472177054832876,0.19395183395594137,17855.025792861747,0.09692756051195994,13.614395087154644,0.012752622883237379,17851.934706944907,0.09715352488132216,22.468336572559913,0.10287491036338012,18006.55605493318,0.09766832071426886,15.708252673798386,0.20023674473779357,17554.466946585093,0.09641948183447803,13.566995527601055,0.15368234604529268,18057.45888549101,0.09727193738879049,14.414668779570842
TCGA-IB-A5SP,10941.999999999967,0.03129713856868033,20171.15291852876,0.16806113485177743,21.63654154385287,0.13377627062693173,22399.16361550746,0.12979932484036158,15.684430171343566,0.06427187731141587,17444.75594752565,0.14533936444676723,19.898185716890115,0.056062170437855406,22537.33166105629,0.13083869521388505,18.199943515938255,0.1430549644551642,19709.7826067319,0.1471128406078713,17.351108292629185,0.16290278809529338,22486.110239573114,0.1278510501643357,15.072862002313476,0.05697027539798734,15609.132645234116,0.143489679639722,20.15634521446642,0.0827648122870022,22666.165403612926,0.12915895413956238,16.980403478470112,0.1401257568680739,22866.507834895623,0.12456386388286099,15.2908089621592,0.12877394595159553,22740.030223598857,0.12704424218556806,15.677158821467673
TCGA-IB-A5SQ,14003.00000000001,0.025025208837484762,33324.32211326529,0.09305038461975851,20.302381777123887,0.17147822067240637,33334.93771601503,0.09720156422651254,14.244062769219774,0.016544155384344828,33080.06577298617,0.09288614960170587,21.6494707503005,0.07340735514719846,33237.210135160865,0.09443338896125504,16.889960996931045,0.0551006399219161,33235.399068067076,0.09738762458261623,17.876282141419757,0.17882934526582914,33119.30738582668,0.0938370549083669,13.95883791174442,0.011878769232529576,33064.20605672076,0.09306642587739679,22.71889380911085,0.13903916371566824,33323.499850831446,0.0901958671969804,14.59881477419406,0.17651932315280622,32970.65771654998,0.09094634154428523,13.911359115646913,0.15217781866981625,32961.82616935213,0.09149066644060481,14.393271271120254
TCGA-IB-A5SS,8924.0,0.022307940768263,22811.421661241973,0.12009867516653668,21.32027956603648,0.1738981544441067,22959.876424283415,0.11932962283363228,15.03934169257132,0.016830932613749357,23028.00891399837,0.12011558076672818,22.159431231662815,0.07315552147670237,23005.466244610605,0.12022704805950829,17.72459348064218,0.057827394129714584,22742.95418978307,0.1208322663151103,18.414204434154456,0.22209007457061397,22779.64839380457,0.11881373028787638,14.301517202223488,0.01267912575971918,22960.20996494118,0.11981962096815851,23.043862324046067,0.10879920283825913,22911.169523707365,0.12015690267084722,16.50575218434506,0.1658849618586777,22940.766307223348,0.12027670615088493,15.231001788401533,0.14652669154019382,22919.71693387058,0.11990186795444469,15.571025924145768
TCGA-IB-A5ST,10761.999999999989,0.021492097474067003,21240.49218186217,0.11848450987139246,21.510973190889054,0.1697000859388152,21324.781764294366,0.11826141145843205,15.271154731379951,0.017395360477891666,20984.511953489855,0.11737128156180816,22.151466323843838,0.07305768135144024,20941.568534257793,0.11797475743985647,17.867971384547104,0.05700936637734106,21205.68721803143,0.11866810462152556,18.544560151154002,0.20364496248445174,21343.957096594728,0.11820818661243071,14.720734953934835,0.01273079792289946,20985.329850139038,0.11741693282774969,23.0990386384558,0.1049643716627575,21153.723096742804,0.11808079027545175,16.738448566549792,0.17963284031862545,20624.072120473425,0.11639723698385379,15.142922919631596,0.1603724359917107,20706.254834788164,0.11660804133310289,15.476161440190518
TCGA-IB-A6UF,12461.000000000016,0.023344783653574345,21620.529367568895,0.10237881375366509,19.8588905716548,0.15307298677570605,21902.969748861527,0.09430247841923538,13.934355698407357,0.024970800206209908,21075.502602476125,0.11655712886759158,19.539958013466755,0.06216953862644797,21800.7629411171,0.09375886800427645,16.56692077406594,0.11369494517130183,21042.097093091834,0.10096756407115974,15.447380661690293,0.2014036095136476,21657.975165097676,0.09371766865180227,13.181780532492809,0.016030840792783656,21166.315604624317,0.12052441585170648,20.909469344906856,0.08990926816886931,21881.9259606364,0.09372026428707471,15.45361974383382,0.18114432678356607,21258.518080130787,0.0915464823184416,13.319176497294135,0.13425890030789325,21724.53154529937,0.09323605283546259,14.301822380234139
TCGA-IB-A6UG,7486.999999999988,0.026069855312586127,18622.792849682875,0.1272440500595147,20.199799658190027,0.15381409741647087,19703.58479481595,0.10011633221003892,13.741622071216149,0.03130689574080775,16247.893038949262,0.1400570146573593,19.474234292086198,0.06517761116328585,19515.135462166203,0.09920917115695958,16.497741855783662,0.10777135919434119,16151.73981162387,0.12867389150695754,15.804240428279185,0.1904961430902031,19787.525135815013,0.10002733277526969,13.049247643708112,0.03359516590274429,14679.94419818774,0.14070921195654204,18.92436736417903,0.09485924274511445,19694.846721267244,0.09911312446080169,15.249969402722076,0.1700344086945822,18980.107640589333,0.09658699847851233,13.241797471830385,0.12687522073986426,19343.16437522132,0.09879276584158474,14.306683358049357
TCGA-IB-A7LX,11371.00000000001,0.023482374583837142,24968.231022822634,0.08729236672807494,19.756986770708618,0.15970915726017348,24872.31959571476,0.08536409601715116,13.384916963207974,0.01740278362016758,25096.02043562559,0.09012993492754012,20.701002028829052,0.07199367017959926,24596.640295008103,0.0840111561798919,15.951554340948283,0.07960405223811631,25824.673564815894,0.09357426417719257,15.787028714014253,0.18715484642633717,24894.72662273089,0.08562441456190228,12.903921671185142,0.012817522886744499,24871.408485544096,0.08674368354488245,21.755484096354444,0.1038664090997919,24727.796889367208,0.08416944080520848,14.733221954025188,0.2005380624299446,24601.082455460164,0.08301352742310675,12.527159456499842,0.1434311212752881,24725.904043525188,0.08443032599378768,13.704524237883298
TCGA-IB-A7M4,13500.000000000005,0.026469129009272147,37610.25610049528,0.14512414377280503,20.8316222604282,0.15522252400748235,38081.386798335094,0.10397497225658751,13.796277021702013,0.03969236687161045,34949.10744670588,0.1443028463403574,19.54780791302966,0.06302852338869291,38107.58534362805,0.10476621296373469,16.76605139703874,0.10132919120505572,36143.12965097361,0.1425234073083263,16.650274652533824,0.1862494125508859,37962.08025303879,0.10386045124819833,13.208279519856395,0.0649472206835932,33494.620592859115,0.12174376506269728,17.600277343626466,0.09222983493603748,38181.98791490648,0.10440242494930557,15.49732989790944,0.15002928391780204,38069.81401699173,0.10223132436498772,13.789485200248475,0.1208025134295679,37988.7025218262,0.1039640808216677,14.589509752970226
TCGA-IB-AAUM,10207.0,0.03326877073016799,23752.39818081214,0.13521782655983938,19.597335048492187,0.15330562529829034,23359.368451682523,0.11418945521868995,14.311667265353659,0.026136297150800774,22845.056373214953,0.13882055521542522,20.073815039816942,0.058681898893224595,22862.29806938509,0.11147885133644102,17.02311512256935,0.1490908327650163,22825.577346840393,0.12493029459422604,15.51917462506096,0.18583266091505585,23014.739771812478,0.11052508801625512,13.578892433186459,0.032609210563472595,22206.839104684834,0.13820154683646282,19.006988894016548,0.09642613118986032,22615.546465308205,0.10893414586024937,15.415771516975274,0.14591408172485246,22321.16571867771,0.10791648065200525,14.08388969954238,0.1187344907692587,22845.002617883933,0.1105587294527685,14.88821328491642
TCGA-IB-AAUN,6900.000000000002,0.022771071320616718,17198.765408130723,0.1067847344127097,20.714838614947887,0.17512126600866315,17229.380739389904,0.10614934939028449,14.259845249483515,0.016850139968071692,17199.130769855277,0.10642631488962817,21.632181906782005,0.07173328941072378,17209.375498744568,0.10680028538269798,17.100384784012824,0.05768293307962456,17264.820980445544,0.10742060048340736,17.768394579726447,0.220174560456806,17070.304453142322,0.10534888261186696,13.536929410090757,0.012583437175554596,17176.85974400827,0.10617795752564796,22.562801445292852,0.10956717169175366,17270.218283253795,0.10633807831307647,15.731726967798892,0.17227691889755317,17011.109810420996,0.10557220382616751,14.244145899525218,0.14123921199063258,17151.0919135991,0.10606929739203608,14.900580927868422
TCGA-IB-AAUO,13868.999999999989,0.023884762700082995,26372.034298877043,0.1400138219492194,20.978907328482403,0.164456625205533,24992.93021881838,0.11509975814292213,14.534774190763452,0.024591030744031066,26699.300867967177,0.16628554114647862,20.98670257350349,0.06664836981565954,24540.394773714197,0.11383398201207828,17.272939535277573,0.08420549945354015,25746.934620207736,0.14601276657874224,17.09688047459075,0.20565249934624855,24914.677171472245,0.11460444094551758,13.83239577216738,0.035180597328341154,24018.081062710262,0.1712263782757956,19.101002699062064,0.09498293471758994,24788.230019406867,0.11339142959728692,16.137347491003425,0.16790317079400396,24111.300734690987,0.11034509149384945,14.277116199366434,0.13249450989496964,24598.447967915115,0.11320390465284458,15.12994881345193
TCGA-IB-AAUP,11679.000000000005,0.02147591774521683,23492.308397291163,0.13932138189862983,22.061723785284045,0.17317826204735148,23566.184825524837,0.14785526476354838,16.40180283418445,0.017741662950439448,23372.616672721255,0.14410845056060315,22.853949960780145,0.07092109564628515,23476.769822896815,0.1427066840401043,18.71931897585068,0.05582417796963219,23422.469597956784,0.14659057352074154,19.59413825830277,0.20900753451890478,23175.879566236545,0.14575995699422598,15.808527990105416,0.012673465072072024,23321.376431686702,0.14306056757324753,23.79618471038262,0.10649618078829957,23401.41464152813,0.14003777205526116,17.360221603589025,0.17286835768958103,23292.076550001886,0.13636626906733865,15.6979181335118,0.15981334557221746,23394.139144458546,0.13857347207555762,16.08279375422423
TCGA-IB-AAUQ,10480.999999999998,0.02233229306187152,22975.033409277414,0.09195038690481676,20.578401387018527,0.17619063632735052,22927.445926438988,0.09129820032284015,13.61208318325895,0.01651212850150828,23117.09611830596,0.09224831884706935,21.583307148473917,0.07590544333496707,23053.428090725698,0.09226689510798035,16.478119838294518,0.0533777036975537,23039.29110325667,0.09215301496057622,17.64557540421655,0.21792988642071517,22961.017430800654,0.09122129147185802,12.889276308269654,0.01293482416349005,23090.389573608176,0.09224645066793913,22.40316017280191,0.10976177670665734,22973.76220169496,0.09192555654777117,15.221801116405159,0.17451379797695823,23148.945577232684,0.09329622849275514,13.6280318783792,0.14054150980892813,23195.116957419392,0.09278082721305338,14.372737490118084
TCGA-IB-AAUR,13929.000000000015,0.022809997602428394,26156.870979553438,0.09758266511586784,20.344735022252248,0.169152980043248,26519.258216242568,0.09807345876191916,13.967417733946007,0.016644841550541096,26148.45027010585,0.09768742744736643,21.34366765583559,0.07102495682623342,26211.50030660909,0.09807893680000264,16.72104482683002,0.060445318354813586,25965.72278920104,0.09811615535397226,17.246342808891526,0.2170189148323898,26404.726772187216,0.0978083282605644,13.192998772720665,0.01264902977414396,26074.832344024224,0.09732251363563514,22.225284221244575,0.10552511477526924,26332.05377233524,0.09798047628377686,15.457536966704806,0.18177755868970175,25422.587368680448,0.09582547629646977,13.67057489814047,0.14295128755123057,25960.07793664001,0.09708768727424831,14.476015377350254
TCGA-IB-AAUS,10669.000000000015,0.02271277811429362,20739.542734399536,0.09560406978848629,20.47702110173934,0.16538234162467083,20846.595123037365,0.09585554436482518,13.936517083446207,0.016714923078028188,20682.58680579937,0.0949212973109842,21.476442781652377,0.07348731166097507,20709.92056453725,0.09559575128240645,16.623480688941967,0.055039563459922204,20704.105493826144,0.09588631905902632,17.547650284278582,0.2102579568658657,20824.491731627,0.09580614426650524,13.13442081234238,0.012662242522709479,20692.34934606976,0.09502000138116812,22.399887101134013,0.10736464261783794,20718.718662166008,0.095477267655451,15.349110494407997,0.1925233700464504,20461.896949083966,0.09377054064666675,13.381146900211439,0.14385487000924665,20601.185125694225,0.09447984304246444,14.351671889496478
TCGA-IB-AAUT,8431.0,0.03186172835607692,20756.91359679321,0.16277744251923215,21.505185671314898,0.12651861181959842,24728.1593281745,0.12481007201514248,14.889652989094072,0.08843914963830218,16347.412526645143,0.1267971812218164,18.573011072010186,0.049325491109224635,24784.76667371226,0.1291606857200058,17.878102420006993,0.1418481992908406,19538.56489222981,0.14218498437244684,16.836276720954615,0.16369945454065205,24481.451913101082,0.12261371709765839,14.089105518287987,0.10587885736915485,14768.249632925315,0.11627006852539441,17.83308219654702,0.07471097319106809,24759.351778581025,0.1266384980371226,16.506602858501378,0.11502036389679834,24364.95012757698,0.1226228026205823,15.0266296270012,0.1026971707882839,24165.3760711157,0.12563435759411298,15.564481789534387
TCGA-IB-AAUU,15065.999999999998,0.023631267511087965,25920.89512136402,0.14415184794741961,21.24799225918591,0.16956607976486757,25896.82167233966,0.13146331576446035,15.378137611525144,0.0235069320647346,26772.347532588676,0.17439343251027706,20.9601025420776,0.06562305945485347,25571.586372643593,0.12954594469086525,18.04929427652997,0.07540645709465252,25801.223422689633,0.14678097309839622,17.724583475073892,0.2092935164436186,25477.91723454946,0.12903577884941136,14.681675545931078,0.023142422772049608,26241.90841964969,0.18720890459824724,20.373878768649934,0.09866486907207389,25534.667137513825,0.12814893474439817,16.77951780588896,0.1676651858468584,25124.693188482248,0.12640323827923422,15.107742639039724,0.1435002099752035,25177.840853158894,0.12662572138978315,15.61506390432354
TCGA-IB-AAUV,14511.999999999985,0.024372527874368444,34360.90142070014,0.1360703851532157,20.769697805914383,0.16612097321782143,34112.5064409987,0.13178496045322072,15.336068563651011,0.023672841700721044,34463.78971530925,0.1475904299671705,20.479970393250543,0.06524089905398123,34186.21046877009,0.12827708044870514,17.88628249649915,0.10159489495324513,33632.22728254126,0.1330514542177503,16.415699233230143,0.19961011169333157,33935.03878157272,0.12788002011013797,14.643146116531017,0.01729235529673233,34633.965412242695,0.15311761219600128,21.28461716739361,0.09554788931779154,34259.240983862335,0.12604122640130255,16.649761280205784,0.1684765684643321,33940.98061746395,0.12368983771694132,14.865227096965324,0.13807093842767512,34196.214201497845,0.12587790773729404,15.595045301301836
TCGA-IB-AAUW,10405.999999999978,0.029046393707835926,23456.379064006207,0.1532239285855723,20.781531054421578,0.1631734241165023,23517.649950039027,0.13202186596200063,15.438050157451904,0.035544935208549885,21233.343196837995,0.15773735561088573,19.918315702148252,0.061969158286246634,23444.640124973852,0.13047400643753762,18.13447091206772,0.11532586113608563,21922.654624175695,0.14599419112427117,16.72155869259314,0.19492217466609635,23174.589832788402,0.1278381759635305,14.742072977638694,0.02906912382172935,20715.278221053188,0.1615354712575647,20.37911039883522,0.10265338544689914,23293.83922932202,0.12696761890363198,16.514413100590197,0.14171866757215815,23567.075395571384,0.12870459171411686,15.588517683843513,0.12657687603789655,23567.061235650184,0.12925906462902848,15.975451186844628
TCGA-L1-A7W4,53029.0,0.027122352018192283,30020.585411708285,0.139693992700468,20.453357092086218,0.1610650441484754,30256.144852732476,0.10240998634056857,13.977799536239655,0.027005038069578095,29672.94588937166,0.16761720380935963,20.612214509290478,0.06626234373275512,30303.286732580615,0.10242926499234288,16.8084692381502,0.07604121960306338,29617.10249831095,0.14207126360443947,17.167262910695545,0.19694646102617083,29784.183745742568,0.10140284666117844,13.298439232601442,0.03969709593529573,29501.713850395914,0.16173582969970857,18.618504591844157,0.11179709996405014,30379.637154262004,0.1017071720989629,15.103633872694846,0.15658980252499927,30370.547067336858,0.10046909201999009,13.987950277834695,0.1374735429774198,30311.75350817636,0.10169623425223155,14.462838801547203
TCGA-LB-A7SX,5253.999999999998,0.02302259489986791,13258.960390334054,0.10475859866347553,20.69374692882029,0.17998075394173546,13255.60162329374,0.10510027794812697,14.426383227613558,0.016528158638759834,13329.730969587805,0.10513809938603824,21.719107922639925,0.07383110210834681,13246.111316156526,0.10457078867220264,17.130885485990806,0.06046496166190685,13321.82151102267,0.10724694163083266,17.784922457542894,0.2322102833495851,13312.208537658187,0.10540918468765226,13.685614546051674,0.012601854868153496,13361.4665922587,0.10513711533831882,22.561890511932702,0.10343812377923628,13285.155304077445,0.10397597282255548,16.03249945913086,0.16237813305197396,13263.803848708692,0.10354029611073784,14.627865488361923,0.13554403370043425,13312.54192258885,0.1041203062489865,15.214363553250225
TCGA-LB-A8F3,7408.9999999999945,0.021801631373509427,21233.327643877736,0.1269166376757318,21.65405566530281,0.18386295001380368,21293.930170392556,0.13496048571007782,16.087366813740978,0.01661999888323716,21101.155281979205,0.13063523832831223,22.57688383798857,0.06992926453682137,21106.113442353315,0.13114157616202948,18.584701736457017,0.05901423740403099,21285.181268209744,0.13366888931219648,19.179910023879987,0.22046683922052926,21333.418239080325,0.13208331625543146,15.42873776771302,0.013063551886657664,21154.555246545395,0.13406952472428627,23.369114018958154,0.10594703706367693,21082.098351298817,0.1283834033061164,17.28525153847289,0.1611877351123772,20939.151193966754,0.12792386203240447,16.12774052492463,0.14810675450535632,20938.534451129402,0.12729208859968286,16.334602342316582
TCGA-LB-A9Q5,4552.000000000005,0.0217509773074612,18084.858511919014,0.12452551587396803,21.868721371413564,0.17805033358831315,18335.128421571768,0.13074355468145674,16.145654867328897,0.016525246228088247,18049.637545372552,0.12630198213480137,22.75367740053316,0.07551649532109635,17833.64150981878,0.1234273332021682,18.308129312217456,0.059061402475199885,18257.675392701934,0.13021347447888196,19.210029697534427,0.22075737806411017,18353.78477503636,0.1284239646480378,15.416413865719077,0.01303328756028262,18172.57063352491,0.12953386448779639,23.537500355728987,0.10511200934078047,18012.876750131116,0.12564758695877126,17.40598324583252,0.16291671689781212,17732.093507545163,0.12255109627423748,16.048684463894315,0.14727615321685594,17930.175541154676,0.12496786202250326,16.438291616954302
TCGA-M8-A5N4,3330.9999999999977,0.025132555551117732,12194.415738976171,0.11215618502889028,20.24177709137804,0.16154508246929544,12150.246996124,0.10255611400154407,14.593567926463026,0.023216875441626227,12066.536428464624,0.12164553019508349,20.431947239745703,0.0643041466756198,11988.699236861727,0.10036641284259946,17.13986425119289,0.1180706151010099,12030.55693165234,0.11169015672172017,16.247272696934065,0.20120996118183224,12055.405385418597,0.1020256184699369,14.041120078941475,0.014733634627134147,12074.452222835744,0.11857452181929945,21.775273288388007,0.09981340164004855,12211.681510380788,0.10136728551286539,15.876761112071149,0.15907597026363074,11880.180917354386,0.09995192678161285,14.482872086195014,0.13289775704868517,12149.064007165283,0.10140790130062327,15.088916264087803
TCGA-OE-A75W,5643.000000000003,0.024131178034116796,15149.926719817353,0.09075594498251498,20.54709603572481,0.1684244866057163,15286.978723174045,0.09008216771688404,14.072092040681063,0.015854701150527062,15267.717203313356,0.0896996198968582,21.934150740483382,0.07445735523043057,15341.90617682615,0.08962322324512713,16.764435992753196,0.05645516177084321,14867.18997685509,0.0943002679082302,17.781262765765494,0.1830126551270397,15228.99984588916,0.09002566903240015,13.79234056265727,0.012732496172415269,15235.36023898191,0.0900104077091833,22.68125102185612,0.12302621515935382,15297.467849648883,0.08944215511255475,15.08050819343443,0.1972825987130875,15170.965528882065,0.08944129853486144,13.543838108092752,0.1446231520364698,15284.001388582841,0.08941369651654853,14.554128091163488
TCGA-PZ-A5RE,10391.999999999987,0.02373606009058778,30032.128194977973,0.11099900135553036,20.998599915558046,0.17063960968933325,30165.472888231885,0.11395584250836356,14.807457001120019,0.015874665432729675,30116.64004028354,0.11064327429539854,22.272589576678556,0.07316079124630544,29953.132978635695,0.10999825684159441,17.361658281983495,0.05551247095866356,30228.286214347394,0.11539433599619302,18.460912359191322,0.21349600086996212,30449.278002020998,0.11299486742881254,14.001809014403278,0.012746742963766598,30217.917522238222,0.11335172814993015,23.064721594376568,0.1161930872139745,30046.820277199142,0.11124611865818268,15.922816280058058,0.17966403445605858,29855.248654794348,0.1084041276620692,14.46235161797316,0.13897653707861854,30020.009437399804,0.11114470652079277,15.352358863502712
TCGA-Q3-A5QY,7376.000000000005,0.026783319079313358,20328.3091375737,0.1068780884256586,20.26876899596499,0.1658840335618094,20925.911528967372,0.10513087494505065,14.756522744778223,0.016620004409910353,20458.152559473878,0.10668359980471047,21.71424857682296,0.06840540341778395,20775.780667078914,0.10272319914753665,17.343810100936174,0.07072446489647125,19835.120624262097,0.11270646176496284,17.533866398044893,0.17407820306602592,20780.775770447723,0.10497071213067444,14.62035673669771,0.012109308588726863,20574.059767139774,0.10556564388816679,22.696167575940247,0.13506934379487132,20461.72658648095,0.10181806327739586,15.243409098723479,0.1740169514330112,20236.623936441796,0.1013583266368326,14.453660328834582,0.15630896775207623,20321.0832576663,0.1017423330292096,14.81061364137562
TCGA-Q3-AA2A,7149.999999999984,0.025672868408866543,21347.608850231663,0.10722418430556356,20.42200344265705,0.17625233752003291,21578.183567071697,0.10792686974524013,14.21507210816163,0.015794353971852547,21474.447772364743,0.10780432743067837,22.037223285359055,0.07387177965513361,21477.78235768527,0.10824631224461766,17.037224174512215,0.052408347916760835,21500.18045171399,0.10834171945081479,18.163810666543586,0.18520343345252835,21589.729809771386,0.10735146083181069,14.016258677778149,0.012261866453724655,21441.309888062573,0.10678196720433338,22.824296142578543,0.13983725271724698,21368.052198974943,0.10711235873684762,14.903801886976668,0.1726396189916843,21190.54996502288,0.10657917159035694,14.1442823170676,0.14605814091216934,21352.312094584217,0.10696018141703385,14.730653479211902
TCGA-RB-A7B8,28713.000000000004,0.025227595409443963,30402.927711891774,0.08707599175576497,20.065238932101245,0.17079764636054143,30592.90967177601,0.08579462635129302,13.588388795529811,0.016157724641954366,30236.037060542236,0.08679970513161228,21.55696066866612,0.07649548366889347,30257.53663385941,0.08505974455329579,16.27494358735788,0.05692280234528565,30175.913039773455,0.09206457533831457,17.320911254182473,0.21163543438790935,30746.58930212015,0.08625656076710615,12.89571858222593,0.012324423827635446,30267.72776464089,0.08693037695610956,22.460799718439475,0.11785765719904737,30373.178324685374,0.08529849563322105,14.817045788896086,0.17511853877618888,29900.343744351634,0.08448419520063245,13.433935071655819,0.13746269338310022,30173.13458315684,0.08523239674511342,14.294388410297298
TCGA-RB-AA9M,35763.000000000015,0.02418667916581084,28873.515417348386,0.09269871623841831,20.530255789650052,0.16606849884407238,29079.141477431782,0.0921466381577208,14.291088824678367,0.01619072505112436,28599.57545649942,0.09119521400558099,21.805085254847747,0.07508371525855738,28558.941569052193,0.09004998437416474,16.774787353516746,0.0585357739349412,28657.14681511154,0.09505836176892139,17.684689276546912,0.2287041847381596,29075.391342272713,0.09232098740279297,13.300948301735364,0.012451569737581138,28662.39585115744,0.09086093841941571,22.662672182033234,0.1112616773194519,28725.832306429707,0.09119057862509783,15.531399258239084,0.17355176874849834,28039.723180105626,0.0888822565808763,13.956747873480673,0.1339654072018029,28500.34455743361,0.09054241914571641,14.897536367286486
TCGA-RL-AAAS,13427.999999999984,0.02273692515234317,17375.462431232703,0.0956232021501588,20.36707203029737,0.17536108309156495,17335.489613112622,0.09016097470132606,13.925081736594162,0.018376745000130756,17168.57547960706,0.11019770605350032,20.99687619046837,0.068892334724778,17329.668839208804,0.09001985411504522,16.819414951744196,0.07031178441117644,17329.38512431409,0.10817827302152076,16.913648060944244,0.23329210778885692,17551.466981071215,0.09043194392028094,13.080219406470519,0.015370999028588104,16757.458216714207,0.12014448332330192,21.40696403728014,0.10066113900044171,17374.590940120033,0.09009148184200455,15.621168582642394,0.15473087911376143,17284.923615223197,0.08995524917963989,14.241276241197333,0.14026600268835848,17323.557600612494,0.09003875764464565,14.531627647300255
TCGA-S4-A8RM,18739.000000000025,0.025328028803604952,21628.176802607064,0.11630985871064274,20.50026846867004,0.1649543097875796,21958.225794287573,0.11819137391483932,15.027995811952549,0.017619910310240006,21684.98503921238,0.11935205608657977,21.583853674957926,0.0645994128358646,21757.307197222177,0.1150324981044996,17.6779030170431,0.07705735801731457,21145.869325046107,0.11946452003383755,17.23448235480908,0.2073583580727174,21914.314461546273,0.11649314706257397,14.314092047976072,0.012301461110376395,21849.585441977055,0.11911822002352764,22.819700827852785,0.1236688149277797,21804.31007053424,0.1137807684580548,15.689910076507397,0.16183134580458652,21701.652226742364,0.11538457023648035,14.949008263299747,0.1452810003299362,21699.214636859928,0.11525960038900666,15.292269887293587
TCGA-S4-A8RO,19095.000000000044,0.022409208548252763,22516.166535832006,0.15515774901481402,22.446411595195276,0.18015849175931983,22408.945708482082,0.16434792899407372,17.322165568717306,0.017794190140693684,22639.723412686137,0.16182983402101936,23.258898838158398,0.07342123290134217,21789.93502742989,0.15722561961538506,19.41267645131727,0.06143864690130389,23125.07169236902,0.16310701445146303,19.782431033217076,0.19586273176522442,22481.145129472643,0.15827139318653352,16.626831427978075,0.012675311427280705,22397.204961628573,0.16178273779790314,24.36350265705127,0.11691823170376403,22267.070308406957,0.15488794960134972,17.880879002702017,0.16578656804543662,21909.455860112837,0.15442431272160423,16.95051404492165,0.153535386807382,21994.353810266934,0.15487908595308722,17.17838372059913
TCGA-S4-A8RP,35032.00000000003,0.030524923248874708,28271.664822211107,0.1693408674071779,21.198641613628432,0.14491236389657222,27812.53807224759,0.14383992698641793,15.86276250108885,0.05875268812222085,26622.497773370236,0.14964258313473652,19.232961345376808,0.05538560441721239,27344.83518033556,0.14234976776692068,18.499531343030352,0.12453658402515243,27197.849126171925,0.15358918147493558,17.126737069509385,0.17264093946191528,27745.66991281453,0.13788245639437915,15.076728825863773,0.05070391649268112,27790.183509292106,0.1553310723595193,19.842901210619853,0.0980024747860845,27355.93153587287,0.13579850634380516,16.550630853761557,0.13606812625463222,26878.014107930627,0.1350085190427709,15.560304230276268,0.12847237929465427,27095.22953471625,0.13637615386641935,15.823794694439925
TCGA-US-A774,17324.000000000025,0.05105900977343906,18434.429905275887,0.1294931662211323,19.62571076571941,0.14243518100392077,21051.431710373457,0.11109926626261239,15.290167469300924,0.022334987701305965,18893.064398280345,0.14305629126892191,21.586803480143352,0.05331417819940109,21036.667064276284,0.10860353253625525,18.0240024728164,0.19216816189019867,17039.04430041188,0.11584156320266975,16.70526910629505,0.1738125462749672,20847.684814755703,0.11098414864913715,14.727907034013214,0.03650628286966309,16074.97695912911,0.12954973867480096,20.39574510392693,0.10399555733022389,21077.19257511675,0.11010923767145542,16.155546533208692,0.11784632622159323,21048.4993439901,0.11017345558497245,15.767963061867329,0.10652776873528699,21001.679872336223,0.1109631811196401,16.11196573302001
TCGA-US-A776,15011.000000000015,0.026165996541465536,19893.329068470135,0.08625080511331522,19.739592646732504,0.17775394620066148,20036.763580459356,0.08547245658843411,13.500185507501737,0.015764856491343845,19927.663668898313,0.08592500545585562,21.37414782261068,0.06633551622092036,20231.874128964646,0.08541714866157113,16.688588207825266,0.05906493039824972,19546.24545924255,0.09092445214024923,17.1679532926833,0.22764505307152308,19654.10839864659,0.08513881495472257,12.725698228521656,0.012307266762883972,19950.774368208396,0.0856645738472749,22.183913339600313,0.13104505119489906,19999.086643751467,0.08400396339648974,14.402601003612551,0.15045007468774213,20170.58050168489,0.08579958507539374,14.032013556767113,0.13346730843031088,20107.304228746336,0.08582235320638866,14.416689117945731
TCGA-US-A779,21564.99999999998,0.032463029804356155,23148.0156636021,0.16309774390038656,21.243797733902873,0.13778992098580614,24709.47396408392,0.12382061554616682,15.30274961193265,0.05463667063647629,19854.81712810613,0.14132402556148768,19.724105375516483,0.052606911479533544,24774.198659159236,0.12381626681618914,18.188558741292788,0.11353200791451398,22387.894073243224,0.15389247070630685,17.451580532195727,0.19441333288183324,24672.00541522013,0.1203274783847898,14.134938903139986,0.08791054658612897,16890.272498055525,0.12087743500336441,18.19239417926664,0.08669019190632363,24842.4291111122,0.12077194954804149,16.514756707925383,0.1271602115408002,24629.601564305107,0.11829018070255143,15.18074243261492,0.11279717626422792,24713.086088603883,0.12083508462358665,15.706242538649535
TCGA-US-A77E,14981.00000000003,0.03117732130703817,20557.6027782477,0.13138087969703974,19.79202141550427,0.16519055491701712,19445.49080100457,0.10635417264533768,14.258895735637246,0.02162156947206135,20231.15691008645,0.1353529073370963,20.830301973730954,0.0611851783792839,19253.92817812388,0.1051742065301665,17.22394142647237,0.10028664762691732,20036.90664001396,0.13085040449574717,16.39566366649027,0.19236172479492877,19261.194693092468,0.10569604542525633,13.78125742097645,0.035558372460319745,17614.204310539797,0.12686070501627236,18.655023925425578,0.11674981654049822,19409.570923756954,0.10260222236770511,15.054372446323365,0.14281781197721274,19041.784424768128,0.1040133698795528,14.553523327938878,0.13305100252472257,19046.308259677342,0.10395860958438362,14.757092628357453
TCGA-US-A77G,20188.999999999993,0.059617614911909846,31604.742590517475,0.13771829249494472,20.08629142328156,0.10763751778889785,31086.844867093183,0.1154657091601727,14.609213568851334,0.03461166566092717,31389.134960425472,0.13914195695755024,21.233308670309512,0.04127289762981543,30940.448911045984,0.11477939275902509,17.41059928671533,0.21708314720816632,31378.789331217315,0.12641826925066393,16.679154586803286,0.12607303329933062,30862.191807943265,0.11412101832956799,14.052817640418057,0.14041065408528075,31367.22162761541,0.11294352476373219,18.397252192896254,0.07991437111655934,31022.27955588824,0.11377493290744224,15.337245322373354,0.10294921391140285,30772.85512103002,0.11037464628940685,14.342735036048008,0.09042988438770987,30827.35005854456,0.11295193061739216,14.92869736671625
TCGA-US-A77J,13609.99999999999,0.02639292981853102,17366.975434234504,0.12145792941716506,20.100128266885328,0.15527578289550104,18070.56088178671,0.09739272524423347,14.196186178348457,0.03772531060143116,15190.612529718834,0.1327464290991157,18.613505268924264,0.056866775341481095,18052.114693303585,0.09548827732843518,17.16367378187216,0.09914274854423526,16035.877966583757,0.12140783230447443,16.081175705003215,0.21507065135898112,18082.948083791467,0.09732916468936259,13.235174763469091,0.030085270159345052,15241.160410991655,0.1372940011149849,19.085784192923718,0.1035946428489526,17994.871910464775,0.09480201020870993,15.263549600490816,0.14280287374661282,17777.792563341005,0.09473281661462364,14.235090079259875,0.13304301468492882,17821.52668717121,0.0952581674906362,14.495668751622091
TCGA-XD-AAUG,89135.00000000009,0.035339516714334655,20783.954926524628,0.16858906390508055,21.01968385970897,0.14518277195570217,21730.496582388587,0.12219246443977581,14.49423852297005,0.028430297573337118,20206.012912488342,0.17280983153864893,21.8949453916023,0.05824730320072616,21705.43461253884,0.12393423780040491,17.41947967056558,0.1434624808418245,18841.672294848755,0.15275490386366453,17.238032731456464,0.16697115801854426,21715.611304897066,0.1220056892284465,14.049481799360397,0.08892905117909224,17849.768891749864,0.13472096892952523,18.804222231482996,0.09284893549961049,21697.96435774176,0.12344377244142295,15.928702028024835,0.13075425252130854,21384.947849495224,0.12182010196570474,14.772970074643755,0.10983423249551988,21630.256781605567,0.12385789012250682,15.4209444986974
TCGA-XD-AAUH,72305.00000000004,0.031515936525685455,19816.636099137326,0.17120995725432672,21.16701745847871,0.1577912097902471,20155.54178734534,0.13363273880598645,15.180781850220717,0.03233524814525036,18536.986106227545,0.17469516665400567,21.071936606177673,0.06038885926108065,20074.000481481115,0.13435691328314314,18.04033083665764,0.11737091697624208,18648.270375087646,0.1643902535109082,17.357999392011372,0.18272641735447712,20086.97579570127,0.13232886071754735,14.682163034510952,0.06869908746748092,15128.202585194345,0.14452365837809455,18.333982301476816,0.09461544989856756,20114.638248071584,0.1322406026370098,16.58712544474129,0.1389248536807954,19926.56552200483,0.1306141947485317,15.34495646831846,0.11563202090017329,20057.241823557702,0.13278377154760834,16.02542668933748
TCGA-XD-AAUI,37519.00000000004,0.02299281570361316,17780.548558083356,0.12499069157479165,20.886457741319585,0.18079219337923869,17633.278502428504,0.11865769146943062,14.583599621281056,0.01977913073641925,17395.03017920958,0.14326080332284477,21.25710987126005,0.07042466733132269,17636.72227546404,0.11841733273856563,17.435407114165933,0.06825403051765158,17574.542138081244,0.13628889533695238,17.542510342795254,0.20884092706904414,17559.69671309714,0.11990758160347038,14.24128073942703,0.01894714574455124,16489.52229376753,0.1591040588022612,20.689303432559,0.10706245692126339,17707.147480657055,0.11787485509697798,16.10671950995729,0.16910330633433893,17512.71572540343,0.11678418892331817,14.612778281373922,0.13380332626255692,17610.799760030768,0.11818751545847078,15.444770967755858
TCGA-XD-AAUL,19234.00000000001,0.03399292150678757,21801.785391707206,0.156410065050357,20.911978390740547,0.12607186073600013,20300.779366471594,0.12195468524274071,14.731465365580984,0.05485479714208845,21426.798785740324,0.14262365678933994,19.903268841848732,0.04832652416866576,19878.357379891928,0.12405544200590045,17.65783142311907,0.18467805971426088,20630.40224895593,0.13559462529304245,16.167169227711828,0.1387799911119088,20191.743307750992,0.1214067727940354,14.418252500062291,0.1165566616298524,19728.122495594558,0.12355502632786568,17.760451763265213,0.07687443184441146,20116.62013078419,0.12312406921975137,16.220653995228695,0.12455107828054698,19203.36546324264,0.11825046800640515,14.522105402121161,0.09531367386547764,19901.53078785757,0.12243810531046989,15.57144513909828
TCGA-XN-A8T3,39772.99999999997,0.024475577969480695,36114.62832263688,0.1360409206903519,20.899612984029524,0.17519747009920347,36743.34529118141,0.1262045951904178,15.29460672872638,0.020522272374268707,34690.81167793954,0.14670619397691886,21.197641687364335,0.06829015242010654,36501.350930042434,0.12238856199816008,17.73284362524631,0.07998284159331953,34084.36515119401,0.1437798184930366,17.48261602979463,0.20274799414960754,36488.5634207001,0.12491788543567574,14.795800024360766,0.020406388465600722,33655.21265572529,0.15977313818126468,20.33579098435768,0.10836804798044991,36694.126389413046,0.12168084508123872,16.34088782639393,0.15782433744052415,36294.842443222136,0.1218924172676933,15.270222246807052,0.14218491750743864,36365.351308890524,0.12287194600302935,15.65243608382703
TCGA-XN-A8T5,25882.999999999953,0.0330207930268609,25118.31204056965,0.13321782726632278,19.65075886079302,0.14253223753633043,24212.332759926416,0.09528004331131858,13.466240862497852,0.02723263818980831,24380.246504795792,0.13955002080987386,20.260181639731417,0.056344755442904744,23652.003287865402,0.09440404086906895,16.360604939002297,0.14623880801679578,24897.24621239624,0.12590350720238483,15.604217139718685,0.18019601120578255,24010.934351389566,0.09473978376393015,12.728157045130082,0.05608943618105262,23496.02038084637,0.12417802762167825,18.187160362391054,0.09480033758420885,24175.663815208107,0.09449681399579207,14.672220740576455,0.14837086639108626,23309.32031028931,0.09205756471720705,13.150180886273091,0.1151741164251695,23666.146944041724,0.09399937495141457,14.06779075936007
TCGA-YB-A89D,19432.00000000003,0.024102130081033766,21972.03316832201,0.11342797281242474,20.815025607745522,0.17373797230532506,22051.079025990366,0.11517426239705005,14.764407415151222,0.01618505865763843,22043.353066103587,0.11383117946851284,22.062467537646643,0.07098660828761305,21820.167682730513,0.11184057893962285,17.393755785859945,0.059938011899924044,22117.403428103782,0.12069376087899819,18.03207554020279,0.20273081823652767,22030.78668888389,0.11475430848822532,14.255658169028857,0.01277247724237376,21983.692099248357,0.11522386698315007,22.893095123892387,0.11827690623761873,21990.303653126495,0.11234369006433127,15.79719174682801,0.178707721312395,21817.083082536345,0.11077193782205812,14.419665244191966,0.14256229573955065,21942.909738656,0.11184848741938018,15.19124699957318
TCGA-YY-A8LH,17503.999999999967,0.024410004428728153,20174.78362211126,0.10958668272879675,20.604731233081885,0.17295559622648984,20234.983268166397,0.1070214834516968,14.278110932068405,0.01684811441064152,20287.328668998416,0.1149515627164176,21.770065249161462,0.07407238182311308,19991.361979069174,0.10567062678623867,16.9776127782114,0.06617362825362649,20126.609370023994,0.11907527174835604,17.359827379812312,0.19196046505327477,20165.791474697,0.10708578453882207,13.942656855867746,0.013775281943236795,20548.01268113614,0.12482552305469607,22.28932203549202,0.11337023239323984,20145.72483269153,0.10605210340317299,15.593758031858949,0.18513956174209997,19676.90718509406,0.10367555290628605,13.924640436907,0.14129473372554946,19857.662717602336,0.10481827430088021,14.838676604770399
TCGA-Z5-AAPL,12406.0,0.02585148730358764,16627.773430381116,0.11850729561712425,20.203589965566156,0.16807430608340387,16742.440975904,0.10111921488154856,14.124181798244964,0.023676149618117714,15977.92522853536,0.14381422506163502,20.35479188716316,0.06530694259970402,16683.2596858406,0.10029025968697952,16.99283693769453,0.089956156796787,15989.564990863257,0.1288011294501041,16.534204960669015,0.2100792274672424,16752.27713187917,0.10102787046044302,13.448797961544846,0.02301743095284185,15472.367371536204,0.15416569393253488,19.949916733996364,0.10780059323910081,16783.1750379164,0.1001493529088963,15.42169269654672,0.15717073905051346,16547.231618607348,0.1000627887996356,14.287365257328094,0.1290669668887012,16650.690897188408,0.10083492794723926,14.921045023279397
